ISO-10303-21;
HEADER;
FILE_DESCRIPTION (( 'STEP AP214' ),
    '1' );
FILE_NAME ('CAC_KS_8X7_D8.5L7.3W1.1F0.2A8.5B8.5C9.2P3.1.STEP',
    '2021-01-21T17:35:39',
    ( '' ),
    ( '' ),
    'SwSTEP 2.0',
    'SolidWorks 2014',
    '' );
FILE_SCHEMA (( 'AUTOMOTIVE_DESIGN' ));
ENDSEC;

DATA;
#1 = PRESENTATION_STYLE_ASSIGNMENT (( #1186 ) ) ;
#2 = FILL_AREA_STYLE_COLOUR ( '', #937 ) ;
#3 = DIRECTION ( 'NONE',  ( -0.0000000000000000000, 1.000000000000000000, -0.0000000000000000000 ) ) ;
#4 = PRESENTATION_LAYER_ASSIGNMENT (  '', '', ( #2734 ) ) ;
#5 = VERTEX_POINT ( 'NONE', #17 ) ;
#6 = UNCERTAINTY_MEASURE_WITH_UNIT (LENGTH_MEASURE( 1.000000000000000100E-005 ), #2453, 'distance_accuracy_value', 'NONE');
#7 = EDGE_LOOP ( 'NONE', ( #2166, #2810, #2886, #2446 ) ) ;
#8 =( GEOMETRIC_REPRESENTATION_CONTEXT ( 3 ) GLOBAL_UNCERTAINTY_ASSIGNED_CONTEXT ( ( #2950 ) ) GLOBAL_UNIT_ASSIGNED_CONTEXT ( ( #1258, #3050, #1485 ) ) REPRESENTATION_CONTEXT ( 'NONE', 'WORKASPACE' ) );
#9 = VECTOR ( 'NONE', #1171, 1000.000000000000000 ) ;
#10 =( NAMED_UNIT ( * ) PLANE_ANGLE_UNIT ( ) SI_UNIT ( $, .RADIAN. ) );
#11 =( GEOMETRIC_REPRESENTATION_CONTEXT ( 3 ) GLOBAL_UNCERTAINTY_ASSIGNED_CONTEXT ( ( #631 ) ) GLOBAL_UNIT_ASSIGNED_CONTEXT ( ( #1653, #1679, #3223 ) ) REPRESENTATION_CONTEXT ( 'NONE', 'WORKASPACE' ) );
#12 = ORIENTED_EDGE ( 'NONE', *, *, #2057, .F. ) ;
#13 = CARTESIAN_POINT ( 'NONE',  ( 0.0000000000000000000, 0.0000000000000000000, 0.0000000000000000000 ) ) ;
#14 = DIRECTION ( 'NONE',  ( -0.7071067811865475700, 0.0000000000000000000, -0.7071067811865475700 ) ) ;
#15 = CARTESIAN_POINT ( 'NONE',  ( 4.250000000000000000, 1.216666666666666800, -4.250000000000000000 ) ) ;
#16 = EDGE_LOOP ( 'NONE', ( #1029, #406, #982, #3016 ) ) ;
#17 = CARTESIAN_POINT ( 'NONE',  ( 6.407170895980367900, 7.104999999999999500, -2.805850000000000000 ) ) ;
#18 = DIRECTION ( 'NONE',  ( 1.000000000000000000, 0.0000000000000000000, 0.0000000000000000000 ) ) ;
#19 = EDGE_LOOP ( 'NONE', ( #1068, #2595, #1763, #2845 ) ) ;
#20 = ORIENTED_EDGE ( 'NONE', *, *, #3274, .T. ) ;
#21 = VECTOR ( 'NONE', #289, 1000.000000000000000 ) ;
#22 = EDGE_CURVE ( 'NONE', #2037, #2241, #726, .T. ) ;
#23 = EDGE_LOOP ( 'NONE', ( #2798, #944, #1772, #266 ) ) ;
#24 = CARTESIAN_POINT ( 'NONE',  ( 4.250000000000000000, 2.188540000000000200, -4.250000000000000000 ) ) ;
#25 = LINE ( 'NONE', #1709, #3289 ) ;
#26 = PRODUCT_DEFINITION ( 'UNKNOWN', '', #571, #3011 ) ;
#27 = MECHANICAL_DESIGN_GEOMETRIC_PRESENTATION_REPRESENTATION (  '', ( #1630 ), #2670 ) ;
#28 = AXIS2_PLACEMENT_3D ( 'NONE', #2741, #2195, #2234 ) ;
#29 = SURFACE_SIDE_STYLE ('',( #1134 ) ) ;
#30 = CARTESIAN_POINT ( 'NONE',  ( 6.402706152770193200, 7.104999999999999500, -3.319363575886130800 ) ) ;
#31 = ADVANCED_FACE ( 'NONE', ( #1175 ), #593, .F. ) ;
#32 = STYLED_ITEM ( 'NONE', ( #179 ), #1753 ) ;
#33 = DIRECTION ( 'NONE',  ( 0.0000000000000000000, 0.0000000000000000000, 1.000000000000000000 ) ) ;
#34 = CIRCLE ( 'NONE', #345, 4.250000000000000000 ) ;
#35 = CARTESIAN_POINT ( 'NONE',  ( 2.700000000000000200, 0.0000000000000000000, -3.699999999999999700 ) ) ;
#36 = VECTOR ( 'NONE', #1778, 1000.000000000000000 ) ;
#37 = VECTOR ( 'NONE', #900, 1000.000000000000000 ) ;
#38 = SURFACE_STYLE_USAGE ( .BOTH. , #1345 ) ;
#39 = EDGE_CURVE ( 'NONE', #188, #2653, #474, .T. ) ;
#40 = FACE_OUTER_BOUND ( 'NONE', #2603, .T. ) ;
#41 =( NAMED_UNIT ( * ) SI_UNIT ( $, .STERADIAN. ) SOLID_ANGLE_UNIT ( ) );
#42 = DIRECTION ( 'NONE',  ( -0.0000000000000000000, -1.000000000000000000, -0.0000000000000000000 ) ) ;
#43 = EDGE_LOOP ( 'NONE', ( #1320, #2187, #1911, #2010 ) ) ;
#44 = FACE_OUTER_BOUND ( 'NONE', #2246, .T. ) ;
#45 = PRESENTATION_LAYER_ASSIGNMENT (  '', '', ( #2235 ) ) ;
#46 = UNCERTAINTY_MEASURE_WITH_UNIT (LENGTH_MEASURE( 1.000000000000000100E-005 ), #1936, 'distance_accuracy_value', 'NONE');
#47 = DIRECTION ( 'NONE',  ( -0.0000000000000000000, -1.000000000000000000, -0.0000000000000000000 ) ) ;
#48 = ORIENTED_EDGE ( 'NONE', *, *, #249, .T. ) ;
#49 = ADVANCED_FACE ( 'NONE', ( #2838 ), #1334, .T. ) ;
#50 = SURFACE_STYLE_FILL_AREA ( #2654 ) ;
#51 = ORIENTED_EDGE ( 'NONE', *, *, #116, .F. ) ;
#52 = PRESENTATION_LAYER_ASSIGNMENT (  '', '', ( #1616 ) ) ;
#53 = CARTESIAN_POINT ( 'NONE',  ( 6.407170895980367900, 7.104999999999999500, -5.361111688650168200 ) ) ;
#54 = ORIENTED_EDGE ( 'NONE', *, *, #2835, .F. ) ;
#55 = CARTESIAN_POINT ( 'NONE',  ( 5.818438714135814900, 0.3650000000000001000, 0.0000000000000000000 ) ) ;
#56 = DIRECTION ( 'NONE',  ( 0.0000000000000000000, 0.0000000000000000000, -1.000000000000000000 ) ) ;
#57 = DIRECTION ( 'NONE',  ( 0.0000000000000000000, 0.0000000000000000000, 1.000000000000000000 ) ) ;
#58 = VERTEX_POINT ( 'NONE', #2399 ) ;
#59 = VECTOR ( 'NONE', #2558, 1000.000000000000000 ) ;
#60 = ORIENTED_EDGE ( 'NONE', *, *, #136, .T. ) ;
#61 = EDGE_CURVE ( 'NONE', #3004, #597, #2352, .T. ) ;
#62 = SURFACE_SIDE_STYLE ('',( #250 ) ) ;
#63 = CLOSED_SHELL ( 'NONE', ( #2265, #2514, #396, #49, #1453, #2720, #1199, #2530, #1211, #2017, #2740, #938, #2630, #1996, #2465 ) ) ;
#64 = EDGE_CURVE ( 'NONE', #2415, #1886, #1658, .T. ) ;
#65 = LINE ( 'NONE', #613, #3246 ) ;
#66 = FILL_AREA_STYLE ('',( #1655 ) ) ;
#67 = PLANE ( 'NONE',  #2973 ) ;
#68 = LINE ( 'NONE', #1587, #2898 ) ;
#69 = CARTESIAN_POINT ( 'NONE',  ( 5.044508229166684300, 7.104999999999999500, -3.319363575886128200 ) ) ;
#70 = MANIFOLD_SOLID_BREP ( 'Fillet2', #1033 ) ;
#71 = PRESENTATION_LAYER_ASSIGNMENT (  '', '', ( #2900 ) ) ;
#72 =( GEOMETRIC_REPRESENTATION_CONTEXT ( 3 ) GLOBAL_UNCERTAINTY_ASSIGNED_CONTEXT ( ( #2353 ) ) GLOBAL_UNIT_ASSIGNED_CONTEXT ( ( #1252, #3340, #3066 ) ) REPRESENTATION_CONTEXT ( 'NONE', 'WORKASPACE' ) );
#73 = AXIS2_PLACEMENT_3D ( 'NONE', #621, #1115, #3239 ) ;
#74 = VECTOR ( 'NONE', #2895, 1000.000000000000000 ) ;
#75 = DIRECTION ( 'NONE',  ( -0.5740093059051178900, 0.0000000000000000000, -0.8188487752536024500 ) ) ;
#76 = CARTESIAN_POINT ( 'NONE',  ( 5.912919214105404100, 7.104999999999999500, -5.194358624149853800 ) ) ;
#77 = SURFACE_STYLE_FILL_AREA ( #1478 ) ;
#78 =( NAMED_UNIT ( * ) SI_UNIT ( $, .STERADIAN. ) SOLID_ANGLE_UNIT ( ) );
#79 = CARTESIAN_POINT ( 'NONE',  ( 5.044508229166684300, 7.104999999999999500, -5.194358658074004400 ) ) ;
#80 = SURFACE_SIDE_STYLE ('',( #2094 ) ) ;
#81 = SURFACE_STYLE_FILL_AREA ( #611 ) ;
#82 = FACE_OUTER_BOUND ( 'NONE', #560, .T. ) ;
#83 = PRESENTATION_STYLE_ASSIGNMENT (( #2484 ) ) ;
#84 = PRESENTATION_STYLE_ASSIGNMENT (( #844 ) ) ;
#85 = PRESENTATION_STYLE_ASSIGNMENT (( #2376 ) ) ;
#86 = FILL_AREA_STYLE ('',( #540 ) ) ;
#87 = ORIENTED_EDGE ( 'NONE', *, *, #164, .F. ) ;
#88 = SURFACE_STYLE_FILL_AREA ( #2262 ) ;
#89 = SURFACE_STYLE_FILL_AREA ( #1746 ) ;
#90 =( LENGTH_UNIT ( ) NAMED_UNIT ( * ) SI_UNIT ( .MILLI., .METRE. ) );
#91 = DIRECTION ( 'NONE',  ( -1.000000000000000000, 0.0000000000000000000, 0.0000000000000000000 ) ) ;
#92 = EDGE_CURVE ( 'NONE', #2695, #260, #2182, .T. ) ;
#93 = ORIENTED_EDGE ( 'NONE', *, *, #1820, .F. ) ;
#94 = VECTOR ( 'NONE', #2426, 1000.000000000000000 ) ;
#95 = DIRECTION ( 'NONE',  ( -0.0000000000000000000, 1.000000000000000000, -0.0000000000000000000 ) ) ;
#96 = DIRECTION ( 'NONE',  ( 1.000000000000000000, 0.0000000000000000000, 0.0000000000000000000 ) ) ;
#97 = ORIENTED_EDGE ( 'NONE', *, *, #2718, .F. ) ;
#98 = STYLED_ITEM ( 'NONE', ( #2014 ), #3022 ) ;
#99 = AXIS2_PLACEMENT_3D ( 'NONE', #2064, #2328, #2582 ) ;
#100 = LINE ( 'NONE', #809, #484 ) ;
#101 = MECHANICAL_DESIGN_GEOMETRIC_PRESENTATION_REPRESENTATION (  '', ( #712 ), #2822 ) ;
#102 = EDGE_LOOP ( 'NONE', ( #2441, #2391, #3244, #1230, #1026, #2238, #1442, #1797 ) ) ;
#103 = CIRCLE ( 'NONE', #785, 4.062574999999998900 ) ;
#104 = FILL_AREA_STYLE_COLOUR ( '', #2384 ) ;
#105 = MECHANICAL_DESIGN_GEOMETRIC_PRESENTATION_REPRESENTATION (  '', ( #3162 ), #2394 ) ;
#106 = VERTEX_POINT ( 'NONE', #2459 ) ;
#107 =( LENGTH_UNIT ( ) NAMED_UNIT ( * ) SI_UNIT ( .MILLI., .METRE. ) );
#108 = PRESENTATION_STYLE_ASSIGNMENT (( #2684 ) ) ;
#109 = PLANE ( 'NONE',  #198 ) ;
#110 = VERTEX_POINT ( 'NONE', #69 ) ;
#111 = DIRECTION ( 'NONE',  ( 0.0000000000000000000, -0.0000000000000000000, 1.000000000000000000 ) ) ;
#112 =( NAMED_UNIT ( * ) SI_UNIT ( $, .STERADIAN. ) SOLID_ANGLE_UNIT ( ) );
#113 = VERTEX_POINT ( 'NONE', #893 ) ;
#114 = FILL_AREA_STYLE_COLOUR ( '', #1090 ) ;
#115 = ADVANCED_FACE ( 'NONE', ( #1504 ), #616, .T. ) ;
#116 = EDGE_CURVE ( 'NONE', #2856, #691, #1052, .T. ) ;
#117 = DIRECTION ( 'NONE',  ( 0.0000000000000000000, 0.0000000000000000000, -1.000000000000000000 ) ) ;
#118 = DIRECTION ( 'NONE',  ( -0.0000000000000000000, 0.0000000000000000000, -1.000000000000000000 ) ) ;
#119 = UNCERTAINTY_MEASURE_WITH_UNIT (LENGTH_MEASURE( 1.000000000000000100E-005 ), #2297, 'distance_accuracy_value', 'NONE');
#120 = STYLED_ITEM ( 'NONE', ( #1012 ), #433 ) ;
#121 = SURFACE_STYLE_USAGE ( .BOTH. , #1201 ) ;
#122 = CARTESIAN_POINT ( 'NONE',  ( 0.0000000000000000000, 1.825000000000000000, 0.0000000000000000000 ) ) ;
#123 = CYLINDRICAL_SURFACE ( 'NONE', #2430, 4.062574999999998900 ) ;
#124 = MANIFOLD_SOLID_BREP ( 'Body-Move/Copy1[2]', #2919 ) ;
#125 =( GEOMETRIC_REPRESENTATION_CONTEXT ( 3 ) GLOBAL_UNCERTAINTY_ASSIGNED_CONTEXT ( ( #2137 ) ) GLOBAL_UNIT_ASSIGNED_CONTEXT ( ( #2852, #2574, #3128 ) ) REPRESENTATION_CONTEXT ( 'NONE', 'WORKASPACE' ) );
#126 = LINE ( 'NONE', #2468, #2060 ) ;
#127 =( NAMED_UNIT ( * ) PLANE_ANGLE_UNIT ( ) SI_UNIT ( $, .RADIAN. ) );
#128 = LINE ( 'NONE', #1614, #3387 ) ;
#129 = ADVANCED_FACE ( 'NONE', ( #2875 ), #2962, .T. ) ;
#130 = AXIS2_PLACEMENT_3D ( 'NONE', #1864, #2633, #2463 ) ;
#131 = CARTESIAN_POINT ( 'NONE',  ( 4.250000000000000900, 7.099999999999999600, -7.947574999999998700 ) ) ;
#132 = CARTESIAN_POINT ( 'NONE',  ( 0.0000000000000000000, 1.825000000000000000, 0.0000000000000000000 ) ) ;
#133 = FILL_AREA_STYLE ('',( #660 ) ) ;
#134 = ORIENTED_EDGE ( 'NONE', *, *, #3089, .F. ) ;
#135 = PRESENTATION_STYLE_ASSIGNMENT (( #2525 ) ) ;
#136 = EDGE_CURVE ( 'NONE', #1710, #218, #1337, .T. ) ;
#137 = DIRECTION ( 'NONE',  ( -1.000000000000000000, 0.0000000000000000000, 0.0000000000000000000 ) ) ;
#138 = EDGE_LOOP ( 'NONE', ( #1520, #1197, #134, #2280 ) ) ;
#139 = CARTESIAN_POINT ( 'NONE',  ( 0.0000000000000000000, 0.0000000000000000000, -4.800000000000000700 ) ) ;
#140 = COLOUR_RGB ( '',0.1019607843137254900, 0.1019607843137254900, 0.1019607843137254900 ) ;
#141 = ORIENTED_EDGE ( 'NONE', *, *, #1820, .T. ) ;
#142 = DIRECTION ( 'NONE',  ( 0.0000000000000000000, -1.000000000000000000, -0.0000000000000000000 ) ) ;
#143 = MECHANICAL_DESIGN_GEOMETRIC_PRESENTATION_REPRESENTATION (  '', ( #1806 ), #323 ) ;
#144 = UNCERTAINTY_MEASURE_WITH_UNIT (LENGTH_MEASURE( 1.000000000000000100E-005 ), #375, 'distance_accuracy_value', 'NONE');
#145 = ORIENTED_EDGE ( 'NONE', *, *, #3421, .F. ) ;
#146 = COLOUR_RGB ( '',0.0000000000000000000, 0.0000000000000000000, 0.0000000000000000000 ) ;
#147 = CARTESIAN_POINT ( 'NONE',  ( 6.407170895980367900, 7.099999999999999600, -3.132117435131643600 ) ) ;
#148 = CARTESIAN_POINT ( 'NONE',  ( 5.381079547306396400, 7.099999999999999600, -3.319363575886128200 ) ) ;
#149 = MECHANICAL_DESIGN_GEOMETRIC_PRESENTATION_REPRESENTATION (  '', ( #758 ), #1235 ) ;
#150 = ORIENTED_EDGE ( 'NONE', *, *, #1362, .F. ) ;
#151 = PRESENTATION_LAYER_ASSIGNMENT (  '', '', ( #978 ) ) ;
#152 = CARTESIAN_POINT ( 'NONE',  ( 4.250000000000000900, 2.491490000000000200, -0.1874250000000014800 ) ) ;
#153 = ADVANCED_FACE ( 'NONE', ( #771 ), #2452, .F. ) ;
#154 = DIRECTION ( 'NONE',  ( 1.000000000000000000, 0.0000000000000000000, 0.0000000000000000000 ) ) ;
#155 = ORIENTED_EDGE ( 'NONE', *, *, #2250, .T. ) ;
#156 = SURFACE_STYLE_USAGE ( .BOTH. , #1449 ) ;
#157 = ORIENTED_EDGE ( 'NONE', *, *, #2777, .T. ) ;
#158 = CARTESIAN_POINT ( 'NONE',  ( 6.337724959187636600, 7.104999999999999500, -5.194358624149853800 ) ) ;
#159 = LINE ( 'NONE', #943, #1035 ) ;
#160 =( NAMED_UNIT ( * ) SI_UNIT ( $, .STERADIAN. ) SOLID_ANGLE_UNIT ( ) );
#161 = DIRECTION ( 'NONE',  ( 0.0000000000000000000, 0.0000000000000000000, 1.000000000000000000 ) ) ;
#162 = PLANE ( 'NONE',  #1531 ) ;
#163 = CARTESIAN_POINT ( 'NONE',  ( 6.407170895980367900, 7.104999999999999500, -5.361111688650168200 ) ) ;
#164 = EDGE_CURVE ( 'NONE', #985, #218, #2834, .T. ) ;
#165 = LINE ( 'NONE', #206, #2056 ) ;
#166 = UNCERTAINTY_MEASURE_WITH_UNIT (LENGTH_MEASURE( 1.000000000000000100E-005 ), #3300, 'distance_accuracy_value', 'NONE');
#167 = CYLINDRICAL_SURFACE ( 'NONE', #2556, 0.2000000000000000900 ) ;
#168 = ADVANCED_FACE ( 'NONE', ( #3266 ), #162, .F. ) ;
#169 = CARTESIAN_POINT ( 'NONE',  ( 2.500000000000000000, -0.2000000000000000100, -3.699999999999999700 ) ) ;
#170 =( GEOMETRIC_REPRESENTATION_CONTEXT ( 3 ) GLOBAL_UNCERTAINTY_ASSIGNED_CONTEXT ( ( #3378 ) ) GLOBAL_UNIT_ASSIGNED_CONTEXT ( ( #2332, #2587, #3129 ) ) REPRESENTATION_CONTEXT ( 'NONE', 'WORKASPACE' ) );
#171 = STYLED_ITEM ( 'NONE', ( #672 ), #2501 ) ;
#172 = DIRECTION ( 'NONE',  ( 0.0000000000000000000, -1.000000000000000000, 0.0000000000000000000 ) ) ;
#173 = CARTESIAN_POINT ( 'NONE',  ( 4.999699999999999800, 7.099999999999999600, -3.132117435131643600 ) ) ;
#174 = VECTOR ( 'NONE', #2475, 1000.000000000000000 ) ;
#175 = SURFACE_STYLE_USAGE ( .BOTH. , #411 ) ;
#176 = AXIS2_PLACEMENT_3D ( 'NONE', #2173, #91, #331 ) ;
#177 = VECTOR ( 'NONE', #2573, 1000.000000000000000 ) ;
#178 = CARTESIAN_POINT ( 'NONE',  ( 4.250000000000000000, 0.3650000000000001000, -4.250000000000000000 ) ) ;
#179 = PRESENTATION_STYLE_ASSIGNMENT (( #3361 ) ) ;
#180 = FILL_AREA_STYLE_COLOUR ( '', #1454 ) ;
#181 = CARTESIAN_POINT ( 'NONE',  ( 6.407170895980367900, 7.104999999999999500, -5.687379123781812300 ) ) ;
#182 = FILL_AREA_STYLE ('',( #3325 ) ) ;
#183 = EDGE_LOOP ( 'NONE', ( #1263, #650, #2772, #850 ) ) ;
#184 = EDGE_CURVE ( 'NONE', #274, #1023, #1704, .T. ) ;
#185 = FILL_AREA_STYLE ('',( #1713 ) ) ;
#186 = ADVANCED_FACE ( 'NONE', ( #1550 ), #674, .F. ) ;
#187 = DIRECTION ( 'NONE',  ( -1.000000000000000000, 0.0000000000000000000, 0.0000000000000000000 ) ) ;
#188 = VERTEX_POINT ( 'NONE', #3292 ) ;
#189 = UNCERTAINTY_MEASURE_WITH_UNIT (LENGTH_MEASURE( 1.000000000000000100E-005 ), #3303, 'distance_accuracy_value', 'NONE');
#190 = CARTESIAN_POINT ( 'NONE',  ( 4.250000000000000000, 7.104999999999999500, -0.8750325000000009900 ) ) ;
#191 = ORIENTED_EDGE ( 'NONE', *, *, #843, .T. ) ;
#192 = AXIS2_PLACEMENT_3D ( 'NONE', #1117, #2911, #2687 ) ;
#193 = LINE ( 'NONE', #1897, #822 ) ;
#194 = SURFACE_STYLE_USAGE ( .BOTH. , #1182 ) ;
#195 = VERTEX_POINT ( 'NONE', #702 ) ;
#196 = CARTESIAN_POINT ( 'NONE',  ( 4.999699999999999800, 7.099999999999999600, -5.361111688650168200 ) ) ;
#197 = PLANE ( 'NONE',  #3077 ) ;
#198 = AXIS2_PLACEMENT_3D ( 'NONE', #1481, #3073, #3312 ) ;
#199 = EDGE_LOOP ( 'NONE', ( #3356, #1963, #2365, #825, #2689, #1483, #3335, #594, #3109, #432, #1114, #1838, #636, #515, #1218, #2527 ) ) ;
#200 = DIRECTION ( 'NONE',  ( -0.5740940732108399400, 0.0000000000000000000, -0.8187893472097611500 ) ) ;
#201 = ORIENTED_EDGE ( 'NONE', *, *, #1317, .F. ) ;
#202 = DIRECTION ( 'NONE',  ( 1.000000000000000000, 0.0000000000000000000, 0.0000000000000000000 ) ) ;
#203 = LINE ( 'NONE', #1964, #2254 ) ;
#204 =( LENGTH_UNIT ( ) NAMED_UNIT ( * ) SI_UNIT ( .MILLI., .METRE. ) );
#205 =( NAMED_UNIT ( * ) SI_UNIT ( $, .STERADIAN. ) SOLID_ANGLE_UNIT ( ) );
#206 = CARTESIAN_POINT ( 'NONE',  ( -0.3499999999999996400, -0.0000000000000000000, -4.800000000000000700 ) ) ;
#207 = MECHANICAL_DESIGN_GEOMETRIC_PRESENTATION_REPRESENTATION (  '', ( #1169 ), #969 ) ;
#208 = SURFACE_STYLE_FILL_AREA ( #3373 ) ;
#209 =( LENGTH_UNIT ( ) NAMED_UNIT ( * ) SI_UNIT ( .MILLI., .METRE. ) );
#210 = VECTOR ( 'NONE', #874, 1000.000000000000000 ) ;
#211 = DIRECTION ( 'NONE',  ( 1.000000000000000000, -0.0000000000000000000, 0.0000000000000000000 ) ) ;
#212 =( GEOMETRIC_REPRESENTATION_CONTEXT ( 3 ) GLOBAL_UNCERTAINTY_ASSIGNED_CONTEXT ( ( #1002 ) ) GLOBAL_UNIT_ASSIGNED_CONTEXT ( ( #2858, #2116, #1086 ) ) REPRESENTATION_CONTEXT ( 'NONE', 'WORKASPACE' ) );
#213 = AXIS2_PLACEMENT_3D ( 'NONE', #3070, #451, #2285 ) ;
#214 =( NAMED_UNIT ( * ) PLANE_ANGLE_UNIT ( ) SI_UNIT ( $, .RADIAN. ) );
#215 = CARTESIAN_POINT ( 'NONE',  ( 0.0000000000000000000, 1.825000000000000000, 0.0000000000000000000 ) ) ;
#216 = AXIS2_PLACEMENT_3D ( 'NONE', #364, #633, #1421 ) ;
#217 = ADVANCED_FACE ( 'NONE', ( #1544 ), #894, .F. ) ;
#218 = VERTEX_POINT ( 'NONE', #152 ) ;
#219 =( NAMED_UNIT ( * ) SI_UNIT ( $, .STERADIAN. ) SOLID_ANGLE_UNIT ( ) );
#220 = SURFACE_STYLE_USAGE ( .BOTH. , #1804 ) ;
#221 = MECHANICAL_DESIGN_GEOMETRIC_PRESENTATION_REPRESENTATION (  '', ( #32 ), #1880 ) ;
#222 = VERTEX_POINT ( 'NONE', #689 ) ;
#223 = SURFACE_STYLE_USAGE ( .BOTH. , #1288 ) ;
#224 = FACE_OUTER_BOUND ( 'NONE', #1270, .T. ) ;
#225 = ORIENTED_EDGE ( 'NONE', *, *, #705, .T. ) ;
#226 = FILL_AREA_STYLE_COLOUR ( '', #2757 ) ;
#227 = CARTESIAN_POINT ( 'NONE',  ( 0.0000000000000000000, 0.3650000000000001000, 0.0000000000000000000 ) ) ;
#228 = CARTESIAN_POINT ( 'NONE',  ( 0.0000000000000000000, 0.0000000000000000000, 0.0000000000000000000 ) ) ;
#229 = UNCERTAINTY_MEASURE_WITH_UNIT (LENGTH_MEASURE( 1.000000000000000100E-005 ), #2829, 'distance_accuracy_value', 'NONE');
#230 = ORIENTED_EDGE ( 'NONE', *, *, #2403, .F. ) ;
#231 = EDGE_CURVE ( 'NONE', #1019, #2202, #548, .T. ) ;
#232 = SURFACE_STYLE_FILL_AREA ( #3164 ) ;
#233 = PLANE ( 'NONE',  #2351 ) ;
#234 = VERTEX_POINT ( 'NONE', #3318 ) ;
#235 = VECTOR ( 'NONE', #2932, 1000.000000000000000 ) ;
#236 =( GEOMETRIC_REPRESENTATION_CONTEXT ( 3 ) GLOBAL_UNCERTAINTY_ASSIGNED_CONTEXT ( ( #166 ) ) GLOBAL_UNIT_ASSIGNED_CONTEXT ( ( #3300, #1471, #635 ) ) REPRESENTATION_CONTEXT ( 'NONE', 'WORKASPACE' ) );
#237 = ORIENTED_EDGE ( 'NONE', *, *, #3274, .F. ) ;
#238 = FILL_AREA_STYLE ('',( #226 ) ) ;
#239 = CARTESIAN_POINT ( 'NONE',  ( 4.250000000000000000, 6.734999999999999400, -4.250000000000000000 ) ) ;
#240 = ORIENTED_EDGE ( 'NONE', *, *, #2205, .F. ) ;
#241 =( GEOMETRIC_REPRESENTATION_CONTEXT ( 3 ) GLOBAL_UNCERTAINTY_ASSIGNED_CONTEXT ( ( #2745 ) ) GLOBAL_UNIT_ASSIGNED_CONTEXT ( ( #2109, #543, #1365 ) ) REPRESENTATION_CONTEXT ( 'NONE', 'WORKASPACE' ) );
#242 =( NAMED_UNIT ( * ) PLANE_ANGLE_UNIT ( ) SI_UNIT ( $, .RADIAN. ) );
#243 = EDGE_CURVE ( 'NONE', #3397, #770, #2628, .T. ) ;
#244 = COLOUR_RGB ( '',0.0000000000000000000, 0.0000000000000000000, 0.0000000000000000000 ) ;
#245 = CYLINDRICAL_SURFACE ( 'NONE', #1042, 4.062574999999998900 ) ;
#246 = DIRECTION ( 'NONE',  ( 0.0000000000000000000, -0.0000000000000000000, -1.000000000000000000 ) ) ;
#247 = CARTESIAN_POINT ( 'NONE',  ( 2.500000000000000000, 0.0000000000000000000, -4.800000000000000700 ) ) ;
#248 = PLANE ( 'NONE',  #1234 ) ;
#249 = EDGE_CURVE ( 'NONE', #518, #401, #1660, .T. ) ;
#250 = SURFACE_STYLE_FILL_AREA ( #1663 ) ;
#251 = VECTOR ( 'NONE', #1503, 1000.000000000000000 ) ;
#252 = MECHANICAL_DESIGN_GEOMETRIC_PRESENTATION_REPRESENTATION (  '', ( #1570 ), #2189 ) ;
#253 = SURFACE_STYLE_USAGE ( .BOTH. , #3108 ) ;
#254 = CARTESIAN_POINT ( 'NONE',  ( 4.250000000000000000, 2.188540000000000200, -4.250000000000000000 ) ) ;
#255 = EDGE_LOOP ( 'NONE', ( #2915, #1423 ) ) ;
#256 = LINE ( 'NONE', #2278, #2961 ) ;
#257 =( LENGTH_UNIT ( ) NAMED_UNIT ( * ) SI_UNIT ( .MILLI., .METRE. ) );
#258 =( NAMED_UNIT ( * ) SI_UNIT ( $, .STERADIAN. ) SOLID_ANGLE_UNIT ( ) );
#259 = SURFACE_SIDE_STYLE ('',( #463 ) ) ;
#260 = VERTEX_POINT ( 'NONE', #3352 ) ;
#261 = CARTESIAN_POINT ( 'NONE',  ( 0.2999999999999999900, 0.3650000000000001000, -2.681561285864186800 ) ) ;
#262 = ORIENTED_EDGE ( 'NONE', *, *, #1993, .F. ) ;
#263 = ADVANCED_FACE ( 'NONE', ( #2545 ), #738, .F. ) ;
#264 = CIRCLE ( 'NONE', #3185, 3.759624999999998900 ) ;
#265 = UNCERTAINTY_MEASURE_WITH_UNIT (LENGTH_MEASURE( 1.000000000000000100E-005 ), #1586, 'distance_accuracy_value', 'NONE');
#266 = ORIENTED_EDGE ( 'NONE', *, *, #2544, .T. ) ;
#267 =( LENGTH_UNIT ( ) NAMED_UNIT ( * ) SI_UNIT ( .MILLI., .METRE. ) );
#268 = DIRECTION ( 'NONE',  ( -0.0000000000000000000, 1.000000000000000000, -0.0000000000000000000 ) ) ;
#269 = CARTESIAN_POINT ( 'NONE',  ( 0.0000000000000000000, 0.0000000000000000000, 0.0000000000000000000 ) ) ;
#270 = VERTEX_POINT ( 'NONE', #1004 ) ;
#271 = EDGE_CURVE ( 'NONE', #2292, #1884, #1870, .T. ) ;
#272 =( NAMED_UNIT ( * ) SI_UNIT ( $, .STERADIAN. ) SOLID_ANGLE_UNIT ( ) );
#273 = DIRECTION ( 'NONE',  ( -1.000000000000000000, 0.0000000000000000000, -0.0000000000000000000 ) ) ;
#274 = VERTEX_POINT ( 'NONE', #1047 ) ;
#275 = VECTOR ( 'NONE', #1783, 1000.000000000000000 ) ;
#276 = PRESENTATION_LAYER_ASSIGNMENT (  '', '', ( #2408 ) ) ;
#277 = SURFACE_STYLE_FILL_AREA ( #2267 ) ;
#278 = MECHANICAL_DESIGN_GEOMETRIC_PRESENTATION_REPRESENTATION (  '', ( #1874 ), #1254 ) ;
#279 = ORIENTED_EDGE ( 'NONE', *, *, #2271, .F. ) ;
#280 = FILL_AREA_STYLE_COLOUR ( '', #1089 ) ;
#281 = PRESENTATION_LAYER_ASSIGNMENT (  '', '', ( #3162 ) ) ;
#282 = CARTESIAN_POINT ( 'NONE',  ( 4.999699999999999800, 7.099999999999999600, -3.132117435131643600 ) ) ;
#283 = CIRCLE ( 'NONE', #2865, 4.062574999999998900 ) ;
#284 = CARTESIAN_POINT ( 'NONE',  ( 6.402706152770193200, 7.104999999999999500, -3.319363575886130800 ) ) ;
#285 = DIRECTION ( 'NONE',  ( 0.0000000000000000000, 0.0000000000000000000, -1.000000000000000000 ) ) ;
#286 = FACE_OUTER_BOUND ( 'NONE', #2686, .T. ) ;
#287 = VECTOR ( 'NONE', #1240, 1000.000000000000000 ) ;
#288 = CARTESIAN_POINT ( 'NONE',  ( 4.250000000000000000, 7.099999999999999600, -4.250000000000000000 ) ) ;
#289 = DIRECTION ( 'NONE',  ( 1.000000000000000000, 0.0000000000000000000, 0.0000000000000000000 ) ) ;
#290 = CARTESIAN_POINT ( 'NONE',  ( 4.250000000000000000, 7.104999999999999500, -4.250000000000000000 ) ) ;
#291 = EDGE_CURVE ( 'NONE', #3374, #382, #632, .T. ) ;
#292 = VECTOR ( 'NONE', #1973, 1000.000000000000000 ) ;
#293 = COLOUR_RGB ( '',0.1019607843137254900, 0.1019607843137254900, 0.1019607843137254900 ) ;
#294 = CARTESIAN_POINT ( 'NONE',  ( 4.999699999999999800, 7.104999999999999500, -5.687379123781812300 ) ) ;
#295 = SURFACE_STYLE_FILL_AREA ( #1198 ) ;
#296 = PLANE ( 'NONE',  #3375 ) ;
#297 = DIRECTION ( 'NONE',  ( 0.0000000000000000000, -1.000000000000000000, 0.0000000000000000000 ) ) ;
#298 = SURFACE_STYLE_FILL_AREA ( #1149 ) ;
#299 = ORIENTED_EDGE ( 'NONE', *, *, #2790, .F. ) ;
#300 = CARTESIAN_POINT ( 'NONE',  ( 0.0000000000000000000, 0.0000000000000000000, 0.0000000000000000000 ) ) ;
#301 = SURFACE_STYLE_FILL_AREA ( #185 ) ;
#302 = SURFACE_STYLE_FILL_AREA ( #1327 ) ;
#303 = ADVANCED_FACE ( 'NONE', ( #1943 ), #1573, .F. ) ;
#304 = ORIENTED_EDGE ( 'NONE', *, *, #3224, .T. ) ;
#305 = VECTOR ( 'NONE', #2491, 1000.000000000000000 ) ;
#306 = CARTESIAN_POINT ( 'NONE',  ( 4.250000000000000000, 7.099999999999999600, -7.624967499999999500 ) ) ;
#307 = AXIS2_PLACEMENT_3D ( 'NONE', #3191, #2678, #3212 ) ;
#308 =( LENGTH_UNIT ( ) NAMED_UNIT ( * ) SI_UNIT ( .MILLI., .METRE. ) );
#309 = ORIENTED_EDGE ( 'NONE', *, *, #1523, .F. ) ;
#310 = SURFACE_SIDE_STYLE ('',( #298 ) ) ;
#311 = SURFACE_STYLE_USAGE ( .BOTH. , #1131 ) ;
#312 = SURFACE_STYLE_USAGE ( .BOTH. , #1656 ) ;
#313 = STYLED_ITEM ( 'NONE', ( #2306 ), #2107 ) ;
#314 = VERTEX_POINT ( 'NONE', #3140 ) ;
#315 = VECTOR ( 'NONE', #1081, 1000.000000000000000 ) ;
#316 = UNCERTAINTY_MEASURE_WITH_UNIT (LENGTH_MEASURE( 1.000000000000000100E-005 ), #2867, 'distance_accuracy_value', 'NONE');
#317 = EDGE_LOOP ( 'NONE', ( #974, #863, #1195, #2272 ) ) ;
#318 = EDGE_CURVE ( 'NONE', #113, #2849, #1093, .T. ) ;
#319 = CARTESIAN_POINT ( 'NONE',  ( 4.250000000000000000, 2.188540000000000200, -4.250000000000000000 ) ) ;
#320 = VERTEX_POINT ( 'NONE', #1868 ) ;
#321 = SURFACE_SIDE_STYLE ('',( #3190 ) ) ;
#322 = FACE_OUTER_BOUND ( 'NONE', #748, .T. ) ;
#323 =( GEOMETRIC_REPRESENTATION_CONTEXT ( 3 ) GLOBAL_UNCERTAINTY_ASSIGNED_CONTEXT ( ( #450 ) ) GLOBAL_UNIT_ASSIGNED_CONTEXT ( ( #2977, #2719, #1699 ) ) REPRESENTATION_CONTEXT ( 'NONE', 'WORKASPACE' ) );
#324 = CARTESIAN_POINT ( 'NONE',  ( 6.407170895980367900, 7.104999999999999500, -3.132117435131643600 ) ) ;
#325 = ORIENTED_EDGE ( 'NONE', *, *, #462, .F. ) ;
#326 = CARTESIAN_POINT ( 'NONE',  ( 5.044508229166684300, 7.104999999999999500, -5.194358658074004400 ) ) ;
#327 = FILL_AREA_STYLE_COLOUR ( '', #1403 ) ;
#328 = AXIS2_PLACEMENT_3D ( 'NONE', #1393, #628, #643 ) ;
#329 = MECHANICAL_DESIGN_GEOMETRIC_PRESENTATION_REPRESENTATION (  '', ( #368 ), #3281 ) ;
#330 = DIRECTION ( 'NONE',  ( 1.000000000000000000, 0.0000000000000000000, 0.0000000000000000000 ) ) ;
#331 = DIRECTION ( 'NONE',  ( 0.0000000000000000000, 0.0000000000000000000, 1.000000000000000000 ) ) ;
#332 = LINE ( 'NONE', #765, #1005 ) ;
#333 = STYLED_ITEM ( 'NONE', ( #339 ), #1961 ) ;
#334 = SURFACE_STYLE_USAGE ( .BOTH. , #1625 ) ;
#335 = PLANE ( 'NONE',  #2283 ) ;
#336 = FACE_OUTER_BOUND ( 'NONE', #1354, .T. ) ;
#337 = DIRECTION ( 'NONE',  ( 1.000000000000000000, 0.0000000000000000000, 0.0000000000000000000 ) ) ;
#338 = EDGE_CURVE ( 'NONE', #110, #2292, #3130, .T. ) ;
#339 = PRESENTATION_STYLE_ASSIGNMENT (( #2054 ) ) ;
#340 = DIRECTION ( 'NONE',  ( 0.0000000000000000000, 1.000000000000000000, 0.0000000000000000000 ) ) ;
#341 = CARTESIAN_POINT ( 'NONE',  ( 5.381079547306396400, 7.104999999999999500, -4.198631054429681000 ) ) ;
#342 = SURFACE_STYLE_USAGE ( .BOTH. , #1152 ) ;
#343 = EDGE_LOOP ( 'NONE', ( #1401, #2409, #2360, #2601, #2805, #3369, #150, #991, #2405, #1511 ) ) ;
#344 =( GEOMETRIC_REPRESENTATION_CONTEXT ( 3 ) GLOBAL_UNCERTAINTY_ASSIGNED_CONTEXT ( ( #425 ) ) GLOBAL_UNIT_ASSIGNED_CONTEXT ( ( #2167, #590, #3229 ) ) REPRESENTATION_CONTEXT ( 'NONE', 'WORKASPACE' ) );
#345 = AXIS2_PLACEMENT_3D ( 'NONE', #1340, #1938, #385 ) ;
#346 = STYLED_ITEM ( 'NONE', ( #2546 ), #168 ) ;
#347 = ORIENTED_EDGE ( 'NONE', *, *, #1785, .T. ) ;
#348 = ORIENTED_EDGE ( 'NONE', *, *, #3127, .F. ) ;
#349 = FILL_AREA_STYLE_COLOUR ( '', #2350 ) ;
#350 =( GEOMETRIC_REPRESENTATION_CONTEXT ( 3 ) GLOBAL_UNCERTAINTY_ASSIGNED_CONTEXT ( ( #1291 ) ) GLOBAL_UNIT_ASSIGNED_CONTEXT ( ( #2141, #1384, #2936 ) ) REPRESENTATION_CONTEXT ( 'NONE', 'WORKASPACE' ) );
#351 = PLANE ( 'NONE',  #2026 ) ;
#352 = VERTEX_POINT ( 'NONE', #819 ) ;
#353 = CARTESIAN_POINT ( 'NONE',  ( 0.0000000000000000000, 1.825000000000000000, -8.500000000000000000 ) ) ;
#354 = VECTOR ( 'NONE', #3250, 1000.000000000000000 ) ;
#355 =( LENGTH_UNIT ( ) NAMED_UNIT ( * ) SI_UNIT ( .MILLI., .METRE. ) );
#356 = ORIENTED_EDGE ( 'NONE', *, *, #64, .F. ) ;
#357 = CIRCLE ( 'NONE', #73, 0.1999999999999996500 ) ;
#358 = VERTEX_POINT ( 'NONE', #294 ) ;
#359 = EDGE_CURVE ( 'NONE', #58, #1382, #379, .T. ) ;
#360 = PLANE ( 'NONE',  #328 ) ;
#361 = DIRECTION ( 'NONE',  ( -0.0000000000000000000, 1.000000000000000000, -0.0000000000000000000 ) ) ;
#362 = EDGE_LOOP ( 'NONE', ( #733, #555 ) ) ;
#363 =( GEOMETRIC_REPRESENTATION_CONTEXT ( 3 ) GLOBAL_UNCERTAINTY_ASSIGNED_CONTEXT ( ( #2287 ) ) GLOBAL_UNIT_ASSIGNED_CONTEXT ( ( #1407, #1104, #78 ) ) REPRESENTATION_CONTEXT ( 'NONE', 'WORKASPACE' ) );
#364 = CARTESIAN_POINT ( 'NONE',  ( 0.0000000000000000000, 0.3650000000000001000, -2.681561285864188200 ) ) ;
#365 = DIRECTION ( 'NONE',  ( 1.000000000000000000, 0.0000000000000000000, 0.0000000000000000000 ) ) ;
#366 = VERTEX_POINT ( 'NONE', #2870 ) ;
#367 = FILL_AREA_STYLE ('',( #1174 ) ) ;
#368 = STYLED_ITEM ( 'NONE', ( #1027 ), #956 ) ;
#369 = SURFACE_STYLE_FILL_AREA ( #2005 ) ;
#370 =( LENGTH_UNIT ( ) NAMED_UNIT ( * ) SI_UNIT ( .MILLI., .METRE. ) );
#371 = ADVANCED_BREP_SHAPE_REPRESENTATION ( 'CAC_KS_8X7_D8.5L7.3W1.1F0.2A8.5B8.5C9.2P3.1', ( #70, #1957, #1821, #124, #2553, #2188 ), #212 ) ;
#372 = FACE_OUTER_BOUND ( 'NONE', #1875, .T. ) ;
#373 = ADVANCED_FACE ( 'NONE', ( #1214 ), #1751, .T. ) ;
#374 = STYLED_ITEM ( 'NONE', ( #2954 ), #2138 ) ;
#375 =( LENGTH_UNIT ( ) NAMED_UNIT ( * ) SI_UNIT ( .MILLI., .METRE. ) );
#376 = DIRECTION ( 'NONE',  ( 0.0000000000000000000, 0.0000000000000000000, 1.000000000000000000 ) ) ;
#377 = LINE ( 'NONE', #2715, #2136 ) ;
#378 = SURFACE_SIDE_STYLE ('',( #3168 ) ) ;
#379 = LINE ( 'NONE', #2120, #2755 ) ;
#380 = COLOUR_RGB ( '',0.0000000000000000000, 0.0000000000000000000, 0.0000000000000000000 ) ;
#381 = LINE ( 'NONE', #2266, #3092 ) ;
#382 = VERTEX_POINT ( 'NONE', #2165 ) ;
#383 = CIRCLE ( 'NONE', #1779, 4.250000000000000000 ) ;
#384 = CARTESIAN_POINT ( 'NONE',  ( 8.849999999999999600, -0.2000000000000000100, -3.700000000000000600 ) ) ;
#385 = DIRECTION ( 'NONE',  ( 0.0000000000000000000, 0.0000000000000000000, 1.000000000000000000 ) ) ;
#386 = PRESENTATION_LAYER_ASSIGNMENT (  '', '', ( #864 ) ) ;
#387 = ORIENTED_EDGE ( 'NONE', *, *, #431, .T. ) ;
#388 = VECTOR ( 'NONE', #389, 1000.000000000000000 ) ;
#389 = DIRECTION ( 'NONE',  ( -0.0000000000000000000, -1.000000000000000000, -0.0000000000000000000 ) ) ;
#390 = CARTESIAN_POINT ( 'NONE',  ( 6.407170895980367900, 7.104999999999999500, -5.687379123781812300 ) ) ;
#391 = ORIENTED_EDGE ( 'NONE', *, *, #116, .T. ) ;
#392 = STYLED_ITEM ( 'NONE', ( #2336 ), #3275 ) ;
#393 = AXIS2_PLACEMENT_3D ( 'NONE', #3197, #958, #1069 ) ;
#394 = AXIS2_PLACEMENT_3D ( 'NONE', #3082, #2780, #1527 ) ;
#395 = CARTESIAN_POINT ( 'NONE',  ( 8.500000000000000000, 0.0000000000000000000, 0.0000000000000000000 ) ) ;
#396 = ADVANCED_FACE ( 'NONE', ( #2142 ), #1657, .T. ) ;
#397 = ORIENTED_EDGE ( 'NONE', *, *, #1426, .T. ) ;
#398 = FACE_OUTER_BOUND ( 'NONE', #3188, .T. ) ;
#399 = CARTESIAN_POINT ( 'NONE',  ( 2.681561285864186800, 1.825000000000000000, -8.200000000000001100 ) ) ;
#400 = PRESENTATION_LAYER_ASSIGNMENT (  '', '', ( #935 ) ) ;
#401 = VERTEX_POINT ( 'NONE', #3240 ) ;
#402 = CARTESIAN_POINT ( 'NONE',  ( 8.200000000000001100, 1.216666666666666800, -2.681561285864188200 ) ) ;
#403 = PRESENTATION_STYLE_ASSIGNMENT (( #1020 ) ) ;
#404 = LINE ( 'NONE', #290, #2008 ) ;
#405 = SURFACE_SIDE_STYLE ('',( #2585 ) ) ;
#406 = ORIENTED_EDGE ( 'NONE', *, *, #92, .T. ) ;
#407 = FILL_AREA_STYLE ('',( #1974 ) ) ;
#408 = DIRECTION ( 'NONE',  ( -0.7071067811865474600, -0.0000000000000000000, 0.7071067811865474600 ) ) ;
#409 = CIRCLE ( 'NONE', #1672, 4.062574999999998900 ) ;
#410 = VERTEX_POINT ( 'NONE', #622 ) ;
#411 = SURFACE_SIDE_STYLE ('',( #88 ) ) ;
#412 =( LENGTH_UNIT ( ) NAMED_UNIT ( * ) SI_UNIT ( .MILLI., .METRE. ) );
#413 = EDGE_CURVE ( 'NONE', #2849, #1766, #806, .T. ) ;
#414 =( LENGTH_UNIT ( ) NAMED_UNIT ( * ) SI_UNIT ( .MILLI., .METRE. ) );
#415 = CARTESIAN_POINT ( 'NONE',  ( 0.0000000000000000000, 1.825000000000000000, -5.818438714135814000 ) ) ;
#416 = DIRECTION ( 'NONE',  ( 0.0000000000000000000, -1.000000000000000000, 0.0000000000000000000 ) ) ;
#417 = PRESENTATION_LAYER_ASSIGNMENT (  '', '', ( #98 ) ) ;
#418 = DIRECTION ( 'NONE',  ( 1.000000000000000000, 0.0000000000000000000, 0.0000000000000000000 ) ) ;
#419 = DIRECTION ( 'NONE',  ( 0.0000000000000000000, 0.0000000000000000000, 1.000000000000000000 ) ) ;
#420 = VECTOR ( 'NONE', #3357, 1000.000000000000000 ) ;
#421 =( NAMED_UNIT ( * ) SI_UNIT ( $, .STERADIAN. ) SOLID_ANGLE_UNIT ( ) );
#422 = PRESENTATION_STYLE_ASSIGNMENT (( #1085 ) ) ;
#423 = DIRECTION ( 'NONE',  ( -0.0000000000000000000, 1.000000000000000000, -0.0000000000000000000 ) ) ;
#424 = STYLED_ITEM ( 'NONE', ( #1798 ), #1475 ) ;
#425 = UNCERTAINTY_MEASURE_WITH_UNIT (LENGTH_MEASURE( 1.000000000000000100E-005 ), #2167, 'distance_accuracy_value', 'NONE');
#426 = PRESENTATION_STYLE_ASSIGNMENT (( #1304 ) ) ;
#427 = CARTESIAN_POINT ( 'NONE',  ( 6.402706152770193200, 7.104999999999999500, -3.319363575886130800 ) ) ;
#428 = FILL_AREA_STYLE ('',( #1502 ) ) ;
#429 = DIRECTION ( 'NONE',  ( 0.0000000000000000000, 0.0000000000000000000, 1.000000000000000000 ) ) ;
#430 = LINE ( 'NONE', #2542, #2841 ) ;
#431 = EDGE_CURVE ( 'NONE', #352, #1516, #2179, .T. ) ;
#432 = ORIENTED_EDGE ( 'NONE', *, *, #318, .T. ) ;
#433 = ADVANCED_FACE ( 'NONE', ( #1705 ), #2677, .T. ) ;
#434 = VERTEX_POINT ( 'NONE', #3227 ) ;
#435 = CARTESIAN_POINT ( 'NONE',  ( 5.818438714135812300, 1.216666666666666800, -8.200000000000001100 ) ) ;
#436 = EDGE_CURVE ( 'NONE', #1146, #2037, #2588, .T. ) ;
#437 = LINE ( 'NONE', #2987, #1062 ) ;
#438 = VERTEX_POINT ( 'NONE', #2417 ) ;
#439 = SURFACE_STYLE_USAGE ( .BOTH. , #734 ) ;
#440 = VECTOR ( 'NONE', #3415, 1000.000000000000000 ) ;
#441 = DIRECTION ( 'NONE',  ( -0.0000000000000000000, 1.000000000000000000, -0.0000000000000000000 ) ) ;
#442 = AXIS2_PLACEMENT_3D ( 'NONE', #254, #3160, #3171 ) ;
#443 = VERTEX_POINT ( 'NONE', #888 ) ;
#444 = PRESENTATION_LAYER_ASSIGNMENT (  '', '', ( #1083 ) ) ;
#445 = VECTOR ( 'NONE', #2150, 1000.000000000000000 ) ;
#446 =( NAMED_UNIT ( * ) PLANE_ANGLE_UNIT ( ) SI_UNIT ( $, .RADIAN. ) );
#447 = CARTESIAN_POINT ( 'NONE',  ( 4.250000000000000000, 6.734999999999999400, -4.250000000000000000 ) ) ;
#448 = ORIENTED_EDGE ( 'NONE', *, *, #2680, .F. ) ;
#449 = COLOUR_RGB ( '',0.0000000000000000000, 0.0000000000000000000, 0.0000000000000000000 ) ;
#450 = UNCERTAINTY_MEASURE_WITH_UNIT (LENGTH_MEASURE( 1.000000000000000100E-005 ), #2977, 'distance_accuracy_value', 'NONE');
#451 = DIRECTION ( 'NONE',  ( 0.0000000000000000000, 1.000000000000000000, -0.0000000000000000000 ) ) ;
#452 =( GEOMETRIC_REPRESENTATION_CONTEXT ( 3 ) GLOBAL_UNCERTAINTY_ASSIGNED_CONTEXT ( ( #791 ) ) GLOBAL_UNIT_ASSIGNED_CONTEXT ( ( #2149, #3170, #3207 ) ) REPRESENTATION_CONTEXT ( 'NONE', 'WORKASPACE' ) );
#453 = ORIENTED_EDGE ( 'NONE', *, *, #1013, .T. ) ;
#454 = ADVANCED_FACE ( 'NONE', ( #768 ), #2140, .F. ) ;
#455 =( LENGTH_UNIT ( ) NAMED_UNIT ( * ) SI_UNIT ( .MILLI., .METRE. ) );
#456 = COLOUR_RGB ( '',0.0000000000000000000, 0.0000000000000000000, 0.0000000000000000000 ) ;
#457 = FILL_AREA_STYLE_COLOUR ( '', #682 ) ;
#458 = VERTEX_POINT ( 'NONE', #353 ) ;
#459 = LINE ( 'NONE', #3213, #2374 ) ;
#460 = CARTESIAN_POINT ( 'NONE',  ( 5.912919214105404100, 7.104999999999999500, -5.194358624149853800 ) ) ;
#461 = DIRECTION ( 'NONE',  ( 0.0000000000000000000, -0.0000000000000000000, -1.000000000000000000 ) ) ;
#462 = EDGE_CURVE ( 'NONE', #821, #3241, #2836, .T. ) ;
#463 = SURFACE_STYLE_FILL_AREA ( #2891 ) ;
#464 = DIRECTION ( 'NONE',  ( -0.0000000000000000000, 1.000000000000000000, -0.0000000000000000000 ) ) ;
#465 = MECHANICAL_DESIGN_GEOMETRIC_PRESENTATION_REPRESENTATION (  '', ( #1064 ), #170 ) ;
#466 = PRESENTATION_LAYER_ASSIGNMENT (  '', '', ( #2277 ) ) ;
#467 = SURFACE_SIDE_STYLE ('',( #1759 ) ) ;
#468 = DIRECTION ( 'NONE',  ( -0.0000000000000000000, 0.0000000000000000000, -1.000000000000000000 ) ) ;
#469 = STYLED_ITEM ( 'NONE', ( #723 ), #303 ) ;
#470 = CIRCLE ( 'NONE', #28, 0.3029500000000000500 ) ;
#471 = DIRECTION ( 'NONE',  ( 0.0000000000000000000, -0.0000000000000000000, -1.000000000000000000 ) ) ;
#472 = STYLED_ITEM ( 'NONE', ( #1706 ), #2017 ) ;
#473 = DIRECTION ( 'NONE',  ( -0.0000000000000000000, -1.000000000000000000, -0.0000000000000000000 ) ) ;
#474 = LINE ( 'NONE', #300, #2228 ) ;
#475 = PLANE ( 'NONE',  #3393 ) ;
#476 = DIRECTION ( 'NONE',  ( 1.000000000000000000, 0.0000000000000000000, -0.0000000000000000000 ) ) ;
#477 = CARTESIAN_POINT ( 'NONE',  ( 8.849999999999999600, 0.0000000000000000000, -4.800000000000000700 ) ) ;
#478 = ORIENTED_EDGE ( 'NONE', *, *, #3247, .T. ) ;
#479 = EDGE_CURVE ( 'NONE', #2767, #2334, #1866, .T. ) ;
#480 = FILL_AREA_STYLE ('',( #3039 ) ) ;
#481 = DIRECTION ( 'NONE',  ( 0.0000000000000000000, 1.000000000000000000, 0.0000000000000000000 ) ) ;
#482 = CARTESIAN_POINT ( 'NONE',  ( 8.500000000000000000, 1.216666666666666800, -6.625750000000000000 ) ) ;
#483 = ORIENTED_EDGE ( 'NONE', *, *, #1188, .F. ) ;
#484 = VECTOR ( 'NONE', #2912, 1000.000000000000000 ) ;
#485 = CARTESIAN_POINT ( 'NONE',  ( 5.997442092279873000, 7.099999999999999600, -3.319363575886130800 ) ) ;
#486 = ORIENTED_EDGE ( 'NONE', *, *, #2420, .T. ) ;
#487 = FACE_OUTER_BOUND ( 'NONE', #1848, .T. ) ;
#488 = CARTESIAN_POINT ( 'NONE',  ( 4.250000000000000000, 6.734999999999999400, -4.250000000000000000 ) ) ;
#489 = VERTEX_POINT ( 'NONE', #1372 ) ;
#490 = CARTESIAN_POINT ( 'NONE',  ( 0.0000000000000000000, 1.825000000000000000, -8.500000000000000000 ) ) ;
#491 = AXIS2_PLACEMENT_3D ( 'NONE', #1271, #1298, #1555 ) ;
#492 = ORIENTED_EDGE ( 'NONE', *, *, #2773, .T. ) ;
#493 = CARTESIAN_POINT ( 'NONE',  ( 8.500000000000000000, 1.216666666666666800, -1.874250000000003500 ) ) ;
#494 = PLANE ( 'NONE',  #1894 ) ;
#495 = ORIENTED_EDGE ( 'NONE', *, *, #338, .F. ) ;
#496 = MECHANICAL_DESIGN_GEOMETRIC_PRESENTATION_REPRESENTATION (  '', ( #313 ), #2419 ) ;
#497 = DIRECTION ( 'NONE',  ( 0.0000000000000000000, 0.0000000000000000000, 1.000000000000000000 ) ) ;
#498 = FILL_AREA_STYLE_COLOUR ( '', #1982 ) ;
#499 = EDGE_CURVE ( 'NONE', #2292, #234, #1333, .T. ) ;
#500 = VECTOR ( 'NONE', #200, 1000.000000000000000 ) ;
#501 = DIRECTION ( 'NONE',  ( -2.843808977011159300E-016, -0.0000000000000000000, 1.000000000000000000 ) ) ;
#502 = DIRECTION ( 'NONE',  ( 0.0000000000000000000, -1.000000000000000000, 0.0000000000000000000 ) ) ;
#503 = STYLED_ITEM ( 'NONE', ( #3215 ), #124 ) ;
#504 = SURFACE_SIDE_STYLE ('',( #3220 ) ) ;
#505 = MECHANICAL_DESIGN_GEOMETRIC_PRESENTATION_REPRESENTATION (  '', ( #1810 ), #3048 ) ;
#506 =( NAMED_UNIT ( * ) SI_UNIT ( $, .STERADIAN. ) SOLID_ANGLE_UNIT ( ) );
#507 = SURFACE_SIDE_STYLE ('',( #208 ) ) ;
#508 = PRESENTATION_LAYER_ASSIGNMENT (  '', '', ( #1328 ) ) ;
#509 = FACE_OUTER_BOUND ( 'NONE', #1107, .T. ) ;
#510 = VECTOR ( 'NONE', #1447, 1000.000000000000000 ) ;
#511 = SURFACE_STYLE_USAGE ( .BOTH. , #2307 ) ;
#512 =( NAMED_UNIT ( * ) SI_UNIT ( $, .STERADIAN. ) SOLID_ANGLE_UNIT ( ) );
#513 = VECTOR ( 'NONE', #1881, 1000.000000000000000 ) ;
#514 = MECHANICAL_DESIGN_GEOMETRIC_PRESENTATION_REPRESENTATION (  '', ( #333 ), #694 ) ;
#515 = ORIENTED_EDGE ( 'NONE', *, *, #2337, .T. ) ;
#516 = VECTOR ( 'NONE', #1999, 1000.000000000000000 ) ;
#517 = EDGE_CURVE ( 'NONE', #3195, #3324, #3086, .T. ) ;
#518 = VERTEX_POINT ( 'NONE', #1681 ) ;
#519 = PRESENTATION_STYLE_ASSIGNMENT (( #1736 ) ) ;
#520 = SURFACE_SIDE_STYLE ('',( #1711 ) ) ;
#521 = ORIENTED_EDGE ( 'NONE', *, *, #517, .T. ) ;
#522 = DIRECTION ( 'NONE',  ( 0.7782634683490179400, 0.0000000000000000000, 0.6279378741829141400 ) ) ;
#523 = DIRECTION ( 'NONE',  ( -2.653106492670411000E-015, 0.0000000000000000000, -1.000000000000000000 ) ) ;
#524 = ORIENTED_EDGE ( 'NONE', *, *, #359, .T. ) ;
#525 = CIRCLE ( 'NONE', #1729, 4.250000000000000000 ) ;
#526 = PRESENTATION_LAYER_ASSIGNMENT (  '', '', ( #2102 ) ) ;
#527 =( GEOMETRIC_REPRESENTATION_CONTEXT ( 3 ) GLOBAL_UNCERTAINTY_ASSIGNED_CONTEXT ( ( #119 ) ) GLOBAL_UNIT_ASSIGNED_CONTEXT ( ( #2297, #2323, #1253 ) ) REPRESENTATION_CONTEXT ( 'NONE', 'WORKASPACE' ) );
#528 = VERTEX_POINT ( 'NONE', #683 ) ;
#529 = PRESENTATION_LAYER_ASSIGNMENT (  '', '', ( #2996 ) ) ;
#530 = UNCERTAINTY_MEASURE_WITH_UNIT (LENGTH_MEASURE( 1.000000000000000100E-005 ), #3307, 'distance_accuracy_value', 'NONE');
#531 = FILL_AREA_STYLE ('',( #2348 ) ) ;
#532 =( NAMED_UNIT ( * ) SI_UNIT ( $, .STERADIAN. ) SOLID_ANGLE_UNIT ( ) );
#533 = VERTEX_POINT ( 'NONE', #658 ) ;
#534 = STYLED_ITEM ( 'NONE', ( #2239 ), #1494 ) ;
#535 = DIRECTION ( 'NONE',  ( 1.000000000000000000, 0.0000000000000000000, 0.0000000000000000000 ) ) ;
#536 = VERTEX_POINT ( 'NONE', #324 ) ;
#537 = FILL_AREA_STYLE_COLOUR ( '', #2989 ) ;
#538 = LINE ( 'NONE', #3036, #1493 ) ;
#539 = SURFACE_STYLE_USAGE ( .BOTH. , #2402 ) ;
#540 = FILL_AREA_STYLE_COLOUR ( '', #3206 ) ;
#541 = EDGE_CURVE ( 'NONE', #5, #2482, #2907, .T. ) ;
#542 = CARTESIAN_POINT ( 'NONE',  ( 4.250000000000000000, 0.3650000000000001000, -4.250000000000000000 ) ) ;
#543 =( NAMED_UNIT ( * ) PLANE_ANGLE_UNIT ( ) SI_UNIT ( $, .RADIAN. ) );
#544 = DIRECTION ( 'NONE',  ( -0.0000000000000000000, -1.000000000000000000, -0.0000000000000000000 ) ) ;
#545 = PRESENTATION_LAYER_ASSIGNMENT (  '', '', ( #1774 ) ) ;
#546 = COLOUR_RGB ( '',0.8980392156862745400, 0.9215686274509803400, 0.9294117647058823800 ) ;
#547 = COLOUR_RGB ( '',0.7921568627450980000, 0.8196078431372548800, 0.9333333333333333500 ) ;
#548 = LINE ( 'NONE', #725, #966 ) ;
#549 = CARTESIAN_POINT ( 'NONE',  ( 0.2999999999999999900, 0.3650000000000001000, -5.818438714135814000 ) ) ;
#550 = SURFACE_STYLE_USAGE ( .BOTH. , #1605 ) ;
#551 =( GEOMETRIC_REPRESENTATION_CONTEXT ( 3 ) GLOBAL_UNCERTAINTY_ASSIGNED_CONTEXT ( ( #1549 ) ) GLOBAL_UNIT_ASSIGNED_CONTEXT ( ( #107, #1948, #2204 ) ) REPRESENTATION_CONTEXT ( 'NONE', 'WORKASPACE' ) );
#552 = COLOUR_RGB ( '',0.1019607843137254900, 0.1019607843137254900, 0.1019607843137254900 ) ;
#553 = CARTESIAN_POINT ( 'NONE',  ( 4.999699999999999800, 7.099999999999999600, -5.361111688650168200 ) ) ;
#554 =( LENGTH_UNIT ( ) NAMED_UNIT ( * ) SI_UNIT ( .MILLI., .METRE. ) );
#555 = ORIENTED_EDGE ( 'NONE', *, *, #1145, .T. ) ;
#556 = AXIS2_PLACEMENT_3D ( 'NONE', #2980, #906, #606 ) ;
#557 = LINE ( 'NONE', #1952, #2714 ) ;
#558 = SURFACE_SIDE_STYLE ('',( #895 ) ) ;
#559 = EDGE_LOOP ( 'NONE', ( #1953, #2629, #2486, #3099 ) ) ;
#560 = EDGE_LOOP ( 'NONE', ( #1794, #299, #2324, #1265 ) ) ;
#561 =( NAMED_UNIT ( * ) SI_UNIT ( $, .STERADIAN. ) SOLID_ANGLE_UNIT ( ) );
#562 = CARTESIAN_POINT ( 'NONE',  ( 5.044508229166684300, 7.104999999999999500, -3.319363575886128200 ) ) ;
#563 = ORIENTED_EDGE ( 'NONE', *, *, #1128, .T. ) ;
#564 = EDGE_CURVE ( 'NONE', #2202, #401, #126, .T. ) ;
#565 = FILL_AREA_STYLE ('',( #1844 ) ) ;
#566 = DIRECTION ( 'NONE',  ( -0.7071067811865474600, 0.0000000000000000000, 0.7071067811865474600 ) ) ;
#567 = DIRECTION ( 'NONE',  ( 0.0000000000000000000, 0.0000000000000000000, -1.000000000000000000 ) ) ;
#568 = ORIENTED_EDGE ( 'NONE', *, *, #1563, .T. ) ;
#569 = UNCERTAINTY_MEASURE_WITH_UNIT (LENGTH_MEASURE( 1.000000000000000100E-005 ), #267, 'distance_accuracy_value', 'NONE');
#570 = DIRECTION ( 'NONE',  ( 0.0000000000000000000, 0.0000000000000000000, -1.000000000000000000 ) ) ;
#571 = PRODUCT_DEFINITION_FORMATION_WITH_SPECIFIED_SOURCE ( 'ANY', '', #2644, .NOT_KNOWN. ) ;
#572 = AXIS2_PLACEMENT_3D ( 'NONE', #1455, #3288, #1723 ) ;
#573 = ORIENTED_EDGE ( 'NONE', *, *, #724, .T. ) ;
#574 = FILL_AREA_STYLE_COLOUR ( '', #1986 ) ;
#575 = FACE_OUTER_BOUND ( 'NONE', #698, .T. ) ;
#576 = CARTESIAN_POINT ( 'NONE',  ( -3.876472762382632000E-015, 0.3650000000000001000, -2.681561285864186400 ) ) ;
#577 = STYLED_ITEM ( 'NONE', ( #810 ), #1957 ) ;
#578 = FILL_AREA_STYLE_COLOUR ( '', #1790 ) ;
#579 = SURFACE_SIDE_STYLE ('',( #1596 ) ) ;
#580 = PLANE ( 'NONE',  #2752 ) ;
#581 = ADVANCED_FACE ( 'NONE', ( #2223 ), #3008, .F. ) ;
#582 = CIRCLE ( 'NONE', #2448, 4.062574999999998900 ) ;
#583 = LINE ( 'NONE', #727, #3125 ) ;
#584 = DIRECTION ( 'NONE',  ( -1.000000000000000000, 0.0000000000000000000, 0.0000000000000000000 ) ) ;
#585 = EDGE_CURVE ( 'NONE', #2334, #1710, #470, .T. ) ;
#586 = PRESENTATION_STYLE_ASSIGNMENT (( #194 ) ) ;
#587 = SURFACE_STYLE_FILL_AREA ( #2487 ) ;
#588 = SURFACE_STYLE_USAGE ( .BOTH. , #2174 ) ;
#589 = CARTESIAN_POINT ( 'NONE',  ( 0.0000000000000000000, 0.0000000000000000000, -8.500000000000000000 ) ) ;
#590 =( NAMED_UNIT ( * ) PLANE_ANGLE_UNIT ( ) SI_UNIT ( $, .RADIAN. ) );
#591 = COLOUR_RGB ( '',0.1019607843137254900, 0.1019607843137254900, 0.1019607843137254900 ) ;
#592 = STYLED_ITEM ( 'NONE', ( #2454 ), #3059 ) ;
#593 = PLANE ( 'NONE',  #1339 ) ;
#594 = ORIENTED_EDGE ( 'NONE', *, *, #2941, .T. ) ;
#595 = MECHANICAL_DESIGN_GEOMETRIC_PRESENTATION_REPRESENTATION (  '', ( #424 ), #350 ) ;
#596 = DIRECTION ( 'NONE',  ( -1.000000000000000000, 0.0000000000000000000, 0.0000000000000000000 ) ) ;
#597 = VERTEX_POINT ( 'NONE', #131 ) ;
#598 = ADVANCED_FACE ( 'NONE', ( #2028 ), #1987, .F. ) ;
#599 = DIRECTION ( 'NONE',  ( 0.0000000000000000000, 0.0000000000000000000, -1.000000000000000000 ) ) ;
#600 = CARTESIAN_POINT ( 'NONE',  ( 0.0000000000000000000, 0.3650000000000001000, -5.818438714135812300 ) ) ;
#601 = ORIENTED_EDGE ( 'NONE', *, *, #1078, .F. ) ;
#602 = FILL_AREA_STYLE_COLOUR ( '', #1548 ) ;
#603 = ORIENTED_EDGE ( 'NONE', *, *, #431, .F. ) ;
#604 = EDGE_CURVE ( 'NONE', #1879, #222, #1088, .T. ) ;
#605 = VECTOR ( 'NONE', #1308, 1000.000000000000000 ) ;
#606 = DIRECTION ( 'NONE',  ( 0.0000000000000000000, -0.0000000000000000000, -1.000000000000000000 ) ) ;
#607 = APPLICATION_CONTEXT ( 'automotive_design' ) ;
#608 = ORIENTED_EDGE ( 'NONE', *, *, #1742, .F. ) ;
#609 = CARTESIAN_POINT ( 'NONE',  ( 6.625750000000000900, 0.0000000000000000000, 0.0000000000000000000 ) ) ;
#610 = EDGE_CURVE ( 'NONE', #358, #222, #377, .T. ) ;
#611 = FILL_AREA_STYLE ('',( #1907 ) ) ;
#612 = ORIENTED_EDGE ( 'NONE', *, *, #1539, .F. ) ;
#613 = CARTESIAN_POINT ( 'NONE',  ( 0.0000000000000000000, 1.825000000000000000, -5.818438714135814000 ) ) ;
#614 = PRESENTATION_STYLE_ASSIGNMENT (( #918 ) ) ;
#615 = VERTEX_POINT ( 'NONE', #2458 ) ;
#616 = PLANE ( 'NONE',  #2727 ) ;
#617 =( GEOMETRIC_REPRESENTATION_CONTEXT ( 3 ) GLOBAL_UNCERTAINTY_ASSIGNED_CONTEXT ( ( #6 ) ) GLOBAL_UNIT_ASSIGNED_CONTEXT ( ( #2453, #2215, #2710 ) ) REPRESENTATION_CONTEXT ( 'NONE', 'WORKASPACE' ) );
#618 = MECHANICAL_DESIGN_GEOMETRIC_PRESENTATION_REPRESENTATION (  '', ( #1281 ), #3329 ) ;
#619 = VECTOR ( 'NONE', #1082, 1000.000000000000000 ) ;
#620 = SURFACE_STYLE_USAGE ( .BOTH. , #2455 ) ;
#621 = CARTESIAN_POINT ( 'NONE',  ( 6.000000000000000000, 0.0000000000000000000, -3.699999999999999700 ) ) ;
#622 = CARTESIAN_POINT ( 'NONE',  ( 0.0000000000000000000, 0.3650000000000001000, -2.681561285864186400 ) ) ;
#623 = DIRECTION ( 'NONE',  ( 2.843808977011159300E-016, 0.0000000000000000000, 1.000000000000000000 ) ) ;
#624 = VECTOR ( 'NONE', #423, 1000.000000000000000 ) ;
#625 = PRESENTATION_STYLE_ASSIGNMENT (( #968 ) ) ;
#626 = CARTESIAN_POINT ( 'NONE',  ( 6.407170895980367900, 7.104999999999999500, -5.687379123781812300 ) ) ;
#627 = SURFACE_STYLE_FILL_AREA ( #804 ) ;
#628 = DIRECTION ( 'NONE',  ( -0.0000000000000000000, 0.0000000000000000000, -1.000000000000000000 ) ) ;
#629 =( NAMED_UNIT ( * ) SI_UNIT ( $, .STERADIAN. ) SOLID_ANGLE_UNIT ( ) );
#630 = EDGE_CURVE ( 'NONE', #2767, #1722, #3301, .T. ) ;
#631 = UNCERTAINTY_MEASURE_WITH_UNIT (LENGTH_MEASURE( 1.000000000000000100E-005 ), #1653, 'distance_accuracy_value', 'NONE');
#632 = LINE ( 'NONE', #282, #3351 ) ;
#633 = DIRECTION ( 'NONE',  ( 0.0000000000000000000, 0.0000000000000000000, 1.000000000000000000 ) ) ;
#634 = CARTESIAN_POINT ( 'NONE',  ( 2.700000000000000200, 0.0000000000000000000, -4.800000000000000700 ) ) ;
#635 =( NAMED_UNIT ( * ) SI_UNIT ( $, .STERADIAN. ) SOLID_ANGLE_UNIT ( ) );
#636 = ORIENTED_EDGE ( 'NONE', *, *, #1477, .F. ) ;
#637 = AXIS2_PLACEMENT_3D ( 'NONE', #15, #2397, #523 ) ;
#638 = SURFACE_SIDE_STYLE ('',( #1376 ) ) ;
#639 = ORIENTED_EDGE ( 'NONE', *, *, #1717, .F. ) ;
#640 = ADVANCED_FACE ( 'NONE', ( #1458 ), #109, .F. ) ;
#641 = COLOUR_RGB ( '',0.0000000000000000000, 0.0000000000000000000, 0.0000000000000000000 ) ;
#642 = ORIENTED_EDGE ( 'NONE', *, *, #2662, .T. ) ;
#643 = DIRECTION ( 'NONE',  ( -1.000000000000000000, 0.0000000000000000000, 0.0000000000000000000 ) ) ;
#644 = PRESENTATION_LAYER_ASSIGNMENT (  '', '', ( #472 ) ) ;
#645 = CARTESIAN_POINT ( 'NONE',  ( 4.250000000000000000, 7.104999999999999500, -7.624967499999999500 ) ) ;
#646 = ORIENTED_EDGE ( 'NONE', *, *, #1362, .T. ) ;
#647 = FILL_AREA_STYLE ('',( #2703 ) ) ;
#648 =( LENGTH_UNIT ( ) NAMED_UNIT ( * ) SI_UNIT ( .MILLI., .METRE. ) );
#649 = CARTESIAN_POINT ( 'NONE',  ( -0.3499999999999996400, -0.2000000000000000100, -3.700000000000000600 ) ) ;
#650 = ORIENTED_EDGE ( 'NONE', *, *, #3382, .F. ) ;
#651 = FILL_AREA_STYLE ('',( #114 ) ) ;
#652 = VERTEX_POINT ( 'NONE', #3263 ) ;
#653 = EDGE_CURVE ( 'NONE', #2807, #2401, #2949, .T. ) ;
#654 = SURFACE_STYLE_FILL_AREA ( #182 ) ;
#655 = CARTESIAN_POINT ( 'NONE',  ( 2.681561285864188200, 0.3650000000000001000, 0.0000000000000000000 ) ) ;
#656 = ORIENTED_EDGE ( 'NONE', *, *, #271, .T. ) ;
#657 = ADVANCED_FACE ( 'NONE', ( #1538 ), #475, .F. ) ;
#658 = CARTESIAN_POINT ( 'NONE',  ( 4.250000000000000000, 2.491490000000000200, -8.312574999999998900 ) ) ;
#659 = CARTESIAN_POINT ( 'NONE',  ( 6.337724959187636600, 7.104999999999999500, -5.194358624149853800 ) ) ;
#660 = FILL_AREA_STYLE_COLOUR ( '', #3376 ) ;
#661 = LINE ( 'NONE', #1092, #2866 ) ;
#662 = SURFACE_SIDE_STYLE ('',( #1829 ) ) ;
#663 = AXIS2_PLACEMENT_3D ( 'NONE', #1720, #1971, #1741 ) ;
#664 = PRESENTATION_STYLE_ASSIGNMENT (( #980 ) ) ;
#665 = FILL_AREA_STYLE_COLOUR ( '', #3085 ) ;
#666 = CARTESIAN_POINT ( 'NONE',  ( 2.700000000000000200, 0.0000000000000000000, -3.699999999999999700 ) ) ;
#667 = VECTOR ( 'NONE', #464, 1000.000000000000000 ) ;
#668 = VECTOR ( 'NONE', #2537, 1000.000000000000000 ) ;
#669 = FILL_AREA_STYLE ('',( #2478 ) ) ;
#670 = FILL_AREA_STYLE_COLOUR ( '', #2089 ) ;
#671 = SURFACE_STYLE_FILL_AREA ( #647 ) ;
#672 = PRESENTATION_STYLE_ASSIGNMENT (( #773 ) ) ;
#673 = EDGE_CURVE ( 'NONE', #2482, #1670, #2134, .T. ) ;
#674 = PLANE ( 'NONE',  #1697 ) ;
#675 = FACE_OUTER_BOUND ( 'NONE', #2725, .T. ) ;
#676 = PRESENTATION_STYLE_ASSIGNMENT (( #2736 ) ) ;
#677 = UNCERTAINTY_MEASURE_WITH_UNIT (LENGTH_MEASURE( 1.000000000000000100E-005 ), #1799, 'distance_accuracy_value', 'NONE');
#678 = CARTESIAN_POINT ( 'NONE',  ( 5.912919214105404100, 7.104999999999999500, -5.194358624149853800 ) ) ;
#679 = DIRECTION ( 'NONE',  ( -0.0000000000000000000, -1.000000000000000000, -0.0000000000000000000 ) ) ;
#680 = MECHANICAL_DESIGN_GEOMETRIC_PRESENTATION_REPRESENTATION (  '', ( #503 ), #2897 ) ;
#681 = VERTEX_POINT ( 'NONE', #3323 ) ;
#682 = COLOUR_RGB ( '',0.1019607843137254900, 0.1019607843137254900, 0.1019607843137254900 ) ;
#683 = CARTESIAN_POINT ( 'NONE',  ( 5.381079547306393700, 7.099999999999999600, -5.194358658074004400 ) ) ;
#684 = DIRECTION ( 'NONE',  ( -0.0000000000000000000, 1.000000000000000000, 0.0000000000000000000 ) ) ;
#685 = DIRECTION ( 'NONE',  ( -1.000000000000000000, 0.0000000000000000000, 0.0000000000000000000 ) ) ;
#686 = EDGE_LOOP ( 'NONE', ( #1301, #2050, #656, #1839, #2631, #157, #3269, #2318, #2474, #521, #1603 ) ) ;
#687 =( GEOMETRIC_REPRESENTATION_CONTEXT ( 3 ) GLOBAL_UNCERTAINTY_ASSIGNED_CONTEXT ( ( #2451 ) ) GLOBAL_UNIT_ASSIGNED_CONTEXT ( ( #2614, #3381, #1812 ) ) REPRESENTATION_CONTEXT ( 'NONE', 'WORKASPACE' ) );
#688 = STYLED_ITEM ( 'NONE', ( #2382 ), #696 ) ;
#689 = CARTESIAN_POINT ( 'NONE',  ( 4.999699999999999800, 7.099999999999999600, -5.687379123781812300 ) ) ;
#690 = DIRECTION ( 'NONE',  ( -0.0000000000000000000, -1.000000000000000000, -0.0000000000000000000 ) ) ;
#691 = VERTEX_POINT ( 'NONE', #3046 ) ;
#692 = SURFACE_STYLE_FILL_AREA ( #1815 ) ;
#693 = SURFACE_SIDE_STYLE ('',( #587 ) ) ;
#694 =( GEOMETRIC_REPRESENTATION_CONTEXT ( 3 ) GLOBAL_UNCERTAINTY_ASSIGNED_CONTEXT ( ( #3287 ) ) GLOBAL_UNIT_ASSIGNED_CONTEXT ( ( #1571, #1840, #2086 ) ) REPRESENTATION_CONTEXT ( 'NONE', 'WORKASPACE' ) );
#695 = ORIENTED_EDGE ( 'NONE', *, *, #3317, .T. ) ;
#696 = ADVANCED_FACE ( 'NONE', ( #1863 ), #972, .F. ) ;
#697 = CARTESIAN_POINT ( 'NONE',  ( -0.3499999999999996400, -0.2000000000000000100, -3.700000000000000600 ) ) ;
#698 = EDGE_LOOP ( 'NONE', ( #2450, #2084, #2013, #48 ) ) ;
#699 = DIRECTION ( 'NONE',  ( 0.0000000000000000000, -1.000000000000000000, 0.0000000000000000000 ) ) ;
#700 = VECTOR ( 'NONE', #3146, 1000.000000000000000 ) ;
#701 = ORIENTED_EDGE ( 'NONE', *, *, #2600, .F. ) ;
#702 = CARTESIAN_POINT ( 'NONE',  ( 5.997442092279873000, 7.099999999999999600, -3.319363575886130800 ) ) ;
#703 = CARTESIAN_POINT ( 'NONE',  ( 8.200000000000001100, 0.3650000000000001000, -2.681561285864188200 ) ) ;
#704 = LINE ( 'NONE', #1385, #2938 ) ;
#705 = EDGE_CURVE ( 'NONE', #1063, #3377, #538, .T. ) ;
#706 = PLANE ( 'NONE',  #2802 ) ;
#707 = SURFACE_STYLE_USAGE ( .BOTH. , #2531 ) ;
#708 = AXIS2_PLACEMENT_3D ( 'NONE', #2761, #1206, #3030 ) ;
#709 =( GEOMETRIC_REPRESENTATION_CONTEXT ( 3 ) GLOBAL_UNCERTAINTY_ASSIGNED_CONTEXT ( ( #2493 ) ) GLOBAL_UNIT_ASSIGNED_CONTEXT ( ( #1642, #2432, #884 ) ) REPRESENTATION_CONTEXT ( 'NONE', 'WORKASPACE' ) );
#710 =( NAMED_UNIT ( * ) SI_UNIT ( $, .STERADIAN. ) SOLID_ANGLE_UNIT ( ) );
#711 = SURFACE_STYLE_USAGE ( .BOTH. , #986 ) ;
#712 = STYLED_ITEM ( 'NONE', ( #135 ), #153 ) ;
#713 = LINE ( 'NONE', #3178, #1001 ) ;
#714 = CARTESIAN_POINT ( 'NONE',  ( 4.250000000000000000, 0.3650000000000001000, -4.250000000000000000 ) ) ;
#715 = VECTOR ( 'NONE', #154, 1000.000000000000000 ) ;
#716 = SURFACE_SIDE_STYLE ('',( #369 ) ) ;
#717 = AXIS2_PLACEMENT_3D ( 'NONE', #866, #3242, #1668 ) ;
#718 = CARTESIAN_POINT ( 'NONE',  ( 4.250000000000000000, 2.188540000000000200, -8.312574999999998900 ) ) ;
#719 = VECTOR ( 'NONE', #2104, 1000.000000000000000 ) ;
#720 = DIRECTION ( 'NONE',  ( -0.0000000000000000000, 1.000000000000000000, -0.0000000000000000000 ) ) ;
#721 = CARTESIAN_POINT ( 'NONE',  ( 5.818438714135812300, 0.3650000000000001000, -0.2999999999999999300 ) ) ;
#722 = DIRECTION ( 'NONE',  ( 0.0000000000000000000, 0.0000000000000000000, 1.000000000000000000 ) ) ;
#723 = PRESENTATION_STYLE_ASSIGNMENT (( #1617 ) ) ;
#724 = EDGE_CURVE ( 'NONE', #1722, #855, #2225, .T. ) ;
#725 = CARTESIAN_POINT ( 'NONE',  ( 2.681561285864186800, 0.3650000000000001000, -8.200000000000001100 ) ) ;
#726 = CIRCLE ( 'NONE', #990, 3.374967499999999500 ) ;
#727 = CARTESIAN_POINT ( 'NONE',  ( 5.818438714135812300, 1.216666666666666800, 0.0000000000000000000 ) ) ;
#728 = COLOUR_RGB ( '',0.0000000000000000000, 0.0000000000000000000, 0.0000000000000000000 ) ;
#729 = ORIENTED_EDGE ( 'NONE', *, *, #1273, .T. ) ;
#730 = CARTESIAN_POINT ( 'NONE',  ( 0.0000000000000000000, 0.0000000000000000000, -8.500000000000000000 ) ) ;
#731 = AXIS2_PLACEMENT_3D ( 'NONE', #1707, #3277, #1962 ) ;
#732 = VECTOR ( 'NONE', #2502, 1000.000000000000000 ) ;
#733 = ORIENTED_EDGE ( 'NONE', *, *, #61, .T. ) ;
#734 = SURFACE_SIDE_STYLE ('',( #883 ) ) ;
#735 = VERTEX_POINT ( 'NONE', #3345 ) ;
#736 = PRESENTATION_LAYER_ASSIGNMENT (  '', '', ( #1200 ) ) ;
#737 = FACE_OUTER_BOUND ( 'NONE', #1185, .T. ) ;
#738 = PLANE ( 'NONE',  #2529 ) ;
#739 = SURFACE_STYLE_USAGE ( .BOTH. , #1792 ) ;
#740 = EDGE_LOOP ( 'NONE', ( #911, #2356, #994, #262 ) ) ;
#741 = LINE ( 'NONE', #53, #909 ) ;
#742 = CARTESIAN_POINT ( 'NONE',  ( 5.818438714135812300, 1.216666666666666800, -8.500000000000000000 ) ) ;
#743 = STYLED_ITEM ( 'NONE', ( #1752 ), #2124 ) ;
#744 = ORIENTED_EDGE ( 'NONE', *, *, #2613, .F. ) ;
#745 = LINE ( 'NONE', #477, #1685 ) ;
#746 =( NAMED_UNIT ( * ) PLANE_ANGLE_UNIT ( ) SI_UNIT ( $, .RADIAN. ) );
#747 = DIRECTION ( 'NONE',  ( 0.0000000000000000000, 0.0000000000000000000, 1.000000000000000000 ) ) ;
#748 = EDGE_LOOP ( 'NONE', ( #782, #397, #478, #3363 ) ) ;
#749 = UNCERTAINTY_MEASURE_WITH_UNIT (LENGTH_MEASURE( 1.000000000000000100E-005 ), #1025, 'distance_accuracy_value', 'NONE');
#750 = FACE_OUTER_BOUND ( 'NONE', #138, .T. ) ;
#751 = CARTESIAN_POINT ( 'NONE',  ( 8.500000000000000000, 0.0000000000000000000, -4.800000000000000700 ) ) ;
#752 = EDGE_CURVE ( 'NONE', #3241, #270, #2022, .T. ) ;
#753 = VECTOR ( 'NONE', #502, 1000.000000000000000 ) ;
#754 = PLANE ( 'NONE',  #2901 ) ;
#755 =( NAMED_UNIT ( * ) SI_UNIT ( $, .STERADIAN. ) SOLID_ANGLE_UNIT ( ) );
#756 = PRESENTATION_STYLE_ASSIGNMENT (( #2081 ) ) ;
#757 = CARTESIAN_POINT ( 'NONE',  ( 0.0000000000000000000, 0.3650000000000001000, 0.0000000000000000000 ) ) ;
#758 = STYLED_ITEM ( 'NONE', ( #1367 ), #2465 ) ;
#759 = CARTESIAN_POINT ( 'NONE',  ( 8.849999999999999600, -0.2000000000000000100, -4.800000000000000700 ) ) ;
#760 = FILL_AREA_STYLE ('',( #498 ) ) ;
#761 = STYLED_ITEM ( 'NONE', ( #586 ), #640 ) ;
#762 = PRESENTATION_STYLE_ASSIGNMENT (( #2721 ) ) ;
#763 = VECTOR ( 'NONE', #1899, 1000.000000000000000 ) ;
#764 = DIRECTION ( 'NONE',  ( 0.0000000000000000000, 0.0000000000000000000, 1.000000000000000000 ) ) ;
#765 = CARTESIAN_POINT ( 'NONE',  ( 6.625750000000000900, 1.216666666666666800, 0.0000000000000000000 ) ) ;
#766 = LINE ( 'NONE', #2011, #2615 ) ;
#767 =( GEOMETRIC_REPRESENTATION_CONTEXT ( 3 ) GLOBAL_UNCERTAINTY_ASSIGNED_CONTEXT ( ( #1355 ) ) GLOBAL_UNIT_ASSIGNED_CONTEXT ( ( #1725, #1693, #2469 ) ) REPRESENTATION_CONTEXT ( 'NONE', 'WORKASPACE' ) );
#768 = FACE_OUTER_BOUND ( 'NONE', #559, .T. ) ;
#769 = CARTESIAN_POINT ( 'NONE',  ( 0.0000000000000000000, 1.825000000000000000, -2.681561285864186400 ) ) ;
#770 = VERTEX_POINT ( 'NONE', #1223 ) ;
#771 = FACE_OUTER_BOUND ( 'NONE', #2637, .T. ) ;
#772 = CARTESIAN_POINT ( 'NONE',  ( 0.0000000000000000000, 0.3650000000000001000, -2.681561285864188200 ) ) ;
#773 = SURFACE_STYLE_USAGE ( .BOTH. , #2868 ) ;
#774 = ORIENTED_EDGE ( 'NONE', *, *, #436, .T. ) ;
#775 = EDGE_CURVE ( 'NONE', #2206, #913, #3248, .T. ) ;
#776 = FILL_AREA_STYLE ('',( #2068 ) ) ;
#777 = FILL_AREA_STYLE ('',( #2295 ) ) ;
#778 = EDGE_LOOP ( 'NONE', ( #2984, #1714, #1682, #3358, #240 ) ) ;
#779 = ORIENTED_EDGE ( 'NONE', *, *, #987, .T. ) ;
#780 = MECHANICAL_DESIGN_GEOMETRIC_PRESENTATION_REPRESENTATION (  '', ( #2102 ), #2507 ) ;
#781 = CARTESIAN_POINT ( 'NONE',  ( 6.407170895980367900, 7.099999999999999600, -5.687379123781812300 ) ) ;
#782 = ORIENTED_EDGE ( 'NONE', *, *, #3199, .T. ) ;
#783 = DIRECTION ( 'NONE',  ( -0.0000000000000000000, -1.000000000000000000, -0.0000000000000000000 ) ) ;
#784 = DIRECTION ( 'NONE',  ( 0.0000000000000000000, 0.0000000000000000000, -1.000000000000000000 ) ) ;
#785 = AXIS2_PLACEMENT_3D ( 'NONE', #923, #679, #2983 ) ;
#786 = ORIENTED_EDGE ( 'NONE', *, *, #1204, .F. ) ;
#787 = DIRECTION ( 'NONE',  ( 0.0000000000000000000, -0.0000000000000000000, -1.000000000000000000 ) ) ;
#788 = ORIENTED_EDGE ( 'NONE', *, *, #3173, .F. ) ;
#789 = PRESENTATION_STYLE_ASSIGNMENT (( #3255 ) ) ;
#790 = CLOSED_SHELL ( 'NONE', ( #2282, #3040, #1475, #3059, #3332, #1228 ) ) ;
#791 = UNCERTAINTY_MEASURE_WITH_UNIT (LENGTH_MEASURE( 1.000000000000000100E-005 ), #2149, 'distance_accuracy_value', 'NONE');
#792 = CARTESIAN_POINT ( 'NONE',  ( 0.0000000000000000000, 1.825000000000000000, -8.500000000000000000 ) ) ;
#793 = DIRECTION ( 'NONE',  ( 0.0000000000000000000, 1.000000000000000000, 0.0000000000000000000 ) ) ;
#794 = CIRCLE ( 'NONE', #3047, 3.374967499999999500 ) ;
#795 = EDGE_CURVE ( 'NONE', #907, #681, #381, .T. ) ;
#796 = VECTOR ( 'NONE', #1869, 1000.000000000000000 ) ;
#797 = CARTESIAN_POINT ( 'NONE',  ( 0.0000000000000000000, 0.0000000000000000000, 0.0000000000000000000 ) ) ;
#798 = PRESENTATION_LAYER_ASSIGNMENT (  '', '', ( #1169 ) ) ;
#799 = COLOUR_RGB ( '',0.8941176470588234600, 0.9137254901960784000, 0.9294117647058823800 ) ;
#800 = LINE ( 'NONE', #1361, #1045 ) ;
#801 = LINE ( 'NONE', #1221, #2538 ) ;
#802 = AXIS2_PLACEMENT_3D ( 'NONE', #965, #187, #2497 ) ;
#803 = DIRECTION ( 'NONE',  ( 0.0000000000000000000, 0.0000000000000000000, 1.000000000000000000 ) ) ;
#804 = FILL_AREA_STYLE ('',( #1055 ) ) ;
#805 = AXIS2_PLACEMENT_3D ( 'NONE', #1030, #2053, #2390 ) ;
#806 = LINE ( 'NONE', #55, #2065 ) ;
#807 = SURFACE_STYLE_FILL_AREA ( #1416 ) ;
#808 = DIRECTION ( 'NONE',  ( 0.0000000000000000000, -1.000000000000000000, 0.0000000000000000000 ) ) ;
#809 = CARTESIAN_POINT ( 'NONE',  ( 8.500000000000000000, 1.216666666666666800, -8.500000000000000000 ) ) ;
#810 = PRESENTATION_STYLE_ASSIGNMENT (( #253 ) ) ;
#811 = ORIENTED_EDGE ( 'NONE', *, *, #2157, .F. ) ;
#812 = FACE_OUTER_BOUND ( 'NONE', #1836, .T. ) ;
#813 = ORIENTED_EDGE ( 'NONE', *, *, #795, .T. ) ;
#814 = UNCERTAINTY_MEASURE_WITH_UNIT (LENGTH_MEASURE( 1.000000000000000100E-005 ), #1461, 'distance_accuracy_value', 'NONE');
#815 = CARTESIAN_POINT ( 'NONE',  ( 5.381079547306396400, 7.104999999999999500, -3.319363575886128200 ) ) ;
#816 = CARTESIAN_POINT ( 'NONE',  ( 4.250000000000000000, 2.491490000000000200, -4.250000000000000000 ) ) ;
#817 = VERTEX_POINT ( 'NONE', #2800 ) ;
#818 = EDGE_CURVE ( 'NONE', #2695, #735, #766, .T. ) ;
#819 = CARTESIAN_POINT ( 'NONE',  ( 0.0000000000000000000, 0.0000000000000000000, 0.0000000000000000000 ) ) ;
#820 = CARTESIAN_POINT ( 'NONE',  ( 5.381079547306393700, 7.099999999999999600, -4.535198855793510100 ) ) ;
#821 = VERTEX_POINT ( 'NONE', #169 ) ;
#822 = VECTOR ( 'NONE', #596, 1000.000000000000000 ) ;
#823 = AXIS2_PLACEMENT_3D ( 'NONE', #2362, #2110, #2913 ) ;
#824 =( GEOMETRIC_REPRESENTATION_CONTEXT ( 3 ) GLOBAL_UNCERTAINTY_ASSIGNED_CONTEXT ( ( #46 ) ) GLOBAL_UNIT_ASSIGNED_CONTEXT ( ( #1936, #2171, #2203 ) ) REPRESENTATION_CONTEXT ( 'NONE', 'WORKASPACE' ) );
#825 = ORIENTED_EDGE ( 'NONE', *, *, #886, .T. ) ;
#826 = STYLED_ITEM ( 'NONE', ( #1793 ), #186 ) ;
#827 = FACE_OUTER_BOUND ( 'NONE', #183, .T. ) ;
#828 = CARTESIAN_POINT ( 'NONE',  ( 0.0000000000000000000, 1.825000000000000000, 0.0000000000000000000 ) ) ;
#829 =( NAMED_UNIT ( * ) SI_UNIT ( $, .STERADIAN. ) SOLID_ANGLE_UNIT ( ) );
#830 = ORIENTED_EDGE ( 'NONE', *, *, #1738, .T. ) ;
#831 = PRESENTATION_STYLE_ASSIGNMENT (( #2298 ) ) ;
#832 = AXIS2_PLACEMENT_3D ( 'NONE', #1561, #783, #2917 ) ;
#833 = FILL_AREA_STYLE ('',( #3149 ) ) ;
#834 = ORIENTED_EDGE ( 'NONE', *, *, #1231, .T. ) ;
#835 = CARTESIAN_POINT ( 'NONE',  ( 2.681561285864188200, 0.3650000000000001000, -0.2999999999999999300 ) ) ;
#836 = DIRECTION ( 'NONE',  ( 1.000000000000000000, -0.0000000000000000000, -2.843808977011159300E-016 ) ) ;
#837 = VECTOR ( 'NONE', #2481, 1000.000000000000000 ) ;
#838 = DIRECTION ( 'NONE',  ( 0.0000000000000000000, -1.000000000000000000, 0.0000000000000000000 ) ) ;
#839 = ADVANCED_FACE ( 'NONE', ( #3158 ), #2183, .F. ) ;
#840 = DIRECTION ( 'NONE',  ( 0.0000000000000000000, 0.0000000000000000000, -1.000000000000000000 ) ) ;
#841 = FILL_AREA_STYLE ('',( #3145 ) ) ;
#842 = SURFACE_SIDE_STYLE ('',( #1960 ) ) ;
#843 = EDGE_CURVE ( 'NONE', #2241, #2037, #2634, .T. ) ;
#844 = SURFACE_STYLE_USAGE ( .BOTH. , #1540 ) ;
#845 = FACE_OUTER_BOUND ( 'NONE', #2372, .T. ) ;
#846 = VECTOR ( 'NONE', #1495, 1000.000000000000000 ) ;
#847 = DIRECTION ( 'NONE',  ( 0.0000000000000000000, -1.000000000000000000, 0.0000000000000000000 ) ) ;
#848 = PRESENTATION_LAYER_ASSIGNMENT (  '', '', ( #534 ) ) ;
#849 =( LENGTH_UNIT ( ) NAMED_UNIT ( * ) SI_UNIT ( .MILLI., .METRE. ) );
#850 = ORIENTED_EDGE ( 'NONE', *, *, #1145, .F. ) ;
#851 = FILL_AREA_STYLE_COLOUR ( '', #3386 ) ;
#852 = UNCERTAINTY_MEASURE_WITH_UNIT (LENGTH_MEASURE( 1.000000000000000100E-005 ), #1037, 'distance_accuracy_value', 'NONE');
#853 =( LENGTH_UNIT ( ) NAMED_UNIT ( * ) SI_UNIT ( .MILLI., .METRE. ) );
#854 = DIRECTION ( 'NONE',  ( 0.6274016762861017700, 0.0000000000000000000, -0.7786957920737659400 ) ) ;
#855 = VERTEX_POINT ( 'NONE', #2591 ) ;
#856 = LINE ( 'NONE', #2753, #2879 ) ;
#857 = ORIENTED_EDGE ( 'NONE', *, *, #1926, .F. ) ;
#858 = VECTOR ( 'NONE', #56, 1000.000000000000000 ) ;
#859 = EDGE_CURVE ( 'NONE', #2442, #410, #2466, .T. ) ;
#860 = ORIENTED_EDGE ( 'NONE', *, *, #2483, .F. ) ;
#861 =( LENGTH_UNIT ( ) NAMED_UNIT ( * ) SI_UNIT ( .MILLI., .METRE. ) );
#862 = FILL_AREA_STYLE ('',( #1278 ) ) ;
#863 = ORIENTED_EDGE ( 'NONE', *, *, #1123, .T. ) ;
#864 = STYLED_ITEM ( 'NONE', ( #83 ), #129 ) ;
#865 = CARTESIAN_POINT ( 'NONE',  ( 2.700000000000000200, -0.2000000000000000100, -3.699999999999999700 ) ) ;
#866 = CARTESIAN_POINT ( 'NONE',  ( 4.999699999999999800, 7.104999999999999500, -2.805850000000000000 ) ) ;
#867 = DIRECTION ( 'NONE',  ( 0.6274016762861017700, 0.0000000000000000000, -0.7786957920737659400 ) ) ;
#868 = VERTEX_POINT ( 'NONE', #1087 ) ;
#869 = COLOUR_RGB ( '',0.8980392156862745400, 0.9215686274509803400, 0.9294117647058823800 ) ;
#870 = ADVANCED_FACE ( 'NONE', ( #2395 ), #2896, .F. ) ;
#871 =( GEOMETRIC_REPRESENTATION_CONTEXT ( 3 ) GLOBAL_UNCERTAINTY_ASSIGNED_CONTEXT ( ( #1611 ) ) GLOBAL_UNIT_ASSIGNED_CONTEXT ( ( #1336, #10, #829 ) ) REPRESENTATION_CONTEXT ( 'NONE', 'WORKASPACE' ) );
#872 = MECHANICAL_DESIGN_GEOMETRIC_PRESENTATION_REPRESENTATION (  '', ( #761 ), #2261 ) ;
#873 = VERTEX_POINT ( 'NONE', #30 ) ;
#874 = DIRECTION ( 'NONE',  ( 0.0000000000000000000, 0.0000000000000000000, -1.000000000000000000 ) ) ;
#875 = LINE ( 'NONE', #148, #1569 ) ;
#876 = SURFACE_SIDE_STYLE ('',( #3069 ) ) ;
#877 = CARTESIAN_POINT ( 'NONE',  ( 0.0000000000000000000, 0.0000000000000000000, 0.0000000000000000000 ) ) ;
#878 = SURFACE_STYLE_FILL_AREA ( #2937 ) ;
#879 = DIRECTION ( 'NONE',  ( 1.000000000000000000, 0.0000000000000000000, 0.0000000000000000000 ) ) ;
#880 = DIRECTION ( 'NONE',  ( 0.5740093059051177800, 0.0000000000000000000, 0.8188487752536025600 ) ) ;
#881 = VECTOR ( 'NONE', #1028, 1000.000000000000000 ) ;
#882 = LINE ( 'NONE', #562, #2021 ) ;
#883 = SURFACE_STYLE_FILL_AREA ( #2289 ) ;
#884 =( NAMED_UNIT ( * ) SI_UNIT ( $, .STERADIAN. ) SOLID_ANGLE_UNIT ( ) );
#885 = SURFACE_STYLE_USAGE ( .BOTH. , #321 ) ;
#886 = EDGE_CURVE ( 'NONE', #1394, #1382, #2646, .T. ) ;
#887 = FACE_OUTER_BOUND ( 'NONE', #199, .T. ) ;
#888 = CARTESIAN_POINT ( 'NONE',  ( 4.250000000000000000, 2.188540000000000200, -8.009624999999999800 ) ) ;
#889 =( NAMED_UNIT ( * ) PLANE_ANGLE_UNIT ( ) SI_UNIT ( $, .RADIAN. ) );
#890 = AXIS2_PLACEMENT_3D ( 'NONE', #2058, #2343, #787 ) ;
#891 = AXIS2_PLACEMENT_3D ( 'NONE', #1756, #1995, #1465 ) ;
#892 =( GEOMETRIC_REPRESENTATION_CONTEXT ( 3 ) GLOBAL_UNCERTAINTY_ASSIGNED_CONTEXT ( ( #1464 ) ) GLOBAL_UNIT_ASSIGNED_CONTEXT ( ( #1597, #1307, #272 ) ) REPRESENTATION_CONTEXT ( 'NONE', 'WORKASPACE' ) );
#893 = CARTESIAN_POINT ( 'NONE',  ( 8.200000000000001100, 0.3650000000000001000, -5.818438714135812300 ) ) ;
#894 = CYLINDRICAL_SURFACE ( 'NONE', #2976, 4.250000000000000000 ) ;
#895 = SURFACE_STYLE_FILL_AREA ( #1124 ) ;
#896 = MECHANICAL_DESIGN_GEOMETRIC_PRESENTATION_REPRESENTATION (  '', ( #534 ), #2128 ) ;
#897 = DIRECTION ( 'NONE',  ( 0.0000000000000000000, 1.000000000000000000, 0.0000000000000000000 ) ) ;
#898 = UNCERTAINTY_MEASURE_WITH_UNIT (LENGTH_MEASURE( 1.000000000000000100E-005 ), #209, 'distance_accuracy_value', 'NONE');
#899 = EDGE_LOOP ( 'NONE', ( #1780, #2114, #701, #2354 ) ) ;
#900 = DIRECTION ( 'NONE',  ( 0.0000000000000000000, -1.000000000000000000, 0.0000000000000000000 ) ) ;
#901 = SURFACE_STYLE_USAGE ( .BOTH. , #579 ) ;
#902 =( NAMED_UNIT ( * ) SI_UNIT ( $, .STERADIAN. ) SOLID_ANGLE_UNIT ( ) );
#903 = VERTEX_POINT ( 'NONE', #3388 ) ;
#904 = ORIENTED_EDGE ( 'NONE', *, *, #231, .T. ) ;
#905 = EDGE_CURVE ( 'NONE', #735, #1879, #3282, .T. ) ;
#906 = DIRECTION ( 'NONE',  ( 0.0000000000000000000, -1.000000000000000000, 0.0000000000000000000 ) ) ;
#907 = VERTEX_POINT ( 'NONE', #1878 ) ;
#908 = CARTESIAN_POINT ( 'NONE',  ( 8.500000000000000000, 0.0000000000000000000, 0.0000000000000000000 ) ) ;
#909 = VECTOR ( 'NONE', #337, 1000.000000000000000 ) ;
#910 = AXIS2_PLACEMENT_3D ( 'NONE', #2445, #1363, #3189 ) ;
#911 = ORIENTED_EDGE ( 'NONE', *, *, #2488, .T. ) ;
#912 = FILL_AREA_STYLE ('',( #670 ) ) ;
#913 = VERTEX_POINT ( 'NONE', #2075 ) ;
#914 = DIRECTION ( 'NONE',  ( 0.0000000000000000000, 0.0000000000000000000, -1.000000000000000000 ) ) ;
#915 = STYLED_ITEM ( 'NONE', ( #2766 ), #1453 ) ;
#916 = DIRECTION ( 'NONE',  ( 1.000000000000000000, -0.0000000000000000000, -2.843808977011159300E-016 ) ) ;
#917 = CARTESIAN_POINT ( 'NONE',  ( 4.250000000000000000, 6.734999999999999400, -0.5524250000000013900 ) ) ;
#918 = SURFACE_STYLE_USAGE ( .BOTH. , #1432 ) ;
#919 = EDGE_CURVE ( 'NONE', #314, #1146, #404, .T. ) ;
#920 = CARTESIAN_POINT ( 'NONE',  ( 4.250000000000000000, 7.099999999999999600, -4.250000000000000000 ) ) ;
#921 = ADVANCED_FACE ( 'NONE', ( #2564 ), #2824, .F. ) ;
#922 = VECTOR ( 'NONE', #916, 1000.000000000000000 ) ;
#923 = CARTESIAN_POINT ( 'NONE',  ( 4.250000000000000000, 1.885590000000000100, -4.250000000000000000 ) ) ;
#924 = EDGE_CURVE ( 'NONE', #434, #2695, #741, .T. ) ;
#925 = TOROIDAL_SURFACE ( 'NONE', #2049, 4.062574999999998900, 0.3029500000000000500 ) ;
#926 = PLANE ( 'NONE',  #1724 ) ;
#927 = PRESENTATION_LAYER_ASSIGNMENT (  '', '', ( #1215 ) ) ;
#928 = PRESENTATION_LAYER_ASSIGNMENT (  '', '', ( #758 ) ) ;
#929 =( GEOMETRIC_REPRESENTATION_CONTEXT ( 3 ) GLOBAL_UNCERTAINTY_ASSIGNED_CONTEXT ( ( #1796 ) ) GLOBAL_UNIT_ASSIGNED_CONTEXT ( ( #2129, #2314, #3186 ) ) REPRESENTATION_CONTEXT ( 'NONE', 'WORKASPACE' ) );
#930 = CARTESIAN_POINT ( 'NONE',  ( 0.0000000000000000000, 1.825000000000000000, 0.0000000000000000000 ) ) ;
#931 = ORIENTED_EDGE ( 'NONE', *, *, #2685, .T. ) ;
#932 = UNCERTAINTY_MEASURE_WITH_UNIT (LENGTH_MEASURE( 1.000000000000000100E-005 ), #2532, 'distance_accuracy_value', 'NONE');
#933 = ORIENTED_EDGE ( 'NONE', *, *, #1666, .F. ) ;
#934 = DIRECTION ( 'NONE',  ( 0.0000000000000000000, 0.0000000000000000000, -1.000000000000000000 ) ) ;
#935 = STYLED_ITEM ( 'NONE', ( #3395 ), #1821 ) ;
#936 = DIRECTION ( 'NONE',  ( -1.000000000000000000, 0.0000000000000000000, 0.0000000000000000000 ) ) ;
#937 = COLOUR_RGB ( '',0.0000000000000000000, 0.0000000000000000000, 0.0000000000000000000 ) ;
#938 = ADVANCED_FACE ( 'NONE', ( #827 ), #1154, .T. ) ;
#939 = ORIENTED_EDGE ( 'NONE', *, *, #3014, .T. ) ;
#940 =( NAMED_UNIT ( * ) PLANE_ANGLE_UNIT ( ) SI_UNIT ( $, .RADIAN. ) );
#941 = COLOUR_RGB ( '',0.1019607843137254900, 0.1019607843137254900, 0.1019607843137254900 ) ;
#942 = SURFACE_STYLE_USAGE ( .BOTH. , #1456 ) ;
#943 = CARTESIAN_POINT ( 'NONE',  ( 5.044508229166684300, 7.104999999999999500, -3.319363575886128200 ) ) ;
#944 = ORIENTED_EDGE ( 'NONE', *, *, #1841, .F. ) ;
#945 = LINE ( 'NONE', #609, #445 ) ;
#946 =( NAMED_UNIT ( * ) PLANE_ANGLE_UNIT ( ) SI_UNIT ( $, .RADIAN. ) );
#947 = SURFACE_SIDE_STYLE ('',( #2342 ) ) ;
#948 = EDGE_LOOP ( 'NONE', ( #1102, #3031, #1427, #3403 ) ) ;
#949 = EDGE_CURVE ( 'NONE', #1382, #652, #2690, .T. ) ;
#950 = DIRECTION ( 'NONE',  ( 0.0000000000000000000, 0.0000000000000000000, 1.000000000000000000 ) ) ;
#951 = ORIENTED_EDGE ( 'NONE', *, *, #2842, .F. ) ;
#952 = CARTESIAN_POINT ( 'NONE',  ( 8.849999999999999600, -0.2000000000000000100, -3.700000000000000600 ) ) ;
#953 = CARTESIAN_POINT ( 'NONE',  ( 5.912919214105404100, 7.104999999999999500, -5.194358624149853800 ) ) ;
#954 = CARTESIAN_POINT ( 'NONE',  ( 6.000000000000000000, -0.2000000000000000100, -3.699999999999999700 ) ) ;
#955 = LINE ( 'NONE', #1422, #2576 ) ;
#956 = ADVANCED_FACE ( 'NONE', ( #1193 ), #351, .F. ) ;
#957 = CARTESIAN_POINT ( 'NONE',  ( 8.500000000000000000, 0.3650000000000001000, -2.681561285864188200 ) ) ;
#958 = DIRECTION ( 'NONE',  ( -1.000000000000000000, 0.0000000000000000000, 0.0000000000000000000 ) ) ;
#959 = CARTESIAN_POINT ( 'NONE',  ( 0.4853262552323130400, 7.104999999999999500, -0.02186394466922349200 ) ) ;
#960 = DIRECTION ( 'NONE',  ( -0.0000000000000000000, 1.000000000000000000, -0.0000000000000000000 ) ) ;
#961 = VECTOR ( 'NONE', #1970, 1000.000000000000000 ) ;
#962 = EDGE_CURVE ( 'NONE', #2162, #3225, #357, .T. ) ;
#963 = FILL_AREA_STYLE ('',( #2439 ) ) ;
#964 = PRESENTATION_STYLE_ASSIGNMENT (( #2957 ) ) ;
#965 = CARTESIAN_POINT ( 'NONE',  ( 4.250000000000000000, 7.104999999999999500, -7.624967499999999500 ) ) ;
#966 = VECTOR ( 'NONE', #2503, 1000.000000000000000 ) ;
#967 = LINE ( 'NONE', #792, #1623 ) ;
#968 = SURFACE_STYLE_USAGE ( .BOTH. , #1491 ) ;
#969 =( GEOMETRIC_REPRESENTATION_CONTEXT ( 3 ) GLOBAL_UNCERTAINTY_ASSIGNED_CONTEXT ( ( #1067 ) ) GLOBAL_UNIT_ASSIGNED_CONTEXT ( ( #2925, #1096, #2385 ) ) REPRESENTATION_CONTEXT ( 'NONE', 'WORKASPACE' ) );
#970 = ORIENTED_EDGE ( 'NONE', *, *, #752, .T. ) ;
#971 = ADVANCED_FACE ( 'NONE', ( #1728 ), #2674, .T. ) ;
#972 = PLANE ( 'NONE',  #1113 ) ;
#973 = CARTESIAN_POINT ( 'NONE',  ( 5.800000000000000700, 0.0000000000000000000, -4.800000000000000700 ) ) ;
#974 = ORIENTED_EDGE ( 'NONE', *, *, #2461, .T. ) ;
#975 = AXIS2_PLACEMENT_3D ( 'NONE', #1213, #1941, #161 ) ;
#976 = MECHANICAL_DESIGN_GEOMETRIC_PRESENTATION_REPRESENTATION (  '', ( #1216 ), #871 ) ;
#977 = LINE ( 'NONE', #79, #1344 ) ;
#978 = STYLED_ITEM ( 'NONE', ( #1902 ), #598 ) ;
#979 =( NAMED_UNIT ( * ) SI_UNIT ( $, .STERADIAN. ) SOLID_ANGLE_UNIT ( ) );
#980 = SURFACE_STYLE_USAGE ( .BOTH. , #716 ) ;
#981 = EDGE_LOOP ( 'NONE', ( #3007, #60, #2729, #1832 ) ) ;
#982 = ORIENTED_EDGE ( 'NONE', *, *, #1801, .T. ) ;
#983 = VECTOR ( 'NONE', #2414, 1000.000000000000000 ) ;
#984 =( NAMED_UNIT ( * ) SI_UNIT ( $, .STERADIAN. ) SOLID_ANGLE_UNIT ( ) );
#985 = VERTEX_POINT ( 'NONE', #2694 ) ;
#986 = SURFACE_SIDE_STYLE ('',( #654 ) ) ;
#987 = EDGE_CURVE ( 'NONE', #3225, #907, #2605, .T. ) ;
#988 = ORIENTED_EDGE ( 'NONE', *, *, #3089, .T. ) ;
#989 = CARTESIAN_POINT ( 'NONE',  ( 2.681561285864188200, 0.3650000000000001000, 0.0000000000000000000 ) ) ;
#990 = AXIS2_PLACEMENT_3D ( 'NONE', #1109, #1885, #2170 ) ;
#991 = ORIENTED_EDGE ( 'NONE', *, *, #39, .F. ) ;
#992 = DIRECTION ( 'NONE',  ( -0.0000000000000000000, -1.000000000000000000, -0.0000000000000000000 ) ) ;
#993 = FACE_OUTER_BOUND ( 'NONE', #948, .T. ) ;
#994 = ORIENTED_EDGE ( 'NONE', *, *, #2747, .F. ) ;
#995 = CARTESIAN_POINT ( 'NONE',  ( 6.407170895980367900, 7.099999999999999600, -2.805850000000000000 ) ) ;
#996 = MECHANICAL_DESIGN_GEOMETRIC_PRESENTATION_REPRESENTATION (  '', ( #98 ), #1931 ) ;
#997 = MECHANICAL_DESIGN_GEOMETRIC_PRESENTATION_REPRESENTATION (  '', ( #2619 ), #3026 ) ;
#998 = DIRECTION ( 'NONE',  ( 0.0000000000000000000, 0.0000000000000000000, 1.000000000000000000 ) ) ;
#999 = CARTESIAN_POINT ( 'NONE',  ( 5.044508229166684300, 7.104999999999999500, -5.194358658074004400 ) ) ;
#1000 = PRESENTATION_LAYER_ASSIGNMENT (  '', '', ( #346 ) ) ;
#1001 = VECTOR ( 'NONE', #836, 1000.000000000000000 ) ;
#1002 = UNCERTAINTY_MEASURE_WITH_UNIT (LENGTH_MEASURE( 1.000000000000000100E-005 ), #2858, 'distance_accuracy_value', 'NONE');
#1003 = PRODUCT_DEFINITION_SHAPE ( 'NONE', 'NONE',  #26 ) ;
#1004 = CARTESIAN_POINT ( 'NONE',  ( -0.3499999999999996400, -0.0000000000000000000, -3.700000000000000600 ) ) ;
#1005 = VECTOR ( 'NONE', #2598, 1000.000000000000100 ) ;
#1006 = DIRECTION ( 'NONE',  ( 0.0000000000000000000, 1.000000000000000000, -0.0000000000000000000 ) ) ;
#1007 = SURFACE_SIDE_STYLE ('',( #2617 ) ) ;
#1008 = MECHANICAL_DESIGN_GEOMETRIC_PRESENTATION_REPRESENTATION (  '', ( #472 ), #1535 ) ;
#1009 = CARTESIAN_POINT ( 'NONE',  ( 2.700000000000000200, 0.0000000000000000000, -4.800000000000000700 ) ) ;
#1010 =( NAMED_UNIT ( * ) SI_UNIT ( $, .STERADIAN. ) SOLID_ANGLE_UNIT ( ) );
#1011 = FILL_AREA_STYLE ('',( #2533 ) ) ;
#1012 = PRESENTATION_STYLE_ASSIGNMENT (( #588 ) ) ;
#1013 = EDGE_CURVE ( 'NONE', #1516, #1992, #945, .T. ) ;
#1014 = EDGE_LOOP ( 'NONE', ( #3072, #639, #3221, #904 ) ) ;
#1015 = CARTESIAN_POINT ( 'NONE',  ( 2.700000000000000200, 0.0000000000000000000, -4.800000000000000700 ) ) ;
#1016 = EDGE_LOOP ( 'NONE', ( #191, #2882, #3400, #3056 ) ) ;
#1017 = CARTESIAN_POINT ( 'NONE',  ( 5.381079547306396400, 7.104999999999999500, -3.319363575886128200 ) ) ;
#1018 = PRESENTATION_STYLE_ASSIGNMENT (( #942 ) ) ;
#1019 = VERTEX_POINT ( 'NONE', #1371 ) ;
#1020 = SURFACE_STYLE_USAGE ( .BOTH. , #504 ) ;
#1021 = CARTESIAN_POINT ( 'NONE',  ( 4.250000000000000000, 1.216666666666666800, -4.250000000000000000 ) ) ;
#1022 = PLANE ( 'NONE',  #3410 ) ;
#1023 = VERTEX_POINT ( 'NONE', #76 ) ;
#1024 = LINE ( 'NONE', #284, #315 ) ;
#1025 =( LENGTH_UNIT ( ) NAMED_UNIT ( * ) SI_UNIT ( .MILLI., .METRE. ) );
#1026 = ORIENTED_EDGE ( 'NONE', *, *, #1944, .T. ) ;
#1027 = PRESENTATION_STYLE_ASSIGNMENT (( #885 ) ) ;
#1028 = DIRECTION ( 'NONE',  ( 0.0000000000000000000, 0.0000000000000000000, -1.000000000000000000 ) ) ;
#1029 = ORIENTED_EDGE ( 'NONE', *, *, #924, .T. ) ;
#1030 = CARTESIAN_POINT ( 'NONE',  ( 4.999699999999999800, 7.104999999999999500, -5.361111688650168200 ) ) ;
#1031 = DIRECTION ( 'NONE',  ( 1.000000000000000000, 0.0000000000000000000, 0.0000000000000000000 ) ) ;
#1032 =( LENGTH_UNIT ( ) NAMED_UNIT ( * ) SI_UNIT ( .MILLI., .METRE. ) );
#1033 = CLOSED_SHELL ( 'NONE', ( #2793, #2779, #153, #2501, #115, #1715, #3002, #640, #1435, #433, #2138, #839, #3176, #2232, #3275, #1753, #598, #217, #971, #186, #1734, #2485, #2046, #2760, #263, #870, #1245, #2940, #2124, #1180, #2158, #1978, #1494, #3344, #373, #2252 ) ) ;
#1034 = EDGE_CURVE ( 'NONE', #1766, #518, #1637, .T. ) ;
#1035 = VECTOR ( 'NONE', #3024, 1000.000000000000000 ) ;
#1036 = ORIENTED_EDGE ( 'NONE', *, *, #499, .F. ) ;
#1037 =( LENGTH_UNIT ( ) NAMED_UNIT ( * ) SI_UNIT ( .MILLI., .METRE. ) );
#1038 = EDGE_CURVE ( 'NONE', #652, #1992, #2118, .T. ) ;
#1039 = VECTOR ( 'NONE', #867, 1000.000000000000000 ) ;
#1040 = UNCERTAINTY_MEASURE_WITH_UNIT (LENGTH_MEASURE( 1.000000000000000100E-005 ), #2155, 'distance_accuracy_value', 'NONE');
#1041 = MECHANICAL_DESIGN_GEOMETRIC_PRESENTATION_REPRESENTATION (  '', ( #392 ), #3203 ) ;
#1042 = AXIS2_PLACEMENT_3D ( 'NONE', #288, #1851, #2368 ) ;
#1043 = DIRECTION ( 'NONE',  ( -0.0000000000000000000, 1.000000000000000000, -0.0000000000000000000 ) ) ;
#1044 = PRESENTATION_LAYER_ASSIGNMENT (  '', '', ( #688 ) ) ;
#1045 = VECTOR ( 'NONE', #1865, 1000.000000000000000 ) ;
#1046 = VECTOR ( 'NONE', #1781, 1000.000000000000000 ) ;
#1047 = CARTESIAN_POINT ( 'NONE',  ( 6.337724959187636600, 7.104999999999999500, -5.194358624149853800 ) ) ;
#1048 = FILL_AREA_STYLE ('',( #2561 ) ) ;
#1049 = FILL_AREA_STYLE ('',( #1262 ) ) ;
#1050 = LINE ( 'NONE', #228, #1579 ) ;
#1051 = VECTOR ( 'NONE', #2663, 1000.000000000000000 ) ;
#1052 = LINE ( 'NONE', #395, #510 ) ;
#1053 = COLOUR_RGB ( '',0.8980392156862745400, 0.9215686274509803400, 0.9294117647058823800 ) ;
#1054 = COLOUR_RGB ( '',0.8980392156862745400, 0.9215686274509803400, 0.9294117647058823800 ) ;
#1055 = FILL_AREA_STYLE_COLOUR ( '', #1786 ) ;
#1056 = ORIENTED_EDGE ( 'NONE', *, *, #3321, .F. ) ;
#1057 = EDGE_CURVE ( 'NONE', #2111, #3234, #193, .T. ) ;
#1058 =( NAMED_UNIT ( * ) SI_UNIT ( $, .STERADIAN. ) SOLID_ANGLE_UNIT ( ) );
#1059 = DIRECTION ( 'NONE',  ( -0.6279378741829139100, 0.0000000000000000000, 0.7782634683490179400 ) ) ;
#1060 = CARTESIAN_POINT ( 'NONE',  ( 8.500000000000000000, 0.0000000000000000000, 0.0000000000000000000 ) ) ;
#1061 = ORIENTED_EDGE ( 'NONE', *, *, #1584, .T. ) ;
#1062 = VECTOR ( 'NONE', #376, 1000.000000000000000 ) ;
#1063 = VERTEX_POINT ( 'NONE', #2726 ) ;
#1064 = STYLED_ITEM ( 'NONE', ( #3414 ), #2793 ) ;
#1065 = STYLED_ITEM ( 'NONE', ( #2302 ), #2282 ) ;
#1066 = PRESENTATION_LAYER_ASSIGNMENT (  '', '', ( #826 ) ) ;
#1067 = UNCERTAINTY_MEASURE_WITH_UNIT (LENGTH_MEASURE( 1.000000000000000100E-005 ), #2925, 'distance_accuracy_value', 'NONE');
#1068 = ORIENTED_EDGE ( 'NONE', *, *, #3043, .T. ) ;
#1069 = DIRECTION ( 'NONE',  ( 0.0000000000000000000, 0.0000000000000000000, 1.000000000000000000 ) ) ;
#1070 = AXIS2_PLACEMENT_3D ( 'NONE', #908, #142, #118 ) ;
#1071 = ORIENTED_EDGE ( 'NONE', *, *, #2685, .F. ) ;
#1072 =( LENGTH_UNIT ( ) NAMED_UNIT ( * ) SI_UNIT ( .MILLI., .METRE. ) );
#1073 =( NAMED_UNIT ( * ) PLANE_ANGLE_UNIT ( ) SI_UNIT ( $, .RADIAN. ) );
#1074 =( NAMED_UNIT ( * ) PLANE_ANGLE_UNIT ( ) SI_UNIT ( $, .RADIAN. ) );
#1075 = ORIENTED_EDGE ( 'NONE', *, *, #1621, .F. ) ;
#1076 = VERTEX_POINT ( 'NONE', #402 ) ;
#1077 = CARTESIAN_POINT ( 'NONE',  ( 0.0000000000000000000, 0.3650000000000001000, -2.681561285864186400 ) ) ;
#1078 = EDGE_CURVE ( 'NONE', #1445, #1394, #2927, .T. ) ;
#1079 = DIRECTION ( 'NONE',  ( 0.0000000000000000000, 0.0000000000000000000, 1.000000000000000000 ) ) ;
#1080 = COLOUR_RGB ( '',0.8980392156862745400, 0.9215686274509803400, 0.9294117647058823800 ) ;
#1081 = DIRECTION ( 'NONE',  ( 1.000000000000000000, 0.0000000000000000000, 0.0000000000000000000 ) ) ;
#1082 = DIRECTION ( 'NONE',  ( -1.000000000000000000, 0.0000000000000000000, 1.445602896647339300E-015 ) ) ;
#1083 = STYLED_ITEM ( 'NONE', ( #2305 ), #581 ) ;
#1084 = FILL_AREA_STYLE_COLOUR ( '', #3261 ) ;
#1085 = SURFACE_STYLE_USAGE ( .BOTH. , #2389 ) ;
#1086 =( NAMED_UNIT ( * ) SI_UNIT ( $, .STERADIAN. ) SOLID_ANGLE_UNIT ( ) );
#1087 = CARTESIAN_POINT ( 'NONE',  ( 5.381079547306393700, 7.099999999999999600, -4.535198855793510100 ) ) ;
#1088 = LINE ( 'NONE', #1163, #292 ) ;
#1089 = COLOUR_RGB ( '',0.0000000000000000000, 0.0000000000000000000, 0.0000000000000000000 ) ;
#1090 = COLOUR_RGB ( '',0.7921568627450980000, 0.8196078431372548800, 0.9333333333333333500 ) ;
#1091 = DIRECTION ( 'NONE',  ( -0.0000000000000000000, 1.000000000000000000, -0.0000000000000000000 ) ) ;
#1092 = CARTESIAN_POINT ( 'NONE',  ( 8.500000000000000000, 0.0000000000000000000, -1.874250000000000000 ) ) ;
#1093 = CIRCLE ( 'NONE', #1787, 4.250000000000000000 ) ;
#1094 = LINE ( 'NONE', #227, #2226 ) ;
#1095 = ORIENTED_EDGE ( 'NONE', *, *, #2790, .T. ) ;
#1096 =( NAMED_UNIT ( * ) PLANE_ANGLE_UNIT ( ) SI_UNIT ( $, .RADIAN. ) );
#1097 = LINE ( 'NONE', #2063, #2590 ) ;
#1098 = EDGE_LOOP ( 'NONE', ( #786, #939, #2893, #2855, #1486 ) ) ;
#1099 = COLOUR_RGB ( '',0.0000000000000000000, 0.0000000000000000000, 0.0000000000000000000 ) ;
#1100 =( LENGTH_UNIT ( ) NAMED_UNIT ( * ) SI_UNIT ( .MILLI., .METRE. ) );
#1101 = DIRECTION ( 'NONE',  ( 0.0000000000000000000, -1.000000000000000000, 0.0000000000000000000 ) ) ;
#1102 = ORIENTED_EDGE ( 'NONE', *, *, #2659, .T. ) ;
#1103 = PRESENTATION_LAYER_ASSIGNMENT (  '', '', ( #1567 ) ) ;
#1104 =( NAMED_UNIT ( * ) PLANE_ANGLE_UNIT ( ) SI_UNIT ( $, .RADIAN. ) );
#1105 = SURFACE_STYLE_USAGE ( .BOTH. , #1856 ) ;
#1106 = PLANE ( 'NONE',  #823 ) ;
#1107 = EDGE_LOOP ( 'NONE', ( #1122, #230, #3116, #774 ) ) ;
#1108 = LINE ( 'NONE', #797, #2850 ) ;
#1109 = CARTESIAN_POINT ( 'NONE',  ( 4.250000000000000000, 7.099999999999999600, -4.250000000000000000 ) ) ;
#1110 = UNCERTAINTY_MEASURE_WITH_UNIT (LENGTH_MEASURE( 1.000000000000000100E-005 ), #3339, 'distance_accuracy_value', 'NONE');
#1111 = PRESENTATION_LAYER_ASSIGNMENT (  '', '', ( #2619 ) ) ;
#1112 = ORIENTED_EDGE ( 'NONE', *, *, #1644, .F. ) ;
#1113 = AXIS2_PLACEMENT_3D ( 'NONE', #959, #2768, #2275 ) ;
#1114 = ORIENTED_EDGE ( 'NONE', *, *, #413, .T. ) ;
#1115 = DIRECTION ( 'NONE',  ( 2.843808977011159300E-016, 0.0000000000000000000, 1.000000000000000000 ) ) ;
#1116 = PRESENTATION_LAYER_ASSIGNMENT (  '', '', ( #577 ) ) ;
#1117 = CARTESIAN_POINT ( 'NONE',  ( -3.876472762382632000E-015, 0.3650000000000001000, -2.681561285864186400 ) ) ;
#1118 = VERTEX_POINT ( 'NONE', #1732 ) ;
#1119 = CARTESIAN_POINT ( 'NONE',  ( 0.0000000000000000000, 0.3650000000000001000, -5.818438714135814000 ) ) ;
#1120 = CARTESIAN_POINT ( 'NONE',  ( 4.999699999999999800, 7.104999999999999500, -3.132117435131643600 ) ) ;
#1121 = LINE ( 'NONE', #1457, #1318 ) ;
#1122 = ORIENTED_EDGE ( 'NONE', *, *, #22, .T. ) ;
#1123 = EDGE_CURVE ( 'NONE', #443, #1710, #2245, .T. ) ;
#1124 = FILL_AREA_STYLE ('',( #3194 ) ) ;
#1125 = PRESENTATION_STYLE_ASSIGNMENT (( #342 ) ) ;
#1126 = CARTESIAN_POINT ( 'NONE',  ( 5.997442092279873000, 7.104999999999999500, -3.319363575886130800 ) ) ;
#1127 = CARTESIAN_POINT ( 'NONE',  ( 5.818438714135812300, 1.216666666666666800, 0.0000000000000000000 ) ) ;
#1128 = EDGE_CURVE ( 'NONE', #2334, #2767, #103, .T. ) ;
#1129 = CARTESIAN_POINT ( 'NONE',  ( 5.381079547306393700, 7.104999999999999500, -5.194358658074004400 ) ) ;
#1130 = VECTOR ( 'NONE', #2821, 1000.000000000000000 ) ;
#1131 = SURFACE_SIDE_STYLE ('',( #50 ) ) ;
#1132 = LINE ( 'NONE', #1077, #2220 ) ;
#1133 = STYLED_ITEM ( 'NONE', ( #614 ), #3209 ) ;
#1134 = SURFACE_STYLE_FILL_AREA ( #1335 ) ;
#1135 = SURFACE_SIDE_STYLE ('',( #807 ) ) ;
#1136 = MECHANICAL_DESIGN_GEOMETRIC_PRESENTATION_REPRESENTATION (  '', ( #1436 ), #551 ) ;
#1137 =( NAMED_UNIT ( * ) SI_UNIT ( $, .STERADIAN. ) SOLID_ANGLE_UNIT ( ) );
#1138 = VECTOR ( 'NONE', #3136, 1000.000000000000000 ) ;
#1139 =( LENGTH_UNIT ( ) NAMED_UNIT ( * ) SI_UNIT ( .MILLI., .METRE. ) );
#1140 = FILL_AREA_STYLE ('',( #2947 ) ) ;
#1141 = DIRECTION ( 'NONE',  ( 0.0000000000000000000, 0.0000000000000000000, -1.000000000000000000 ) ) ;
#1142 = ORIENTED_EDGE ( 'NONE', *, *, #1123, .F. ) ;
#1143 = LINE ( 'NONE', #1212, #1589 ) ;
#1144 = EDGE_LOOP ( 'NONE', ( #325, #834, #1061, #2935, #1919 ) ) ;
#1145 = EDGE_CURVE ( 'NONE', #597, #3004, #2811, .T. ) ;
#1146 = VERTEX_POINT ( 'NONE', #645 ) ;
#1147 = UNCERTAINTY_MEASURE_WITH_UNIT (LENGTH_MEASURE( 1.000000000000000100E-005 ), #3264, 'distance_accuracy_value', 'NONE');
#1148 = VERTEX_POINT ( 'NONE', #1192 ) ;
#1149 = FILL_AREA_STYLE ('',( #851 ) ) ;
#1150 = PRESENTATION_STYLE_ASSIGNMENT (( #1703 ) ) ;
#1151 =( NAMED_UNIT ( * ) PLANE_ANGLE_UNIT ( ) SI_UNIT ( $, .RADIAN. ) );
#1152 = SURFACE_SIDE_STYLE ('',( #2986 ) ) ;
#1153 = VERTEX_POINT ( 'NONE', #1959 ) ;
#1154 = TOROIDAL_SURFACE ( 'NONE', #1392, 3.697574999999999200, 0.3649999999999999900 ) ;
#1155 = CARTESIAN_POINT ( 'NONE',  ( 5.044508229166684300, 7.099999999999999600, -3.319363575886128200 ) ) ;
#1156 = STYLED_ITEM ( 'NONE', ( #762 ), #2630 ) ;
#1157 = PRESENTATION_LAYER_ASSIGNMENT (  '', '', ( #3078 ) ) ;
#1158 = VERTEX_POINT ( 'NONE', #666 ) ;
#1159 = DIRECTION ( 'NONE',  ( -0.0000000000000000000, 0.0000000000000000000, 1.000000000000000000 ) ) ;
#1160 = CYLINDRICAL_SURFACE ( 'NONE', #975, 4.250000000000000000 ) ;
#1161 = CARTESIAN_POINT ( 'NONE',  ( 6.407170895980367900, 7.104999999999999500, -5.361111688650168200 ) ) ;
#1162 = ORIENTED_EDGE ( 'NONE', *, *, #2861, .T. ) ;
#1163 = CARTESIAN_POINT ( 'NONE',  ( 4.999699999999999800, 7.099999999999999600, -5.687379123781812300 ) ) ;
#1164 = DIRECTION ( 'NONE',  ( 0.0000000000000000000, 0.0000000000000000000, -1.000000000000000000 ) ) ;
#1165 = EDGE_CURVE ( 'NONE', #985, #3004, #1842, .T. ) ;
#1166 = CARTESIAN_POINT ( 'NONE',  ( 4.250000000000000900, 2.188540000000000200, -0.1874250000000014800 ) ) ;
#1167 = PRESENTATION_STYLE_ASSIGNMENT (( #1284 ) ) ;
#1168 = CARTESIAN_POINT ( 'NONE',  ( 2.681561285864188200, 0.3650000000000001000, -0.2999999999999999300 ) ) ;
#1169 = STYLED_ITEM ( 'NONE', ( #3265 ), #31 ) ;
#1170 = FILL_AREA_STYLE ('',( #1443 ) ) ;
#1171 = DIRECTION ( 'NONE',  ( 0.0000000000000000000, -1.000000000000000000, 0.0000000000000000000 ) ) ;
#1172 = SURFACE_STYLE_FILL_AREA ( #669 ) ;
#1173 = PRESENTATION_LAYER_ASSIGNMENT (  '', '', ( #2386 ) ) ;
#1174 = FILL_AREA_STYLE_COLOUR ( '', #547 ) ;
#1175 = FACE_OUTER_BOUND ( 'NONE', #686, .T. ) ;
#1176 = LINE ( 'NONE', #2257, #1469 ) ;
#1177 = CARTESIAN_POINT ( 'NONE',  ( 5.800000000000000700, -0.2000000000000000100, -4.800000000000000700 ) ) ;
#1178 = DIRECTION ( 'NONE',  ( 0.0000000000000000000, 0.0000000000000000000, 1.000000000000000000 ) ) ;
#1179 = ORIENTED_EDGE ( 'NONE', *, *, #2079, .T. ) ;
#1180 = ADVANCED_FACE ( 'NONE', ( #737 ), #1467, .F. ) ;
#1181 = LINE ( 'NONE', #326, #9 ) ;
#1182 = SURFACE_SIDE_STYLE ('',( #671 ) ) ;
#1183 =( NAMED_UNIT ( * ) PLANE_ANGLE_UNIT ( ) SI_UNIT ( $, .RADIAN. ) );
#1184 =( NAMED_UNIT ( * ) SI_UNIT ( $, .STERADIAN. ) SOLID_ANGLE_UNIT ( ) );
#1185 = EDGE_LOOP ( 'NONE', ( #12, #3060, #3284, #1386 ) ) ;
#1186 = SURFACE_STYLE_USAGE ( .BOTH. , #3233 ) ;
#1187 = EDGE_LOOP ( 'NONE', ( #87, #3238, #568, #2074 ) ) ;
#1188 = EDGE_CURVE ( 'NONE', #58, #2717, #2038, .T. ) ;
#1189 = UNCERTAINTY_MEASURE_WITH_UNIT (LENGTH_MEASURE( 1.000000000000000100E-005 ), #308, 'distance_accuracy_value', 'NONE');
#1190 =( LENGTH_UNIT ( ) NAMED_UNIT ( * ) SI_UNIT ( .MILLI., .METRE. ) );
#1191 = VERTEX_POINT ( 'NONE', #415 ) ;
#1192 = CARTESIAN_POINT ( 'NONE',  ( 6.402706152770193200, 7.099999999999999600, -3.319363575886130800 ) ) ;
#1193 = FACE_OUTER_BOUND ( 'NONE', #1915, .T. ) ;
#1194 = CARTESIAN_POINT ( 'NONE',  ( 6.407170895980367900, 7.104999999999999500, -2.805850000000000000 ) ) ;
#1195 = ORIENTED_EDGE ( 'NONE', *, *, #585, .F. ) ;
#1196 = PRESENTATION_STYLE_ASSIGNMENT (( #1519 ) ) ;
#1197 = ORIENTED_EDGE ( 'NONE', *, *, #2877, .T. ) ;
#1198 = FILL_AREA_STYLE ('',( #2251 ) ) ;
#1199 = ADVANCED_FACE ( 'NONE', ( #1601, #1352 ), #1985, .T. ) ;
#1200 = STYLED_ITEM ( 'NONE', ( #3232 ), #1228 ) ;
#1201 = SURFACE_SIDE_STYLE ('',( #1172 ) ) ;
#1202 = DIRECTION ( 'NONE',  ( 1.000000000000000000, 0.0000000000000000000, 0.0000000000000000000 ) ) ;
#1203 = VECTOR ( 'NONE', #2299, 1000.000000000000000 ) ;
#1204 = EDGE_CURVE ( 'NONE', #2151, #1791, #525, .T. ) ;
#1205 = SURFACE_SIDE_STYLE ('',( #2312 ) ) ;
#1206 = DIRECTION ( 'NONE',  ( -0.0000000000000000000, -1.000000000000000000, -0.0000000000000000000 ) ) ;
#1207 = PRESENTATION_STYLE_ASSIGNMENT (( #2078 ) ) ;
#1208 = UNCERTAINTY_MEASURE_WITH_UNIT (LENGTH_MEASURE( 1.000000000000000100E-005 ), #2746, 'distance_accuracy_value', 'NONE');
#1209 = FILL_AREA_STYLE ('',( #2739 ) ) ;
#1210 = EDGE_CURVE ( 'NONE', #528, #2415, #1311, .T. ) ;
#1211 = ADVANCED_FACE ( 'NONE', ( #3402 ), #3396, .F. ) ;
#1212 = CARTESIAN_POINT ( 'NONE',  ( 8.500000000000000000, 1.216666666666666800, -6.625750000000000000 ) ) ;
#1213 = CARTESIAN_POINT ( 'NONE',  ( 4.250000000000000000, 0.3650000000000001000, -4.250000000000000000 ) ) ;
#1214 = FACE_OUTER_BOUND ( 'NONE', #2156, .T. ) ;
#1215 = STYLED_ITEM ( 'NONE', ( #1196 ), #3344 ) ;
#1216 = STYLED_ITEM ( 'NONE', ( #2791 ), #2530 ) ;
#1217 = MECHANICAL_DESIGN_GEOMETRIC_PRESENTATION_REPRESENTATION (  '', ( #1749 ), #2902 ) ;
#1218 = ORIENTED_EDGE ( 'NONE', *, *, #1057, .T. ) ;
#1219 = CARTESIAN_POINT ( 'NONE',  ( 4.250000000000000000, 7.099999999999999600, -4.250000000000000000 ) ) ;
#1220 = ORIENTED_EDGE ( 'NONE', *, *, #3131, .T. ) ;
#1221 = CARTESIAN_POINT ( 'NONE',  ( 8.849999999999999600, -0.2000000000000000100, -4.800000000000000700 ) ) ;
#1222 = ORIENTED_EDGE ( 'NONE', *, *, #1967, .T. ) ;
#1223 = CARTESIAN_POINT ( 'NONE',  ( 5.912919214105404100, 7.099999999999999600, -5.194358624149853800 ) ) ;
#1224 = FACE_OUTER_BOUND ( 'NONE', #1776, .T. ) ;
#1225 = DIRECTION ( 'NONE',  ( -1.000000000000000000, 0.0000000000000000000, 0.0000000000000000000 ) ) ;
#1226 = VERTEX_POINT ( 'NONE', #1015 ) ;
#1227 =( NAMED_UNIT ( * ) PLANE_ANGLE_UNIT ( ) SI_UNIT ( $, .RADIAN. ) );
#1228 = ADVANCED_FACE ( 'NONE', ( #487 ), #1533, .F. ) ;
#1229 = CARTESIAN_POINT ( 'NONE',  ( 6.407170895980367900, 7.099999999999999600, -5.361111688650168200 ) ) ;
#1230 = ORIENTED_EDGE ( 'NONE', *, *, #2178, .F. ) ;
#1231 = EDGE_CURVE ( 'NONE', #821, #1158, #1387, .T. ) ;
#1232 = ORIENTED_EDGE ( 'NONE', *, *, #3293, .T. ) ;
#1233 =( NAMED_UNIT ( * ) PLANE_ANGLE_UNIT ( ) SI_UNIT ( $, .RADIAN. ) );
#1234 = AXIS2_PLACEMENT_3D ( 'NONE', #1835, #1322, #273 ) ;
#1235 =( GEOMETRIC_REPRESENTATION_CONTEXT ( 3 ) GLOBAL_UNCERTAINTY_ASSIGNED_CONTEXT ( ( #3216 ) ) GLOBAL_UNIT_ASSIGNED_CONTEXT ( ( #1032, #2340, #532 ) ) REPRESENTATION_CONTEXT ( 'NONE', 'WORKASPACE' ) );
#1236 = SURFACE_SIDE_STYLE ('',( #277 ) ) ;
#1237 = MECHANICAL_DESIGN_GEOMETRIC_PRESENTATION_REPRESENTATION (  '', ( #2996 ), #1846 ) ;
#1238 = ORIENTED_EDGE ( 'NONE', *, *, #2572, .T. ) ;
#1239 =( NAMED_UNIT ( * ) SI_UNIT ( $, .STERADIAN. ) SOLID_ANGLE_UNIT ( ) );
#1240 = DIRECTION ( 'NONE',  ( -0.0000000000000000000, -1.000000000000000000, -0.0000000000000000000 ) ) ;
#1241 = MECHANICAL_DESIGN_GEOMETRIC_PRESENTATION_REPRESENTATION (  '', ( #1200 ), #125 ) ;
#1242 = LINE ( 'NONE', #1883, #796 ) ;
#1243 = CARTESIAN_POINT ( 'NONE',  ( 8.500000000000000000, 1.216666666666666800, -5.818438714135812300 ) ) ;
#1244 = CYLINDRICAL_SURFACE ( 'NONE', #708, 4.062574999999998900 ) ;
#1245 = ADVANCED_FACE ( 'NONE', ( #1224 ), #233, .T. ) ;
#1246 =( NAMED_UNIT ( * ) SI_UNIT ( $, .STERADIAN. ) SOLID_ANGLE_UNIT ( ) );
#1247 = CARTESIAN_POINT ( 'NONE',  ( 5.818438714135814900, 0.3650000000000001000, -8.500000000000000000 ) ) ;
#1248 = DIRECTION ( 'NONE',  ( 0.0000000000000000000, 0.0000000000000000000, 1.000000000000000000 ) ) ;
#1249 = UNCERTAINTY_MEASURE_WITH_UNIT (LENGTH_MEASURE( 1.000000000000000100E-005 ), #2825, 'distance_accuracy_value', 'NONE');
#1250 = LINE ( 'NONE', #2009, #3302 ) ;
#1251 = EDGE_CURVE ( 'NONE', #1226, #2002, #2516, .T. ) ;
#1252 =( LENGTH_UNIT ( ) NAMED_UNIT ( * ) SI_UNIT ( .MILLI., .METRE. ) );
#1253 =( NAMED_UNIT ( * ) SI_UNIT ( $, .STERADIAN. ) SOLID_ANGLE_UNIT ( ) );
#1254 =( GEOMETRIC_REPRESENTATION_CONTEXT ( 3 ) GLOBAL_UNCERTAINTY_ASSIGNED_CONTEXT ( ( #2061 ) ) GLOBAL_UNIT_ASSIGNED_CONTEXT ( ( #1072, #1834, #1058 ) ) REPRESENTATION_CONTEXT ( 'NONE', 'WORKASPACE' ) );
#1255 = ORIENTED_EDGE ( 'NONE', *, *, #1290, .T. ) ;
#1256 = VECTOR ( 'NONE', #429, 1000.000000000000000 ) ;
#1257 = FILL_AREA_STYLE ('',( #457 ) ) ;
#1258 =( LENGTH_UNIT ( ) NAMED_UNIT ( * ) SI_UNIT ( .MILLI., .METRE. ) );
#1259 = ORIENTED_EDGE ( 'NONE', *, *, #886, .F. ) ;
#1260 = MECHANICAL_DESIGN_GEOMETRIC_PRESENTATION_REPRESENTATION (  '', ( #915 ), #241 ) ;
#1261 = CARTESIAN_POINT ( 'NONE',  ( -0.3499999999999996400, -0.2000000000000000100, -4.800000000000000700 ) ) ;
#1262 = FILL_AREA_STYLE_COLOUR ( '', #2457 ) ;
#1263 = ORIENTED_EDGE ( 'NONE', *, *, #2079, .F. ) ;
#1264 = DIRECTION ( 'NONE',  ( 0.0000000000000000000, 0.0000000000000000000, 1.000000000000000000 ) ) ;
#1265 = ORIENTED_EDGE ( 'NONE', *, *, #1539, .T. ) ;
#1266 = LINE ( 'NONE', #1341, #3187 ) ;
#1267 = DIRECTION ( 'NONE',  ( -1.000000000000000000, 0.0000000000000000000, -2.843808977011159300E-016 ) ) ;
#1268 = VERTEX_POINT ( 'NONE', #493 ) ;
#1269 =( NAMED_UNIT ( * ) PLANE_ANGLE_UNIT ( ) SI_UNIT ( $, .RADIAN. ) );
#1270 = EDGE_LOOP ( 'NONE', ( #1758, #2088, #3368, #2320, #3183 ) ) ;
#1271 = CARTESIAN_POINT ( 'NONE',  ( 4.250000000000000000, 7.099999999999999600, -4.250000000000000000 ) ) ;
#1272 =( NAMED_UNIT ( * ) PLANE_ANGLE_UNIT ( ) SI_UNIT ( $, .RADIAN. ) );
#1273 = EDGE_CURVE ( 'NONE', #1063, #691, #2325, .T. ) ;
#1274 = ORIENTED_EDGE ( 'NONE', *, *, #462, .T. ) ;
#1275 = FILL_AREA_STYLE_COLOUR ( '', #244 ) ;
#1276 = VECTOR ( 'NONE', #854, 1000.000000000000000 ) ;
#1277 = ORIENTED_EDGE ( 'NONE', *, *, #2157, .T. ) ;
#1278 = FILL_AREA_STYLE_COLOUR ( '', #3326 ) ;
#1279 = CARTESIAN_POINT ( 'NONE',  ( 6.625750000000000900, 1.216666666666666800, 0.0000000000000000000 ) ) ;
#1280 = CARTESIAN_POINT ( 'NONE',  ( 4.250000000000000000, 6.734999999999999400, -8.312574999999998900 ) ) ;
#1281 = STYLED_ITEM ( 'NONE', ( #2669 ), #839 ) ;
#1282 = SURFACE_STYLE_FILL_AREA ( #1049 ) ;
#1283 =( NAMED_UNIT ( * ) SI_UNIT ( $, .STERADIAN. ) SOLID_ANGLE_UNIT ( ) );
#1284 = SURFACE_STYLE_USAGE ( .BOTH. , #1543 ) ;
#1285 = STYLED_ITEM ( 'NONE', ( #2355 ), #1734 ) ;
#1286 = FACE_OUTER_BOUND ( 'NONE', #3320, .T. ) ;
#1287 = LINE ( 'NONE', #2783, #36 ) ;
#1288 = SURFACE_SIDE_STYLE ('',( #2583 ) ) ;
#1289 = PRESENTATION_STYLE_ASSIGNMENT (( #707 ) ) ;
#1290 = EDGE_CURVE ( 'NONE', #1710, #443, #264, .T. ) ;
#1291 = UNCERTAINTY_MEASURE_WITH_UNIT (LENGTH_MEASURE( 1.000000000000000100E-005 ), #2141, 'distance_accuracy_value', 'NONE');
#1292 = LINE ( 'NONE', #2569, #1329 ) ;
#1293 = SURFACE_STYLE_USAGE ( .BOTH. , #1551 ) ;
#1294 = FILL_AREA_STYLE_COLOUR ( '', #380 ) ;
#1295 =( LENGTH_UNIT ( ) NAMED_UNIT ( * ) SI_UNIT ( .MILLI., .METRE. ) );
#1296 = EDGE_CURVE ( 'NONE', #1153, #3374, #3139, .T. ) ;
#1297 = COLOUR_RGB ( '',0.1019607843137254900, 0.1019607843137254900, 0.1019607843137254900 ) ;
#1298 = DIRECTION ( 'NONE',  ( 0.0000000000000000000, 1.000000000000000000, 0.0000000000000000000 ) ) ;
#1299 = CARTESIAN_POINT ( 'NONE',  ( 0.0000000000000000000, 0.0000000000000000000, 0.0000000000000000000 ) ) ;
#1300 = ORIENTED_EDGE ( 'NONE', *, *, #1210, .F. ) ;
#1301 = ORIENTED_EDGE ( 'NONE', *, *, #3196, .T. ) ;
#1302 = TOROIDAL_SURFACE ( 'NONE', #307, 4.062574999999998900, 0.3029500000000000500 ) ;
#1303 = DIRECTION ( 'NONE',  ( -1.836766033387207400E-015, 0.0000000000000000000, -1.000000000000000000 ) ) ;
#1304 = SURFACE_STYLE_USAGE ( .BOTH. , #3097 ) ;
#1305 = EDGE_LOOP ( 'NONE', ( #1662, #2679, #857, #2472, #2722, #2047 ) ) ;
#1306 = MECHANICAL_DESIGN_GEOMETRIC_PRESENTATION_REPRESENTATION (  '', ( #2066 ), #2869 ) ;
#1307 =( NAMED_UNIT ( * ) PLANE_ANGLE_UNIT ( ) SI_UNIT ( $, .RADIAN. ) );
#1308 = DIRECTION ( 'NONE',  ( -1.000000000000000000, 0.0000000000000000000, 0.0000000000000000000 ) ) ;
#1309 = DIRECTION ( 'NONE',  ( 0.0000000000000000000, 0.0000000000000000000, -1.000000000000000000 ) ) ;
#1310 = ORIENTED_EDGE ( 'NONE', *, *, #2268, .F. ) ;
#1311 = LINE ( 'NONE', #2839, #605 ) ;
#1312 = ORIENTED_EDGE ( 'NONE', *, *, #2359, .F. ) ;
#1313 = VECTOR ( 'NONE', #361, 1000.000000000000000 ) ;
#1314 = PLANE ( 'NONE',  #2808 ) ;
#1315 = DIRECTION ( 'NONE',  ( -1.000000000000000000, 0.0000000000000000000, -0.0000000000000000000 ) ) ;
#1316 = ORIENTED_EDGE ( 'NONE', *, *, #1523, .T. ) ;
#1317 = EDGE_CURVE ( 'NONE', #691, #2820, #1266, .T. ) ;
#1318 = VECTOR ( 'NONE', #408, 1000.000000000000100 ) ;
#1319 = SURFACE_SIDE_STYLE ('',( #1419 ) ) ;
#1320 = ORIENTED_EDGE ( 'NONE', *, *, #1406, .F. ) ;
#1321 = SURFACE_STYLE_USAGE ( .BOTH. , #2381 ) ;
#1322 = DIRECTION ( 'NONE',  ( 0.0000000000000000000, 0.0000000000000000000, -1.000000000000000000 ) ) ;
#1323 =( GEOMETRIC_REPRESENTATION_CONTEXT ( 3 ) GLOBAL_UNCERTAINTY_ASSIGNED_CONTEXT ( ( #2909 ) ) GLOBAL_UNIT_ASSIGNED_CONTEXT ( ( #3283, #2708, #3268 ) ) REPRESENTATION_CONTEXT ( 'NONE', 'WORKASPACE' ) );
#1324 = FACE_OUTER_BOUND ( 'NONE', #3063, .T. ) ;
#1325 = LINE ( 'NONE', #2881, #1364 ) ;
#1326 = PRESENTATION_LAYER_ASSIGNMENT (  '', '', ( #1156 ) ) ;
#1327 = FILL_AREA_STYLE ('',( #2876 ) ) ;
#1328 = STYLED_ITEM ( 'NONE', ( #1289 ), #657 ) ;
#1329 = VECTOR ( 'NONE', #3120, 1000.000000000000000 ) ;
#1330 = LINE ( 'NONE', #1168, #174 ) ;
#1331 = CARTESIAN_POINT ( 'NONE',  ( 4.250000000000000000, 1.825000000000000000, -4.250000000000000000 ) ) ;
#1332 = SURFACE_STYLE_FILL_AREA ( #760 ) ;
#1333 = LINE ( 'NONE', #1470, #2667 ) ;
#1334 = CYLINDRICAL_SURFACE ( 'NONE', #2083, 4.062574999999998900 ) ;
#1335 = FILL_AREA_STYLE ('',( #1084 ) ) ;
#1336 =( LENGTH_UNIT ( ) NAMED_UNIT ( * ) SI_UNIT ( .MILLI., .METRE. ) );
#1337 = CIRCLE ( 'NONE', #1413, 0.3029500000000000500 ) ;
#1338 = LINE ( 'NONE', #196, #1871 ) ;
#1339 = AXIS2_PLACEMENT_3D ( 'NONE', #3217, #838, #3181 ) ;
#1340 = CARTESIAN_POINT ( 'NONE',  ( 4.250000000000000000, 0.3650000000000001000, -4.250000000000000000 ) ) ;
#1341 = CARTESIAN_POINT ( 'NONE',  ( 8.500000000000000000, 0.0000000000000000000, -6.625750000000000000 ) ) ;
#1342 = DIRECTION ( 'NONE',  ( 0.0000000000000000000, 0.0000000000000000000, -1.000000000000000000 ) ) ;
#1343 = VERTEX_POINT ( 'NONE', #3141 ) ;
#1344 = VECTOR ( 'NONE', #2236, 1000.000000000000000 ) ;
#1345 = SURFACE_SIDE_STYLE ('',( #2878 ) ) ;
#1346 = ORIENTED_EDGE ( 'NONE', *, *, #3364, .F. ) ;
#1347 = AXIS2_PLACEMENT_3D ( 'NONE', #2255, #473, #1546 ) ;
#1348 = ORIENTED_EDGE ( 'NONE', *, *, #2968, .F. ) ;
#1349 = SURFACE_STYLE_USAGE ( .BOTH. , #3159 ) ;
#1350 =( NAMED_UNIT ( * ) PLANE_ANGLE_UNIT ( ) SI_UNIT ( $, .RADIAN. ) );
#1351 = CARTESIAN_POINT ( 'NONE',  ( 2.700000000000000200, -0.2000000000000000100, -3.699999999999999700 ) ) ;
#1352 = FACE_BOUND ( 'NONE', #255, .T. ) ;
#1353 = MECHANICAL_DESIGN_GEOMETRIC_PRESENTATION_REPRESENTATION (  '', ( #3003 ), #3033 ) ;
#1354 = EDGE_LOOP ( 'NONE', ( #2123, #563, #2434, #573 ) ) ;
#1355 = UNCERTAINTY_MEASURE_WITH_UNIT (LENGTH_MEASURE( 1.000000000000000100E-005 ), #1725, 'distance_accuracy_value', 'NONE');
#1356 = CARTESIAN_POINT ( 'NONE',  ( 2.681561285864188200, 0.3650000000000001000, 0.0000000000000000000 ) ) ;
#1357 = SURFACE_STYLE_USAGE ( .BOTH. , #259 ) ;
#1358 = ORIENTED_EDGE ( 'NONE', *, *, #1426, .F. ) ;
#1359 = ORIENTED_EDGE ( 'NONE', *, *, #905, .F. ) ;
#1360 =( NAMED_UNIT ( * ) PLANE_ANGLE_UNIT ( ) SI_UNIT ( $, .RADIAN. ) );
#1361 = CARTESIAN_POINT ( 'NONE',  ( 8.500000000000000000, 1.216666666666666800, -8.500000000000000000 ) ) ;
#1362 = EDGE_CURVE ( 'NONE', #2653, #1641, #1108, .T. ) ;
#1363 = DIRECTION ( 'NONE',  ( 0.0000000000000000000, 0.0000000000000000000, 1.000000000000000000 ) ) ;
#1364 = VECTOR ( 'NONE', #1599, 1000.000000000000000 ) ;
#1365 =( NAMED_UNIT ( * ) SI_UNIT ( $, .STERADIAN. ) SOLID_ANGLE_UNIT ( ) );
#1366 = CARTESIAN_POINT ( 'NONE',  ( -3.876472762382632000E-015, 1.825000000000000000, -2.681561285864186400 ) ) ;
#1367 = PRESENTATION_STYLE_ASSIGNMENT (( #1824 ) ) ;
#1368 = CIRCLE ( 'NONE', #2085, 0.1999999999999996500 ) ;
#1369 = FILL_AREA_STYLE_COLOUR ( '', #2837 ) ;
#1370 = PRESENTATION_LAYER_ASSIGNMENT (  '', '', ( #2826 ) ) ;
#1371 = CARTESIAN_POINT ( 'NONE',  ( 2.681561285864186800, 0.3650000000000001000, -8.200000000000001100 ) ) ;
#1372 = CARTESIAN_POINT ( 'NONE',  ( 5.818438714135812300, 1.216666666666666800, -0.2999999999999999300 ) ) ;
#1373 = FILL_AREA_STYLE_COLOUR ( '', #1928 ) ;
#1374 = LINE ( 'NONE', #772, #2672 ) ;
#1375 =( GEOMETRIC_REPRESENTATION_CONTEXT ( 3 ) GLOBAL_UNCERTAINTY_ASSIGNED_CONTEXT ( ( #569 ) ) GLOBAL_UNIT_ASSIGNED_CONTEXT ( ( #267, #2660, #561 ) ) REPRESENTATION_CONTEXT ( 'NONE', 'WORKASPACE' ) );
#1376 = SURFACE_STYLE_FILL_AREA ( #651 ) ;
#1377 = VECTOR ( 'NONE', #2379, 1000.000000000000000 ) ;
#1378 = EDGE_CURVE ( 'NONE', #770, #868, #2479, .T. ) ;
#1379 = VERTEX_POINT ( 'NONE', #1845 ) ;
#1380 = COLOUR_RGB ( '',0.7921568627450980000, 0.8196078431372548800, 0.9333333333333333500 ) ;
#1381 =( NAMED_UNIT ( * ) SI_UNIT ( $, .STERADIAN. ) SOLID_ANGLE_UNIT ( ) );
#1382 = VERTEX_POINT ( 'NONE', #2640 ) ;
#1383 = EDGE_CURVE ( 'NONE', #2034, #873, #1024, .T. ) ;
#1384 =( NAMED_UNIT ( * ) PLANE_ANGLE_UNIT ( ) SI_UNIT ( $, .RADIAN. ) );
#1385 = CARTESIAN_POINT ( 'NONE',  ( 4.999699999999999800, 7.104999999999999500, -2.805850000000000000 ) ) ;
#1386 = ORIENTED_EDGE ( 'NONE', *, *, #3317, .F. ) ;
#1387 = CIRCLE ( 'NONE', #3413, 0.2000000000000000900 ) ;
#1388 = DIRECTION ( 'NONE',  ( 0.0000000000000000000, 0.0000000000000000000, -1.000000000000000000 ) ) ;
#1389 =( GEOMETRIC_REPRESENTATION_CONTEXT ( 3 ) GLOBAL_UNCERTAINTY_ASSIGNED_CONTEXT ( ( #1249 ) ) GLOBAL_UNIT_ASSIGNED_CONTEXT ( ( #2825, #1269, #3314 ) ) REPRESENTATION_CONTEXT ( 'NONE', 'WORKASPACE' ) );
#1390 = PRESENTATION_LAYER_ASSIGNMENT (  '', '', ( #1673 ) ) ;
#1391 = ORIENTED_EDGE ( 'NONE', *, *, #3131, .F. ) ;
#1392 = AXIS2_PLACEMENT_3D ( 'NONE', #488, #897, #3208 ) ;
#1393 = CARTESIAN_POINT ( 'NONE',  ( 0.0000000000000000000, 0.3650000000000001000, -5.818438714135814000 ) ) ;
#1394 = VERTEX_POINT ( 'NONE', #1356 ) ;
#1395 = FILL_AREA_STYLE ('',( #1664 ) ) ;
#1396 = UNCERTAINTY_MEASURE_WITH_UNIT (LENGTH_MEASURE( 1.000000000000000100E-005 ), #414, 'distance_accuracy_value', 'NONE');
#1397 = AXIS2_PLACEMENT_3D ( 'NONE', #239, #3412, #803 ) ;
#1398 =( NAMED_UNIT ( * ) SI_UNIT ( $, .STERADIAN. ) SOLID_ANGLE_UNIT ( ) );
#1399 = VERTEX_POINT ( 'NONE', #553 ) ;
#1400 = CARTESIAN_POINT ( 'NONE',  ( 5.818438714135814900, 0.3650000000000001000, -8.500000000000000000 ) ) ;
#1401 = ORIENTED_EDGE ( 'NONE', *, *, #2321, .T. ) ;
#1402 =( LENGTH_UNIT ( ) NAMED_UNIT ( * ) SI_UNIT ( .MILLI., .METRE. ) );
#1403 = COLOUR_RGB ( '',0.0000000000000000000, 0.0000000000000000000, 0.0000000000000000000 ) ;
#1404 = CARTESIAN_POINT ( 'NONE',  ( 0.0000000000000000000, 1.825000000000000000, -8.500000000000000000 ) ) ;
#1405 = DIRECTION ( 'NONE',  ( -1.000000000000000000, 0.0000000000000000000, 0.0000000000000000000 ) ) ;
#1406 = EDGE_CURVE ( 'NONE', #188, #270, #1956, .T. ) ;
#1407 =( LENGTH_UNIT ( ) NAMED_UNIT ( * ) SI_UNIT ( .MILLI., .METRE. ) );
#1408 = CARTESIAN_POINT ( 'NONE',  ( 0.0000000000000000000, 1.216666666666666800, -5.818438714135812300 ) ) ;
#1409 = FILL_AREA_STYLE ('',( #327 ) ) ;
#1410 = LINE ( 'NONE', #1229, #715 ) ;
#1411 = PRESENTATION_LAYER_ASSIGNMENT (  '', '', ( #592 ) ) ;
#1412 = PRESENTATION_LAYER_ASSIGNMENT (  '', '', ( #1810 ) ) ;
#1413 = AXIS2_PLACEMENT_3D ( 'NONE', #1166, #1687, #1991 ) ;
#1414 =( NAMED_UNIT ( * ) SI_UNIT ( $, .STERADIAN. ) SOLID_ANGLE_UNIT ( ) );
#1415 = LINE ( 'NONE', #1947, #2623 ) ;
#1416 = FILL_AREA_STYLE ('',( #104 ) ) ;
#1417 = AXIS2_PLACEMENT_3D ( 'NONE', #247, #471, #2626 ) ;
#1418 = SURFACE_STYLE_FILL_AREA ( #2177 ) ;
#1419 = SURFACE_STYLE_FILL_AREA ( #833 ) ;
#1420 = SURFACE_STYLE_FILL_AREA ( #2367 ) ;
#1421 = DIRECTION ( 'NONE',  ( 1.000000000000000000, 0.0000000000000000000, -0.0000000000000000000 ) ) ;
#1422 = CARTESIAN_POINT ( 'NONE',  ( 5.818438714135814900, 0.3650000000000001000, -8.200000000000001100 ) ) ;
#1423 = ORIENTED_EDGE ( 'NONE', *, *, #843, .F. ) ;
#1424 = ORIENTED_EDGE ( 'NONE', *, *, #2795, .F. ) ;
#1425 = LINE ( 'NONE', #1929, #3270 ) ;
#1426 = EDGE_CURVE ( 'NONE', #1153, #106, #2404, .T. ) ;
#1427 = ORIENTED_EDGE ( 'NONE', *, *, #2777, .F. ) ;
#1428 = CARTESIAN_POINT ( 'NONE',  ( 0.2999999999999999300, 1.825000000000000000, -2.681561285864186800 ) ) ;
#1429 = SURFACE_STYLE_USAGE ( .BOTH. , #3034 ) ;
#1430 = EDGE_LOOP ( 'NONE', ( #1433, #2082, #601, #1949 ) ) ;
#1431 =( GEOMETRIC_REPRESENTATION_CONTEXT ( 3 ) GLOBAL_UNCERTAINTY_ASSIGNED_CONTEXT ( ( #814 ) ) GLOBAL_UNIT_ASSIGNED_CONTEXT ( ( #1461, #446, #1764 ) ) REPRESENTATION_CONTEXT ( 'NONE', 'WORKASPACE' ) );
#1432 = SURFACE_SIDE_STYLE ('',( #2413 ) ) ;
#1433 = ORIENTED_EDGE ( 'NONE', *, *, #3341, .T. ) ;
#1434 = DIRECTION ( 'NONE',  ( 0.0000000000000000000, 0.0000000000000000000, 1.000000000000000000 ) ) ;
#1435 = ADVANCED_FACE ( 'NONE', ( #398 ), #296, .F. ) ;
#1436 = STYLED_ITEM ( 'NONE', ( #3365 ), #1199 ) ;
#1437 = ORIENTED_EDGE ( 'NONE', *, *, #2635, .F. ) ;
#1438 = UNCERTAINTY_MEASURE_WITH_UNIT (LENGTH_MEASURE( 1.000000000000000100E-005 ), #2519, 'distance_accuracy_value', 'NONE');
#1439 = FACE_OUTER_BOUND ( 'NONE', #1924, .T. ) ;
#1440 = SURFACE_STYLE_USAGE ( .BOTH. , #1135 ) ;
#1441 = DIRECTION ( 'NONE',  ( 0.0000000000000000000, 1.000000000000000000, 0.0000000000000000000 ) ) ;
#1442 = ORIENTED_EDGE ( 'NONE', *, *, #1034, .F. ) ;
#1443 = FILL_AREA_STYLE_COLOUR ( '', #2999 ) ;
#1444 =( NAMED_UNIT ( * ) SI_UNIT ( $, .STERADIAN. ) SOLID_ANGLE_UNIT ( ) );
#1445 = VERTEX_POINT ( 'NONE', #835 ) ;
#1446 = EDGE_CURVE ( 'NONE', #1733, #1268, #100, .T. ) ;
#1447 = DIRECTION ( 'NONE',  ( 0.0000000000000000000, 0.0000000000000000000, -1.000000000000000000 ) ) ;
#1448 = LINE ( 'NONE', #957, #624 ) ;
#1449 = SURFACE_SIDE_STYLE ('',( #1861 ) ) ;
#1450 = CARTESIAN_POINT ( 'NONE',  ( 4.250000000000000000, 7.099999999999999600, -4.250000000000000000 ) ) ;
#1451 = EDGE_CURVE ( 'NONE', #3147, #615, #2153, .T. ) ;
#1452 = LINE ( 'NONE', #2577, #881 ) ;
#1453 = ADVANCED_FACE ( 'NONE', ( #1721 ), #1302, .F. ) ;
#1454 = COLOUR_RGB ( '',0.0000000000000000000, 0.0000000000000000000, 0.0000000000000000000 ) ;
#1455 = CARTESIAN_POINT ( 'NONE',  ( 5.381079547306396400, 7.104999999999999500, -4.198631054429681000 ) ) ;
#1456 = SURFACE_SIDE_STYLE ('',( #3135 ) ) ;
#1457 = CARTESIAN_POINT ( 'NONE',  ( 6.625750000000000900, 0.0000000000000000000, 0.0000000000000000000 ) ) ;
#1458 = FACE_OUTER_BOUND ( 'NONE', #1473, .T. ) ;
#1459 = CIRCLE ( 'NONE', #130, 0.3650000000000007700 ) ;
#1460 = MECHANICAL_DESIGN_GEOMETRIC_PRESENTATION_REPRESENTATION (  '', ( #3078 ), #929 ) ;
#1461 =( LENGTH_UNIT ( ) NAMED_UNIT ( * ) SI_UNIT ( .MILLI., .METRE. ) );
#1462 = VECTOR ( 'NONE', #1920, 1000.000000000000000 ) ;
#1463 = COLOUR_RGB ( '',0.1019607843137254900, 0.1019607843137254900, 0.1019607843137254900 ) ;
#1464 = UNCERTAINTY_MEASURE_WITH_UNIT (LENGTH_MEASURE( 1.000000000000000100E-005 ), #1597, 'distance_accuracy_value', 'NONE');
#1465 = DIRECTION ( 'NONE',  ( 0.0000000000000000000, 0.0000000000000000000, -1.000000000000000000 ) ) ;
#1466 = PRESENTATION_LAYER_ASSIGNMENT (  '', '', ( #333 ) ) ;
#1467 = PLANE ( 'NONE',  #1070 ) ;
#1468 = ORIENTED_EDGE ( 'NONE', *, *, #2594, .F. ) ;
#1469 = VECTOR ( 'NONE', #1225, 1000.000000000000000 ) ;
#1470 = CARTESIAN_POINT ( 'NONE',  ( 5.381079547306396400, 7.104999999999999500, -3.319363575886128200 ) ) ;
#1471 =( NAMED_UNIT ( * ) PLANE_ANGLE_UNIT ( ) SI_UNIT ( $, .RADIAN. ) );
#1472 = EDGE_CURVE ( 'NONE', #3234, #1191, #2322, .T. ) ;
#1473 = EDGE_LOOP ( 'NONE', ( #225, #2400, #201, #3399 ) ) ;
#1474 = SURFACE_SIDE_STYLE ('',( #301 ) ) ;
#1475 = ADVANCED_FACE ( 'NONE', ( #3360 ), #2436, .F. ) ;
#1476 = ORIENTED_EDGE ( 'NONE', *, *, #3404, .T. ) ;
#1477 = EDGE_CURVE ( 'NONE', #1019, #518, #3316, .T. ) ;
#1478 = FILL_AREA_STYLE ('',( #2517 ) ) ;
#1479 = ORIENTED_EDGE ( 'NONE', *, *, #1644, .T. ) ;
#1480 = DIRECTION ( 'NONE',  ( 0.0000000000000000000, 1.000000000000000000, -0.0000000000000000000 ) ) ;
#1481 = CARTESIAN_POINT ( 'NONE',  ( 8.500000000000000000, 0.0000000000000000000, -6.625750000000000000 ) ) ;
#1482 = PRESENTATION_LAYER_ASSIGNMENT (  '', '', ( #3346 ) ) ;
#1483 = ORIENTED_EDGE ( 'NONE', *, *, #1188, .T. ) ;
#1484 = SURFACE_STYLE_USAGE ( .BOTH. , #2770 ) ;
#1485 =( NAMED_UNIT ( * ) SI_UNIT ( $, .STERADIAN. ) SOLID_ANGLE_UNIT ( ) );
#1486 = ORIENTED_EDGE ( 'NONE', *, *, #3341, .F. ) ;
#1487 = DIRECTION ( 'NONE',  ( -1.000000000000000000, 0.0000000000000000000, 0.0000000000000000000 ) ) ;
#1488 = PLANE ( 'NONE',  #890 ) ;
#1489 = AXIS2_PLACEMENT_3D ( 'NONE', #1450, #1441, #1178 ) ;
#1490 = SURFACE_STYLE_FILL_AREA ( #133 ) ;
#1491 = SURFACE_SIDE_STYLE ('',( #77 ) ) ;
#1492 = LINE ( 'NONE', #2972, #1039 ) ;
#1493 = VECTOR ( 'NONE', #720, 1000.000000000000000 ) ;
#1494 = ADVANCED_FACE ( 'NONE', ( #2847 ), #335, .T. ) ;
#1495 = DIRECTION ( 'NONE',  ( -0.0000000000000000000, 1.000000000000000000, -0.0000000000000000000 ) ) ;
#1496 = CARTESIAN_POINT ( 'NONE',  ( 5.381079547306396400, 7.104999999999999500, -4.198631054429681000 ) ) ;
#1497 = CARTESIAN_POINT ( 'NONE',  ( 6.407170895980367900, 7.104999999999999500, -3.132117435131643600 ) ) ;
#1498 = EDGE_CURVE ( 'NONE', #1766, #2286, #2035, .T. ) ;
#1499 = DIRECTION ( 'NONE',  ( 0.0000000000000000000, 0.0000000000000000000, 1.000000000000000000 ) ) ;
#1500 = COLOUR_RGB ( '',0.8941176470588234600, 0.9137254901960784000, 0.9294117647058823800 ) ;
#1501 = EDGE_CURVE ( 'NONE', #113, #2807, #2473, .T. ) ;
#1502 = FILL_AREA_STYLE_COLOUR ( '', #1980 ) ;
#1503 = DIRECTION ( 'NONE',  ( 1.000000000000000000, 0.0000000000000000000, 0.0000000000000000000 ) ) ;
#1504 = FACE_OUTER_BOUND ( 'NONE', #343, .T. ) ;
#1505 = UNCERTAINTY_MEASURE_WITH_UNIT (LENGTH_MEASURE( 1.000000000000000100E-005 ), #853, 'distance_accuracy_value', 'NONE');
#1506 = VECTOR ( 'NONE', #172, 1000.000000000000000 ) ;
#1507 = MECHANICAL_DESIGN_GEOMETRIC_PRESENTATION_REPRESENTATION (  '', ( #2555 ), #2494 ) ;
#1508 = PRESENTATION_LAYER_ASSIGNMENT (  '', '', ( #1216 ) ) ;
#1509 = MECHANICAL_DESIGN_GEOMETRIC_PRESENTATION_REPRESENTATION (  '', ( #1328 ), #2191 ) ;
#1510 = SURFACE_STYLE_USAGE ( .BOTH. , #1205 ) ;
#1511 = ORIENTED_EDGE ( 'NONE', *, *, #1640, .F. ) ;
#1512 = ADVANCED_FACE ( 'NONE', ( #1627 ), #3254, .F. ) ;
#1513 = DIRECTION ( 'NONE',  ( 0.0000000000000000000, 0.0000000000000000000, 1.000000000000000000 ) ) ;
#1514 = ORIENTED_EDGE ( 'NONE', *, *, #2572, .F. ) ;
#1515 = CARTESIAN_POINT ( 'NONE',  ( 6.407170895980367900, 7.104999999999999500, -2.805850000000000000 ) ) ;
#1516 = VERTEX_POINT ( 'NONE', #1921 ) ;
#1517 =( NAMED_UNIT ( * ) PLANE_ANGLE_UNIT ( ) SI_UNIT ( $, .RADIAN. ) );
#1518 = SURFACE_SIDE_STYLE ('',( #2073 ) ) ;
#1519 = SURFACE_STYLE_USAGE ( .BOTH. , #2804 ) ;
#1520 = ORIENTED_EDGE ( 'NONE', *, *, #2271, .T. ) ;
#1521 = DIRECTION ( 'NONE',  ( -0.5740940732108399400, 0.0000000000000000000, -0.8187893472097611500 ) ) ;
#1522 = ORIENTED_EDGE ( 'NONE', *, *, #2341, .F. ) ;
#1523 = EDGE_CURVE ( 'NONE', #903, #2401, #2112, .T. ) ;
#1524 = VECTOR ( 'NONE', #211, 1000.000000000000000 ) ;
#1525 = ORIENTED_EDGE ( 'NONE', *, *, #291, .F. ) ;
#1526 = SURFACE_STYLE_FILL_AREA ( #2072 ) ;
#1527 = DIRECTION ( 'NONE',  ( 0.0000000000000000000, 0.0000000000000000000, 1.000000000000000000 ) ) ;
#1528 = STYLED_ITEM ( 'NONE', ( #2874 ), #2158 ) ;
#1529 = CARTESIAN_POINT ( 'NONE',  ( 4.250000000000000000, 0.3650000000000001000, -4.250000000000000000 ) ) ;
#1530 = CARTESIAN_POINT ( 'NONE',  ( 5.381079547306393700, 7.104999999999999500, -5.194358658074004400 ) ) ;
#1531 = AXIS2_PLACEMENT_3D ( 'NONE', #3331, #3052, #1499 ) ;
#1532 = ORIENTED_EDGE ( 'NONE', *, *, #673, .T. ) ;
#1533 = PLANE ( 'NONE',  #1896 ) ;
#1534 = DIRECTION ( 'NONE',  ( 0.0000000000000000000, -0.0000000000000000000, 1.000000000000000000 ) ) ;
#1535 =( GEOMETRIC_REPRESENTATION_CONTEXT ( 3 ) GLOBAL_UNCERTAINTY_ASSIGNED_CONTEXT ( ( #1954 ) ) GLOBAL_UNIT_ASSIGNED_CONTEXT ( ( #1604, #2894, #1381 ) ) REPRESENTATION_CONTEXT ( 'NONE', 'WORKASPACE' ) );
#1536 = FILL_AREA_STYLE ('',( #2650 ) ) ;
#1537 =( NAMED_UNIT ( * ) SI_UNIT ( $, .STERADIAN. ) SOLID_ANGLE_UNIT ( ) );
#1538 = FACE_OUTER_BOUND ( 'NONE', #2520, .T. ) ;
#1539 = EDGE_CURVE ( 'NONE', #1884, #817, #1667, .T. ) ;
#1540 = SURFACE_SIDE_STYLE ('',( #2428 ) ) ;
#1541 = SURFACE_STYLE_FILL_AREA ( #3236 ) ;
#1542 = FILL_AREA_STYLE_COLOUR ( '', #2361 ) ;
#1543 = SURFACE_SIDE_STYLE ('',( #3161 ) ) ;
#1544 = FACE_OUTER_BOUND ( 'NONE', #2438, .T. ) ;
#1545 = FACE_OUTER_BOUND ( 'NONE', #2159, .T. ) ;
#1546 = DIRECTION ( 'NONE',  ( 0.0000000000000000000, 0.0000000000000000000, -1.000000000000000000 ) ) ;
#1547 = MECHANICAL_DESIGN_GEOMETRIC_PRESENTATION_REPRESENTATION (  '', ( #3346 ), #1648 ) ;
#1548 = COLOUR_RGB ( '',0.8941176470588234600, 0.9137254901960784000, 0.9294117647058823800 ) ;
#1549 = UNCERTAINTY_MEASURE_WITH_UNIT (LENGTH_MEASURE( 1.000000000000000100E-005 ), #107, 'distance_accuracy_value', 'NONE');
#1550 = FACE_OUTER_BOUND ( 'NONE', #1430, .T. ) ;
#1551 = SURFACE_SIDE_STYLE ('',( #2462 ) ) ;
#1552 = DIRECTION ( 'NONE',  ( 0.0000000000000000000, 0.0000000000000000000, 1.000000000000000000 ) ) ;
#1553 = ORIENTED_EDGE ( 'NONE', *, *, #3148, .F. ) ;
#1554 = SURFACE_STYLE_FILL_AREA ( #407 ) ;
#1555 = DIRECTION ( 'NONE',  ( 0.0000000000000000000, -0.0000000000000000000, 1.000000000000000000 ) ) ;
#1556 =( NAMED_UNIT ( * ) SI_UNIT ( $, .STERADIAN. ) SOLID_ANGLE_UNIT ( ) );
#1557 = ORIENTED_EDGE ( 'NONE', *, *, #271, .F. ) ;
#1558 = PRESENTATION_LAYER_ASSIGNMENT (  '', '', ( #313 ) ) ;
#1559 = ORIENTED_EDGE ( 'NONE', *, *, #2747, .T. ) ;
#1560 = ORIENTED_EDGE ( 'NONE', *, *, #243, .F. ) ;
#1561 = CARTESIAN_POINT ( 'NONE',  ( 4.250000000000000000, 7.104999999999999500, -4.250000000000000000 ) ) ;
#1562 = FILL_AREA_STYLE ('',( #2055 ) ) ;
#1563 = EDGE_CURVE ( 'NONE', #2510, #533, #1425, .T. ) ;
#1564 = SURFACE_STYLE_FILL_AREA ( #2765 ) ;
#1565 = EDGE_LOOP ( 'NONE', ( #2963, #1595, #2681, #2813 ) ) ;
#1566 = CARTESIAN_POINT ( 'NONE',  ( 5.997442092279873000, 7.104999999999999500, -3.319363575886130800 ) ) ;
#1567 = STYLED_ITEM ( 'NONE', ( #2143 ), #49 ) ;
#1568 = EDGE_LOOP ( 'NONE', ( #695, #3182, #1346, #2231 ) ) ;
#1569 = VECTOR ( 'NONE', #96, 1000.000000000000000 ) ;
#1570 = STYLED_ITEM ( 'NONE', ( #664 ), #2740 ) ;
#1571 =( LENGTH_UNIT ( ) NAMED_UNIT ( * ) SI_UNIT ( .MILLI., .METRE. ) );
#1572 =( LENGTH_UNIT ( ) NAMED_UNIT ( * ) SI_UNIT ( .MILLI., .METRE. ) );
#1573 = PLANE ( 'NONE',  #1591 ) ;
#1574 = CARTESIAN_POINT ( 'NONE',  ( 8.500000000000000000, 0.0000000000000000000, -6.625750000000000000 ) ) ;
#1575 = CARTESIAN_POINT ( 'NONE',  ( 8.500000000000000000, 0.3650000000000001000, -5.818438714135812300 ) ) ;
#1576 = PRESENTATION_LAYER_ASSIGNMENT (  '', '', ( #3003 ) ) ;
#1577 = EDGE_CURVE ( 'NONE', #1631, #2415, #1181, .T. ) ;
#1578 = LINE ( 'NONE', #678, #1981 ) ;
#1579 = VECTOR ( 'NONE', #1877, 1000.000000000000000 ) ;
#1580 = PLANE ( 'NONE',  #2981 ) ;
#1581 = CARTESIAN_POINT ( 'NONE',  ( 8.500000000000000000, 0.3650000000000001000, -2.681561285864188200 ) ) ;
#1582 = SURFACE_STYLE_FILL_AREA ( #2992 ) ;
#1583 = VECTOR ( 'NONE', #2062, 1000.000000000000000 ) ;
#1584 = EDGE_CURVE ( 'NONE', #1158, #188, #3226, .T. ) ;
#1585 = DIRECTION ( 'NONE',  ( 0.0000000000000000000, 0.0000000000000000000, 1.000000000000000000 ) ) ;
#1586 =( LENGTH_UNIT ( ) NAMED_UNIT ( * ) SI_UNIT ( .MILLI., .METRE. ) );
#1587 = CARTESIAN_POINT ( 'NONE',  ( 5.381079547306393700, 7.104999999999999500, -4.535198855793510100 ) ) ;
#1588 = COLOUR_RGB ( '',0.0000000000000000000, 0.0000000000000000000, 0.0000000000000000000 ) ;
#1589 = VECTOR ( 'NONE', #3037, 1000.000000000000000 ) ;
#1590 = PRESENTATION_LAYER_ASSIGNMENT (  '', '', ( #171 ) ) ;
#1591 = AXIS2_PLACEMENT_3D ( 'NONE', #2639, #522, #2607 ) ;
#1592 = ORIENTED_EDGE ( 'NONE', *, *, #949, .F. ) ;
#1593 = SURFACE_SIDE_STYLE ('',( #302 ) ) ;
#1594 = FILL_AREA_STYLE_COLOUR ( '', #1500 ) ;
#1595 = ORIENTED_EDGE ( 'NONE', *, *, #1825, .F. ) ;
#1596 = SURFACE_STYLE_FILL_AREA ( #66 ) ;
#1597 =( LENGTH_UNIT ( ) NAMED_UNIT ( * ) SI_UNIT ( .MILLI., .METRE. ) );
#1598 = FILL_AREA_STYLE ('',( #2101 ) ) ;
#1599 = DIRECTION ( 'NONE',  ( -1.000000000000000000, -0.0000000000000000000, 0.0000000000000000000 ) ) ;
#1600 = ORIENTED_EDGE ( 'NONE', *, *, #1210, .T. ) ;
#1601 = FACE_OUTER_BOUND ( 'NONE', #362, .T. ) ;
#1602 = APPLICATION_PROTOCOL_DEFINITION ( 'draft international standard', 'automotive_design', 1998, #1860 ) ;
#1603 = ORIENTED_EDGE ( 'NONE', *, *, #1621, .T. ) ;
#1604 =( LENGTH_UNIT ( ) NAMED_UNIT ( * ) SI_UNIT ( .MILLI., .METRE. ) );
#1605 = SURFACE_SIDE_STYLE ('',( #2951 ) ) ;
#1606 = CARTESIAN_POINT ( 'NONE',  ( 5.818438714135812300, 1.216666666666666800, -8.500000000000000000 ) ) ;
#1607 = ORIENTED_EDGE ( 'NONE', *, *, #1317, .T. ) ;
#1608 = EDGE_CURVE ( 'NONE', #1076, #1733, #557, .T. ) ;
#1609 =( NAMED_UNIT ( * ) PLANE_ANGLE_UNIT ( ) SI_UNIT ( $, .RADIAN. ) );
#1610 = VERTEX_POINT ( 'NONE', #3009 ) ;
#1611 = UNCERTAINTY_MEASURE_WITH_UNIT (LENGTH_MEASURE( 1.000000000000000100E-005 ), #1336, 'distance_accuracy_value', 'NONE');
#1612 = CARTESIAN_POINT ( 'NONE',  ( 4.999699999999999800, 7.104999999999999500, -3.132117435131643600 ) ) ;
#1613 = CARTESIAN_POINT ( 'NONE',  ( 4.250000000000000000, 7.099999999999999600, -4.250000000000000000 ) ) ;
#1614 = CARTESIAN_POINT ( 'NONE',  ( 2.500000000000000000, -0.2000000000000000100, -3.699999999999999700 ) ) ;
#1615 = FILL_AREA_STYLE ('',( #1594 ) ) ;
#1616 = STYLED_ITEM ( 'NONE', ( #2969 ), #1245 ) ;
#1617 = SURFACE_STYLE_USAGE ( .BOTH. , #1319 ) ;
#1618 = DIRECTION ( 'NONE',  ( 0.0000000000000000000, 0.0000000000000000000, -1.000000000000000000 ) ) ;
#1619 = AXIS2_PLACEMENT_3D ( 'NONE', #2942, #1677, #75 ) ;
#1620 = COLOUR_RGB ( '',0.1019607843137254900, 0.1019607843137254900, 0.1019607843137254900 ) ;
#1621 = EDGE_CURVE ( 'NONE', #3324, #1631, #977, .T. ) ;
#1622 = PLANE ( 'NONE',  #3311 ) ;
#1623 = VECTOR ( 'NONE', #1031, 1000.000000000000000 ) ;
#1624 =( GEOMETRIC_REPRESENTATION_CONTEXT ( 3 ) GLOBAL_UNCERTAINTY_ASSIGNED_CONTEXT ( ( #2511 ) ) GLOBAL_UNIT_ASSIGNED_CONTEXT ( ( #1649, #3167, #2657 ) ) REPRESENTATION_CONTEXT ( 'NONE', 'WORKASPACE' ) );
#1625 = SURFACE_SIDE_STYLE ('',( #2706 ) ) ;
#1626 = ORIENTED_EDGE ( 'NONE', *, *, #1767, .T. ) ;
#1627 = FACE_OUTER_BOUND ( 'NONE', #2398, .T. ) ;
#1628 = FILL_AREA_STYLE ('',( #602 ) ) ;
#1629 = EDGE_LOOP ( 'NONE', ( #141, #744, #3315, #2269 ) ) ;
#1630 = STYLED_ITEM ( 'NONE', ( #625 ), #2232 ) ;
#1631 = VERTEX_POINT ( 'NONE', #2730 ) ;
#1632 = PLANE ( 'NONE',  #1619 ) ;
#1633 =( LENGTH_UNIT ( ) NAMED_UNIT ( * ) SI_UNIT ( .MILLI., .METRE. ) );
#1634 = VECTOR ( 'NONE', #2880, 1000.000000000000000 ) ;
#1635 = MECHANICAL_DESIGN_GEOMETRIC_PRESENTATION_REPRESENTATION (  '', ( #1285 ), #3355 ) ;
#1636 = ORIENTED_EDGE ( 'NONE', *, *, #2835, .T. ) ;
#1637 = LINE ( 'NONE', #2193, #983 ) ;
#1638 =( NAMED_UNIT ( * ) SI_UNIT ( $, .STERADIAN. ) SOLID_ANGLE_UNIT ( ) );
#1639 = ORIENTED_EDGE ( 'NONE', *, *, #499, .T. ) ;
#1640 = EDGE_CURVE ( 'NONE', #2007, #352, #2551, .T. ) ;
#1641 = VERTEX_POINT ( 'NONE', #589 ) ;
#1642 =( LENGTH_UNIT ( ) NAMED_UNIT ( * ) SI_UNIT ( .MILLI., .METRE. ) );
#1643 = SURFACE_STYLE_USAGE ( .BOTH. , #876 ) ;
#1644 = EDGE_CURVE ( 'NONE', #1226, #1158, #1837, .T. ) ;
#1645 = UNCERTAINTY_MEASURE_WITH_UNIT (LENGTH_MEASURE( 1.000000000000000100E-005 ), #3416, 'distance_accuracy_value', 'NONE');
#1646 =( LENGTH_UNIT ( ) NAMED_UNIT ( * ) SI_UNIT ( .MILLI., .METRE. ) );
#1647 = CARTESIAN_POINT ( 'NONE',  ( 5.669532934686574600, 7.104999999999999500, -4.365036138344194700 ) ) ;
#1648 =( GEOMETRIC_REPRESENTATION_CONTEXT ( 3 ) GLOBAL_UNCERTAINTY_ASSIGNED_CONTEXT ( ( #2903 ) ) GLOBAL_UNIT_ASSIGNED_CONTEXT ( ( #554, #2641, #2899 ) ) REPRESENTATION_CONTEXT ( 'NONE', 'WORKASPACE' ) );
#1649 =( LENGTH_UNIT ( ) NAMED_UNIT ( * ) SI_UNIT ( .MILLI., .METRE. ) );
#1650 = CIRCLE ( 'NONE', #213, 4.250000000000000000 ) ;
#1651 = SURFACE_STYLE_FILL_AREA ( #841 ) ;
#1652 = SURFACE_STYLE_USAGE ( .BOTH. , #3222 ) ;
#1653 =( LENGTH_UNIT ( ) NAMED_UNIT ( * ) SI_UNIT ( .MILLI., .METRE. ) );
#1654 = FACE_OUTER_BOUND ( 'NONE', #2370, .T. ) ;
#1655 = FILL_AREA_STYLE_COLOUR ( '', #1914 ) ;
#1656 = SURFACE_SIDE_STYLE ('',( #878 ) ) ;
#1657 = TOROIDAL_SURFACE ( 'NONE', #2019, 3.697574999999999200, 0.3649999999999999900 ) ;
#1658 = LINE ( 'NONE', #1155, #2464 ) ;
#1659 =( NAMED_UNIT ( * ) PLANE_ANGLE_UNIT ( ) SI_UNIT ( $, .RADIAN. ) );
#1660 = LINE ( 'NONE', #3111, #2675 ) ;
#1661 = EDGE_CURVE ( 'NONE', #358, #434, #437, .T. ) ;
#1662 = ORIENTED_EDGE ( 'NONE', *, *, #1446, .F. ) ;
#1663 = FILL_AREA_STYLE ('',( #2683 ) ) ;
#1664 = FILL_AREA_STYLE_COLOUR ( '', #1775 ) ;
#1665 = ORIENTED_EDGE ( 'NONE', *, *, #2861, .F. ) ;
#1666 = EDGE_CURVE ( 'NONE', #274, #3397, #2632, .T. ) ;
#1667 = LINE ( 'NONE', #341, #2964 ) ;
#1668 = DIRECTION ( 'NONE',  ( -1.000000000000000000, 0.0000000000000000000, 0.0000000000000000000 ) ) ;
#1669 = PLANE ( 'NONE',  #2447 ) ;
#1670 = VERTEX_POINT ( 'NONE', #147 ) ;
#1671 =( NAMED_UNIT ( * ) SI_UNIT ( $, .STERADIAN. ) SOLID_ANGLE_UNIT ( ) );
#1672 = AXIS2_PLACEMENT_3D ( 'NONE', #447, #3192, #1909 ) ;
#1673 = STYLED_ITEM ( 'NONE', ( #422 ), #2553 ) ;
#1674 = ORIENTED_EDGE ( 'NONE', *, *, #1451, .T. ) ;
#1675 = AXIS2_PLACEMENT_3D ( 'NONE', #1351, #2554, #1267 ) ;
#1676 = VECTOR ( 'NONE', #3308, 1000.000000000000000 ) ;
#1677 = DIRECTION ( 'NONE',  ( 0.8188487752536025600, 0.0000000000000000000, -0.5740093059051180100 ) ) ;
#1678 = EDGE_LOOP ( 'NONE', ( #1553, #347, #830, #3193, #20, #603, #2477, #2311, #1112, #1162, #646, #486, #729, #51 ) ) ;
#1679 =( NAMED_UNIT ( * ) PLANE_ANGLE_UNIT ( ) SI_UNIT ( $, .RADIAN. ) );
#1680 = PRESENTATION_STYLE_ASSIGNMENT (( #1643 ) ) ;
#1681 = CARTESIAN_POINT ( 'NONE',  ( 2.681561285864186800, 0.3650000000000001000, -8.500000000000000000 ) ) ;
#1682 = ORIENTED_EDGE ( 'NONE', *, *, #3148, .T. ) ;
#1683 = CARTESIAN_POINT ( 'NONE',  ( 2.681561285864186800, 0.3650000000000001000, 0.0000000000000000000 ) ) ;
#1684 = CARTESIAN_POINT ( 'NONE',  ( 0.0000000000000000000, 0.3650000000000001000, -5.818438714135814000 ) ) ;
#1685 = VECTOR ( 'NONE', #1248, 1000.000000000000000 ) ;
#1686 = ORIENTED_EDGE ( 'NONE', *, *, #1785, .F. ) ;
#1687 = DIRECTION ( 'NONE',  ( 1.000000000000000000, 0.0000000000000000000, -1.224646799147353200E-016 ) ) ;
#1688 = FACE_OUTER_BOUND ( 'NONE', #3118, .T. ) ;
#1689 = UNCERTAINTY_MEASURE_WITH_UNIT (LENGTH_MEASURE( 1.000000000000000100E-005 ), #2812, 'distance_accuracy_value', 'NONE');
#1690 =( NAMED_UNIT ( * ) PLANE_ANGLE_UNIT ( ) SI_UNIT ( $, .RADIAN. ) );
#1691 = MECHANICAL_DESIGN_GEOMETRIC_PRESENTATION_REPRESENTATION (  '', ( #2378 ), #1323 ) ;
#1692 = ADVANCED_FACE ( 'NONE', ( #2512 ), #1940, .F. ) ;
#1693 =( NAMED_UNIT ( * ) PLANE_ANGLE_UNIT ( ) SI_UNIT ( $, .RADIAN. ) );
#1694 =( NAMED_UNIT ( * ) PLANE_ANGLE_UNIT ( ) SI_UNIT ( $, .RADIAN. ) );
#1695 = PRESENTATION_STYLE_ASSIGNMENT (( #1765 ) ) ;
#1696 = MECHANICAL_DESIGN_GEOMETRIC_PRESENTATION_REPRESENTATION (  '', ( #1528 ), #709 ) ;
#1697 = AXIS2_PLACEMENT_3D ( 'NONE', #989, #2774, #3029 ) ;
#1698 = CIRCLE ( 'NONE', #393, 0.3029499999999997200 ) ;
#1699 =( NAMED_UNIT ( * ) SI_UNIT ( $, .STERADIAN. ) SOLID_ANGLE_UNIT ( ) );
#1700 = SURFACE_STYLE_FILL_AREA ( #86 ) ;
#1701 = COLOUR_RGB ( '',0.0000000000000000000, 0.0000000000000000000, 0.0000000000000000000 ) ;
#1702 = STYLED_ITEM ( 'NONE', ( #2709 ), #2031 ) ;
#1703 = SURFACE_STYLE_USAGE ( .BOTH. , #3273 ) ;
#1704 = LINE ( 'NONE', #460, #2840 ) ;
#1705 = FACE_OUTER_BOUND ( 'NONE', #23, .T. ) ;
#1706 = PRESENTATION_STYLE_ASSIGNMENT (( #1349 ) ) ;
#1707 = CARTESIAN_POINT ( 'NONE',  ( 4.250000000000000000, 1.885590000000000100, -4.250000000000000000 ) ) ;
#1708 = DIRECTION ( 'NONE',  ( 0.0000000000000000000, 0.0000000000000000000, 1.000000000000000000 ) ) ;
#1709 = CARTESIAN_POINT ( 'NONE',  ( 6.402706152770193200, 7.099999999999999600, -3.319363575886130800 ) ) ;
#1710 = VERTEX_POINT ( 'NONE', #2222 ) ;
#1711 = SURFACE_STYLE_FILL_AREA ( #531 ) ;
#1712 = UNCERTAINTY_MEASURE_WITH_UNIT (LENGTH_MEASURE( 1.000000000000000100E-005 ), #3091, 'distance_accuracy_value', 'NONE');
#1713 = FILL_AREA_STYLE_COLOUR ( '', #552 ) ;
#1714 = ORIENTED_EDGE ( 'NONE', *, *, #2635, .T. ) ;
#1715 = ADVANCED_FACE ( 'NONE', ( #224 ), #2247, .T. ) ;
#1716 = SURFACE_STYLE_FILL_AREA ( #1140 ) ;
#1717 = EDGE_CURVE ( 'NONE', #2111, #1379, #856, .T. ) ;
#1718 = EDGE_LOOP ( 'NONE', ( #1600, #2759, #1075, #1636 ) ) ;
#1719 =( NAMED_UNIT ( * ) SI_UNIT ( $, .STERADIAN. ) SOLID_ANGLE_UNIT ( ) );
#1720 = CARTESIAN_POINT ( 'NONE',  ( 4.250000000000000000, 2.188540000000000200, -4.250000000000000000 ) ) ;
#1721 = FACE_OUTER_BOUND ( 'NONE', #981, .T. ) ;
#1722 = VERTEX_POINT ( 'NONE', #3290 ) ;
#1723 = DIRECTION ( 'NONE',  ( 0.0000000000000000000, 0.0000000000000000000, 1.000000000000000000 ) ) ;
#1724 = AXIS2_PLACEMENT_3D ( 'NONE', #2743, #1202, #2754 ) ;
#1725 =( LENGTH_UNIT ( ) NAMED_UNIT ( * ) SI_UNIT ( .MILLI., .METRE. ) );
#1726 = PLANE ( 'NONE',  #2429 ) ;
#1727 = ORIENTED_EDGE ( 'NONE', *, *, #962, .F. ) ;
#1728 = FACE_OUTER_BOUND ( 'NONE', #2817, .T. ) ;
#1729 = AXIS2_PLACEMENT_3D ( 'NONE', #2331, #1006, #764 ) ;
#1730 = ORIENTED_EDGE ( 'NONE', *, *, #2483, .T. ) ;
#1731 = FILL_AREA_STYLE_COLOUR ( '', #799 ) ;
#1732 = CARTESIAN_POINT ( 'NONE',  ( 8.500000000000000000, 0.0000000000000000000, -3.700000000000000600 ) ) ;
#1733 = VERTEX_POINT ( 'NONE', #2196 ) ;
#1734 = ADVANCED_FACE ( 'NONE', ( #812 ), #2431, .F. ) ;
#1735 = LINE ( 'NONE', #1975, #2169 ) ;
#1736 = SURFACE_STYLE_USAGE ( .BOTH. , #2208 ) ;
#1737 = FILL_AREA_STYLE_COLOUR ( '', #2012 ) ;
#1738 = EDGE_CURVE ( 'NONE', #2162, #1118, #256, .T. ) ;
#1739 = UNCERTAINTY_MEASURE_WITH_UNIT (LENGTH_MEASURE( 1.000000000000000100E-005 ), #1139, 'distance_accuracy_value', 'NONE');
#1740 =( NAMED_UNIT ( * ) SI_UNIT ( $, .STERADIAN. ) SOLID_ANGLE_UNIT ( ) );
#1741 = DIRECTION ( 'NONE',  ( 0.0000000000000000000, 0.0000000000000000000, -1.000000000000000000 ) ) ;
#1742 = EDGE_CURVE ( 'NONE', #3377, #2820, #1143, .T. ) ;
#1743 = LINE ( 'NONE', #1515, #3124 ) ;
#1744 = LINE ( 'NONE', #2127, #74 ) ;
#1745 = VECTOR ( 'NONE', #3359, 1000.000000000000000 ) ;
#1746 = FILL_AREA_STYLE ('',( #2997 ) ) ;
#1747 = MECHANICAL_DESIGN_GEOMETRIC_PRESENTATION_REPRESENTATION (  '', ( #1215 ), #1389 ) ;
#1748 = MECHANICAL_DESIGN_GEOMETRIC_PRESENTATION_REPRESENTATION (  '', ( #1156 ), #617 ) ;
#1749 = STYLED_ITEM ( 'NONE', ( #108 ), #938 ) ;
#1750 = FILL_AREA_STYLE_COLOUR ( '', #1463 ) ;
#1751 = CYLINDRICAL_SURFACE ( 'NONE', #2211, 0.1999999999999996500 ) ;
#1752 = PRESENTATION_STYLE_ASSIGNMENT (( #2161 ) ) ;
#1753 = ADVANCED_FACE ( 'NONE', ( #44 ), #1788, .T. ) ;
#1754 = FILL_AREA_STYLE_COLOUR ( '', #1859 ) ;
#1755 = LINE ( 'NONE', #2096, #1138 ) ;
#1756 = CARTESIAN_POINT ( 'NONE',  ( 5.818438714135814900, 0.3650000000000001000, 0.0000000000000000000 ) ) ;
#1757 = STYLED_ITEM ( 'NONE', ( #1830 ), #1978 ) ;
#1758 = ORIENTED_EDGE ( 'NONE', *, *, #3043, .F. ) ;
#1759 = SURFACE_STYLE_FILL_AREA ( #1257 ) ;
#1760 = CARTESIAN_POINT ( 'NONE',  ( 2.681561285864188200, 1.825000000000000000, -0.0000000000000000000 ) ) ;
#1761 = EDGE_CURVE ( 'NONE', #58, #489, #2148, .T. ) ;
#1762 = UNCERTAINTY_MEASURE_WITH_UNIT (LENGTH_MEASURE( 1.000000000000000100E-005 ), #355, 'distance_accuracy_value', 'NONE');
#1763 = ORIENTED_EDGE ( 'NONE', *, *, #1057, .F. ) ;
#1764 =( NAMED_UNIT ( * ) SI_UNIT ( $, .STERADIAN. ) SOLID_ANGLE_UNIT ( ) );
#1765 = SURFACE_STYLE_USAGE ( .BOTH. , #947 ) ;
#1766 = VERTEX_POINT ( 'NONE', #1247 ) ;
#1767 = EDGE_CURVE ( 'NONE', #3147, #3241, #3267, .T. ) ;
#1768 = ORIENTED_EDGE ( 'NONE', *, *, #2488, .F. ) ;
#1769 = SURFACE_STYLE_FILL_AREA ( #1209 ) ;
#1770 = DIRECTION ( 'NONE',  ( -0.6274016762861016600, 0.0000000000000000000, 0.7786957920737659400 ) ) ;
#1771 = MECHANICAL_DESIGN_GEOMETRIC_PRESENTATION_REPRESENTATION (  '', ( #171 ), #1932 ) ;
#1772 = ORIENTED_EDGE ( 'NONE', *, *, #859, .T. ) ;
#1773 = CARTESIAN_POINT ( 'NONE',  ( 0.0000000000000000000, 0.3650000000000001000, -5.818438714135812300 ) ) ;
#1774 = STYLED_ITEM ( 'NONE', ( #2069 ), #373 ) ;
#1775 = COLOUR_RGB ( '',0.1019607843137254900, 0.1019607843137254900, 0.1019607843137254900 ) ;
#1776 = EDGE_LOOP ( 'NONE', ( #1424, #3150, #1626, #970 ) ) ;
#1777 = CARTESIAN_POINT ( 'NONE',  ( 8.500000000000000000, 1.825000000000000000, 0.0000000000000000000 ) ) ;
#1778 = DIRECTION ( 'NONE',  ( -0.0000000000000000000, -0.0000000000000000000, 1.000000000000000000 ) ) ;
#1779 = AXIS2_PLACEMENT_3D ( 'NONE', #1021, #1043, #1303 ) ;
#1780 = ORIENTED_EDGE ( 'NONE', *, *, #1972, .T. ) ;
#1781 = DIRECTION ( 'NONE',  ( 0.0000000000000000000, 0.0000000000000000000, -1.000000000000000000 ) ) ;
#1782 =( NAMED_UNIT ( * ) PLANE_ANGLE_UNIT ( ) SI_UNIT ( $, .RADIAN. ) );
#1783 = DIRECTION ( 'NONE',  ( 0.0000000000000000000, 0.0000000000000000000, 1.000000000000000000 ) ) ;
#1784 = FACE_OUTER_BOUND ( 'NONE', #1814, .T. ) ;
#1785 = EDGE_CURVE ( 'NONE', #1892, #2162, #1946, .T. ) ;
#1786 = COLOUR_RGB ( '',0.1019607843137254900, 0.1019607843137254900, 0.1019607843137254900 ) ;
#1787 = AXIS2_PLACEMENT_3D ( 'NONE', #542, #2371, #3163 ) ;
#1788 = PLANE ( 'NONE',  #2676 ) ;
#1789 = DIRECTION ( 'NONE',  ( 0.0000000000000000000, 1.000000000000000000, 0.0000000000000000000 ) ) ;
#1790 = COLOUR_RGB ( '',0.8941176470588234600, 0.9137254901960784000, 0.9294117647058823800 ) ;
#1791 = VERTEX_POINT ( 'NONE', #2508 ) ;
#1792 = SURFACE_SIDE_STYLE ('',( #2003 ) ) ;
#1793 = PRESENTATION_STYLE_ASSIGNMENT (( #3015 ) ) ;
#1794 = ORIENTED_EDGE ( 'NONE', *, *, #2268, .T. ) ;
#1795 = FILL_AREA_STYLE ('',( #1275 ) ) ;
#1796 = UNCERTAINTY_MEASURE_WITH_UNIT (LENGTH_MEASURE( 1.000000000000000100E-005 ), #2129, 'distance_accuracy_value', 'NONE');
#1797 = ORIENTED_EDGE ( 'NONE', *, *, #1498, .T. ) ;
#1798 = PRESENTATION_STYLE_ASSIGNMENT (( #311 ) ) ;
#1799 =( LENGTH_UNIT ( ) NAMED_UNIT ( * ) SI_UNIT ( .MILLI., .METRE. ) );
#1800 = DIRECTION ( 'NONE',  ( 0.0000000000000000000, 0.0000000000000000000, -1.000000000000000000 ) ) ;
#1801 = EDGE_CURVE ( 'NONE', #260, #358, #1176, .T. ) ;
#1802 = CLOSED_SHELL ( 'NONE', ( #1512, #2031, #581, #2107, #2214, #3022, #657, #1692, #303, #168, #3310, #31, #129 ) ) ;
#1803 = VECTOR ( 'NONE', #2872, 1000.000000000000000 ) ;
#1804 = SURFACE_SIDE_STYLE ('',( #1282 ) ) ;
#1805 = ORIENTED_EDGE ( 'NONE', *, *, #2461, .F. ) ;
#1806 = STYLED_ITEM ( 'NONE', ( #1 ), #115 ) ;
#1807 = ORIENTED_EDGE ( 'NONE', *, *, #136, .F. ) ;
#1808 = DIRECTION ( 'NONE',  ( -0.0000000000000000000, -0.0000000000000000000, -1.000000000000000000 ) ) ;
#1809 = AXIS2_PLACEMENT_3D ( 'NONE', #2043, #1789, #2301 ) ;
#1810 = STYLED_ITEM ( 'NONE', ( #426 ), #2485 ) ;
#1811 = SURFACE_STYLE_USAGE ( .BOTH. , #1593 ) ;
#1812 =( NAMED_UNIT ( * ) SI_UNIT ( $, .STERADIAN. ) SOLID_ANGLE_UNIT ( ) );
#1813 = PRESENTATION_LAYER_ASSIGNMENT (  '', '', ( #1749 ) ) ;
#1814 = EDGE_LOOP ( 'NONE', ( #1665, #2042, #1730, #1674, #1312 ) ) ;
#1815 = FILL_AREA_STYLE ('',( #1542 ) ) ;
#1816 = CARTESIAN_POINT ( 'NONE',  ( 5.669532934686574600, 7.104999999999999500, -4.365036138344194700 ) ) ;
#1817 = MECHANICAL_DESIGN_GEOMETRIC_PRESENTATION_REPRESENTATION (  '', ( #577 ), #2854 ) ;
#1818 = LINE ( 'NONE', #1366, #619 ) ;
#1819 = COLOUR_RGB ( '',0.8941176470588234600, 0.9137254901960784000, 0.9294117647058823800 ) ;
#1820 = EDGE_CURVE ( 'NONE', #222, #1399, #1338, .T. ) ;
#1821 = MANIFOLD_SOLID_BREP ( 'Body-Move/Copy1[1]', #1802 ) ;
#1822 = CARTESIAN_POINT ( 'NONE',  ( 4.250000000000000000, 7.099999999999999600, -7.624967499999999500 ) ) ;
#1823 = DIRECTION ( 'NONE',  ( 0.0000000000000000000, -1.000000000000000000, 0.0000000000000000000 ) ) ;
#1824 = SURFACE_STYLE_USAGE ( .BOTH. , #507 ) ;
#1825 = EDGE_CURVE ( 'NONE', #260, #1879, #2756, .T. ) ;
#1826 = COLOUR_RGB ( '',0.8980392156862745400, 0.9215686274509803400, 0.9294117647058823800 ) ;
#1827 = SURFACE_SIDE_STYLE ('',( #2769 ) ) ;
#1828 = PRESENTATION_LAYER_ASSIGNMENT (  '', '', ( #1133 ) ) ;
#1829 = SURFACE_STYLE_FILL_AREA ( #2471 ) ;
#1830 = PRESENTATION_STYLE_ASSIGNMENT (( #1811 ) ) ;
#1831 = DIRECTION ( 'NONE',  ( -1.000000000000000000, -0.0000000000000000000, 0.0000000000000000000 ) ) ;
#1832 = ORIENTED_EDGE ( 'NONE', *, *, #2317, .F. ) ;
#1833 = MECHANICAL_DESIGN_GEOMETRIC_PRESENTATION_REPRESENTATION (  '', ( #1616 ), #2648 ) ;
#1834 =( NAMED_UNIT ( * ) PLANE_ANGLE_UNIT ( ) SI_UNIT ( $, .RADIAN. ) );
#1835 = CARTESIAN_POINT ( 'NONE',  ( 2.700000000000000200, -0.2000000000000000100, -4.800000000000000700 ) ) ;
#1836 = EDGE_LOOP ( 'NONE', ( #3105, #3411, #1958, #2560 ) ) ;
#1837 = LINE ( 'NONE', #634, #2190 ) ;
#1838 = ORIENTED_EDGE ( 'NONE', *, *, #1034, .T. ) ;
#1839 = ORIENTED_EDGE ( 'NONE', *, *, #3020, .T. ) ;
#1840 =( NAMED_UNIT ( * ) PLANE_ANGLE_UNIT ( ) SI_UNIT ( $, .RADIAN. ) );
#1841 = EDGE_CURVE ( 'NONE', #2442, #2151, #430, .T. ) ;
#1842 = CIRCLE ( 'NONE', #3237, 0.3649999999999999900 ) ;
#1843 = ORIENTED_EDGE ( 'NONE', *, *, #2968, .T. ) ;
#1844 = FILL_AREA_STYLE_COLOUR ( '', #3218 ) ;
#1845 = CARTESIAN_POINT ( 'NONE',  ( 0.2999999999999999900, 1.825000000000000000, -5.818438714135814000 ) ) ;
#1846 =( GEOMETRIC_REPRESENTATION_CONTEXT ( 3 ) GLOBAL_UNCERTAINTY_ASSIGNED_CONTEXT ( ( #189 ) ) GLOBAL_UNIT_ASSIGNED_CONTEXT ( ( #3303, #946, #1239 ) ) REPRESENTATION_CONTEXT ( 'NONE', 'WORKASPACE' ) );
#1847 = ORIENTED_EDGE ( 'NONE', *, *, #1446, .T. ) ;
#1848 = EDGE_LOOP ( 'NONE', ( #3174, #1922, #2892, #1525 ) ) ;
#1849 = PRESENTATION_LAYER_ASSIGNMENT (  '', '', ( #1570 ) ) ;
#1850 = PLANE ( 'NONE',  #2071 ) ;
#1851 = DIRECTION ( 'NONE',  ( -0.0000000000000000000, -1.000000000000000000, -0.0000000000000000000 ) ) ;
#1852 = PRESENTATION_LAYER_ASSIGNMENT (  '', '', ( #1281 ) ) ;
#1853 = DIRECTION ( 'NONE',  ( 0.0000000000000000000, 0.0000000000000000000, 1.000000000000000000 ) ) ;
#1854 = CIRCLE ( 'NONE', #637, 4.250000000000000000 ) ;
#1855 = UNCERTAINTY_MEASURE_WITH_UNIT (LENGTH_MEASURE( 1.000000000000000100E-005 ), #3295, 'distance_accuracy_value', 'NONE');
#1856 = SURFACE_SIDE_STYLE ('',( #3013 ) ) ;
#1857 = CARTESIAN_POINT ( 'NONE',  ( 4.250000000000000000, 2.491490000000000200, -4.250000000000000000 ) ) ;
#1858 = STYLED_ITEM ( 'NONE', ( #85 ), #2046 ) ;
#1859 = COLOUR_RGB ( '',0.8941176470588234600, 0.9137254901960784000, 0.9294117647058823800 ) ;
#1860 = APPLICATION_CONTEXT ( 'automotive_design' ) ;
#1861 = SURFACE_STYLE_FILL_AREA ( #2785 ) ;
#1862 = FACE_OUTER_BOUND ( 'NONE', #102, .T. ) ;
#1863 = FACE_OUTER_BOUND ( 'NONE', #16, .T. ) ;
#1864 = CARTESIAN_POINT ( 'NONE',  ( 4.250000000000000900, 6.734999999999999400, -7.947574999999998700 ) ) ;
#1865 = DIRECTION ( 'NONE',  ( -0.0000000000000000000, -0.0000000000000000000, 1.000000000000000000 ) ) ;
#1866 = CIRCLE ( 'NONE', #731, 4.062574999999998900 ) ;
#1867 = PRESENTATION_LAYER_ASSIGNMENT (  '', '', ( #1806 ) ) ;
#1868 = CARTESIAN_POINT ( 'NONE',  ( 2.681561285864188200, 1.825000000000000000, 0.0000000000000000000 ) ) ;
#1869 = DIRECTION ( 'NONE',  ( 0.0000000000000000000, -1.000000000000000000, 0.0000000000000000000 ) ) ;
#1870 = LINE ( 'NONE', #2090, #1377 ) ;
#1871 = VECTOR ( 'NONE', #747, 1000.000000000000000 ) ;
#1872 = STYLED_ITEM ( 'NONE', ( #789 ), #3176 ) ;
#1873 = PRESENTATION_LAYER_ASSIGNMENT (  '', '', ( #1065 ) ) ;
#1874 = STYLED_ITEM ( 'NONE', ( #84 ), #263 ) ;
#1875 = EDGE_LOOP ( 'NONE', ( #3330, #1255, #1805, #3093 ) ) ;
#1876 = DIRECTION ( 'NONE',  ( 0.0000000000000000000, 0.0000000000000000000, 1.000000000000000000 ) ) ;
#1877 = DIRECTION ( 'NONE',  ( 0.0000000000000000000, 0.0000000000000000000, -1.000000000000000000 ) ) ;
#1878 = CARTESIAN_POINT ( 'NONE',  ( 6.000000000000000000, -0.2000000000000000100, -4.800000000000000700 ) ) ;
#1879 = VERTEX_POINT ( 'NONE', #3083 ) ;
#1880 =( GEOMETRIC_REPRESENTATION_CONTEXT ( 3 ) GLOBAL_UNCERTAINTY_ASSIGNED_CONTEXT ( ( #932 ) ) GLOBAL_UNIT_ASSIGNED_CONTEXT ( ( #2532, #1782, #160 ) ) REPRESENTATION_CONTEXT ( 'NONE', 'WORKASPACE' ) );
#1881 = DIRECTION ( 'NONE',  ( 1.000000000000000000, 0.0000000000000000000, 0.0000000000000000000 ) ) ;
#1882 = DIRECTION ( 'NONE',  ( 0.0000000000000000000, 0.0000000000000000000, 1.000000000000000000 ) ) ;
#1883 = CARTESIAN_POINT ( 'NONE',  ( 5.381079547306393700, 7.104999999999999500, -5.194358658074004400 ) ) ;
#1884 = VERTEX_POINT ( 'NONE', #1496 ) ;
#1885 = DIRECTION ( 'NONE',  ( 0.0000000000000000000, 1.000000000000000000, 0.0000000000000000000 ) ) ;
#1886 = VERTEX_POINT ( 'NONE', #2521 ) ;
#1887 = CARTESIAN_POINT ( 'NONE',  ( 5.818438714135812300, 1.216666666666666800, -8.500000000000000000 ) ) ;
#1888 = EDGE_LOOP ( 'NONE', ( #3143, #1955, #2606, #2565 ) ) ;
#1889 = FILL_AREA_STYLE ('',( #2338 ) ) ;
#1890 = EDGE_CURVE ( 'NONE', #382, #2482, #3219, .T. ) ;
#1891 = VECTOR ( 'NONE', #699, 1000.000000000000000 ) ;
#1892 = VERTEX_POINT ( 'NONE', #973 ) ;
#1893 = CARTESIAN_POINT ( 'NONE',  ( -0.3499999999999996400, -0.2000000000000000100, -4.800000000000000700 ) ) ;
#1894 = AXIS2_PLACEMENT_3D ( 'NONE', #2864, #1309, #3115 ) ;
#1895 = SURFACE_STYLE_USAGE ( .BOTH. , #3419 ) ;
#1896 = AXIS2_PLACEMENT_3D ( 'NONE', #3367, #2819, #3384 ) ;
#1897 = CARTESIAN_POINT ( 'NONE',  ( 0.0000000000000000000, 0.3650000000000001000, -5.818438714135814000 ) ) ;
#1898 = UNCERTAINTY_MEASURE_WITH_UNIT (LENGTH_MEASURE( 1.000000000000000100E-005 ), #90, 'distance_accuracy_value', 'NONE');
#1899 = DIRECTION ( 'NONE',  ( -1.000000000000000000, -0.0000000000000000000, -2.843808977011159300E-016 ) ) ;
#1900 = LINE ( 'NONE', #427, #2500 ) ;
#1901 = DIRECTION ( 'NONE',  ( 0.5740940732108399400, 0.0000000000000000000, 0.8187893472097610400 ) ) ;
#1902 = PRESENTATION_STYLE_ASSIGNMENT (( #2490 ) ) ;
#1903 = LINE ( 'NONE', #215, #3166 ) ;
#1904 = EDGE_CURVE ( 'NONE', #1023, #3195, #1097, .T. ) ;
#1905 = FILL_AREA_STYLE_COLOUR ( '', #2816 ) ;
#1906 = MECHANICAL_DESIGN_GEOMETRIC_PRESENTATION_REPRESENTATION (  '', ( #864 ), #3350 ) ;
#1907 = FILL_AREA_STYLE_COLOUR ( '', #591 ) ;
#1908 =( LENGTH_UNIT ( ) NAMED_UNIT ( * ) SI_UNIT ( .MILLI., .METRE. ) );
#1909 = DIRECTION ( 'NONE',  ( 0.0000000000000000000, 0.0000000000000000000, 1.000000000000000000 ) ) ;
#1910 = ORIENTED_EDGE ( 'NONE', *, *, #243, .T. ) ;
#1911 = ORIENTED_EDGE ( 'NONE', *, *, #2359, .T. ) ;
#1912 = MECHANICAL_DESIGN_GEOMETRIC_PRESENTATION_REPRESENTATION (  '', ( #2900 ), #2144 ) ;
#1913 =( GEOMETRIC_REPRESENTATION_CONTEXT ( 3 ) GLOBAL_UNCERTAINTY_ASSIGNED_CONTEXT ( ( #2248 ) ) GLOBAL_UNIT_ASSIGNED_CONTEXT ( ( #1100, #1350, #2115 ) ) REPRESENTATION_CONTEXT ( 'NONE', 'WORKASPACE' ) );
#1914 = COLOUR_RGB ( '',0.8980392156862745400, 0.9215686274509803400, 0.9294117647058823800 ) ;
#1915 = EDGE_LOOP ( 'NONE', ( #931, #3053, #2735, #3101 ) ) ;
#1916 =( NAMED_UNIT ( * ) SI_UNIT ( $, .STERADIAN. ) SOLID_ANGLE_UNIT ( ) );
#1917 = UNCERTAINTY_MEASURE_WITH_UNIT (LENGTH_MEASURE( 1.000000000000000100E-005 ), #1402, 'distance_accuracy_value', 'NONE');
#1918 = PRESENTATION_LAYER_ASSIGNMENT (  '', '', ( #1757 ) ) ;
#1919 = ORIENTED_EDGE ( 'NONE', *, *, #752, .F. ) ;
#1920 = DIRECTION ( 'NONE',  ( -0.0000000000000000000, -1.000000000000000000, -0.0000000000000000000 ) ) ;
#1921 = CARTESIAN_POINT ( 'NONE',  ( 6.625749999999999100, 0.0000000000000000000, 2.168404344971008900E-016 ) ) ;
#1922 = ORIENTED_EDGE ( 'NONE', *, *, #673, .F. ) ;
#1923 =( NAMED_UNIT ( * ) PLANE_ANGLE_UNIT ( ) SI_UNIT ( $, .RADIAN. ) );
#1924 = EDGE_LOOP ( 'NONE', ( #1348, #779, #813, #3280 ) ) ;
#1925 =( NAMED_UNIT ( * ) SI_UNIT ( $, .STERADIAN. ) SOLID_ANGLE_UNIT ( ) );
#1926 = EDGE_CURVE ( 'NONE', #489, #1076, #383, .T. ) ;
#1927 = ORIENTED_EDGE ( 'NONE', *, *, #2877, .F. ) ;
#1928 = COLOUR_RGB ( '',0.0000000000000000000, 0.0000000000000000000, 0.0000000000000000000 ) ;
#1929 = CARTESIAN_POINT ( 'NONE',  ( 4.250000000000000000, 7.099999999999999600, -8.312574999999998900 ) ) ;
#1930 = DIRECTION ( 'NONE',  ( -1.000000000000000000, 0.0000000000000000000, 0.0000000000000000000 ) ) ;
#1931 =( GEOMETRIC_REPRESENTATION_CONTEXT ( 3 ) GLOBAL_UNCERTAINTY_ASSIGNED_CONTEXT ( ( #1040 ) ) GLOBAL_UNIT_ASSIGNED_CONTEXT ( ( #2155, #2948, #2176 ) ) REPRESENTATION_CONTEXT ( 'NONE', 'WORKASPACE' ) );
#1932 =( GEOMETRIC_REPRESENTATION_CONTEXT ( 3 ) GLOBAL_UNCERTAINTY_ASSIGNED_CONTEXT ( ( #3068 ) ) GLOBAL_UNIT_ASSIGNED_CONTEXT ( ( #1572, #242, #2833 ) ) REPRESENTATION_CONTEXT ( 'NONE', 'WORKASPACE' ) );
#1933 = PRESENTATION_LAYER_ASSIGNMENT (  '', '', ( #120 ) ) ;
#1934 = DIRECTION ( 'NONE',  ( 0.0000000000000000000, 0.0000000000000000000, -1.000000000000000000 ) ) ;
#1935 = FACE_OUTER_BOUND ( 'NONE', #1187, .T. ) ;
#1936 =( LENGTH_UNIT ( ) NAMED_UNIT ( * ) SI_UNIT ( .MILLI., .METRE. ) );
#1937 =( GEOMETRIC_REPRESENTATION_CONTEXT ( 3 ) GLOBAL_UNCERTAINTY_ASSIGNED_CONTEXT ( ( #677 ) ) GLOBAL_UNIT_ASSIGNED_CONTEXT ( ( #1799, #214, #2077 ) ) REPRESENTATION_CONTEXT ( 'NONE', 'WORKASPACE' ) );
#1938 = DIRECTION ( 'NONE',  ( 0.0000000000000000000, 1.000000000000000000, -0.0000000000000000000 ) ) ;
#1939 = CARTESIAN_POINT ( 'NONE',  ( 4.250000000000000000, 7.099999999999999600, -8.312574999999998900 ) ) ;
#1940 = PLANE ( 'NONE',  #2738 ) ;
#1941 = DIRECTION ( 'NONE',  ( -0.0000000000000000000, 1.000000000000000000, -0.0000000000000000000 ) ) ;
#1942 = DIRECTION ( 'NONE',  ( 0.0000000000000000000, 0.0000000000000000000, 1.000000000000000000 ) ) ;
#1943 = FACE_OUTER_BOUND ( 'NONE', #7, .T. ) ;
#1944 = EDGE_CURVE ( 'NONE', #458, #401, #967, .T. ) ;
#1945 = COLOUR_RGB ( '',0.1019607843137254900, 0.1019607843137254900, 0.1019607843137254900 ) ;
#1946 = LINE ( 'NONE', #2300, #1256 ) ;
#1947 = CARTESIAN_POINT ( 'NONE',  ( 5.381079547306393700, 7.099999999999999600, -5.194358658074004400 ) ) ;
#1948 =( NAMED_UNIT ( * ) PLANE_ANGLE_UNIT ( ) SI_UNIT ( $, .RADIAN. ) );
#1949 = ORIENTED_EDGE ( 'NONE', *, *, #2163, .T. ) ;
#1950 = MECHANICAL_DESIGN_GEOMETRIC_PRESENTATION_REPRESENTATION (  '', ( #346 ), #2643 ) ;
#1951 = CARTESIAN_POINT ( 'NONE',  ( 8.500000000000000000, 0.3650000000000001000, -5.818438714135812300 ) ) ;
#1952 = CARTESIAN_POINT ( 'NONE',  ( 0.0000000000000000000, 1.216666666666666800, -2.681561285864188200 ) ) ;
#1953 = ORIENTED_EDGE ( 'NONE', *, *, #604, .T. ) ;
#1954 = UNCERTAINTY_MEASURE_WITH_UNIT (LENGTH_MEASURE( 1.000000000000000100E-005 ), #1604, 'distance_accuracy_value', 'NONE');
#1955 = ORIENTED_EDGE ( 'NONE', *, *, #2700, .T. ) ;
#1956 = LINE ( 'NONE', #35, #1634 ) ;
#1957 = MANIFOLD_SOLID_BREP ( 'Boss-Extrude4', #63 ) ;
#1958 = ORIENTED_EDGE ( 'NONE', *, *, #2444, .F. ) ;
#1959 = CARTESIAN_POINT ( 'NONE',  ( 4.999699999999999800, 7.104999999999999500, -3.132117435131643600 ) ) ;
#1960 = SURFACE_STYLE_FILL_AREA ( #1889 ) ;
#1961 = ADVANCED_FACE ( 'NONE', ( #40 ), #1314, .T. ) ;
#1962 = DIRECTION ( 'NONE',  ( 0.0000000000000000000, 0.0000000000000000000, -1.000000000000000000 ) ) ;
#1963 = ORIENTED_EDGE ( 'NONE', *, *, #2444, .T. ) ;
#1964 = CARTESIAN_POINT ( 'NONE',  ( 5.800000000000000700, 0.0000000000000000000, -4.800000000000000700 ) ) ;
#1965 = LINE ( 'NONE', #1606, #21 ) ;
#1966 = ORIENTED_EDGE ( 'NONE', *, *, #2117, .F. ) ;
#1967 = EDGE_CURVE ( 'NONE', #234, #817, #1755, .T. ) ;
#1968 = DIRECTION ( 'NONE',  ( -1.000000000000000000, 0.0000000000000000000, 0.0000000000000000000 ) ) ;
#1969 = DIRECTION ( 'NONE',  ( 0.0000000000000000000, 0.0000000000000000000, -1.000000000000000000 ) ) ;
#1970 = DIRECTION ( 'NONE',  ( -0.0000000000000000000, -1.000000000000000000, -0.0000000000000000000 ) ) ;
#1971 = DIRECTION ( 'NONE',  ( -0.0000000000000000000, -1.000000000000000000, -0.0000000000000000000 ) ) ;
#1972 = EDGE_CURVE ( 'NONE', #2510, #985, #3051, .T. ) ;
#1973 = DIRECTION ( 'NONE',  ( -1.000000000000000000, 0.0000000000000000000, 0.0000000000000000000 ) ) ;
#1974 = FILL_AREA_STYLE_COLOUR ( '', #2916 ) ;
#1975 = CARTESIAN_POINT ( 'NONE',  ( 4.999699999999999800, 7.104999999999999500, -2.805850000000000000 ) ) ;
#1976 = PRESENTATION_LAYER_ASSIGNMENT (  '', '', ( #368 ) ) ;
#1977 = SURFACE_STYLE_FILL_AREA ( #2505 ) ;
#1978 = ADVANCED_FACE ( 'NONE', ( #3306 ), #1580, .F. ) ;
#1979 = FILL_AREA_STYLE ('',( #2526 ) ) ;
#1980 = COLOUR_RGB ( '',0.0000000000000000000, 0.0000000000000000000, 0.0000000000000000000 ) ;
#1981 = VECTOR ( 'NONE', #2737, 1000.000000000000000 ) ;
#1982 = COLOUR_RGB ( '',0.1019607843137254900, 0.1019607843137254900, 0.1019607843137254900 ) ;
#1983 = DIRECTION ( 'NONE',  ( 0.0000000000000000000, -1.000000000000000000, 0.0000000000000000000 ) ) ;
#1984 = AXIS2_PLACEMENT_3D ( 'NONE', #2971, #879, #1164 ) ;
#1985 = PLANE ( 'NONE',  #491 ) ;
#1986 = COLOUR_RGB ( '',0.8941176470588234600, 0.9137254901960784000, 0.9294117647058823800 ) ;
#1987 = PLANE ( 'NONE',  #216 ) ;
#1988 = FILL_AREA_STYLE_COLOUR ( '', #641 ) ;
#1989 = DIRECTION ( 'NONE',  ( 1.000000000000000000, 0.0000000000000000000, 0.0000000000000000000 ) ) ;
#1990 = EDGE_CURVE ( 'NONE', #3234, #410, #1094, .T. ) ;
#1991 = DIRECTION ( 'NONE',  ( 0.0000000000000000000, 0.0000000000000000000, -1.000000000000000000 ) ) ;
#1992 = VERTEX_POINT ( 'NONE', #1279 ) ;
#1993 = EDGE_CURVE ( 'NONE', #2717, #2506, #1374, .T. ) ;
#1994 = ORIENTED_EDGE ( 'NONE', *, *, #517, .F. ) ;
#1995 = DIRECTION ( 'NONE',  ( 1.000000000000000000, 0.0000000000000000000, 0.0000000000000000000 ) ) ;
#1996 = ADVANCED_FACE ( 'NONE', ( #509 ), #3214, .T. ) ;
#1997 = ORIENTED_EDGE ( 'NONE', *, *, #61, .F. ) ;
#1998 = PRESENTATION_LAYER_ASSIGNMENT (  '', '', ( #1064 ) ) ;
#1999 = DIRECTION ( 'NONE',  ( 0.0000000000000000000, 0.0000000000000000000, 1.000000000000000000 ) ) ;
#2000 = DIRECTION ( 'NONE',  ( 1.000000000000000000, 0.0000000000000000000, 0.0000000000000000000 ) ) ;
#2001 = UNCERTAINTY_MEASURE_WITH_UNIT (LENGTH_MEASURE( 1.000000000000000100E-005 ), #2731, 'distance_accuracy_value', 'NONE');
#2002 = VERTEX_POINT ( 'NONE', #2929 ) ;
#2003 = SURFACE_STYLE_FILL_AREA ( #776 ) ;
#2004 =( LENGTH_UNIT ( ) NAMED_UNIT ( * ) SI_UNIT ( .MILLI., .METRE. ) );
#2005 = FILL_AREA_STYLE ('',( #1754 ) ) ;
#2006 = AXIS2_PLACEMENT_3D ( 'NONE', #2218, #1480, #2712 ) ;
#2007 = VERTEX_POINT ( 'NONE', #828 ) ;
#2008 = VECTOR ( 'NONE', #2580, 1000.000000000000000 ) ;
#2009 = CARTESIAN_POINT ( 'NONE',  ( 5.669532934686574600, 7.104999999999999500, -4.365036138344194700 ) ) ;
#2010 = ORIENTED_EDGE ( 'NONE', *, *, #2795, .T. ) ;
#2011 = CARTESIAN_POINT ( 'NONE',  ( 6.407170895980367900, 7.104999999999999500, -5.361111688650168200 ) ) ;
#2012 = COLOUR_RGB ( '',0.0000000000000000000, 0.0000000000000000000, 0.0000000000000000000 ) ;
#2013 = ORIENTED_EDGE ( 'NONE', *, *, #1477, .T. ) ;
#2014 = PRESENTATION_STYLE_ASSIGNMENT (( #312 ) ) ;
#2015 = EDGE_CURVE ( 'NONE', #2002, #821, #128, .T. ) ;
#2016 = SURFACE_SIDE_STYLE ('',( #295 ) ) ;
#2017 = ADVANCED_FACE ( 'NONE', ( #1545 ), #925, .F. ) ;
#2018 =( NAMED_UNIT ( * ) SI_UNIT ( $, .STERADIAN. ) SOLID_ANGLE_UNIT ( ) );
#2019 = AXIS2_PLACEMENT_3D ( 'NONE', #2425, #340, #33 ) ;
#2020 = LINE ( 'NONE', #2316, #2873 ) ;
#2021 = VECTOR ( 'NONE', #2905, 1000.000000000000000 ) ;
#2022 = LINE ( 'NONE', #697, #1203 ) ;
#2023 =( NAMED_UNIT ( * ) PLANE_ANGLE_UNIT ( ) SI_UNIT ( $, .RADIAN. ) );
#2024 = CARTESIAN_POINT ( 'NONE',  ( 6.337724959187636600, 7.099999999999999600, -5.194358624149853800 ) ) ;
#2025 = AXIS2_PLACEMENT_3D ( 'NONE', #816, #2887, #1969 ) ;
#2026 = AXIS2_PLACEMENT_3D ( 'NONE', #1161, #2943, #1405 ) ;
#2027 = CARTESIAN_POINT ( 'NONE',  ( 4.250000000000000900, 7.099999999999999600, -0.1874250000000014800 ) ) ;
#2028 = FACE_OUTER_BOUND ( 'NONE', #740, .T. ) ;
#2029 = FACE_OUTER_BOUND ( 'NONE', #778, .T. ) ;
#2030 = CARTESIAN_POINT ( 'NONE',  ( 8.200000000000001100, 0.3650000000000001000, -5.818438714135812300 ) ) ;
#2031 = ADVANCED_FACE ( 'NONE', ( #675 ), #1850, .F. ) ;
#2032 = DIRECTION ( 'NONE',  ( -0.7786957920737659400, 0.0000000000000000000, -0.6274016762861016600 ) ) ;
#2033 = DIRECTION ( 'NONE',  ( 0.0000000000000000000, -1.000000000000000000, -0.0000000000000000000 ) ) ;
#2034 = VERTEX_POINT ( 'NONE', #1126 ) ;
#2035 = LINE ( 'NONE', #1400, #2884 ) ;
#2036 = ORIENTED_EDGE ( 'NONE', *, *, #1383, .F. ) ;
#2037 = VERTEX_POINT ( 'NONE', #306 ) ;
#2038 = CIRCLE ( 'NONE', #2006, 4.250000000000000000 ) ;
#2039 = DIRECTION ( 'NONE',  ( 1.000000000000000000, 0.0000000000000000000, 0.0000000000000000000 ) ) ;
#2040 = MECHANICAL_DESIGN_GEOMETRIC_PRESENTATION_REPRESENTATION (  '', ( #1872 ), #2209 ) ;
#2041 = PRESENTATION_LAYER_ASSIGNMENT (  '', '', ( #374 ) ) ;
#2042 = ORIENTED_EDGE ( 'NONE', *, *, #1251, .T. ) ;
#2043 = CARTESIAN_POINT ( 'NONE',  ( 0.4853262552323130400, 7.104999999999999500, -0.02186394466922349200 ) ) ;
#2044 = PRESENTATION_LAYER_ASSIGNMENT (  '', '', ( #469 ) ) ;
#2045 = VECTOR ( 'NONE', #2567, 1000.000000000000000 ) ;
#2046 = ADVANCED_FACE ( 'NONE', ( #2796 ), #1622, .F. ) ;
#2047 = ORIENTED_EDGE ( 'NONE', *, *, #2773, .F. ) ;
#2048 = DIRECTION ( 'NONE',  ( 0.0000000000000000000, 0.0000000000000000000, 1.000000000000000000 ) ) ;
#2049 = AXIS2_PLACEMENT_3D ( 'NONE', #319, #2647, #840 ) ;
#2050 = ORIENTED_EDGE ( 'NONE', *, *, #338, .T. ) ;
#2051 = CARTESIAN_POINT ( 'NONE',  ( 4.250000000000000900, 1.885590000000000100, -0.1874250000000014800 ) ) ;
#2052 = ORIENTED_EDGE ( 'NONE', *, *, #1498, .F. ) ;
#2053 = DIRECTION ( 'NONE',  ( 1.000000000000000000, 0.0000000000000000000, 0.0000000000000000000 ) ) ;
#2054 = SURFACE_STYLE_USAGE ( .BOTH. , #520 ) ;
#2055 = FILL_AREA_STYLE_COLOUR ( '', #3342 ) ;
#2056 = VECTOR ( 'NONE', #2048, 1000.000000000000000 ) ;
#2057 = EDGE_CURVE ( 'NONE', #2856, #1610, #3001, .T. ) ;
#2058 = CARTESIAN_POINT ( 'NONE',  ( 5.818438714135812300, 1.216666666666666800, -8.500000000000000000 ) ) ;
#2059 =( GEOMETRIC_REPRESENTATION_CONTEXT ( 3 ) GLOBAL_UNCERTAINTY_ASSIGNED_CONTEXT ( ( #1645 ) ) GLOBAL_UNIT_ASSIGNED_CONTEXT ( ( #3416, #1074, #3152 ) ) REPRESENTATION_CONTEXT ( 'NONE', 'WORKASPACE' ) );
#2060 = VECTOR ( 'NONE', #2728, 1000.000000000000000 ) ;
#2061 = UNCERTAINTY_MEASURE_WITH_UNIT (LENGTH_MEASURE( 1.000000000000000100E-005 ), #1072, 'distance_accuracy_value', 'NONE');
#2062 = DIRECTION ( 'NONE',  ( -1.000000000000000000, 0.0000000000000000000, 1.445602896647339300E-015 ) ) ;
#2063 = CARTESIAN_POINT ( 'NONE',  ( 5.381079547306393700, 7.104999999999999500, -4.535198855793510100 ) ) ;
#2064 = CARTESIAN_POINT ( 'NONE',  ( 0.0000000000000000000, 0.3650000000000001000, 0.0000000000000000000 ) ) ;
#2065 = VECTOR ( 'NONE', #599, 1000.000000000000000 ) ;
#2066 = STYLED_ITEM ( 'NONE', ( #3322 ), #1211 ) ;
#2067 = COLOUR_RGB ( '',0.0000000000000000000, 0.0000000000000000000, 0.0000000000000000000 ) ;
#2068 = FILL_AREA_STYLE_COLOUR ( '', #3235 ) ;
#2069 = PRESENTATION_STYLE_ASSIGNMENT (( #2396 ) ) ;
#2070 = EDGE_LOOP ( 'NONE', ( #2682, #1479, #3230, #2885 ) ) ;
#2071 = AXIS2_PLACEMENT_3D ( 'NONE', #815, #2126, #584 ) ;
#2072 = FILL_AREA_STYLE ('',( #3420 ) ) ;
#2073 = SURFACE_STYLE_FILL_AREA ( #2557 ) ;
#2074 = ORIENTED_EDGE ( 'NONE', *, *, #2991, .F. ) ;
#2075 = CARTESIAN_POINT ( 'NONE',  ( 8.849999999999999600, 0.0000000000000000000, -3.700000000000000600 ) ) ;
#2076 = VECTOR ( 'NONE', #95, 1000.000000000000000 ) ;
#2077 =( NAMED_UNIT ( * ) SI_UNIT ( $, .STERADIAN. ) SOLID_ANGLE_UNIT ( ) );
#2078 = SURFACE_STYLE_USAGE ( .BOTH. , #3392 ) ;
#2079 = EDGE_CURVE ( 'NONE', #2510, #597, #1459, .T. ) ;
#2080 = ORIENTED_EDGE ( 'NONE', *, *, #1761, .F. ) ;
#2081 = SURFACE_STYLE_USAGE ( .BOTH. , #1007 ) ;
#2082 = ORIENTED_EDGE ( 'NONE', *, *, #3404, .F. ) ;
#2083 = AXIS2_PLACEMENT_3D ( 'NONE', #1613, #47, #1388 ) ;
#2084 = ORIENTED_EDGE ( 'NONE', *, *, #231, .F. ) ;
#2085 = AXIS2_PLACEMENT_3D ( 'NONE', #3354, #461, #2270 ) ;
#2086 =( NAMED_UNIT ( * ) SI_UNIT ( $, .STERADIAN. ) SOLID_ANGLE_UNIT ( ) );
#2087 = MECHANICAL_DESIGN_GEOMETRIC_PRESENTATION_REPRESENTATION (  '', ( #688 ), #2671 ) ;
#2088 = ORIENTED_EDGE ( 'NONE', *, *, #2818, .F. ) ;
#2089 = COLOUR_RGB ( '',0.1019607843137254900, 0.1019607843137254900, 0.1019607843137254900 ) ;
#2090 = CARTESIAN_POINT ( 'NONE',  ( 5.381079547306396400, 7.104999999999999500, -4.198631054429681000 ) ) ;
#2091 = FILL_AREA_STYLE_COLOUR ( '', #941 ) ;
#2092 = CARTESIAN_POINT ( 'NONE',  ( 5.818438714135814900, 0.3650000000000001000, -8.200000000000001100 ) ) ;
#2093 = MECHANICAL_DESIGN_GEOMETRIC_PRESENTATION_REPRESENTATION (  '', ( #1757 ), #1937 ) ;
#2094 = SURFACE_STYLE_FILL_AREA ( #2437 ) ;
#2095 = CIRCLE ( 'NONE', #3231, 4.250000000000000000 ) ;
#2096 = CARTESIAN_POINT ( 'NONE',  ( 5.381079547306396400, 7.099999999999999600, -4.198631054429681000 ) ) ;
#2097 =( NAMED_UNIT ( * ) PLANE_ANGLE_UNIT ( ) SI_UNIT ( $, .RADIAN. ) );
#2098 = LINE ( 'NONE', #2030, #667 ) ;
#2099 = UNCERTAINTY_MEASURE_WITH_UNIT (LENGTH_MEASURE( 1.000000000000000100E-005 ), #3338, 'distance_accuracy_value', 'NONE');
#2100 = COLOUR_RGB ( '',0.1019607843137254900, 0.1019607843137254900, 0.1019607843137254900 ) ;
#2101 = FILL_AREA_STYLE_COLOUR ( '', #2638 ) ;
#2102 = STYLED_ITEM ( 'NONE', ( #756 ), #2760 ) ;
#2103 =( GEOMETRIC_REPRESENTATION_CONTEXT ( 3 ) GLOBAL_UNCERTAINTY_ASSIGNED_CONTEXT ( ( #2416 ) ) GLOBAL_UNIT_ASSIGNED_CONTEXT ( ( #257, #1609, #2862 ) ) REPRESENTATION_CONTEXT ( 'NONE', 'WORKASPACE' ) );
#2104 = DIRECTION ( 'NONE',  ( 1.000000000000000000, 0.0000000000000000000, 0.0000000000000000000 ) ) ;
#2105 = ORIENTED_EDGE ( 'NONE', *, *, #962, .T. ) ;
#2106 = VECTOR ( 'NONE', #960, 1000.000000000000000 ) ;
#2107 = ADVANCED_FACE ( 'NONE', ( #82 ), #1632, .F. ) ;
#2108 = CARTESIAN_POINT ( 'NONE',  ( 5.381079547306396400, 7.104999999999999500, -3.319363575886128200 ) ) ;
#2109 =( LENGTH_UNIT ( ) NAMED_UNIT ( * ) SI_UNIT ( .MILLI., .METRE. ) );
#2110 = DIRECTION ( 'NONE',  ( -0.0000000000000000000, 1.000000000000000000, 0.0000000000000000000 ) ) ;
#2111 = VERTEX_POINT ( 'NONE', #549 ) ;
#2112 = LINE ( 'NONE', #1408, #2233 ) ;
#2113 = ORIENTED_EDGE ( 'NONE', *, *, #2132, .T. ) ;
#2114 = ORIENTED_EDGE ( 'NONE', *, *, #164, .T. ) ;
#2115 =( NAMED_UNIT ( * ) SI_UNIT ( $, .STERADIAN. ) SOLID_ANGLE_UNIT ( ) );
#2116 =( NAMED_UNIT ( * ) PLANE_ANGLE_UNIT ( ) SI_UNIT ( $, .RADIAN. ) );
#2117 = EDGE_CURVE ( 'NONE', #1118, #913, #2541, .T. ) ;
#2118 = LINE ( 'NONE', #1127, #235 ) ;
#2119 = ORIENTED_EDGE ( 'NONE', *, *, #1890, .T. ) ;
#2120 = CARTESIAN_POINT ( 'NONE',  ( 5.818438714135812300, 0.3650000000000001000, 0.0000000000000000000 ) ) ;
#2121 = DIRECTION ( 'NONE',  ( -0.0000000000000000000, 1.000000000000000000, -0.0000000000000000000 ) ) ;
#2122 = MECHANICAL_DESIGN_GEOMETRIC_PRESENTATION_REPRESENTATION (  '', ( #1774 ), #2103 ) ;
#2123 = ORIENTED_EDGE ( 'NONE', *, *, #2700, .F. ) ;
#2124 = ADVANCED_FACE ( 'NONE', ( #2792 ), #3249, .T. ) ;
#2125 = ORIENTED_EDGE ( 'NONE', *, *, #291, .T. ) ;
#2126 = DIRECTION ( 'NONE',  ( 0.0000000000000000000, 0.0000000000000000000, -1.000000000000000000 ) ) ;
#2127 = CARTESIAN_POINT ( 'NONE',  ( 4.999699999999999800, 7.104999999999999500, -5.361111688650168200 ) ) ;
#2128 =( GEOMETRIC_REPRESENTATION_CONTEXT ( 3 ) GLOBAL_UNCERTAINTY_ASSIGNED_CONTEXT ( ( #2308 ) ) GLOBAL_UNIT_ASSIGNED_CONTEXT ( ( #1908, #1151, #1638 ) ) REPRESENTATION_CONTEXT ( 'NONE', 'WORKASPACE' ) );
#2129 =( LENGTH_UNIT ( ) NAMED_UNIT ( * ) SI_UNIT ( .MILLI., .METRE. ) );
#2130 = CARTESIAN_POINT ( 'NONE',  ( 6.625750000000000900, 0.0000000000000000000, 0.0000000000000000000 ) ) ;
#2131 = SURFACE_STYLE_USAGE ( .BOTH. , #3165 ) ;
#2132 = EDGE_CURVE ( 'NONE', #1118, #2856, #2707, .T. ) ;
#2133 = LINE ( 'NONE', #3333, #668 ) ;
#2134 = LINE ( 'NONE', #995, #1046 ) ;
#2135 =( NAMED_UNIT ( * ) SI_UNIT ( $, .STERADIAN. ) SOLID_ANGLE_UNIT ( ) );
#2136 = VECTOR ( 'NONE', #416, 1000.000000000000000 ) ;
#2137 = UNCERTAINTY_MEASURE_WITH_UNIT (LENGTH_MEASURE( 1.000000000000000100E-005 ), #2852, 'distance_accuracy_value', 'NONE');
#2138 = ADVANCED_FACE ( 'NONE', ( #2908 ), #360, .F. ) ;
#2139 = AXIS2_PLACEMENT_3D ( 'NONE', #920, #3245, #2200 ) ;
#2140 = PLANE ( 'NONE',  #910 ) ;
#2141 =( LENGTH_UNIT ( ) NAMED_UNIT ( * ) SI_UNIT ( .MILLI., .METRE. ) );
#2142 = FACE_OUTER_BOUND ( 'NONE', #2612, .T. ) ;
#2143 = PRESENTATION_STYLE_ASSIGNMENT (( #38 ) ) ;
#2144 =( GEOMETRIC_REPRESENTATION_CONTEXT ( 3 ) GLOBAL_UNCERTAINTY_ASSIGNED_CONTEXT ( ( #1712 ) ) GLOBAL_UNIT_ASSIGNED_CONTEXT ( ( #3091, #2310, #755 ) ) REPRESENTATION_CONTEXT ( 'NONE', 'WORKASPACE' ) );
#2145 = MECHANICAL_DESIGN_GEOMETRIC_PRESENTATION_REPRESENTATION (  '', ( #2386 ), #527 ) ;
#2146 =( GEOMETRIC_REPRESENTATION_CONTEXT ( 3 ) GLOBAL_UNCERTAINTY_ASSIGNED_CONTEXT ( ( #144 ) ) GLOBAL_UNIT_ASSIGNED_CONTEXT ( ( #375, #2207, #3253 ) ) REPRESENTATION_CONTEXT ( 'NONE', 'WORKASPACE' ) );
#2147 = EDGE_LOOP ( 'NONE', ( #988, #2518, #2052, #2843 ) ) ;
#2148 = LINE ( 'NONE', #721, #2106 ) ;
#2149 =( LENGTH_UNIT ( ) NAMED_UNIT ( * ) SI_UNIT ( .MILLI., .METRE. ) );
#2150 = DIRECTION ( 'NONE',  ( -0.0000000000000000000, 1.000000000000000000, -0.0000000000000000000 ) ) ;
#2151 = VERTEX_POINT ( 'NONE', #1428 ) ;
#2152 = PRESENTATION_LAYER_ASSIGNMENT (  '', '', ( #2624 ) ) ;
#2153 = LINE ( 'NONE', #3151, #3103 ) ;
#2154 =( NAMED_UNIT ( * ) SI_UNIT ( $, .STERADIAN. ) SOLID_ANGLE_UNIT ( ) );
#2155 =( LENGTH_UNIT ( ) NAMED_UNIT ( * ) SI_UNIT ( .MILLI., .METRE. ) );
#2156 = EDGE_LOOP ( 'NONE', ( #1437, #2327, #1727, #1686 ) ) ;
#2157 = EDGE_CURVE ( 'NONE', #868, #528, #1415, .T. ) ;
#2158 = ADVANCED_FACE ( 'NONE', ( #2029 ), #3259, .F. ) ;
#2159 = EDGE_LOOP ( 'NONE', ( #1142, #2926, #2713, #1807 ) ) ;
#2160 = COLOUR_RGB ( '',0.8980392156862745400, 0.9215686274509803400, 0.9294117647058823800 ) ;
#2161 = SURFACE_STYLE_USAGE ( .BOTH. , #62 ) ;
#2162 = VERTEX_POINT ( 'NONE', #2692 ) ;
#2163 = EDGE_CURVE ( 'NONE', #1445, #1791, #1330, .T. ) ;
#2164 = SHAPE_DEFINITION_REPRESENTATION ( #1003, #371 ) ;
#2165 = CARTESIAN_POINT ( 'NONE',  ( 4.999699999999999800, 7.099999999999999600, -2.805850000000000000 ) ) ;
#2166 = ORIENTED_EDGE ( 'NONE', *, *, #1378, .T. ) ;
#2167 =( LENGTH_UNIT ( ) NAMED_UNIT ( * ) SI_UNIT ( .MILLI., .METRE. ) );
#2168 = MECHANICAL_DESIGN_GEOMETRIC_PRESENTATION_REPRESENTATION (  '', ( #3155 ), #2059 ) ;
#2169 = VECTOR ( 'NONE', #2197, 1000.000000000000000 ) ;
#2170 = DIRECTION ( 'NONE',  ( 0.0000000000000000000, 0.0000000000000000000, 1.000000000000000000 ) ) ;
#2171 =( NAMED_UNIT ( * ) PLANE_ANGLE_UNIT ( ) SI_UNIT ( $, .RADIAN. ) );
#2172 = PRESENTATION_LAYER_ASSIGNMENT (  '', '', ( #2066 ) ) ;
#2173 = CARTESIAN_POINT ( 'NONE',  ( 5.818438714135812300, 0.3650000000000001000, 0.0000000000000000000 ) ) ;
#2174 = SURFACE_SIDE_STYLE ('',( #81 ) ) ;
#2175 = COLOUR_RGB ( '',0.0000000000000000000, 0.0000000000000000000, 0.0000000000000000000 ) ;
#2176 =( NAMED_UNIT ( * ) SI_UNIT ( $, .STERADIAN. ) SOLID_ANGLE_UNIT ( ) );
#2177 = FILL_AREA_STYLE ('',( #3202 ) ) ;
#2178 = EDGE_CURVE ( 'NONE', #458, #1641, #2347, .T. ) ;
#2179 = LINE ( 'NONE', #877, #1051 ) ;
#2180 = CARTESIAN_POINT ( 'NONE',  ( 5.800000000000000700, 0.0000000000000000000, -3.699999999999999700 ) ) ;
#2181 =( NAMED_UNIT ( * ) PLANE_ANGLE_UNIT ( ) SI_UNIT ( $, .RADIAN. ) );
#2182 = LINE ( 'NONE', #626, #2955 ) ;
#2183 = CYLINDRICAL_SURFACE ( 'NONE', #3205, 4.250000000000000000 ) ;
#2184 = AXIS2_PLACEMENT_3D ( 'NONE', #1777, #1487, #3065 ) ;
#2185 = DIRECTION ( 'NONE',  ( 0.0000000000000000000, -1.000000000000000000, 0.0000000000000000000 ) ) ;
#2186 = FILL_AREA_STYLE_COLOUR ( '', #3153 ) ;
#2187 = ORIENTED_EDGE ( 'NONE', *, *, #39, .T. ) ;
#2188 = AXIS2_PLACEMENT_3D ( 'NONE', #269, #3154, #18 ) ;
#2189 =( GEOMETRIC_REPRESENTATION_CONTEXT ( 3 ) GLOBAL_UNCERTAINTY_ASSIGNED_CONTEXT ( ( #3336 ) ) GLOBAL_UNIT_ASSIGNED_CONTEXT ( ( #412, #2794, #2240 ) ) REPRESENTATION_CONTEXT ( 'NONE', 'WORKASPACE' ) );
#2190 = VECTOR ( 'NONE', #1708, 1000.000000000000000 ) ;
#2191 =( GEOMETRIC_REPRESENTATION_CONTEXT ( 3 ) GLOBAL_UNCERTAINTY_ASSIGNED_CONTEXT ( ( #1438 ) ) GLOBAL_UNIT_ASSIGNED_CONTEXT ( ( #2519, #1517, #3337 ) ) REPRESENTATION_CONTEXT ( 'NONE', 'WORKASPACE' ) );
#2192 = ORIENTED_EDGE ( 'NONE', *, *, #2659, .F. ) ;
#2193 = CARTESIAN_POINT ( 'NONE',  ( 0.0000000000000000000, 0.3650000000000001000, -8.500000000000000000 ) ) ;
#2194 = EDGE_LOOP ( 'NONE', ( #2119, #3408, #2570, #1220 ) ) ;
#2195 = DIRECTION ( 'NONE',  ( 1.000000000000000000, 0.0000000000000000000, -1.224646799147353200E-016 ) ) ;
#2196 = CARTESIAN_POINT ( 'NONE',  ( 8.500000000000000000, 1.216666666666666800, -2.681561285864188200 ) ) ;
#2197 = DIRECTION ( 'NONE',  ( 1.000000000000000000, 0.0000000000000000000, 0.0000000000000000000 ) ) ;
#2198 = ORIENTED_EDGE ( 'NONE', *, *, #541, .T. ) ;
#2199 = UNCERTAINTY_MEASURE_WITH_UNIT (LENGTH_MEASURE( 1.000000000000000100E-005 ), #3123, 'distance_accuracy_value', 'NONE');
#2200 = DIRECTION ( 'NONE',  ( 0.0000000000000000000, 0.0000000000000000000, 1.000000000000000000 ) ) ;
#2201 = SURFACE_SIDE_STYLE ('',( #1700 ) ) ;
#2202 = VERTEX_POINT ( 'NONE', #399 ) ;
#2203 =( NAMED_UNIT ( * ) SI_UNIT ( $, .STERADIAN. ) SOLID_ANGLE_UNIT ( ) );
#2204 =( NAMED_UNIT ( * ) SI_UNIT ( $, .STERADIAN. ) SOLID_ANGLE_UNIT ( ) );
#2205 = EDGE_CURVE ( 'NONE', #681, #1610, #801, .T. ) ;
#2206 = VERTEX_POINT ( 'NONE', #384 ) ;
#2207 =( NAMED_UNIT ( * ) PLANE_ANGLE_UNIT ( ) SI_UNIT ( $, .RADIAN. ) );
#2208 = SURFACE_SIDE_STYLE ('',( #1554 ) ) ;
#2209 =( GEOMETRIC_REPRESENTATION_CONTEXT ( 3 ) GLOBAL_UNCERTAINTY_ASSIGNED_CONTEXT ( ( #2001 ) ) GLOBAL_UNIT_ASSIGNED_CONTEXT ( ( #2731, #3010, #1184 ) ) REPRESENTATION_CONTEXT ( 'NONE', 'WORKASPACE' ) );
#2210 = AXIS2_PLACEMENT_3D ( 'NONE', #1177, #1159, #330 ) ;
#2211 = AXIS2_PLACEMENT_3D ( 'NONE', #3405, #1585, #535 ) ;
#2212 = PRESENTATION_STYLE_ASSIGNMENT (( #2131 ) ) ;
#2213 = FILL_AREA_STYLE_COLOUR ( '', #2067 ) ;
#2214 = ADVANCED_FACE ( 'NONE', ( #1654 ), #706, .F. ) ;
#2215 =( NAMED_UNIT ( * ) PLANE_ANGLE_UNIT ( ) SI_UNIT ( $, .RADIAN. ) );
#2216 =( NAMED_UNIT ( * ) PLANE_ANGLE_UNIT ( ) SI_UNIT ( $, .RADIAN. ) );
#2217 = MECHANICAL_DESIGN_GEOMETRIC_PRESENTATION_REPRESENTATION (  '', ( #3210 ), #3102 ) ;
#2218 = CARTESIAN_POINT ( 'NONE',  ( 4.250000000000000000, 0.3650000000000001000, -4.250000000000000000 ) ) ;
#2219 = FACE_OUTER_BOUND ( 'NONE', #317, .T. ) ;
#2220 = VECTOR ( 'NONE', #268, 1000.000000000000000 ) ;
#2221 = DIRECTION ( 'NONE',  ( 0.0000000000000000000, -1.000000000000000000, 0.0000000000000000000 ) ) ;
#2222 = CARTESIAN_POINT ( 'NONE',  ( 4.250000000000000900, 2.188540000000000200, -0.4903750000000015600 ) ) ;
#2223 = FACE_OUTER_BOUND ( 'NONE', #2778, .T. ) ;
#2224 = CARTESIAN_POINT ( 'NONE',  ( 0.4853262552323130400, 7.099999999999999600, -0.02186394466922349200 ) ) ;
#2225 = CIRCLE ( 'NONE', #394, 4.062574999999998900 ) ;
#2226 = VECTOR ( 'NONE', #497, 1000.000000000000000 ) ;
#2227 = EDGE_CURVE ( 'NONE', #1023, #770, #1578, .T. ) ;
#2228 = VECTOR ( 'NONE', #570, 1000.000000000000000 ) ;
#2229 = CARTESIAN_POINT ( 'NONE',  ( 6.402706152770193200, 7.104999999999999500, -3.319363575886130800 ) ) ;
#2230 = VECTOR ( 'NONE', #1808, 1000.000000000000000 ) ;
#2231 = ORIENTED_EDGE ( 'NONE', *, *, #2205, .T. ) ;
#2232 = ADVANCED_FACE ( 'NONE', ( #2668 ), #3272, .F. ) ;
#2233 = VECTOR ( 'NONE', #2665, 1000.000000000000000 ) ;
#2234 = DIRECTION ( 'NONE',  ( 0.0000000000000000000, 0.0000000000000000000, -1.000000000000000000 ) ) ;
#2235 = STYLED_ITEM ( 'NONE', ( #1125 ), #3040 ) ;
#2236 = DIRECTION ( 'NONE',  ( -1.000000000000000000, 0.0000000000000000000, 0.0000000000000000000 ) ) ;
#2237 = FILL_AREA_STYLE ('',( #1737 ) ) ;
#2238 = ORIENTED_EDGE ( 'NONE', *, *, #249, .F. ) ;
#2239 = PRESENTATION_STYLE_ASSIGNMENT (( #901 ) ) ;
#2240 =( NAMED_UNIT ( * ) SI_UNIT ( $, .STERADIAN. ) SOLID_ANGLE_UNIT ( ) );
#2241 = VERTEX_POINT ( 'NONE', #2764 ) ;
#2242 = PRESENTATION_LAYER_ASSIGNMENT (  '', '', ( #915 ) ) ;
#2243 = FILL_AREA_STYLE_COLOUR ( '', #1826 ) ;
#2244 = ORIENTED_EDGE ( 'NONE', *, *, #653, .T. ) ;
#2245 = CIRCLE ( 'NONE', #663, 3.759624999999998900 ) ;
#2246 = EDGE_LOOP ( 'NONE', ( #309, #279, #2965, #2244 ) ) ;
#2247 = PLANE ( 'NONE',  #2499 ) ;
#2248 = UNCERTAINTY_MEASURE_WITH_UNIT (LENGTH_MEASURE( 1.000000000000000100E-005 ), #1100, 'distance_accuracy_value', 'NONE');
#2249 = VERTEX_POINT ( 'NONE', #435 ) ;
#2250 = EDGE_CURVE ( 'NONE', #438, #366, #1250, .T. ) ;
#2251 = FILL_AREA_STYLE_COLOUR ( '', #1945 ) ;
#2252 = ADVANCED_FACE ( 'NONE', ( #2621 ), #167, .T. ) ;
#2253 = CARTESIAN_POINT ( 'NONE',  ( 4.250000000000000000, 1.885590000000000100, -8.312574999999998900 ) ) ;
#2254 = VECTOR ( 'NONE', #365, 1000.000000000000000 ) ;
#2255 = CARTESIAN_POINT ( 'NONE',  ( 4.250000000000000000, 2.188540000000000200, -4.250000000000000000 ) ) ;
#2256 = EDGE_CURVE ( 'NONE', #873, #1148, #1900, .T. ) ;
#2257 = CARTESIAN_POINT ( 'NONE',  ( 4.999699999999999800, 7.104999999999999500, -5.687379123781812300 ) ) ;
#2258 = PLANE ( 'NONE',  #3327 ) ;
#2259 = FACE_OUTER_BOUND ( 'NONE', #1678, .T. ) ;
#2260 = PRESENTATION_LAYER_ASSIGNMENT (  '', '', ( #3328 ) ) ;
#2261 =( GEOMETRIC_REPRESENTATION_CONTEXT ( 3 ) GLOBAL_UNCERTAINTY_ASSIGNED_CONTEXT ( ( #1689 ) ) GLOBAL_UNIT_ASSIGNED_CONTEXT ( ( #2812, #1233, #984 ) ) REPRESENTATION_CONTEXT ( 'NONE', 'WORKASPACE' ) );
#2262 = FILL_AREA_STYLE ('',( #1750 ) ) ;
#2263 = TOROIDAL_SURFACE ( 'NONE', #442, 4.062574999999998900, 0.3029500000000000500 ) ;
#2264 = PRESENTATION_LAYER_ASSIGNMENT (  '', '', ( #32 ) ) ;
#2265 = ADVANCED_FACE ( 'NONE', ( #2219 ), #3417, .F. ) ;
#2266 = CARTESIAN_POINT ( 'NONE',  ( 5.800000000000000700, -0.2000000000000000100, -4.800000000000000700 ) ) ;
#2267 = FILL_AREA_STYLE ('',( #2815 ) ) ;
#2268 = EDGE_CURVE ( 'NONE', #817, #195, #2787, .T. ) ;
#2269 = ORIENTED_EDGE ( 'NONE', *, *, #610, .T. ) ;
#2270 = DIRECTION ( 'NONE',  ( 1.000000000000000000, 0.0000000000000000000, 0.0000000000000000000 ) ) ;
#2271 = EDGE_CURVE ( 'NONE', #113, #903, #2098, .T. ) ;
#2272 = ORIENTED_EDGE ( 'NONE', *, *, #479, .F. ) ;
#2273 = DIRECTION ( 'NONE',  ( 0.0000000000000000000, 1.000000000000000000, 0.0000000000000000000 ) ) ;
#2274 = ORIENTED_EDGE ( 'NONE', *, *, #1767, .F. ) ;
#2275 = DIRECTION ( 'NONE',  ( 0.0000000000000000000, 0.0000000000000000000, -1.000000000000000000 ) ) ;
#2276 = PRESENTATION_LAYER_ASSIGNMENT (  '', '', ( #3155 ) ) ;
#2277 = STYLED_ITEM ( 'NONE', ( #1207 ), #2514 ) ;
#2278 = CARTESIAN_POINT ( 'NONE',  ( 5.800000000000000700, 0.0000000000000000000, -3.699999999999999700 ) ) ;
#2279 = AXIS2_PLACEMENT_3D ( 'NONE', #2224, #3256, #1934 ) ;
#2280 = ORIENTED_EDGE ( 'NONE', *, *, #318, .F. ) ;
#2281 = DIRECTION ( 'NONE',  ( -0.0000000000000000000, -1.000000000000000000, -0.0000000000000000000 ) ) ;
#2282 = ADVANCED_FACE ( 'NONE', ( #1286 ), #754, .F. ) ;
#2283 = AXIS2_PLACEMENT_3D ( 'NONE', #2406, #623, #2697 ) ;
#2284 = ORIENTED_EDGE ( 'NONE', *, *, #1640, .T. ) ;
#2285 = DIRECTION ( 'NONE',  ( 0.0000000000000000000, 0.0000000000000000000, 1.000000000000000000 ) ) ;
#2286 = VERTEX_POINT ( 'NONE', #742 ) ;
#2287 = UNCERTAINTY_MEASURE_WITH_UNIT (LENGTH_MEASURE( 1.000000000000000100E-005 ), #1407, 'distance_accuracy_value', 'NONE');
#2288 = SURFACE_STYLE_FILL_AREA ( #1011 ) ;
#2289 = FILL_AREA_STYLE ('',( #180 ) ) ;
#2290 =( NAMED_UNIT ( * ) PLANE_ANGLE_UNIT ( ) SI_UNIT ( $, .RADIAN. ) );
#2291 = CARTESIAN_POINT ( 'NONE',  ( 6.625750000000000900, 1.216666666666666800, -8.500000000000000000 ) ) ;
#2292 = VERTEX_POINT ( 'NONE', #1017 ) ;
#2293 = EDGE_CURVE ( 'NONE', #5, #536, #1743, .T. ) ;
#2294 =( NAMED_UNIT ( * ) PLANE_ANGLE_UNIT ( ) SI_UNIT ( $, .RADIAN. ) );
#2295 = FILL_AREA_STYLE_COLOUR ( '', #2827 ) ;
#2296 = FACE_OUTER_BOUND ( 'NONE', #1098, .T. ) ;
#2297 =( LENGTH_UNIT ( ) NAMED_UNIT ( * ) SI_UNIT ( .MILLI., .METRE. ) );
#2298 = SURFACE_STYLE_USAGE ( .BOTH. , #2345 ) ;
#2299 = DIRECTION ( 'NONE',  ( -0.0000000000000000000, 1.000000000000000000, -0.0000000000000000000 ) ) ;
#2300 = CARTESIAN_POINT ( 'NONE',  ( 5.800000000000000700, 0.0000000000000000000, -4.800000000000000700 ) ) ;
#2301 = DIRECTION ( 'NONE',  ( 0.0000000000000000000, 0.0000000000000000000, 1.000000000000000000 ) ) ;
#2302 = PRESENTATION_STYLE_ASSIGNMENT (( #223 ) ) ;
#2303 = COLOUR_RGB ( '',0.7921568627450980000, 0.8196078431372548800, 0.9333333333333333500 ) ;
#2304 = PRESENTATION_LAYER_ASSIGNMENT (  '', '', ( #2584 ) ) ;
#2305 = PRESENTATION_STYLE_ASSIGNMENT (( #121 ) ) ;
#2306 = PRESENTATION_STYLE_ASSIGNMENT (( #620 ) ) ;
#2307 = SURFACE_SIDE_STYLE ('',( #692 ) ) ;
#2308 = UNCERTAINTY_MEASURE_WITH_UNIT (LENGTH_MEASURE( 1.000000000000000100E-005 ), #1908, 'distance_accuracy_value', 'NONE');
#2309 =( NAMED_UNIT ( * ) PLANE_ANGLE_UNIT ( ) SI_UNIT ( $, .RADIAN. ) );
#2310 =( NAMED_UNIT ( * ) PLANE_ANGLE_UNIT ( ) SI_UNIT ( $, .RADIAN. ) );
#2311 = ORIENTED_EDGE ( 'NONE', *, *, #1584, .F. ) ;
#2312 = SURFACE_STYLE_FILL_AREA ( #963 ) ;
#2313 = UNCERTAINTY_MEASURE_WITH_UNIT (LENGTH_MEASURE( 1.000000000000000100E-005 ), #2004, 'distance_accuracy_value', 'NONE');
#2314 =( NAMED_UNIT ( * ) PLANE_ANGLE_UNIT ( ) SI_UNIT ( $, .RADIAN. ) );
#2315 =( NAMED_UNIT ( * ) PLANE_ANGLE_UNIT ( ) SI_UNIT ( $, .RADIAN. ) );
#2316 = CARTESIAN_POINT ( 'NONE',  ( 2.700000000000000200, -0.2000000000000000100, -4.800000000000000700 ) ) ;
#2317 = EDGE_CURVE ( 'NONE', #443, #533, #2946, .T. ) ;
#2318 = ORIENTED_EDGE ( 'NONE', *, *, #184, .T. ) ;
#2319 = DIRECTION ( 'NONE',  ( -1.000000000000000000, 0.0000000000000000000, 0.0000000000000000000 ) ) ;
#2320 = ORIENTED_EDGE ( 'NONE', *, *, #1944, .F. ) ;
#2321 = EDGE_CURVE ( 'NONE', #2007, #2363, #1452, .T. ) ;
#2322 = LINE ( 'NONE', #1119, #2076 ) ;
#2323 =( NAMED_UNIT ( * ) PLANE_ANGLE_UNIT ( ) SI_UNIT ( $, .RADIAN. ) );
#2324 = ORIENTED_EDGE ( 'NONE', *, *, #3020, .F. ) ;
#2325 = LINE ( 'NONE', #1574, #440 ) ;
#2326 = PRESENTATION_LAYER_ASSIGNMENT (  '', '', ( #1528 ) ) ;
#2327 = ORIENTED_EDGE ( 'NONE', *, *, #987, .F. ) ;
#2328 = DIRECTION ( 'NONE',  ( 0.0000000000000000000, 1.000000000000000000, -0.0000000000000000000 ) ) ;
#2329 = PRESENTATION_LAYER_ASSIGNMENT (  '', '', ( #761 ) ) ;
#2330 = ORIENTED_EDGE ( 'NONE', *, *, #1926, .T. ) ;
#2331 = CARTESIAN_POINT ( 'NONE',  ( 4.250000000000000000, 1.825000000000000000, -4.250000000000000000 ) ) ;
#2332 =( LENGTH_UNIT ( ) NAMED_UNIT ( * ) SI_UNIT ( .MILLI., .METRE. ) );
#2333 = PRESENTATION_LAYER_ASSIGNMENT (  '', '', ( #3210 ) ) ;
#2334 = VERTEX_POINT ( 'NONE', #2051 ) ;
#2335 = UNCERTAINTY_MEASURE_WITH_UNIT (LENGTH_MEASURE( 1.000000000000000100E-005 ), #849, 'distance_accuracy_value', 'NONE');
#2336 = PRESENTATION_STYLE_ASSIGNMENT (( #2988 ) ) ;
#2337 = EDGE_CURVE ( 'NONE', #1019, #2111, #1650, .T. ) ;
#2338 = FILL_AREA_STYLE_COLOUR ( '', #449 ) ;
#2339 = FILL_AREA_STYLE ('',( #1294 ) ) ;
#2340 =( NAMED_UNIT ( * ) PLANE_ANGLE_UNIT ( ) SI_UNIT ( $, .RADIAN. ) );
#2341 = EDGE_CURVE ( 'NONE', #855, #1722, #582, .T. ) ;
#2342 = SURFACE_STYLE_FILL_AREA ( #1979 ) ;
#2343 = DIRECTION ( 'NONE',  ( 0.0000000000000000000, -1.000000000000000000, 0.0000000000000000000 ) ) ;
#2344 = LINE ( 'NONE', #3184, #2421 ) ;
#2345 = SURFACE_SIDE_STYLE ('',( #1526 ) ) ;
#2346 =( GEOMETRIC_REPRESENTATION_CONTEXT ( 3 ) GLOBAL_UNCERTAINTY_ASSIGNED_CONTEXT ( ( #1762 ) ) GLOBAL_UNIT_ASSIGNED_CONTEXT ( ( #355, #889, #902 ) ) REPRESENTATION_CONTEXT ( 'NONE', 'WORKASPACE' ) );
#2347 = LINE ( 'NONE', #1404, #961 ) ;
#2348 = FILL_AREA_STYLE_COLOUR ( '', #3175 ) ;
#2349 = PLANE ( 'NONE',  #3347 ) ;
#2350 = COLOUR_RGB ( '',0.8980392156862745400, 0.9215686274509803400, 0.9294117647058823800 ) ;
#2351 = AXIS2_PLACEMENT_3D ( 'NONE', #1261, #2319, #3100 ) ;
#2352 = CIRCLE ( 'NONE', #2139, 3.697574999999999200 ) ;
#2353 = UNCERTAINTY_MEASURE_WITH_UNIT (LENGTH_MEASURE( 1.000000000000000100E-005 ), #1252, 'distance_accuracy_value', 'NONE');
#2354 = ORIENTED_EDGE ( 'NONE', *, *, #1563, .F. ) ;
#2355 = PRESENTATION_STYLE_ASSIGNMENT (( #1484 ) ) ;
#2356 = ORIENTED_EDGE ( 'NONE', *, *, #1608, .T. ) ;
#2357 = PLANE ( 'NONE',  #99 ) ;
#2358 = CARTESIAN_POINT ( 'NONE',  ( 2.681561285864188200, 0.3650000000000001000, 0.0000000000000000000 ) ) ;
#2359 = EDGE_CURVE ( 'NONE', #2653, #615, #2380, .T. ) ;
#2360 = ORIENTED_EDGE ( 'NONE', *, *, #1990, .F. ) ;
#2361 = COLOUR_RGB ( '',0.8980392156862745400, 0.9215686274509803400, 0.9294117647058823800 ) ;
#2362 = CARTESIAN_POINT ( 'NONE',  ( 0.0000000000000000000, 1.825000000000000000, 0.0000000000000000000 ) ) ;
#2363 = VERTEX_POINT ( 'NONE', #769 ) ;
#2364 = MECHANICAL_DESIGN_GEOMETRIC_PRESENTATION_REPRESENTATION (  '', ( #2734 ), #363 ) ;
#2365 = ORIENTED_EDGE ( 'NONE', *, *, #1078, .T. ) ;
#2366 = PRESENTATION_STYLE_ASSIGNMENT (( #2831 ) ) ;
#2367 = FILL_AREA_STYLE ('',( #574 ) ) ;
#2368 = DIRECTION ( 'NONE',  ( 0.0000000000000000000, 0.0000000000000000000, -1.000000000000000000 ) ) ;
#2369 = MECHANICAL_DESIGN_GEOMETRIC_PRESENTATION_REPRESENTATION (  '', ( #3258 ), #3137 ) ;
#2370 = EDGE_LOOP ( 'NONE', ( #304, #3076, #2036, #1095 ) ) ;
#2371 = DIRECTION ( 'NONE',  ( 0.0000000000000000000, 1.000000000000000000, -0.0000000000000000000 ) ) ;
#2372 = EDGE_LOOP ( 'NONE', ( #2610, #3132 ) ) ;
#2373 = FILL_AREA_STYLE ('',( #537 ) ) ;
#2374 = VECTOR ( 'NONE', #880, 1000.000000000000000 ) ;
#2375 = LINE ( 'NONE', #1566, #753 ) ;
#2376 = SURFACE_STYLE_USAGE ( .BOTH. , #29 ) ;
#2377 = LINE ( 'NONE', #1816, #500 ) ;
#2378 = STYLED_ITEM ( 'NONE', ( #676 ), #70 ) ;
#2379 = DIRECTION ( 'NONE',  ( 0.0000000000000000000, 0.0000000000000000000, -1.000000000000000000 ) ) ;
#2380 = LINE ( 'NONE', #1009, #3038 ) ;
#2381 = SURFACE_SIDE_STYLE ('',( #232 ) ) ;
#2382 = PRESENTATION_STYLE_ASSIGNMENT (( #439 ) ) ;
#2383 = VECTOR ( 'NONE', #2934, 1000.000000000000000 ) ;
#2384 = COLOUR_RGB ( '',0.1019607843137254900, 0.1019607843137254900, 0.1019607843137254900 ) ;
#2385 =( NAMED_UNIT ( * ) SI_UNIT ( $, .STERADIAN. ) SOLID_ANGLE_UNIT ( ) );
#2386 = STYLED_ITEM ( 'NONE', ( #2994 ), #2265 ) ;
#2387 = STYLED_ITEM ( 'NONE', ( #3045 ), #396 ) ;
#2388 =( NAMED_UNIT ( * ) SI_UNIT ( $, .STERADIAN. ) SOLID_ANGLE_UNIT ( ) );
#2389 = SURFACE_SIDE_STYLE ('',( #1651 ) ) ;
#2390 = DIRECTION ( 'NONE',  ( 0.0000000000000000000, 0.0000000000000000000, -1.000000000000000000 ) ) ;
#2391 = ORIENTED_EDGE ( 'NONE', *, *, #705, .F. ) ;
#2392 = UNCERTAINTY_MEASURE_WITH_UNIT (LENGTH_MEASURE( 1.000000000000000100E-005 ), #3172, 'distance_accuracy_value', 'NONE');
#2393 = SURFACE_STYLE_FILL_AREA ( #3126 ) ;
#2394 =( GEOMETRIC_REPRESENTATION_CONTEXT ( 3 ) GLOBAL_UNCERTAINTY_ASSIGNED_CONTEXT ( ( #3112 ) ) GLOBAL_UNIT_ASSIGNED_CONTEXT ( ( #861, #1360, #2388 ) ) REPRESENTATION_CONTEXT ( 'NONE', 'WORKASPACE' ) );
#2395 = FACE_OUTER_BOUND ( 'NONE', #1144, .T. ) ;
#2396 = SURFACE_STYLE_USAGE ( .BOTH. , #2625 ) ;
#2397 = DIRECTION ( 'NONE',  ( -0.0000000000000000000, 1.000000000000000000, -0.0000000000000000000 ) ) ;
#2398 = EDGE_LOOP ( 'NONE', ( #2489, #1514, #2763, #2775 ) ) ;
#2399 = CARTESIAN_POINT ( 'NONE',  ( 5.818438714135812300, 0.3650000000000001000, -0.2999999999999999300 ) ) ;
#2400 = ORIENTED_EDGE ( 'NONE', *, *, #1742, .T. ) ;
#2401 = VERTEX_POINT ( 'NONE', #1243 ) ;
#2402 = SURFACE_SIDE_STYLE ('',( #2589 ) ) ;
#2403 = EDGE_CURVE ( 'NONE', #314, #2241, #2664, .T. ) ;
#2404 = LINE ( 'NONE', #1612, #3017 ) ;
#2405 = ORIENTED_EDGE ( 'NONE', *, *, #2524, .F. ) ;
#2406 = CARTESIAN_POINT ( 'NONE',  ( 5.800000000000000700, -0.2000000000000000100, -3.699999999999999700 ) ) ;
#2407 = CARTESIAN_POINT ( 'NONE',  ( 6.337724959187636600, 7.099999999999999600, -5.194358624149853800 ) ) ;
#2408 = STYLED_ITEM ( 'NONE', ( #1167 ), #2779 ) ;
#2409 = ORIENTED_EDGE ( 'NONE', *, *, #2544, .F. ) ;
#2410 = EDGE_LOOP ( 'NONE', ( #356, #1300, #811, #2823, #1560, #348, #2192, #3107, #1310, #3067, #788 ) ) ;
#2411 = CARTESIAN_POINT ( 'NONE',  ( 5.800000000000000700, 0.0000000000000000000, -4.800000000000000700 ) ) ;
#2412 =( GEOMETRIC_REPRESENTATION_CONTEXT ( 3 ) GLOBAL_UNCERTAINTY_ASSIGNED_CONTEXT ( ( #265 ) ) GLOBAL_UNIT_ASSIGNED_CONTEXT ( ( #1586, #1073, #258 ) ) REPRESENTATION_CONTEXT ( 'NONE', 'WORKASPACE' ) );
#2413 = SURFACE_STYLE_FILL_AREA ( #2237 ) ;
#2414 = DIRECTION ( 'NONE',  ( -1.000000000000000000, 0.0000000000000000000, 0.0000000000000000000 ) ) ;
#2415 = VERTEX_POINT ( 'NONE', #3080 ) ;
#2416 = UNCERTAINTY_MEASURE_WITH_UNIT (LENGTH_MEASURE( 1.000000000000000100E-005 ), #257, 'distance_accuracy_value', 'NONE');
#2417 = CARTESIAN_POINT ( 'NONE',  ( 5.669532934686574600, 7.104999999999999500, -4.365036138344194700 ) ) ;
#2418 = DIRECTION ( 'NONE',  ( 1.000000000000000000, 0.0000000000000000000, 0.0000000000000000000 ) ) ;
#2419 =( GEOMETRIC_REPRESENTATION_CONTEXT ( 3 ) GLOBAL_UNCERTAINTY_ASSIGNED_CONTEXT ( ( #2809 ) ) GLOBAL_UNIT_ASSIGNED_CONTEXT ( ( #370, #1690, #1916 ) ) REPRESENTATION_CONTEXT ( 'NONE', 'WORKASPACE' ) );
#2420 = EDGE_CURVE ( 'NONE', #1641, #1063, #2904, .T. ) ;
#2421 = VECTOR ( 'NONE', #1521, 1000.000000000000000 ) ;
#2422 =( NAMED_UNIT ( * ) PLANE_ANGLE_UNIT ( ) SI_UNIT ( $, .RADIAN. ) );
#2423 = CARTESIAN_POINT ( 'NONE',  ( 5.818438714135812300, 0.3650000000000001000, 0.0000000000000000000 ) ) ;
#2424 = MECHANICAL_DESIGN_GEOMETRIC_PRESENTATION_REPRESENTATION (  '', ( #1567 ), #1624 ) ;
#2425 = CARTESIAN_POINT ( 'NONE',  ( 4.250000000000000000, 6.734999999999999400, -4.250000000000000000 ) ) ;
#2426 = DIRECTION ( 'NONE',  ( 1.000000000000000000, -0.0000000000000000000, 0.0000000000000000000 ) ) ;
#2427 = CARTESIAN_POINT ( 'NONE',  ( 6.407170895980367900, 7.104999999999999500, -2.805850000000000000 ) ) ;
#2428 = SURFACE_STYLE_FILL_AREA ( #480 ) ;
#2429 = AXIS2_PLACEMENT_3D ( 'NONE', #390, #685, #419 ) ;
#2430 = AXIS2_PLACEMENT_3D ( 'NONE', #1219, #690, #3041 ) ;
#2431 = CYLINDRICAL_SURFACE ( 'NONE', #2910, 4.250000000000000000 ) ;
#2432 =( NAMED_UNIT ( * ) PLANE_ANGLE_UNIT ( ) SI_UNIT ( $, .RADIAN. ) );
#2433 = CARTESIAN_POINT ( 'NONE',  ( 6.000000000000000000, -0.2000000000000000100, 0.0000000000000000000 ) ) ;
#2434 = ORIENTED_EDGE ( 'NONE', *, *, #630, .T. ) ;
#2435 =( GEOMETRIC_REPRESENTATION_CONTEXT ( 3 ) GLOBAL_UNCERTAINTY_ASSIGNED_CONTEXT ( ( #2099 ) ) GLOBAL_UNIT_ASSIGNED_CONTEXT ( ( #3338, #3348, #710 ) ) REPRESENTATION_CONTEXT ( 'NONE', 'WORKASPACE' ) );
#2436 = PLANE ( 'NONE',  #717 ) ;
#2437 = FILL_AREA_STYLE ('',( #2186 ) ) ;
#2438 = EDGE_LOOP ( 'NONE', ( #3353, #2330, #1768, #483 ) ) ;
#2439 = FILL_AREA_STYLE_COLOUR ( '', #728 ) ;
#2440 = PLANE ( 'NONE',  #802 ) ;
#2441 = ORIENTED_EDGE ( 'NONE', *, *, #3421, .T. ) ;
#2442 = VERTEX_POINT ( 'NONE', #261 ) ;
#2443 =( NAMED_UNIT ( * ) PLANE_ANGLE_UNIT ( ) SI_UNIT ( $, .RADIAN. ) );
#2444 = EDGE_CURVE ( 'NONE', #2442, #1445, #34, .T. ) ;
#2445 = CARTESIAN_POINT ( 'NONE',  ( 4.999699999999999800, 7.104999999999999500, -5.687379123781812300 ) ) ;
#2446 = ORIENTED_EDGE ( 'NONE', *, *, #2227, .T. ) ;
#2447 = AXIS2_PLACEMENT_3D ( 'NONE', #1647, #2959, #1901 ) ;
#2448 = AXIS2_PLACEMENT_3D ( 'NONE', #178, #2273, #2797 ) ;
#2449 = PRESENTATION_LAYER_ASSIGNMENT (  '', '', ( #712 ) ) ;
#2450 = ORIENTED_EDGE ( 'NONE', *, *, #564, .F. ) ;
#2451 = UNCERTAINTY_MEASURE_WITH_UNIT (LENGTH_MEASURE( 1.000000000000000100E-005 ), #2614, 'distance_accuracy_value', 'NONE');
#2452 = PLANE ( 'NONE',  #2184 ) ;
#2453 =( LENGTH_UNIT ( ) NAMED_UNIT ( * ) SI_UNIT ( .MILLI., .METRE. ) );
#2454 = PRESENTATION_STYLE_ASSIGNMENT (( #2688 ) ) ;
#2455 = SURFACE_SIDE_STYLE ('',( #1541 ) ) ;
#2456 = PRESENTATION_LAYER_ASSIGNMENT (  '', '', ( #1285 ) ) ;
#2457 = COLOUR_RGB ( '',0.1019607843137254900, 0.1019607843137254900, 0.1019607843137254900 ) ;
#2458 = CARTESIAN_POINT ( 'NONE',  ( -0.3499999999999996400, -0.0000000000000000000, -4.800000000000000700 ) ) ;
#2459 = CARTESIAN_POINT ( 'NONE',  ( 4.999699999999999800, 7.104999999999999500, -2.805850000000000000 ) ) ;
#2460 = SURFACE_STYLE_FILL_AREA ( #1562 ) ;
#2461 = EDGE_CURVE ( 'NONE', #2767, #443, #1698, .T. ) ;
#2462 = SURFACE_STYLE_FILL_AREA ( #1536 ) ;
#2463 = DIRECTION ( 'NONE',  ( 0.0000000000000000000, 0.0000000000000000000, -1.000000000000000000 ) ) ;
#2464 = VECTOR ( 'NONE', #1434, 1000.000000000000000 ) ;
#2465 = ADVANCED_FACE ( 'NONE', ( #845 ), #1022, .T. ) ;
#2466 = LINE ( 'NONE', #576, #1583 ) ;
#2467 =( GEOMETRIC_REPRESENTATION_CONTEXT ( 3 ) GLOBAL_UNCERTAINTY_ASSIGNED_CONTEXT ( ( #1739 ) ) GLOBAL_UNIT_ASSIGNED_CONTEXT ( ( #1139, #2945, #1398 ) ) REPRESENTATION_CONTEXT ( 'NONE', 'WORKASPACE' ) );
#2468 = CARTESIAN_POINT ( 'NONE',  ( 2.681561285864186800, 1.825000000000000000, 0.0000000000000000000 ) ) ;
#2469 =( NAMED_UNIT ( * ) SI_UNIT ( $, .STERADIAN. ) SOLID_ANGLE_UNIT ( ) );
#2470 = ORIENTED_EDGE ( 'NONE', *, *, #949, .T. ) ;
#2471 = FILL_AREA_STYLE ('',( #2213 ) ) ;
#2472 = ORIENTED_EDGE ( 'NONE', *, *, #2680, .T. ) ;
#2473 = LINE ( 'NONE', #600, #94 ) ;
#2474 = ORIENTED_EDGE ( 'NONE', *, *, #1904, .T. ) ;
#2475 = DIRECTION ( 'NONE',  ( -0.0000000000000000000, 1.000000000000000000, -0.0000000000000000000 ) ) ;
#2476 = MECHANICAL_DESIGN_GEOMETRIC_PRESENTATION_REPRESENTATION (  '', ( #1702 ), #452 ) ;
#2477 = ORIENTED_EDGE ( 'NONE', *, *, #2524, .T. ) ;
#2478 = FILL_AREA_STYLE_COLOUR ( '', #1701 ) ;
#2479 = LINE ( 'NONE', #820, #3106 ) ;
#2480 = DIRECTION ( 'NONE',  ( 1.000000000000000000, 0.0000000000000000000, -0.0000000000000000000 ) ) ;
#2481 = DIRECTION ( 'NONE',  ( -1.000000000000000000, 0.0000000000000000000, 0.0000000000000000000 ) ) ;
#2482 = VERTEX_POINT ( 'NONE', #2593 ) ;
#2483 = EDGE_CURVE ( 'NONE', #2002, #3147, #2020, .T. ) ;
#2484 = SURFACE_STYLE_USAGE ( .BOTH. , #662 ) ;
#2485 = ADVANCED_FACE ( 'NONE', ( #887 ), #2357, .T. ) ;
#2486 = ORIENTED_EDGE ( 'NONE', *, *, #1801, .F. ) ;
#2487 = FILL_AREA_STYLE ('',( #665 ) ) ;
#2488 = EDGE_CURVE ( 'NONE', #2717, #1076, #1292, .T. ) ;
#2489 = ORIENTED_EDGE ( 'NONE', *, *, #64, .T. ) ;
#2490 = SURFACE_STYLE_USAGE ( .BOTH. , #405 ) ;
#2491 = DIRECTION ( 'NONE',  ( 0.0000000000000000000, -1.000000000000000000, 0.0000000000000000000 ) ) ;
#2492 = SURFACE_SIDE_STYLE ('',( #1490 ) ) ;
#2493 = UNCERTAINTY_MEASURE_WITH_UNIT (LENGTH_MEASURE( 1.000000000000000100E-005 ), #1642, 'distance_accuracy_value', 'NONE');
#2494 =( GEOMETRIC_REPRESENTATION_CONTEXT ( 3 ) GLOBAL_UNCERTAINTY_ASSIGNED_CONTEXT ( ( #2699 ) ) GLOBAL_UNIT_ASSIGNED_CONTEXT ( ( #3362, #3084, #205 ) ) REPRESENTATION_CONTEXT ( 'NONE', 'WORKASPACE' ) );
#2495 =( GEOMETRIC_REPRESENTATION_CONTEXT ( 3 ) GLOBAL_UNCERTAINTY_ASSIGNED_CONTEXT ( ( #1396 ) ) GLOBAL_UNIT_ASSIGNED_CONTEXT ( ( #414, #3285, #1719 ) ) REPRESENTATION_CONTEXT ( 'NONE', 'WORKASPACE' ) );
#2496 = PRESENTATION_LAYER_ASSIGNMENT (  '', '', ( #3258 ) ) ;
#2497 = DIRECTION ( 'NONE',  ( 0.0000000000000000000, 0.0000000000000000000, 1.000000000000000000 ) ) ;
#2498 = DIRECTION ( 'NONE',  ( -0.0000000000000000000, 1.000000000000000000, -0.0000000000000000000 ) ) ;
#2499 = AXIS2_PLACEMENT_3D ( 'NONE', #132, #684, #111 ) ;
#2500 = VECTOR ( 'NONE', #1983, 1000.000000000000000 ) ;
#2501 = ADVANCED_FACE ( 'NONE', ( #1862 ), #2349, .T. ) ;
#2502 = DIRECTION ( 'NONE',  ( -1.000000000000000000, -0.0000000000000000000, -2.843808977011159300E-016 ) ) ;
#2503 = DIRECTION ( 'NONE',  ( -0.0000000000000000000, 1.000000000000000000, -0.0000000000000000000 ) ) ;
#2504 = EDGE_CURVE ( 'NONE', #1191, #458, #1903, .T. ) ;
#2505 = FILL_AREA_STYLE ('',( #1731 ) ) ;
#2506 = VERTEX_POINT ( 'NONE', #1581 ) ;
#2507 =( GEOMETRIC_REPRESENTATION_CONTEXT ( 3 ) GLOBAL_UNCERTAINTY_ASSIGNED_CONTEXT ( ( #852 ) ) GLOBAL_UNIT_ASSIGNED_CONTEXT ( ( #1037, #2575, #512 ) ) REPRESENTATION_CONTEXT ( 'NONE', 'WORKASPACE' ) );
#2508 = CARTESIAN_POINT ( 'NONE',  ( 2.681561285864188200, 1.825000000000000000, -0.2999999999999999300 ) ) ;
#2509 = CARTESIAN_POINT ( 'NONE',  ( 8.500000000000000000, -0.2000000000000000100, 0.0000000000000000000 ) ) ;
#2510 = VERTEX_POINT ( 'NONE', #1280 ) ;
#2511 = UNCERTAINTY_MEASURE_WITH_UNIT (LENGTH_MEASURE( 1.000000000000000100E-005 ), #1649, 'distance_accuracy_value', 'NONE');
#2512 = FACE_OUTER_BOUND ( 'NONE', #2599, .T. ) ;
#2513 = DIRECTION ( 'NONE',  ( 0.0000000000000000000, 0.0000000000000000000, 1.000000000000000000 ) ) ;
#2514 = ADVANCED_FACE ( 'NONE', ( #372 ), #2263, .F. ) ;
#2515 = EDGE_LOOP ( 'NONE', ( #3276, #1522 ) ) ;
#2516 = CIRCLE ( 'NONE', #1417, 0.2000000000000000900 ) ;
#2517 = FILL_AREA_STYLE_COLOUR ( '', #2100 ) ;
#2518 = ORIENTED_EDGE ( 'NONE', *, *, #2662, .F. ) ;
#2519 =( LENGTH_UNIT ( ) NAMED_UNIT ( * ) SI_UNIT ( .MILLI., .METRE. ) );
#2520 = EDGE_LOOP ( 'NONE', ( #2922, #933, #3271, #155 ) ) ;
#2521 = CARTESIAN_POINT ( 'NONE',  ( 5.044508229166684300, 7.099999999999999600, -3.319363575886128200 ) ) ;
#2522 = SURFACE_STYLE_USAGE ( .BOTH. , #1236 ) ;
#2523 = ORIENTED_EDGE ( 'NONE', *, *, #775, .T. ) ;
#2524 = EDGE_CURVE ( 'NONE', #352, #188, #1050, .T. ) ;
#2525 = SURFACE_STYLE_USAGE ( .BOTH. , #1474 ) ;
#2526 = FILL_AREA_STYLE_COLOUR ( '', #1819 ) ;
#2527 = ORIENTED_EDGE ( 'NONE', *, *, #1990, .T. ) ;
#2528 = DIRECTION ( 'NONE',  ( -1.000000000000000000, -0.0000000000000000000, 0.0000000000000000000 ) ) ;
#2529 = AXIS2_PLACEMENT_3D ( 'NONE', #13, #808, #246 ) ;
#2530 = ADVANCED_FACE ( 'NONE', ( #336 ), #245, .T. ) ;
#2531 = SURFACE_SIDE_STYLE ('',( #3042 ) ) ;
#2532 =( LENGTH_UNIT ( ) NAMED_UNIT ( * ) SI_UNIT ( .MILLI., .METRE. ) );
#2533 = FILL_AREA_STYLE_COLOUR ( '', #869 ) ;
#2534 = SURFACE_STYLE_FILL_AREA ( #2373 ) ;
#2535 = PRESENTATION_LAYER_ASSIGNMENT (  '', '', ( #3098 ) ) ;
#2536 =( NAMED_UNIT ( * ) PLANE_ANGLE_UNIT ( ) SI_UNIT ( $, .RADIAN. ) );
#2537 = DIRECTION ( 'NONE',  ( 1.000000000000000000, 0.0000000000000000000, 0.0000000000000000000 ) ) ;
#2538 = VECTOR ( 'NONE', #2498, 1000.000000000000000 ) ;
#2539 = PRESENTATION_LAYER_ASSIGNMENT (  '', '', ( #1858 ) ) ;
#2540 = VECTOR ( 'NONE', #2985, 1000.000000000000000 ) ;
#2541 = LINE ( 'NONE', #2180, #922 ) ;
#2542 = CARTESIAN_POINT ( 'NONE',  ( 0.2999999999999999900, 0.3650000000000001000, -2.681561285864186800 ) ) ;
#2543 = DIRECTION ( 'NONE',  ( -1.000000000000000000, 0.0000000000000000000, 0.0000000000000000000 ) ) ;
#2544 = EDGE_CURVE ( 'NONE', #410, #2363, #1132, .T. ) ;
#2545 = FACE_OUTER_BOUND ( 'NONE', #43, .T. ) ;
#2546 = PRESENTATION_STYLE_ASSIGNMENT (( #1510 ) ) ;
#2547 = PRESENTATION_LAYER_ASSIGNMENT (  '', '', ( #503 ) ) ;
#2548 = UNCERTAINTY_MEASURE_WITH_UNIT (LENGTH_MEASURE( 1.000000000000000100E-005 ), #1633, 'distance_accuracy_value', 'NONE');
#2549 = ORIENTED_EDGE ( 'NONE', *, *, #1738, .F. ) ;
#2550 = DIRECTION ( 'NONE',  ( 0.0000000000000000000, 0.0000000000000000000, -1.000000000000000000 ) ) ;
#2551 = LINE ( 'NONE', #122, #388 ) ;
#2552 = ORIENTED_EDGE ( 'NONE', *, *, #604, .F. ) ;
#2553 = MANIFOLD_SOLID_BREP ( 'Body-Move/Copy1[3]', #790 ) ;
#2554 = DIRECTION ( 'NONE',  ( 2.843808977011159300E-016, 0.0000000000000000000, -1.000000000000000000 ) ) ;
#2555 = STYLED_ITEM ( 'NONE', ( #3113 ), #3332 ) ;
#2556 = AXIS2_PLACEMENT_3D ( 'NONE', #3018, #117, #3006 ) ;
#2557 = FILL_AREA_STYLE ('',( #3049 ) ) ;
#2558 = DIRECTION ( 'NONE',  ( 0.0000000000000000000, 0.0000000000000000000, 1.000000000000000000 ) ) ;
#2559 = PRESENTATION_LAYER_ASSIGNMENT (  '', '', ( #1874 ) ) ;
#2560 = ORIENTED_EDGE ( 'NONE', *, *, #1841, .T. ) ;
#2561 = FILL_AREA_STYLE_COLOUR ( '', #146 ) ;
#2562 = MECHANICAL_DESIGN_GEOMETRIC_PRESENTATION_REPRESENTATION (  '', ( #2624 ), #767 ) ;
#2563 = ORIENTED_EDGE ( 'NONE', *, *, #2918, .T. ) ;
#2564 = FACE_OUTER_BOUND ( 'NONE', #1629, .T. ) ;
#2565 = ORIENTED_EDGE ( 'NONE', *, *, #630, .F. ) ;
#2566 = LINE ( 'NONE', #1760, #59 ) ;
#2567 = DIRECTION ( 'NONE',  ( 0.0000000000000000000, 0.0000000000000000000, -1.000000000000000000 ) ) ;
#2568 = CARTESIAN_POINT ( 'NONE',  ( 0.4853262552323130400, 7.099999999999999600, -0.02186394466922349200 ) ) ;
#2569 = CARTESIAN_POINT ( 'NONE',  ( 8.200000000000001100, 0.3650000000000001000, -2.681561285864188200 ) ) ;
#2570 = ORIENTED_EDGE ( 'NONE', *, *, #3247, .F. ) ;
#2571 = FACE_OUTER_BOUND ( 'NONE', #1718, .T. ) ;
#2572 = EDGE_CURVE ( 'NONE', #110, #1886, #882, .T. ) ;
#2573 = DIRECTION ( 'NONE',  ( -1.000000000000000000, 0.0000000000000000000, 0.0000000000000000000 ) ) ;
#2574 =( NAMED_UNIT ( * ) PLANE_ANGLE_UNIT ( ) SI_UNIT ( $, .RADIAN. ) );
#2575 =( NAMED_UNIT ( * ) PLANE_ANGLE_UNIT ( ) SI_UNIT ( $, .RADIAN. ) );
#2576 = VECTOR ( 'NONE', #2698, 1000.000000000000000 ) ;
#2577 = CARTESIAN_POINT ( 'NONE',  ( 0.0000000000000000000, 1.825000000000000000, 0.0000000000000000000 ) ) ;
#2578 = APPLICATION_PROTOCOL_DEFINITION ( 'draft international standard', 'automotive_design', 1998, #607 ) ;
#2579 = MECHANICAL_DESIGN_GEOMETRIC_PRESENTATION_REPRESENTATION (  '', ( #2235 ), #344 ) ;
#2580 = DIRECTION ( 'NONE',  ( -0.0000000000000000000, -0.0000000000000000000, -1.000000000000000000 ) ) ;
#2581 = DIRECTION ( 'NONE',  ( 1.000000000000000000, -0.0000000000000000000, 0.0000000000000000000 ) ) ;
#2582 = DIRECTION ( 'NONE',  ( 0.0000000000000000000, 0.0000000000000000000, 1.000000000000000000 ) ) ;
#2583 = SURFACE_STYLE_FILL_AREA ( #1795 ) ;
#2584 = STYLED_ITEM ( 'NONE', ( #1150 ), #1180 ) ;
#2585 = SURFACE_STYLE_FILL_AREA ( #1170 ) ;
#2586 =( NAMED_UNIT ( * ) PLANE_ANGLE_UNIT ( ) SI_UNIT ( $, .RADIAN. ) );
#2587 =( NAMED_UNIT ( * ) PLANE_ANGLE_UNIT ( ) SI_UNIT ( $, .RADIAN. ) );
#2588 = LINE ( 'NONE', #3211, #1462 ) ;
#2589 = SURFACE_STYLE_FILL_AREA ( #2673 ) ;
#2590 = VECTOR ( 'NONE', #2848, 1000.000000000000100 ) ;
#2591 = CARTESIAN_POINT ( 'NONE',  ( 4.250000000000000900, 0.3650000000000001000, -0.1874250000000014800 ) ) ;
#2592 = FILL_AREA_STYLE_COLOUR ( '', #3094 ) ;
#2593 = CARTESIAN_POINT ( 'NONE',  ( 6.407170895980367900, 7.099999999999999600, -2.805850000000000000 ) ) ;
#2594 = EDGE_CURVE ( 'NONE', #2820, #2401, #800, .T. ) ;
#2595 = ORIENTED_EDGE ( 'NONE', *, *, #1472, .F. ) ;
#2596 = UNCERTAINTY_MEASURE_WITH_UNIT (LENGTH_MEASURE( 1.000000000000000100E-005 ), #1190, 'distance_accuracy_value', 'NONE');
#2597 = DIRECTION ( 'NONE',  ( -1.000000000000000000, 0.0000000000000000000, 0.0000000000000000000 ) ) ;
#2598 = DIRECTION ( 'NONE',  ( -0.7071067811865474600, 0.0000000000000000000, 0.7071067811865474600 ) ) ;
#2599 = EDGE_LOOP ( 'NONE', ( #1910, #2691, #2645, #2960 ) ) ;
#2600 = EDGE_CURVE ( 'NONE', #533, #218, #3296, .T. ) ;
#2601 = ORIENTED_EDGE ( 'NONE', *, *, #1472, .T. ) ;
#2602 = MECHANICAL_DESIGN_GEOMETRIC_PRESENTATION_REPRESENTATION (  '', ( #2277 ), #687 ) ;
#2603 = EDGE_LOOP ( 'NONE', ( #1071, #93, #2552, #1359 ) ) ;
#2604 = FILL_AREA_STYLE_COLOUR ( '', #2175 ) ;
#2605 = LINE ( 'NONE', #2433, #354 ) ;
#2606 = ORIENTED_EDGE ( 'NONE', *, *, #2341, .T. ) ;
#2607 = DIRECTION ( 'NONE',  ( 0.6279378741829141400, 0.0000000000000000000, -0.7782634683490179400 ) ) ;
#2608 = SURFACE_STYLE_FILL_AREA ( #862 ) ;
#2609 = PRESENTATION_LAYER_ASSIGNMENT (  '', '', ( #743 ) ) ;
#2610 = ORIENTED_EDGE ( 'NONE', *, *, #919, .T. ) ;
#2611 = PRODUCT_CONTEXT ( 'NONE', #607, 'mechanical' ) ;
#2612 = EDGE_LOOP ( 'NONE', ( #3138, #1179, #1997, #2649 ) ) ;
#2613 = EDGE_CURVE ( 'NONE', #434, #1399, #1744, .T. ) ;
#2614 =( LENGTH_UNIT ( ) NAMED_UNIT ( * ) SI_UNIT ( .MILLI., .METRE. ) );
#2615 = VECTOR ( 'NONE', #1101, 1000.000000000000000 ) ;
#2616 = DIRECTION ( 'NONE',  ( 0.0000000000000000000, 1.000000000000000000, -0.0000000000000000000 ) ) ;
#2617 = SURFACE_STYLE_FILL_AREA ( #3304 ) ;
#2618 = MECHANICAL_DESIGN_GEOMETRIC_PRESENTATION_REPRESENTATION (  '', ( #2408 ), #3298 ) ;
#2619 = STYLED_ITEM ( 'NONE', ( #2871 ), #2214 ) ;
#2620 = MECHANICAL_DESIGN_GEOMETRIC_PRESENTATION_REPRESENTATION (  '', ( #120 ), #2467 ) ;
#2621 = FACE_OUTER_BOUND ( 'NONE', #2070, .T. ) ;
#2622 = DIRECTION ( 'NONE',  ( 0.0000000000000000000, -0.0000000000000000000, -1.000000000000000000 ) ) ;
#2623 = VECTOR ( 'NONE', #2724, 1000.000000000000000 ) ;
#2624 = STYLED_ITEM ( 'NONE', ( #1018 ), #1692 ) ;
#2625 = SURFACE_SIDE_STYLE ('',( #3090 ) ) ;
#2626 = DIRECTION ( 'NONE',  ( -1.000000000000000000, 0.0000000000000000000, 0.0000000000000000000 ) ) ;
#2627 = FILL_AREA_STYLE_COLOUR ( '', #1080 ) ;
#2628 = LINE ( 'NONE', #3366, #177 ) ;
#2629 = ORIENTED_EDGE ( 'NONE', *, *, #610, .F. ) ;
#2630 = ADVANCED_FACE ( 'NONE', ( #2995 ), #2440, .F. ) ;
#2631 = ORIENTED_EDGE ( 'NONE', *, *, #1383, .T. ) ;
#2632 = LINE ( 'NONE', #659, #305 ) ;
#2633 = DIRECTION ( 'NONE',  ( 1.000000000000000000, -0.0000000000000000000, 1.224646799147353200E-016 ) ) ;
#2634 = LINE ( 'NONE', #1822, #2230 ) ;
#2635 = EDGE_CURVE ( 'NONE', #907, #1892, #1368, .T. ) ;
#2636 = UNCERTAINTY_MEASURE_WITH_UNIT (LENGTH_MEASURE( 1.000000000000000100E-005 ), #1646, 'distance_accuracy_value', 'NONE');
#2637 = EDGE_LOOP ( 'NONE', ( #1607, #2889, #2931, #3319, #1559, #1847, #951, #2563, #2113, #391 ) ) ;
#2638 = COLOUR_RGB ( '',0.8941176470588234600, 0.9137254901960784000, 0.9294117647058823800 ) ;
#2639 = CARTESIAN_POINT ( 'NONE',  ( 5.381079547306393700, 7.104999999999999500, -4.535198855793510100 ) ) ;
#2640 = CARTESIAN_POINT ( 'NONE',  ( 5.818438714135812300, 0.3650000000000001000, 0.0000000000000000000 ) ) ;
#2641 =( NAMED_UNIT ( * ) PLANE_ANGLE_UNIT ( ) SI_UNIT ( $, .RADIAN. ) );
#2642 = EDGE_LOOP ( 'NONE', ( #145, #642, #1927, #1316, #1468, #608 ) ) ;
#2643 =( GEOMETRIC_REPRESENTATION_CONTEXT ( 3 ) GLOBAL_UNCERTAINTY_ASSIGNED_CONTEXT ( ( #1110 ) ) GLOBAL_UNIT_ASSIGNED_CONTEXT ( ( #3339, #2536, #979 ) ) REPRESENTATION_CONTEXT ( 'NONE', 'WORKASPACE' ) );
#2644 = PRODUCT ( 'CAC_KS_8X7_D8.5L7.3W1.1F0.2A8.5B8.5C9.2P3.1', 'CAC_KS_8X7_D8.5L7.3W1.1F0.2A8.5B8.5C9.2P3.1', '', ( #2611 ) ) ;
#2645 = ORIENTED_EDGE ( 'NONE', *, *, #184, .F. ) ;
#2646 = LINE ( 'NONE', #757, #1524 ) ;
#2647 = DIRECTION ( 'NONE',  ( -0.0000000000000000000, -1.000000000000000000, -0.0000000000000000000 ) ) ;
#2648 =( GEOMETRIC_REPRESENTATION_CONTEXT ( 3 ) GLOBAL_UNCERTAINTY_ASSIGNED_CONTEXT ( ( #2199 ) ) GLOBAL_UNIT_ASSIGNED_CONTEXT ( ( #3123, #2294, #219 ) ) REPRESENTATION_CONTEXT ( 'NONE', 'WORKASPACE' ) );
#2649 = ORIENTED_EDGE ( 'NONE', *, *, #1165, .F. ) ;
#2650 = FILL_AREA_STYLE_COLOUR ( '', #293 ) ;
#2651 = LINE ( 'NONE', #3349, #275 ) ;
#2652 =( NAMED_UNIT ( * ) PLANE_ANGLE_UNIT ( ) SI_UNIT ( $, .RADIAN. ) );
#2653 = VERTEX_POINT ( 'NONE', #139 ) ;
#2654 = FILL_AREA_STYLE ('',( #2 ) ) ;
#2655 = CARTESIAN_POINT ( 'NONE',  ( 4.250000000000000000, 7.099999999999999600, -0.5524250000000013900 ) ) ;
#2656 = ORIENTED_EDGE ( 'NONE', *, *, #2842, .T. ) ;
#2657 =( NAMED_UNIT ( * ) SI_UNIT ( $, .STERADIAN. ) SOLID_ANGLE_UNIT ( ) );
#2658 = PRESENTATION_STYLE_ASSIGNMENT (( #1357 ) ) ;
#2659 = EDGE_CURVE ( 'NONE', #1148, #366, #2344, .T. ) ;
#2660 =( NAMED_UNIT ( * ) PLANE_ANGLE_UNIT ( ) SI_UNIT ( $, .RADIAN. ) );
#2661 = SURFACE_SIDE_STYLE ('',( #2608 ) ) ;
#2662 = EDGE_CURVE ( 'NONE', #2286, #2249, #1287, .T. ) ;
#2663 = DIRECTION ( 'NONE',  ( 1.000000000000000000, 0.0000000000000000000, 0.0000000000000000000 ) ) ;
#2664 = LINE ( 'NONE', #190, #2701 ) ;
#2665 = DIRECTION ( 'NONE',  ( 1.000000000000000000, 0.0000000000000000000, -0.0000000000000000000 ) ) ;
#2666 = CARTESIAN_POINT ( 'NONE',  ( 4.250000000000000000, 7.104999999999999500, -4.250000000000000000 ) ) ;
#2667 = VECTOR ( 'NONE', #2221, 1000.000000000000000 ) ;
#2668 = FACE_OUTER_BOUND ( 'NONE', #2147, .T. ) ;
#2669 = PRESENTATION_STYLE_ASSIGNMENT (( #1293 ) ) ;
#2670 =( GEOMETRIC_REPRESENTATION_CONTEXT ( 3 ) GLOBAL_UNCERTAINTY_ASSIGNED_CONTEXT ( ( #2596 ) ) GLOBAL_UNIT_ASSIGNED_CONTEXT ( ( #1190, #2216, #3032 ) ) REPRESENTATION_CONTEXT ( 'NONE', 'WORKASPACE' ) );
#2671 =( GEOMETRIC_REPRESENTATION_CONTEXT ( 3 ) GLOBAL_UNCERTAINTY_ASSIGNED_CONTEXT ( ( #3000 ) ) GLOBAL_UNIT_ASSIGNED_CONTEXT ( ( #455, #2023, #1246 ) ) REPRESENTATION_CONTEXT ( 'NONE', 'WORKASPACE' ) );
#2672 = VECTOR ( 'NONE', #2581, 1000.000000000000000 ) ;
#2673 = FILL_AREA_STYLE ('',( #1369 ) ) ;
#2674 = PLANE ( 'NONE',  #176 ) ;
#2675 = VECTOR ( 'NONE', #3122, 1000.000000000000000 ) ;
#2676 = AXIS2_PLACEMENT_3D ( 'NONE', #1773, #998, #476 ) ;
#2677 = PLANE ( 'NONE',  #192 ) ;
#2678 = DIRECTION ( 'NONE',  ( -0.0000000000000000000, -1.000000000000000000, -0.0000000000000000000 ) ) ;
#2679 = ORIENTED_EDGE ( 'NONE', *, *, #1608, .F. ) ;
#2680 = EDGE_CURVE ( 'NONE', #489, #652, #583, .T. ) ;
#2681 = ORIENTED_EDGE ( 'NONE', *, *, #92, .F. ) ;
#2682 = ORIENTED_EDGE ( 'NONE', *, *, #1251, .F. ) ;
#2683 = FILL_AREA_STYLE_COLOUR ( '', #546 ) ;
#2684 = SURFACE_STYLE_USAGE ( .BOTH. , #2661 ) ;
#2685 = EDGE_CURVE ( 'NONE', #1399, #735, #1410, .T. ) ;
#2686 = EDGE_LOOP ( 'NONE', ( #453, #3309, #1592, #1259, #1476, #97, #2284, #387 ) ) ;
#2687 = DIRECTION ( 'NONE',  ( -1.000000000000000000, 0.0000000000000000000, 1.445602896647339300E-015 ) ) ;
#2688 = SURFACE_STYLE_USAGE ( .BOTH. , #80 ) ;
#2689 = ORIENTED_EDGE ( 'NONE', *, *, #359, .F. ) ;
#2690 = LINE ( 'NONE', #2423, #1313 ) ;
#2691 = ORIENTED_EDGE ( 'NONE', *, *, #2227, .F. ) ;
#2692 = CARTESIAN_POINT ( 'NONE',  ( 5.800000000000000700, 0.0000000000000000000, -3.699999999999999700 ) ) ;
#2693 = MECHANICAL_DESIGN_GEOMETRIC_PRESENTATION_REPRESENTATION (  '', ( #2826 ), #2412 ) ;
#2694 = CARTESIAN_POINT ( 'NONE',  ( 4.250000000000000900, 6.734999999999999400, -0.1874250000000014800 ) ) ;
#2695 = VERTEX_POINT ( 'NONE', #163 ) ;
#2696 = FILL_AREA_STYLE ('',( #578 ) ) ;
#2697 = DIRECTION ( 'NONE',  ( 1.000000000000000000, 0.0000000000000000000, -2.843808977011159300E-016 ) ) ;
#2698 = DIRECTION ( 'NONE',  ( -0.0000000000000000000, 1.000000000000000000, -0.0000000000000000000 ) ) ;
#2699 = UNCERTAINTY_MEASURE_WITH_UNIT (LENGTH_MEASURE( 1.000000000000000100E-005 ), #3362, 'distance_accuracy_value', 'NONE');
#2700 = EDGE_CURVE ( 'NONE', #2334, #855, #3418, .T. ) ;
#2701 = VECTOR ( 'NONE', #992, 1000.000000000000000 ) ;
#2702 = FILL_AREA_STYLE ('',( #1905 ) ) ;
#2703 = FILL_AREA_STYLE_COLOUR ( '', #1620 ) ;
#2704 = DIRECTION ( 'NONE',  ( -0.0000000000000000000, 1.000000000000000000, -0.0000000000000000000 ) ) ;
#2705 = DIRECTION ( 'NONE',  ( 0.0000000000000000000, 0.0000000000000000000, 1.000000000000000000 ) ) ;
#2706 = SURFACE_STYLE_FILL_AREA ( #2696 ) ;
#2707 = LINE ( 'NONE', #2966, #210 ) ;
#2708 =( NAMED_UNIT ( * ) PLANE_ANGLE_UNIT ( ) SI_UNIT ( $, .RADIAN. ) );
#2709 = PRESENTATION_STYLE_ASSIGNMENT (( #539 ) ) ;
#2710 =( NAMED_UNIT ( * ) SI_UNIT ( $, .STERADIAN. ) SOLID_ANGLE_UNIT ( ) );
#2711 = MECHANICAL_DESIGN_GEOMETRIC_PRESENTATION_REPRESENTATION (  '', ( #3098 ), #11 ) ;
#2712 = DIRECTION ( 'NONE',  ( 0.0000000000000000000, 0.0000000000000000000, 1.000000000000000000 ) ) ;
#2713 = ORIENTED_EDGE ( 'NONE', *, *, #2600, .T. ) ;
#2714 = VECTOR ( 'NONE', #2480, 1000.000000000000000 ) ;
#2715 = CARTESIAN_POINT ( 'NONE',  ( 4.999699999999999800, 7.104999999999999500, -5.687379123781812300 ) ) ;
#2716 = SURFACE_SIDE_STYLE ('',( #3334 ) ) ;
#2717 = VERTEX_POINT ( 'NONE', #703 ) ;
#2718 = EDGE_CURVE ( 'NONE', #2007, #320, #2133, .T. ) ;
#2719 =( NAMED_UNIT ( * ) PLANE_ANGLE_UNIT ( ) SI_UNIT ( $, .RADIAN. ) );
#2720 = ADVANCED_FACE ( 'NONE', ( #3383 ), #123, .T. ) ;
#2721 = SURFACE_STYLE_USAGE ( .BOTH. , #2201 ) ;
#2722 = ORIENTED_EDGE ( 'NONE', *, *, #1038, .T. ) ;
#2723 = COLOUR_RGB ( '',0.8941176470588234600, 0.9137254901960784000, 0.9294117647058823800 ) ;
#2724 = DIRECTION ( 'NONE',  ( 0.0000000000000000000, 0.0000000000000000000, -1.000000000000000000 ) ) ;
#2725 = EDGE_LOOP ( 'NONE', ( #3019, #1036, #495, #1238 ) ) ;
#2726 = CARTESIAN_POINT ( 'NONE',  ( 6.625750000000000900, 0.0000000000000000000, -8.500000000000000000 ) ) ;
#2727 = AXIS2_PLACEMENT_3D ( 'NONE', #930, #1968, #1942 ) ;
#2728 = DIRECTION ( 'NONE',  ( 0.0000000000000000000, 0.0000000000000000000, -1.000000000000000000 ) ) ;
#2729 = ORIENTED_EDGE ( 'NONE', *, *, #2991, .T. ) ;
#2730 = CARTESIAN_POINT ( 'NONE',  ( 5.044508229166684300, 7.104999999999999500, -5.194358658074004400 ) ) ;
#2731 =( LENGTH_UNIT ( ) NAMED_UNIT ( * ) SI_UNIT ( .MILLI., .METRE. ) );
#2732 = PRESENTATION_LAYER_ASSIGNMENT (  '', '', ( #2555 ) ) ;
#2733 = MECHANICAL_DESIGN_GEOMETRIC_PRESENTATION_REPRESENTATION (  '', ( #1065 ), #3156 ) ;
#2734 = STYLED_ITEM ( 'NONE', ( #964 ), #454 ) ;
#2735 = ORIENTED_EDGE ( 'NONE', *, *, #924, .F. ) ;
#2736 = SURFACE_STYLE_USAGE ( .BOTH. , #638 ) ;
#2737 = DIRECTION ( 'NONE',  ( 0.0000000000000000000, -1.000000000000000000, 0.0000000000000000000 ) ) ;
#2738 = AXIS2_PLACEMENT_3D ( 'NONE', #953, #2742, #418 ) ;
#2739 = FILL_AREA_STYLE_COLOUR ( '', #2723 ) ;
#2740 = ADVANCED_FACE ( 'NONE', ( #1935 ), #1244, .T. ) ;
#2741 = CARTESIAN_POINT ( 'NONE',  ( 4.250000000000000900, 2.188540000000000200, -0.1874250000000014800 ) ) ;
#2742 = DIRECTION ( 'NONE',  ( 0.0000000000000000000, 0.0000000000000000000, 1.000000000000000000 ) ) ;
#2743 = CARTESIAN_POINT ( 'NONE',  ( 2.681561285864186800, 0.3650000000000001000, 0.0000000000000000000 ) ) ;
#2744 = COLOUR_RGB ( '',0.1019607843137254900, 0.1019607843137254900, 0.1019607843137254900 ) ;
#2745 = UNCERTAINTY_MEASURE_WITH_UNIT (LENGTH_MEASURE( 1.000000000000000100E-005 ), #2109, 'distance_accuracy_value', 'NONE');
#2746 =( LENGTH_UNIT ( ) NAMED_UNIT ( * ) SI_UNIT ( .MILLI., .METRE. ) );
#2747 = EDGE_CURVE ( 'NONE', #2506, #1733, #1448, .T. ) ;
#2748 = PRESENTATION_STYLE_ASSIGNMENT (( #156 ) ) ;
#2749 = DIRECTION ( 'NONE',  ( -1.000000000000000000, 0.0000000000000000000, 0.0000000000000000000 ) ) ;
#2750 = PRESENTATION_STYLE_ASSIGNMENT (( #1895 ) ) ;
#2751 =( NAMED_UNIT ( * ) SI_UNIT ( $, .STERADIAN. ) SOLID_ANGLE_UNIT ( ) );
#2752 = AXIS2_PLACEMENT_3D ( 'NONE', #1120, #2418, #1141 ) ;
#2753 = CARTESIAN_POINT ( 'NONE',  ( 0.2999999999999999900, 0.3650000000000001000, -5.818438714135814000 ) ) ;
#2754 = DIRECTION ( 'NONE',  ( 0.0000000000000000000, 0.0000000000000000000, -1.000000000000000000 ) ) ;
#2755 = VECTOR ( 'NONE', #1079, 1000.000000000000000 ) ;
#2756 = LINE ( 'NONE', #181, #1506 ) ;
#2757 = COLOUR_RGB ( '',0.8980392156862745400, 0.9215686274509803400, 0.9294117647058823800 ) ;
#2758 = DIRECTION ( 'NONE',  ( -0.0000000000000000000, 1.000000000000000000, -0.0000000000000000000 ) ) ;
#2759 = ORIENTED_EDGE ( 'NONE', *, *, #1577, .F. ) ;
#2760 = ADVANCED_FACE ( 'NONE', ( #3201 ), #1488, .F. ) ;
#2761 = CARTESIAN_POINT ( 'NONE',  ( 4.250000000000000000, 7.099999999999999600, -4.250000000000000000 ) ) ;
#2762 =( GEOMETRIC_REPRESENTATION_CONTEXT ( 3 ) GLOBAL_UNCERTAINTY_ASSIGNED_CONTEXT ( ( #1855 ) ) GLOBAL_UNIT_ASSIGNED_CONTEXT ( ( #3295, #127, #629 ) ) REPRESENTATION_CONTEXT ( 'NONE', 'WORKASPACE' ) );
#2763 = ORIENTED_EDGE ( 'NONE', *, *, #3196, .F. ) ;
#2764 = CARTESIAN_POINT ( 'NONE',  ( 4.250000000000000000, 7.099999999999999600, -0.8750325000000009900 ) ) ;
#2765 = FILL_AREA_STYLE ('',( #2993 ) ) ;
#2766 = PRESENTATION_STYLE_ASSIGNMENT (( #1105 ) ) ;
#2767 = VERTEX_POINT ( 'NONE', #2253 ) ;
#2768 = DIRECTION ( 'NONE',  ( 0.0000000000000000000, -1.000000000000000000, 0.0000000000000000000 ) ) ;
#2769 = SURFACE_STYLE_FILL_AREA ( #1048 ) ;
#2770 = SURFACE_SIDE_STYLE ('',( #89 ) ) ;
#2771 = DIRECTION ( 'NONE',  ( 0.0000000000000000000, -1.000000000000000000, 0.0000000000000000000 ) ) ;
#2772 = ORIENTED_EDGE ( 'NONE', *, *, #1165, .T. ) ;
#2773 = EDGE_CURVE ( 'NONE', #1268, #1992, #332, .T. ) ;
#2774 = DIRECTION ( 'NONE',  ( -1.000000000000000000, 0.0000000000000000000, 0.0000000000000000000 ) ) ;
#2775 = ORIENTED_EDGE ( 'NONE', *, *, #1577, .T. ) ;
#2776 = SURFACE_SIDE_STYLE ('',( #1977 ) ) ;
#2777 = EDGE_CURVE ( 'NONE', #873, #438, #2377, .T. ) ;
#2778 = EDGE_LOOP ( 'NONE', ( #1222, #612, #1557, #1639 ) ) ;
#2779 = ADVANCED_FACE ( 'NONE', ( #286 ), #494, .F. ) ;
#2780 = DIRECTION ( 'NONE',  ( 0.0000000000000000000, 1.000000000000000000, 0.0000000000000000000 ) ) ;
#2781 = PRESENTATION_LAYER_ASSIGNMENT (  '', '', ( #392 ) ) ;
#2782 = MECHANICAL_DESIGN_GEOMETRIC_PRESENTATION_REPRESENTATION (  '', ( #3328 ), #72 ) ;
#2783 = CARTESIAN_POINT ( 'NONE',  ( 5.818438714135812300, 1.216666666666666800, -8.500000000000000000 ) ) ;
#2784 = VECTOR ( 'NONE', #1342, 1000.000000000000000 ) ;
#2785 = FILL_AREA_STYLE ('',( #2243 ) ) ;
#2786 = MECHANICAL_DESIGN_GEOMETRIC_PRESENTATION_REPRESENTATION (  '', ( #743 ), #2956 ) ;
#2787 = LINE ( 'NONE', #485, #1130 ) ;
#2788 = SURFACE_STYLE_USAGE ( .BOTH. , #1518 ) ;
#2789 = CARTESIAN_POINT ( 'NONE',  ( 6.407170895980367900, 7.099999999999999600, -3.132117435131643600 ) ) ;
#2790 = EDGE_CURVE ( 'NONE', #2034, #195, #2375, .T. ) ;
#2791 = PRESENTATION_STYLE_ASSIGNMENT (( #550 ) ) ;
#2792 = FACE_OUTER_BOUND ( 'NONE', #3028, .T. ) ;
#2793 = ADVANCED_FACE ( 'NONE', ( #2259 ), #2853, .F. ) ;
#2794 =( NAMED_UNIT ( * ) PLANE_ANGLE_UNIT ( ) SI_UNIT ( $, .RADIAN. ) );
#2795 = EDGE_CURVE ( 'NONE', #615, #270, #165, .T. ) ;
#2796 = FACE_OUTER_BOUND ( 'NONE', #1305, .T. ) ;
#2797 = DIRECTION ( 'NONE',  ( 0.0000000000000000000, 0.0000000000000000000, 1.000000000000000000 ) ) ;
#2798 = ORIENTED_EDGE ( 'NONE', *, *, #3014, .F. ) ;
#2799 = PRESENTATION_STYLE_ASSIGNMENT (( #175 ) ) ;
#2800 = CARTESIAN_POINT ( 'NONE',  ( 5.381079547306396400, 7.099999999999999600, -4.198631054429681000 ) ) ;
#2801 = MECHANICAL_DESIGN_GEOMETRIC_PRESENTATION_REPRESENTATION (  '', ( #592 ), #2346 ) ;
#2802 = AXIS2_PLACEMENT_3D ( 'NONE', #2229, #934, #2749 ) ;
#2803 = DIRECTION ( 'NONE',  ( 0.0000000000000000000, 0.0000000000000000000, 1.000000000000000000 ) ) ;
#2804 = SURFACE_SIDE_STYLE ('',( #2288 ) ) ;
#2805 = ORIENTED_EDGE ( 'NONE', *, *, #2504, .T. ) ;
#2806 = FILL_AREA_STYLE_COLOUR ( '', #2744 ) ;
#2807 = VERTEX_POINT ( 'NONE', #1575 ) ;
#2808 = AXIS2_PLACEMENT_3D ( 'NONE', #2568, #1823, #3391 ) ;
#2809 = UNCERTAINTY_MEASURE_WITH_UNIT (LENGTH_MEASURE( 1.000000000000000100E-005 ), #370, 'distance_accuracy_value', 'NONE');
#2810 = ORIENTED_EDGE ( 'NONE', *, *, #2944, .F. ) ;
#2811 = CIRCLE ( 'NONE', #1489, 3.697574999999999200 ) ;
#2812 =( LENGTH_UNIT ( ) NAMED_UNIT ( * ) SI_UNIT ( .MILLI., .METRE. ) );
#2813 = ORIENTED_EDGE ( 'NONE', *, *, #818, .T. ) ;
#2814 = CARTESIAN_POINT ( 'NONE',  ( -0.3499999999999996400, -0.2000000000000000100, -4.800000000000000700 ) ) ;
#2815 = FILL_AREA_STYLE_COLOUR ( '', #456 ) ;
#2816 = COLOUR_RGB ( '',0.0000000000000000000, 0.0000000000000000000, 0.0000000000000000000 ) ;
#2817 = EDGE_LOOP ( 'NONE', ( #448, #2080, #524, #2470 ) ) ;
#2818 = EDGE_CURVE ( 'NONE', #2202, #1379, #2095, .T. ) ;
#2819 = DIRECTION ( 'NONE',  ( 0.0000000000000000000, 1.000000000000000000, 0.0000000000000000000 ) ) ;
#2820 = VERTEX_POINT ( 'NONE', #482 ) ;
#2821 = DIRECTION ( 'NONE',  ( 0.5740093059051177800, 0.0000000000000000000, 0.8188487752536025600 ) ) ;
#2822 =( GEOMETRIC_REPRESENTATION_CONTEXT ( 3 ) GLOBAL_UNCERTAINTY_ASSIGNED_CONTEXT ( ( #2313 ) ) GLOBAL_UNIT_ASSIGNED_CONTEXT ( ( #2004, #1227, #421 ) ) REPRESENTATION_CONTEXT ( 'NONE', 'WORKASPACE' ) );
#2823 = ORIENTED_EDGE ( 'NONE', *, *, #1378, .F. ) ;
#2824 = PLANE ( 'NONE',  #805 ) ;
#2825 =( LENGTH_UNIT ( ) NAMED_UNIT ( * ) SI_UNIT ( .MILLI., .METRE. ) );
#2826 = STYLED_ITEM ( 'NONE', ( #2924 ), #1435 ) ;
#2827 = COLOUR_RGB ( '',0.1019607843137254900, 0.1019607843137254900, 0.1019607843137254900 ) ;
#2828 = CARTESIAN_POINT ( 'NONE',  ( 2.500000000000000000, 0.0000000000000000000, -3.699999999999999700 ) ) ;
#2829 =( LENGTH_UNIT ( ) NAMED_UNIT ( * ) SI_UNIT ( .MILLI., .METRE. ) );
#2830 = CARTESIAN_POINT ( 'NONE',  ( 6.407170895980367900, 7.104999999999999500, -3.132117435131643600 ) ) ;
#2831 = SURFACE_STYLE_USAGE ( .BOTH. , #842 ) ;
#2832 = DIRECTION ( 'NONE',  ( -1.000000000000000000, 0.0000000000000000000, 0.0000000000000000000 ) ) ;
#2833 =( NAMED_UNIT ( * ) SI_UNIT ( $, .STERADIAN. ) SOLID_ANGLE_UNIT ( ) );
#2834 = LINE ( 'NONE', #2027, #3005 ) ;
#2835 = EDGE_CURVE ( 'NONE', #3324, #528, #1242, .T. ) ;
#2836 = LINE ( 'NONE', #865, #763 ) ;
#2837 = COLOUR_RGB ( '',0.0000000000000000000, 0.0000000000000000000, 0.0000000000000000000 ) ;
#2838 = FACE_OUTER_BOUND ( 'NONE', #899, .T. ) ;
#2839 = CARTESIAN_POINT ( 'NONE',  ( 5.044508229166684300, 7.099999999999999600, -5.194358658074004400 ) ) ;
#2840 = VECTOR ( 'NONE', #137, 1000.000000000000000 ) ;
#2841 = VECTOR ( 'NONE', #3372, 1000.000000000000000 ) ;
#2842 = EDGE_CURVE ( 'NONE', #1343, #1268, #661, .T. ) ;
#2843 = ORIENTED_EDGE ( 'NONE', *, *, #413, .F. ) ;
#2844 = SURFACE_STYLE_USAGE ( .BOTH. , #2776 ) ;
#2845 = ORIENTED_EDGE ( 'NONE', *, *, #1717, .T. ) ;
#2846 = MECHANICAL_DESIGN_GEOMETRIC_PRESENTATION_REPRESENTATION (  '', ( #374 ), #824 ) ;
#2847 = FACE_OUTER_BOUND ( 'NONE', #2859, .T. ) ;
#2848 = DIRECTION ( 'NONE',  ( -0.6279378741829139100, 0.0000000000000000000, 0.7782634683490179400 ) ) ;
#2849 = VERTEX_POINT ( 'NONE', #2092 ) ;
#2850 = VECTOR ( 'NONE', #1618, 1000.000000000000000 ) ;
#2851 = UNCERTAINTY_MEASURE_WITH_UNIT (LENGTH_MEASURE( 1.000000000000000100E-005 ), #1295, 'distance_accuracy_value', 'NONE');
#2852 =( LENGTH_UNIT ( ) NAMED_UNIT ( * ) SI_UNIT ( .MILLI., .METRE. ) );
#2853 = PLANE ( 'NONE',  #3409 ) ;
#2854 =( GEOMETRIC_REPRESENTATION_CONTEXT ( 3 ) GLOBAL_UNCERTAINTY_ASSIGNED_CONTEXT ( ( #316 ) ) GLOBAL_UNIT_ASSIGNED_CONTEXT ( ( #2867, #2315, #506 ) ) REPRESENTATION_CONTEXT ( 'NONE', 'WORKASPACE' ) );
#2855 = ORIENTED_EDGE ( 'NONE', *, *, #2718, .T. ) ;
#2856 = VERTEX_POINT ( 'NONE', #751 ) ;
#2857 = CARTESIAN_POINT ( 'NONE',  ( 4.250000000000000000, 7.104999999999999500, -4.250000000000000000 ) ) ;
#2858 =( LENGTH_UNIT ( ) NAMED_UNIT ( * ) SI_UNIT ( .MILLI., .METRE. ) );
#2859 = EDGE_LOOP ( 'NONE', ( #2549, #2105, #1843, #2523, #1966 ) ) ;
#2860 = FACE_OUTER_BOUND ( 'NONE', #1565, .T. ) ;
#2861 = EDGE_CURVE ( 'NONE', #1226, #2653, #1325, .T. ) ;
#2862 =( NAMED_UNIT ( * ) SI_UNIT ( $, .STERADIAN. ) SOLID_ANGLE_UNIT ( ) );
#2863 = SURFACE_STYLE_USAGE ( .BOTH. , #1827 ) ;
#2864 = CARTESIAN_POINT ( 'NONE',  ( 0.0000000000000000000, 1.825000000000000000, 0.0000000000000000000 ) ) ;
#2865 = AXIS2_PLACEMENT_3D ( 'NONE', #1857, #544, #567 ) ;
#2866 = VECTOR ( 'NONE', #3, 1000.000000000000000 ) ;
#2867 =( LENGTH_UNIT ( ) NAMED_UNIT ( * ) SI_UNIT ( .MILLI., .METRE. ) );
#2868 = SURFACE_SIDE_STYLE ('',( #627 ) ) ;
#2869 =( GEOMETRIC_REPRESENTATION_CONTEXT ( 3 ) GLOBAL_UNCERTAINTY_ASSIGNED_CONTEXT ( ( #749 ) ) GLOBAL_UNIT_ASSIGNED_CONTEXT ( ( #1025, #2586, #1283 ) ) REPRESENTATION_CONTEXT ( 'NONE', 'WORKASPACE' ) );
#2870 = CARTESIAN_POINT ( 'NONE',  ( 5.669532934686574600, 7.099999999999999600, -4.365036138344194700 ) ) ;
#2871 = PRESENTATION_STYLE_ASSIGNMENT (( #3057 ) ) ;
#2872 = DIRECTION ( 'NONE',  ( 0.0000000000000000000, -1.000000000000000000, 0.0000000000000000000 ) ) ;
#2873 = VECTOR ( 'NONE', #1831, 1000.000000000000000 ) ;
#2874 = PRESENTATION_STYLE_ASSIGNMENT (( #1652 ) ) ;
#2875 = FACE_OUTER_BOUND ( 'NONE', #2410, .T. ) ;
#2876 = FILL_AREA_STYLE_COLOUR ( '', #1054 ) ;
#2877 = EDGE_CURVE ( 'NONE', #903, #2249, #1854, .T. ) ;
#2878 = SURFACE_STYLE_FILL_AREA ( #1628 ) ;
#2879 = VECTOR ( 'NONE', #3278, 1000.000000000000000 ) ;
#2880 = DIRECTION ( 'NONE',  ( -1.000000000000000000, -0.0000000000000000000, -2.843808977011159300E-016 ) ) ;
#2881 = CARTESIAN_POINT ( 'NONE',  ( 2.700000000000000200, 0.0000000000000000000, -4.800000000000000700 ) ) ;
#2882 = ORIENTED_EDGE ( 'NONE', *, *, #436, .F. ) ;
#2883 = PRESENTATION_LAYER_ASSIGNMENT (  '', '', ( #2387 ) ) ;
#2884 = VECTOR ( 'NONE', #2704, 1000.000000000000000 ) ;
#2885 = ORIENTED_EDGE ( 'NONE', *, *, #2015, .F. ) ;
#2886 = ORIENTED_EDGE ( 'NONE', *, *, #1904, .F. ) ;
#2887 = DIRECTION ( 'NONE',  ( -0.0000000000000000000, -1.000000000000000000, -0.0000000000000000000 ) ) ;
#2888 = MECHANICAL_DESIGN_GEOMETRIC_PRESENTATION_REPRESENTATION (  '', ( #1083 ), #2146 ) ;
#2889 = ORIENTED_EDGE ( 'NONE', *, *, #2594, .T. ) ;
#2890 = DIRECTION ( 'NONE',  ( -0.0000000000000000000, -1.000000000000000000, -0.0000000000000000000 ) ) ;
#2891 = FILL_AREA_STYLE ('',( #2627 ) ) ;
#2892 = ORIENTED_EDGE ( 'NONE', *, *, #1890, .F. ) ;
#2893 = ORIENTED_EDGE ( 'NONE', *, *, #2321, .F. ) ;
#2894 =( NAMED_UNIT ( * ) PLANE_ANGLE_UNIT ( ) SI_UNIT ( $, .RADIAN. ) );
#2895 = DIRECTION ( 'NONE',  ( 0.0000000000000000000, -1.000000000000000000, 0.0000000000000000000 ) ) ;
#2896 = PLANE ( 'NONE',  #1675 ) ;
#2897 =( GEOMETRIC_REPRESENTATION_CONTEXT ( 3 ) GLOBAL_UNCERTAINTY_ASSIGNED_CONTEXT ( ( #1208 ) ) GLOBAL_UNIT_ASSIGNED_CONTEXT ( ( #2746, #1659, #1414 ) ) REPRESENTATION_CONTEXT ( 'NONE', 'WORKASPACE' ) );
#2898 = VECTOR ( 'NONE', #297, 1000.000000000000000 ) ;
#2899 =( NAMED_UNIT ( * ) SI_UNIT ( $, .STERADIAN. ) SOLID_ANGLE_UNIT ( ) );
#2900 = STYLED_ITEM ( 'NONE', ( #831 ), #371 ) ;
#2901 = AXIS2_PLACEMENT_3D ( 'NONE', #2830, #3104, #202 ) ;
#2902 =( GEOMETRIC_REPRESENTATION_CONTEXT ( 3 ) GLOBAL_UNCERTAINTY_ASSIGNED_CONTEXT ( ( #2335 ) ) GLOBAL_UNIT_ASSIGNED_CONTEXT ( ( #849, #2181, #1137 ) ) REPRESENTATION_CONTEXT ( 'NONE', 'WORKASPACE' ) );
#2903 = UNCERTAINTY_MEASURE_WITH_UNIT (LENGTH_MEASURE( 1.000000000000000100E-005 ), #554, 'distance_accuracy_value', 'NONE');
#2904 = LINE ( 'NONE', #730, #420 ) ;
#2905 = DIRECTION ( 'NONE',  ( 0.0000000000000000000, -1.000000000000000000, 0.0000000000000000000 ) ) ;
#2906 = CARTESIAN_POINT ( 'NONE',  ( 4.250000000000000000, 0.3650000000000001000, -4.250000000000000000 ) ) ;
#2907 = LINE ( 'NONE', #1194, #37 ) ;
#2908 = FACE_OUTER_BOUND ( 'NONE', #19, .T. ) ;
#2909 = UNCERTAINTY_MEASURE_WITH_UNIT (LENGTH_MEASURE( 1.000000000000000100E-005 ), #3283, 'distance_accuracy_value', 'NONE');
#2910 = AXIS2_PLACEMENT_3D ( 'NONE', #1529, #441, #2803 ) ;
#2911 = DIRECTION ( 'NONE',  ( -1.445602896647339300E-015, 0.0000000000000000000, -1.000000000000000000 ) ) ;
#2912 = DIRECTION ( 'NONE',  ( -0.0000000000000000000, -0.0000000000000000000, 1.000000000000000000 ) ) ;
#2913 = DIRECTION ( 'NONE',  ( 0.0000000000000000000, -0.0000000000000000000, 1.000000000000000000 ) ) ;
#2914 = SURFACE_STYLE_FILL_AREA ( #2339 ) ;
#2915 = ORIENTED_EDGE ( 'NONE', *, *, #22, .F. ) ;
#2916 = COLOUR_RGB ( '',0.1019607843137254900, 0.1019607843137254900, 0.1019607843137254900 ) ;
#2917 = DIRECTION ( 'NONE',  ( 0.0000000000000000000, 0.0000000000000000000, -1.000000000000000000 ) ) ;
#2918 = EDGE_CURVE ( 'NONE', #1343, #1118, #3379, .T. ) ;
#2919 = CLOSED_SHELL ( 'NONE', ( #956, #3209, #454, #921, #696, #1961 ) ) ;
#2920 =( NAMED_UNIT ( * ) PLANE_ANGLE_UNIT ( ) SI_UNIT ( $, .RADIAN. ) );
#2921 = DIRECTION ( 'NONE',  ( 0.0000000000000000000, 1.000000000000000000, 0.0000000000000000000 ) ) ;
#2922 = ORIENTED_EDGE ( 'NONE', *, *, #3127, .T. ) ;
#2923 = PRESENTATION_LAYER_ASSIGNMENT (  '', '', ( #1872 ) ) ;
#2924 = PRESENTATION_STYLE_ASSIGNMENT (( #1321 ) ) ;
#2925 =( LENGTH_UNIT ( ) NAMED_UNIT ( * ) SI_UNIT ( .MILLI., .METRE. ) );
#2926 = ORIENTED_EDGE ( 'NONE', *, *, #2317, .T. ) ;
#2927 = LINE ( 'NONE', #655, #1676 ) ;
#2928 = UNCERTAINTY_MEASURE_WITH_UNIT (LENGTH_MEASURE( 1.000000000000000100E-005 ), #3297, 'distance_accuracy_value', 'NONE');
#2929 = CARTESIAN_POINT ( 'NONE',  ( 2.500000000000000000, -0.2000000000000000100, -4.800000000000000700 ) ) ;
#2930 = AXIS2_PLACEMENT_3D ( 'NONE', #3087, #481, #3114 ) ;
#2931 = ORIENTED_EDGE ( 'NONE', *, *, #653, .F. ) ;
#2932 = DIRECTION ( 'NONE',  ( 1.000000000000000000, 0.0000000000000000000, 0.0000000000000000000 ) ) ;
#2933 = COLOUR_RGB ( '',0.0000000000000000000, 0.0000000000000000000, 0.0000000000000000000 ) ;
#2934 = DIRECTION ( 'NONE',  ( 0.0000000000000000000, 0.0000000000000000000, -1.000000000000000000 ) ) ;
#2935 = ORIENTED_EDGE ( 'NONE', *, *, #1406, .T. ) ;
#2936 =( NAMED_UNIT ( * ) SI_UNIT ( $, .STERADIAN. ) SOLID_ANGLE_UNIT ( ) );
#2937 = FILL_AREA_STYLE ('',( #1373 ) ) ;
#2938 = VECTOR ( 'NONE', #2771, 1000.000000000000000 ) ;
#2939 = SURFACE_STYLE_USAGE ( .BOTH. , #558 ) ;
#2940 = ADVANCED_FACE ( 'NONE', ( #1784 ), #248, .T. ) ;
#2941 = EDGE_CURVE ( 'NONE', #2506, #2807, #3251, .T. ) ;
#2942 = CARTESIAN_POINT ( 'NONE',  ( 5.997442092279873000, 7.104999999999999500, -3.319363575886130800 ) ) ;
#2943 = DIRECTION ( 'NONE',  ( 0.0000000000000000000, 0.0000000000000000000, -1.000000000000000000 ) ) ;
#2944 = EDGE_CURVE ( 'NONE', #3195, #868, #68, .T. ) ;
#2945 =( NAMED_UNIT ( * ) PLANE_ANGLE_UNIT ( ) SI_UNIT ( $, .RADIAN. ) );
#2946 = CIRCLE ( 'NONE', #3096, 0.3029499999999997200 ) ;
#2947 = FILL_AREA_STYLE_COLOUR ( '', #1099 ) ;
#2948 =( NAMED_UNIT ( * ) PLANE_ANGLE_UNIT ( ) SI_UNIT ( $, .RADIAN. ) );
#2949 = LINE ( 'NONE', #1951, #1745 ) ;
#2950 = UNCERTAINTY_MEASURE_WITH_UNIT (LENGTH_MEASURE( 1.000000000000000100E-005 ), #1258, 'distance_accuracy_value', 'NONE');
#2951 = SURFACE_STYLE_FILL_AREA ( #1615 ) ;
#2952 = MECHANICAL_DESIGN_GEOMETRIC_PRESENTATION_REPRESENTATION (  '', ( #3257 ), #8 ) ;
#2953 = MECHANICAL_DESIGN_GEOMETRIC_PRESENTATION_REPRESENTATION (  '', ( #978 ), #3027 ) ;
#2954 = PRESENTATION_STYLE_ASSIGNMENT (( #1440 ) ) ;
#2955 = VECTOR ( 'NONE', #914, 1000.000000000000000 ) ;
#2956 =( GEOMETRIC_REPRESENTATION_CONTEXT ( 3 ) GLOBAL_UNCERTAINTY_ASSIGNED_CONTEXT ( ( #1898 ) ) GLOBAL_UNIT_ASSIGNED_CONTEXT ( ( #90, #2422, #1925 ) ) REPRESENTATION_CONTEXT ( 'NONE', 'WORKASPACE' ) );
#2957 = SURFACE_STYLE_USAGE ( .BOTH. , #310 ) ;
#2958 = SURFACE_SIDE_STYLE ('',( #1716 ) ) ;
#2959 = DIRECTION ( 'NONE',  ( -0.8187893472097611500, 0.0000000000000000000, 0.5740940732108400500 ) ) ;
#2960 = ORIENTED_EDGE ( 'NONE', *, *, #1666, .T. ) ;
#2961 = VECTOR ( 'NONE', #3075, 1000.000000000000000 ) ;
#2962 = PLANE ( 'NONE',  #2279 ) ;
#2963 = ORIENTED_EDGE ( 'NONE', *, *, #905, .T. ) ;
#2964 = VECTOR ( 'NONE', #2185, 1000.000000000000000 ) ;
#2965 = ORIENTED_EDGE ( 'NONE', *, *, #1501, .T. ) ;
#2966 = CARTESIAN_POINT ( 'NONE',  ( 8.500000000000000000, 0.0000000000000000000, 0.0000000000000000000 ) ) ;
#2967 =( NAMED_UNIT ( * ) SI_UNIT ( $, .STERADIAN. ) SOLID_ANGLE_UNIT ( ) );
#2968 = EDGE_CURVE ( 'NONE', #3225, #2206, #713, .T. ) ;
#2969 = PRESENTATION_STYLE_ASSIGNMENT (( #511 ) ) ;
#2970 = ORIENTED_EDGE ( 'NONE', *, *, #1296, .F. ) ;
#2971 = CARTESIAN_POINT ( 'NONE',  ( 5.044508229166684300, 7.104999999999999500, -3.319363575886128200 ) ) ;
#2972 = CARTESIAN_POINT ( 'NONE',  ( 6.337724959187636600, 7.104999999999999500, -5.194358624149853800 ) ) ;
#2973 = AXIS2_PLACEMENT_3D ( 'NONE', #2427, #1930, #2705 ) ;
#2974 = PRESENTATION_LAYER_ASSIGNMENT (  '', '', ( #1630 ) ) ;
#2975 = ORIENTED_EDGE ( 'NONE', *, *, #2293, .F. ) ;
#2976 = AXIS2_PLACEMENT_3D ( 'NONE', #714, #2758, #2513 ) ;
#2977 =( LENGTH_UNIT ( ) NAMED_UNIT ( * ) SI_UNIT ( .MILLI., .METRE. ) );
#2978 = ORIENTED_EDGE ( 'NONE', *, *, #2015, .T. ) ;
#2979 = COLOUR_RGB ( '',0.7921568627450980000, 0.8196078431372548800, 0.9333333333333333500 ) ;
#2980 = CARTESIAN_POINT ( 'NONE',  ( 0.0000000000000000000, -0.2000000000000000100, 0.0000000000000000000 ) ) ;
#2981 = AXIS2_PLACEMENT_3D ( 'NONE', #759, #2832, #1552 ) ;
#2982 = LINE ( 'NONE', #2789, #3074 ) ;
#2983 = DIRECTION ( 'NONE',  ( 0.0000000000000000000, 0.0000000000000000000, -1.000000000000000000 ) ) ;
#2984 = ORIENTED_EDGE ( 'NONE', *, *, #795, .F. ) ;
#2985 = DIRECTION ( 'NONE',  ( -0.0000000000000000000, -1.000000000000000000, -0.0000000000000000000 ) ) ;
#2986 = SURFACE_STYLE_FILL_AREA ( #1409 ) ;
#2987 = CARTESIAN_POINT ( 'NONE',  ( 4.999699999999999800, 7.104999999999999500, -5.361111688650168200 ) ) ;
#2988 = SURFACE_STYLE_USAGE ( .BOTH. , #2716 ) ;
#2989 = COLOUR_RGB ( '',0.1019607843137254900, 0.1019607843137254900, 0.1019607843137254900 ) ;
#2990 = SURFACE_STYLE_USAGE ( .BOTH. , #378 ) ;
#2991 = EDGE_CURVE ( 'NONE', #218, #533, #283, .T. ) ;
#2992 = FILL_AREA_STYLE ('',( #349 ) ) ;
#2993 = FILL_AREA_STYLE_COLOUR ( '', #2160 ) ;
#2994 = PRESENTATION_STYLE_ASSIGNMENT (( #2844 ) ) ;
#2995 = FACE_OUTER_BOUND ( 'NONE', #1016, .T. ) ;
#2996 = STYLED_ITEM ( 'NONE', ( #2799 ), #217 ) ;
#2997 = FILL_AREA_STYLE_COLOUR ( '', #140 ) ;
#2998 = CARTESIAN_POINT ( 'NONE',  ( 5.381079547306393700, 7.104999999999999500, -4.535198855793510100 ) ) ;
#2999 = COLOUR_RGB ( '',0.1019607843137254900, 0.1019607843137254900, 0.1019607843137254900 ) ;
#3000 = UNCERTAINTY_MEASURE_WITH_UNIT (LENGTH_MEASURE( 1.000000000000000100E-005 ), #455, 'distance_accuracy_value', 'NONE');
#3001 = LINE ( 'NONE', #2411, #719 ) ;
#3002 = ADVANCED_FACE ( 'NONE', ( #2296 ), #1106, .T. ) ;
#3003 = STYLED_ITEM ( 'NONE', ( #3058 ), #1512 ) ;
#3004 = VERTEX_POINT ( 'NONE', #2655 ) ;
#3005 = VECTOR ( 'NONE', #2281, 1000.000000000000000 ) ;
#3006 = DIRECTION ( 'NONE',  ( -1.000000000000000000, 0.0000000000000000000, 0.0000000000000000000 ) ) ;
#3007 = ORIENTED_EDGE ( 'NONE', *, *, #1290, .F. ) ;
#3008 = PLANE ( 'NONE',  #572 ) ;
#3009 = CARTESIAN_POINT ( 'NONE',  ( 8.849999999999999600, 0.0000000000000000000, -4.800000000000000700 ) ) ;
#3010 =( NAMED_UNIT ( * ) PLANE_ANGLE_UNIT ( ) SI_UNIT ( $, .RADIAN. ) );
#3011 = PRODUCT_DEFINITION_CONTEXT ( 'detailed design', #1860, 'design' ) ;
#3012 = EDGE_LOOP ( 'NONE', ( #1277, #54, #1994, #3144 ) ) ;
#3013 = SURFACE_STYLE_FILL_AREA ( #1598 ) ;
#3014 = EDGE_CURVE ( 'NONE', #2151, #2363, #1818, .T. ) ;
#3015 = SURFACE_STYLE_USAGE ( .BOTH. , #2016 ) ;
#3016 = ORIENTED_EDGE ( 'NONE', *, *, #1661, .T. ) ;
#3017 = VECTOR ( 'NONE', #1882, 1000.000000000000000 ) ;
#3018 = CARTESIAN_POINT ( 'NONE',  ( 2.500000000000000000, 0.0000000000000000000, 0.0000000000000000000 ) ) ;
#3019 = ORIENTED_EDGE ( 'NONE', *, *, #3173, .T. ) ;
#3020 = EDGE_CURVE ( 'NONE', #1884, #2034, #459, .T. ) ;
#3021 = UNCERTAINTY_MEASURE_WITH_UNIT (LENGTH_MEASURE( 1.000000000000000100E-005 ), #648, 'distance_accuracy_value', 'NONE');
#3022 = ADVANCED_FACE ( 'NONE', ( #993 ), #1669, .F. ) ;
#3023 = ORIENTED_EDGE ( 'NONE', *, *, #3321, .T. ) ;
#3024 = DIRECTION ( 'NONE',  ( 0.0000000000000000000, 0.0000000000000000000, 1.000000000000000000 ) ) ;
#3025 = LINE ( 'NONE', #1497, #1891 ) ;
#3026 =( GEOMETRIC_REPRESENTATION_CONTEXT ( 3 ) GLOBAL_UNCERTAINTY_ASSIGNED_CONTEXT ( ( #530 ) ) GLOBAL_UNIT_ASSIGNED_CONTEXT ( ( #3307, #3044, #1740 ) ) REPRESENTATION_CONTEXT ( 'NONE', 'WORKASPACE' ) );
#3027 =( GEOMETRIC_REPRESENTATION_CONTEXT ( 3 ) GLOBAL_UNCERTAINTY_ASSIGNED_CONTEXT ( ( #2928 ) ) GLOBAL_UNIT_ASSIGNED_CONTEXT ( ( #3297, #940, #2751 ) ) REPRESENTATION_CONTEXT ( 'NONE', 'WORKASPACE' ) );
#3028 = EDGE_LOOP ( 'NONE', ( #860, #2978, #1274, #2274 ) ) ;
#3029 = DIRECTION ( 'NONE',  ( 0.0000000000000000000, 0.0000000000000000000, 1.000000000000000000 ) ) ;
#3030 = DIRECTION ( 'NONE',  ( 0.0000000000000000000, 0.0000000000000000000, -1.000000000000000000 ) ) ;
#3031 = ORIENTED_EDGE ( 'NONE', *, *, #2250, .F. ) ;
#3032 =( NAMED_UNIT ( * ) SI_UNIT ( $, .STERADIAN. ) SOLID_ANGLE_UNIT ( ) );
#3033 =( GEOMETRIC_REPRESENTATION_CONTEXT ( 3 ) GLOBAL_UNCERTAINTY_ASSIGNED_CONTEXT ( ( #1505 ) ) GLOBAL_UNIT_ASSIGNED_CONTEXT ( ( #853, #2920, #2154 ) ) REPRESENTATION_CONTEXT ( 'NONE', 'WORKASPACE' ) );
#3034 = SURFACE_SIDE_STYLE ('',( #1769 ) ) ;
#3035 = LINE ( 'NONE', #2407, #1276 ) ;
#3036 = CARTESIAN_POINT ( 'NONE',  ( 6.625750000000000900, 0.0000000000000000000, -8.500000000000000000 ) ) ;
#3037 = DIRECTION ( 'NONE',  ( 0.7071067811865474600, 0.0000000000000000000, 0.7071067811865476800 ) ) ;
#3038 = VECTOR ( 'NONE', #2528, 1000.000000000000000 ) ;
#3039 = FILL_AREA_STYLE_COLOUR ( '', #1053 ) ;
#3040 = ADVANCED_FACE ( 'NONE', ( #1688 ), #580, .F. ) ;
#3041 = DIRECTION ( 'NONE',  ( 0.0000000000000000000, 0.0000000000000000000, -1.000000000000000000 ) ) ;
#3042 = SURFACE_STYLE_FILL_AREA ( #428 ) ;
#3043 = EDGE_CURVE ( 'NONE', #1379, #1191, #65, .T. ) ;
#3044 =( NAMED_UNIT ( * ) PLANE_ANGLE_UNIT ( ) SI_UNIT ( $, .RADIAN. ) );
#3045 = PRESENTATION_STYLE_ASSIGNMENT (( #334 ) ) ;
#3046 = CARTESIAN_POINT ( 'NONE',  ( 8.500000000000000000, 0.0000000000000000000, -6.625750000000000000 ) ) ;
#3047 = AXIS2_PLACEMENT_3D ( 'NONE', #2666, #2921, #57 ) ;
#3048 =( GEOMETRIC_REPRESENTATION_CONTEXT ( 3 ) GLOBAL_UNCERTAINTY_ASSIGNED_CONTEXT ( ( #2851 ) ) GLOBAL_UNIT_ASSIGNED_CONTEXT ( ( #1295, #2097, #1537 ) ) REPRESENTATION_CONTEXT ( 'NONE', 'WORKASPACE' ) );
#3049 = FILL_AREA_STYLE_COLOUR ( '', #1380 ) ;
#3050 =( NAMED_UNIT ( * ) PLANE_ANGLE_UNIT ( ) SI_UNIT ( $, .RADIAN. ) );
#3051 = CIRCLE ( 'NONE', #1397, 4.062574999999998900 ) ;
#3052 = DIRECTION ( 'NONE',  ( -1.000000000000000000, 0.0000000000000000000, 0.0000000000000000000 ) ) ;
#3053 = ORIENTED_EDGE ( 'NONE', *, *, #818, .F. ) ;
#3054 = CARTESIAN_POINT ( 'NONE',  ( 4.250000000000000900, 7.099999999999999600, -0.1874250000000014800 ) ) ;
#3055 = PRESENTATION_LAYER_ASSIGNMENT (  '', '', ( #424 ) ) ;
#3056 = ORIENTED_EDGE ( 'NONE', *, *, #2403, .T. ) ;
#3057 = SURFACE_STYLE_USAGE ( .BOTH. , #693 ) ;
#3058 = PRESENTATION_STYLE_ASSIGNMENT (( #3228 ) ) ;
#3059 = ADVANCED_FACE ( 'NONE', ( #1324 ), #67, .F. ) ;
#3060 = ORIENTED_EDGE ( 'NONE', *, *, #2132, .F. ) ;
#3061 = CARTESIAN_POINT ( 'NONE',  ( 4.999699999999999800, 7.099999999999999600, -2.805850000000000000 ) ) ;
#3062 = PLANE ( 'NONE',  #1809 ) ;
#3063 = EDGE_LOOP ( 'NONE', ( #1532, #1056, #2975, #2198 ) ) ;
#3064 = EDGE_CURVE ( 'NONE', #438, #274, #1492, .T. ) ;
#3065 = DIRECTION ( 'NONE',  ( 0.0000000000000000000, 0.0000000000000000000, 1.000000000000000000 ) ) ;
#3066 =( NAMED_UNIT ( * ) SI_UNIT ( $, .STERADIAN. ) SOLID_ANGLE_UNIT ( ) );
#3067 = ORIENTED_EDGE ( 'NONE', *, *, #1967, .F. ) ;
#3068 = UNCERTAINTY_MEASURE_WITH_UNIT (LENGTH_MEASURE( 1.000000000000000100E-005 ), #1572, 'distance_accuracy_value', 'NONE');
#3069 = SURFACE_STYLE_FILL_AREA ( #1395 ) ;
#3070 = CARTESIAN_POINT ( 'NONE',  ( 4.250000000000000000, 0.3650000000000001000, -4.250000000000000000 ) ) ;
#3071 = MECHANICAL_DESIGN_GEOMETRIC_PRESENTATION_REPRESENTATION (  '', ( #826 ), #1431 ) ;
#3072 = ORIENTED_EDGE ( 'NONE', *, *, #2818, .T. ) ;
#3073 = DIRECTION ( 'NONE',  ( -0.7071067811865476800, 0.0000000000000000000, 0.7071067811865474600 ) ) ;
#3074 = VECTOR ( 'NONE', #2543, 1000.000000000000000 ) ;
#3075 = DIRECTION ( 'NONE',  ( 1.000000000000000000, -0.0000000000000000000, -2.843808977011159300E-016 ) ) ;
#3076 = ORIENTED_EDGE ( 'NONE', *, *, #2256, .F. ) ;
#3077 = AXIS2_PLACEMENT_3D ( 'NONE', #2509, #2033, #468 ) ;
#3078 = STYLED_ITEM ( 'NONE', ( #403 ), #870 ) ;
#3079 = VECTOR ( 'NONE', #285, 1000.000000000000000 ) ;
#3080 = CARTESIAN_POINT ( 'NONE',  ( 5.044508229166684300, 7.099999999999999600, -5.194358658074004400 ) ) ;
#3081 = MECHANICAL_DESIGN_GEOMETRIC_PRESENTATION_REPRESENTATION (  '', ( #1858 ), #1375 ) ;
#3082 = CARTESIAN_POINT ( 'NONE',  ( 4.250000000000000000, 0.3650000000000001000, -4.250000000000000000 ) ) ;
#3083 = CARTESIAN_POINT ( 'NONE',  ( 6.407170895980367900, 7.099999999999999600, -5.687379123781812300 ) ) ;
#3084 =( NAMED_UNIT ( * ) PLANE_ANGLE_UNIT ( ) SI_UNIT ( $, .RADIAN. ) );
#3085 = COLOUR_RGB ( '',0.0000000000000000000, 0.0000000000000000000, 0.0000000000000000000 ) ;
#3086 = LINE ( 'NONE', #1129, #2383 ) ;
#3087 = CARTESIAN_POINT ( 'NONE',  ( 4.250000000000000000, 0.3650000000000001000, -4.250000000000000000 ) ) ;
#3088 = DIRECTION ( 'NONE',  ( -0.0000000000000000000, 1.000000000000000000, 0.0000000000000000000 ) ) ;
#3089 = EDGE_CURVE ( 'NONE', #2849, #2249, #955, .T. ) ;
#3090 = SURFACE_STYLE_FILL_AREA ( #565 ) ;
#3091 =( LENGTH_UNIT ( ) NAMED_UNIT ( * ) SI_UNIT ( .MILLI., .METRE. ) );
#3092 = VECTOR ( 'NONE', #2039, 1000.000000000000000 ) ;
#3093 = ORIENTED_EDGE ( 'NONE', *, *, #1128, .F. ) ;
#3094 = COLOUR_RGB ( '',0.7921568627450980000, 0.8196078431372548800, 0.9333333333333333500 ) ;
#3095 =( NAMED_UNIT ( * ) SI_UNIT ( $, .STERADIAN. ) SOLID_ANGLE_UNIT ( ) );
#3096 = AXIS2_PLACEMENT_3D ( 'NONE', #718, #3343, #1264 ) ;
#3097 = SURFACE_SIDE_STYLE ('',( #1332 ) ) ;
#3098 = STYLED_ITEM ( 'NONE', ( #1680 ), #971 ) ;
#3099 = ORIENTED_EDGE ( 'NONE', *, *, #1825, .T. ) ;
#3100 = DIRECTION ( 'NONE',  ( 0.0000000000000000000, 0.0000000000000000000, 1.000000000000000000 ) ) ;
#3101 = ORIENTED_EDGE ( 'NONE', *, *, #2613, .T. ) ;
#3102 =( GEOMETRIC_REPRESENTATION_CONTEXT ( 3 ) GLOBAL_UNCERTAINTY_ASSIGNED_CONTEXT ( ( #3021 ) ) GLOBAL_UNIT_ASSIGNED_CONTEXT ( ( #648, #1183, #1444 ) ) REPRESENTATION_CONTEXT ( 'NONE', 'WORKASPACE' ) );
#3103 = VECTOR ( 'NONE', #2121, 1000.000000000000000 ) ;
#3104 = DIRECTION ( 'NONE',  ( 0.0000000000000000000, 0.0000000000000000000, 1.000000000000000000 ) ) ;
#3105 = ORIENTED_EDGE ( 'NONE', *, *, #1204, .T. ) ;
#3106 = VECTOR ( 'NONE', #1059, 1000.000000000000100 ) ;
#3107 = ORIENTED_EDGE ( 'NONE', *, *, #3224, .F. ) ;
#3108 = SURFACE_SIDE_STYLE ('',( #2393 ) ) ;
#3109 = ORIENTED_EDGE ( 'NONE', *, *, #1501, .F. ) ;
#3110 = EDGE_CURVE ( 'NONE', #1146, #314, #794, .T. ) ;
#3111 = CARTESIAN_POINT ( 'NONE',  ( 2.681561285864186800, 0.3650000000000001000, -8.500000000000000000 ) ) ;
#3112 = UNCERTAINTY_MEASURE_WITH_UNIT (LENGTH_MEASURE( 1.000000000000000100E-005 ), #861, 'distance_accuracy_value', 'NONE');
#3113 = PRESENTATION_STYLE_ASSIGNMENT (( #711 ) ) ;
#3114 = DIRECTION ( 'NONE',  ( 0.0000000000000000000, -0.0000000000000000000, 1.000000000000000000 ) ) ;
#3115 = DIRECTION ( 'NONE',  ( -1.000000000000000000, 0.0000000000000000000, -0.0000000000000000000 ) ) ;
#3116 = ORIENTED_EDGE ( 'NONE', *, *, #3110, .F. ) ;
#3117 = MECHANICAL_DESIGN_GEOMETRIC_PRESENTATION_REPRESENTATION (  '', ( #1133 ), #236 ) ;
#3118 = EDGE_LOOP ( 'NONE', ( #2125, #1391, #1358, #3286 ) ) ;
#3119 = DIRECTION ( 'NONE',  ( 0.0000000000000000000, 0.0000000000000000000, 1.000000000000000000 ) ) ;
#3120 = DIRECTION ( 'NONE',  ( -0.0000000000000000000, 1.000000000000000000, -0.0000000000000000000 ) ) ;
#3121 = MECHANICAL_DESIGN_GEOMETRIC_PRESENTATION_REPRESENTATION (  '', ( #2584 ), #2762 ) ;
#3122 = DIRECTION ( 'NONE',  ( -0.0000000000000000000, 1.000000000000000000, -0.0000000000000000000 ) ) ;
#3123 =( LENGTH_UNIT ( ) NAMED_UNIT ( * ) SI_UNIT ( .MILLI., .METRE. ) );
#3124 = VECTOR ( 'NONE', #2550, 1000.000000000000000 ) ;
#3125 = VECTOR ( 'NONE', #1513, 1000.000000000000000 ) ;
#3126 = FILL_AREA_STYLE ('',( #2592 ) ) ;
#3127 = EDGE_CURVE ( 'NONE', #366, #3397, #3035, .T. ) ;
#3128 =( NAMED_UNIT ( * ) SI_UNIT ( $, .STERADIAN. ) SOLID_ANGLE_UNIT ( ) );
#3129 =( NAMED_UNIT ( * ) SI_UNIT ( $, .STERADIAN. ) SOLID_ANGLE_UNIT ( ) );
#3130 = LINE ( 'NONE', #2108, #513 ) ;
#3131 = EDGE_CURVE ( 'NONE', #106, #382, #704, .T. ) ;
#3132 = ORIENTED_EDGE ( 'NONE', *, *, #3110, .T. ) ;
#3133 = PRODUCT_RELATED_PRODUCT_CATEGORY ( 'part', '', ( #2644 ) ) ;
#3134 = MECHANICAL_DESIGN_GEOMETRIC_PRESENTATION_REPRESENTATION (  '', ( #1673 ), #1913 ) ;
#3135 = SURFACE_STYLE_FILL_AREA ( #3313 ) ;
#3136 = DIRECTION ( 'NONE',  ( 0.0000000000000000000, 0.0000000000000000000, -1.000000000000000000 ) ) ;
#3137 =( GEOMETRIC_REPRESENTATION_CONTEXT ( 3 ) GLOBAL_UNCERTAINTY_ASSIGNED_CONTEXT ( ( #1189 ) ) GLOBAL_UNIT_ASSIGNED_CONTEXT ( ( #308, #746, #3095 ) ) REPRESENTATION_CONTEXT ( 'NONE', 'WORKASPACE' ) );
#3138 = ORIENTED_EDGE ( 'NONE', *, *, #1972, .F. ) ;
#3139 = LINE ( 'NONE', #3406, #1803 ) ;
#3140 = CARTESIAN_POINT ( 'NONE',  ( 4.250000000000000000, 7.104999999999999500, -0.8750325000000009900 ) ) ;
#3141 = CARTESIAN_POINT ( 'NONE',  ( 8.500000000000000000, 0.0000000000000000000, -1.874250000000000000 ) ) ;
#3142 = CARTESIAN_POINT ( 'NONE',  ( 8.500000000000000000, 0.3650000000000001000, 0.0000000000000000000 ) ) ;
#3143 = ORIENTED_EDGE ( 'NONE', *, *, #479, .T. ) ;
#3144 = ORIENTED_EDGE ( 'NONE', *, *, #2944, .T. ) ;
#3145 = FILL_AREA_STYLE_COLOUR ( '', #2303 ) ;
#3146 = DIRECTION ( 'NONE',  ( -0.0000000000000000000, 1.000000000000000000, -0.0000000000000000000 ) ) ;
#3147 = VERTEX_POINT ( 'NONE', #1893 ) ;
#3148 = EDGE_CURVE ( 'NONE', #1892, #2856, #203, .T. ) ;
#3149 = FILL_AREA_STYLE_COLOUR ( '', #3260 ) ;
#3150 = ORIENTED_EDGE ( 'NONE', *, *, #1451, .F. ) ;
#3151 = CARTESIAN_POINT ( 'NONE',  ( -0.3499999999999996400, -0.2000000000000000100, -4.800000000000000700 ) ) ;
#3152 =( NAMED_UNIT ( * ) SI_UNIT ( $, .STERADIAN. ) SOLID_ANGLE_UNIT ( ) );
#3153 = COLOUR_RGB ( '',0.0000000000000000000, 0.0000000000000000000, 0.0000000000000000000 ) ;
#3154 = DIRECTION ( 'NONE',  ( 0.0000000000000000000, 0.0000000000000000000, 1.000000000000000000 ) ) ;
#3155 = STYLED_ITEM ( 'NONE', ( #2658 ), #2940 ) ;
#3156 =( GEOMETRIC_REPRESENTATION_CONTEXT ( 3 ) GLOBAL_UNCERTAINTY_ASSIGNED_CONTEXT ( ( #898 ) ) GLOBAL_UNIT_ASSIGNED_CONTEXT ( ( #209, #2309, #2018 ) ) REPRESENTATION_CONTEXT ( 'NONE', 'WORKASPACE' ) );
#3157 = MECHANICAL_DESIGN_GEOMETRIC_PRESENTATION_REPRESENTATION (  '', ( #2387 ), #3252 ) ;
#3158 = FACE_OUTER_BOUND ( 'NONE', #1014, .T. ) ;
#3159 = SURFACE_SIDE_STYLE ('',( #1420 ) ) ;
#3160 = DIRECTION ( 'NONE',  ( -0.0000000000000000000, -1.000000000000000000, -0.0000000000000000000 ) ) ;
#3161 = SURFACE_STYLE_FILL_AREA ( #777 ) ;
#3162 = STYLED_ITEM ( 'NONE', ( #2750 ), #1996 ) ;
#3163 = DIRECTION ( 'NONE',  ( 0.0000000000000000000, 0.0000000000000000000, 1.000000000000000000 ) ) ;
#3164 = FILL_AREA_STYLE ('',( #2091 ) ) ;
#3165 = SURFACE_SIDE_STYLE ('',( #2534 ) ) ;
#3166 = VECTOR ( 'NONE', #784, 1000.000000000000000 ) ;
#3167 =( NAMED_UNIT ( * ) PLANE_ANGLE_UNIT ( ) SI_UNIT ( $, .RADIAN. ) );
#3168 = SURFACE_STYLE_FILL_AREA ( #367 ) ;
#3169 = UNCERTAINTY_MEASURE_WITH_UNIT (LENGTH_MEASURE( 1.000000000000000100E-005 ), #204, 'distance_accuracy_value', 'NONE');
#3170 =( NAMED_UNIT ( * ) PLANE_ANGLE_UNIT ( ) SI_UNIT ( $, .RADIAN. ) );
#3171 = DIRECTION ( 'NONE',  ( 0.0000000000000000000, 0.0000000000000000000, -1.000000000000000000 ) ) ;
#3172 =( LENGTH_UNIT ( ) NAMED_UNIT ( * ) SI_UNIT ( .MILLI., .METRE. ) );
#3173 = EDGE_CURVE ( 'NONE', #1886, #234, #875, .T. ) ;
#3174 = ORIENTED_EDGE ( 'NONE', *, *, #3293, .F. ) ;
#3175 = COLOUR_RGB ( '',0.0000000000000000000, 0.0000000000000000000, 0.0000000000000000000 ) ;
#3176 = ADVANCED_FACE ( 'NONE', ( #575 ), #926, .T. ) ;
#3177 = DIRECTION ( 'NONE',  ( 0.0000000000000000000, 0.0000000000000000000, -1.000000000000000000 ) ) ;
#3178 = CARTESIAN_POINT ( 'NONE',  ( 5.800000000000000700, -0.2000000000000000100, -3.699999999999999700 ) ) ;
#3179 = ORIENTED_EDGE ( 'NONE', *, *, #1013, .F. ) ;
#3180 = MECHANICAL_DESIGN_GEOMETRIC_PRESENTATION_REPRESENTATION (  '', ( #469 ), #892 ) ;
#3181 = DIRECTION ( 'NONE',  ( 0.0000000000000000000, 0.0000000000000000000, -1.000000000000000000 ) ) ;
#3182 = ORIENTED_EDGE ( 'NONE', *, *, #775, .F. ) ;
#3183 = ORIENTED_EDGE ( 'NONE', *, *, #2504, .F. ) ;
#3184 = CARTESIAN_POINT ( 'NONE',  ( 5.669532934686574600, 7.099999999999999600, -4.365036138344194700 ) ) ;
#3185 = AXIS2_PLACEMENT_3D ( 'NONE', #24, #2890, #3177 ) ;
#3186 =( NAMED_UNIT ( * ) SI_UNIT ( $, .STERADIAN. ) SOLID_ANGLE_UNIT ( ) );
#3187 = VECTOR ( 'NONE', #1091, 1000.000000000000000 ) ;
#3188 = EDGE_LOOP ( 'NONE', ( #2656, #492, #3179, #237 ) ) ;
#3189 = DIRECTION ( 'NONE',  ( 1.000000000000000000, 0.0000000000000000000, 0.0000000000000000000 ) ) ;
#3190 = SURFACE_STYLE_FILL_AREA ( #2702 ) ;
#3191 = CARTESIAN_POINT ( 'NONE',  ( 4.250000000000000000, 2.188540000000000200, -4.250000000000000000 ) ) ;
#3192 = DIRECTION ( 'NONE',  ( -0.0000000000000000000, -1.000000000000000000, -0.0000000000000000000 ) ) ;
#3193 = ORIENTED_EDGE ( 'NONE', *, *, #2918, .F. ) ;
#3194 = FILL_AREA_STYLE_COLOUR ( '', #1588 ) ;
#3195 = VERTEX_POINT ( 'NONE', #2998 ) ;
#3196 = EDGE_CURVE ( 'NONE', #1631, #110, #159, .T. ) ;
#3197 = CARTESIAN_POINT ( 'NONE',  ( 4.250000000000000000, 2.188540000000000200, -8.312574999999998900 ) ) ;
#3198 = LINE ( 'NONE', #3291, #837 ) ;
#3199 = EDGE_CURVE ( 'NONE', #536, #1153, #3198, .T. ) ;
#3200 = DIRECTION ( 'NONE',  ( -1.000000000000000000, 0.0000000000000000000, 0.0000000000000000000 ) ) ;
#3201 = FACE_OUTER_BOUND ( 'NONE', #2642, .T. ) ;
#3202 = FILL_AREA_STYLE_COLOUR ( '', #1297 ) ;
#3203 =( GEOMETRIC_REPRESENTATION_CONTEXT ( 3 ) GLOBAL_UNCERTAINTY_ASSIGNED_CONTEXT ( ( #1147 ) ) GLOBAL_UNIT_ASSIGNED_CONTEXT ( ( #3264, #1694, #112 ) ) REPRESENTATION_CONTEXT ( 'NONE', 'WORKASPACE' ) );
#3204 = PRESENTATION_LAYER_ASSIGNMENT (  '', '', ( #3279 ) ) ;
#3205 = AXIS2_PLACEMENT_3D ( 'NONE', #2906, #3380, #3119 ) ;
#3206 = COLOUR_RGB ( '',0.0000000000000000000, 0.0000000000000000000, 0.0000000000000000000 ) ;
#3207 =( NAMED_UNIT ( * ) SI_UNIT ( $, .STERADIAN. ) SOLID_ANGLE_UNIT ( ) );
#3208 = DIRECTION ( 'NONE',  ( 0.0000000000000000000, 0.0000000000000000000, 1.000000000000000000 ) ) ;
#3209 = ADVANCED_FACE ( 'NONE', ( #2860 ), #1726, .F. ) ;
#3210 = STYLED_ITEM ( 'NONE', ( #519 ), #1715 ) ;
#3211 = CARTESIAN_POINT ( 'NONE',  ( 4.250000000000000000, 7.104999999999999500, -7.624967499999999500 ) ) ;
#3212 = DIRECTION ( 'NONE',  ( 0.0000000000000000000, 0.0000000000000000000, -1.000000000000000000 ) ) ;
#3213 = CARTESIAN_POINT ( 'NONE',  ( 5.997442092279873000, 7.104999999999999500, -3.319363575886130800 ) ) ;
#3214 = CYLINDRICAL_SURFACE ( 'NONE', #832, 3.374967499999999500 ) ;
#3215 = PRESENTATION_STYLE_ASSIGNMENT (( #2990 ) ) ;
#3216 = UNCERTAINTY_MEASURE_WITH_UNIT (LENGTH_MEASURE( 1.000000000000000100E-005 ), #1032, 'distance_accuracy_value', 'NONE');
#3217 = CARTESIAN_POINT ( 'NONE',  ( 0.4853262552323130400, 7.104999999999999500, -0.02186394466922349200 ) ) ;
#3218 = COLOUR_RGB ( '',0.8980392156862745400, 0.9215686274509803400, 0.9294117647058823800 ) ;
#3219 = LINE ( 'NONE', #3061, #251 ) ;
#3220 = SURFACE_STYLE_FILL_AREA ( #238 ) ;
#3221 = ORIENTED_EDGE ( 'NONE', *, *, #2337, .F. ) ;
#3222 = SURFACE_SIDE_STYLE ('',( #1582 ) ) ;
#3223 =( NAMED_UNIT ( * ) SI_UNIT ( $, .STERADIAN. ) SOLID_ANGLE_UNIT ( ) );
#3224 = EDGE_CURVE ( 'NONE', #195, #1148, #25, .T. ) ;
#3225 = VERTEX_POINT ( 'NONE', #954 ) ;
#3226 = LINE ( 'NONE', #3299, #732 ) ;
#3227 = CARTESIAN_POINT ( 'NONE',  ( 4.999699999999999800, 7.104999999999999500, -5.361111688650168200 ) ) ;
#3228 = SURFACE_STYLE_USAGE ( .BOTH. , #2958 ) ;
#3229 =( NAMED_UNIT ( * ) SI_UNIT ( $, .STERADIAN. ) SOLID_ANGLE_UNIT ( ) );
#3230 = ORIENTED_EDGE ( 'NONE', *, *, #1231, .F. ) ;
#3231 = AXIS2_PLACEMENT_3D ( 'NONE', #1331, #2616, #3407 ) ;
#3232 = PRESENTATION_STYLE_ASSIGNMENT (( #2863 ) ) ;
#3233 = SURFACE_SIDE_STYLE ('',( #1418 ) ) ;
#3234 = VERTEX_POINT ( 'NONE', #1684 ) ;
#3235 = COLOUR_RGB ( '',0.8941176470588234600, 0.9137254901960784000, 0.9294117647058823800 ) ;
#3236 = FILL_AREA_STYLE ('',( #280 ) ) ;
#3237 = AXIS2_PLACEMENT_3D ( 'NONE', #917, #936, #950 ) ;
#3238 = ORIENTED_EDGE ( 'NONE', *, *, #3382, .T. ) ;
#3239 = DIRECTION ( 'NONE',  ( 1.000000000000000000, 0.0000000000000000000, 0.0000000000000000000 ) ) ;
#3240 = CARTESIAN_POINT ( 'NONE',  ( 2.681561285864186800, 1.825000000000000000, -8.500000000000000000 ) ) ;
#3241 = VERTEX_POINT ( 'NONE', #649 ) ;
#3242 = DIRECTION ( 'NONE',  ( 0.0000000000000000000, 0.0000000000000000000, -1.000000000000000000 ) ) ;
#3243 = PRESENTATION_STYLE_ASSIGNMENT (( #2522 ) ) ;
#3244 = ORIENTED_EDGE ( 'NONE', *, *, #2420, .F. ) ;
#3245 = DIRECTION ( 'NONE',  ( 0.0000000000000000000, 1.000000000000000000, 0.0000000000000000000 ) ) ;
#3246 = VECTOR ( 'NONE', #3200, 1000.000000000000000 ) ;
#3247 = EDGE_CURVE ( 'NONE', #106, #5, #1735, .T. ) ;
#3248 = LINE ( 'NONE', #952, #846 ) ;
#3249 = PLANE ( 'NONE',  #556 ) ;
#3250 = DIRECTION ( 'NONE',  ( -0.0000000000000000000, -0.0000000000000000000, -1.000000000000000000 ) ) ;
#3251 = LINE ( 'NONE', #3142, #3079 ) ;
#3252 =( GEOMETRIC_REPRESENTATION_CONTEXT ( 3 ) GLOBAL_UNCERTAINTY_ASSIGNED_CONTEXT ( ( #2636 ) ) GLOBAL_UNIT_ASSIGNED_CONTEXT ( ( #1646, #2652, #41 ) ) REPRESENTATION_CONTEXT ( 'NONE', 'WORKASPACE' ) );
#3253 =( NAMED_UNIT ( * ) SI_UNIT ( $, .STERADIAN. ) SOLID_ANGLE_UNIT ( ) );
#3254 = PLANE ( 'NONE',  #1984 ) ;
#3255 = SURFACE_STYLE_USAGE ( .BOTH. , #2492 ) ;
#3256 = DIRECTION ( 'NONE',  ( 0.0000000000000000000, -1.000000000000000000, 0.0000000000000000000 ) ) ;
#3257 = STYLED_ITEM ( 'NONE', ( #3243 ), #3310 ) ;
#3258 = STYLED_ITEM ( 'NONE', ( #2366 ), #921 ) ;
#3259 = PLANE ( 'NONE',  #2210 ) ;
#3260 = COLOUR_RGB ( '',0.0000000000000000000, 0.0000000000000000000, 0.0000000000000000000 ) ;
#3261 = COLOUR_RGB ( '',0.1019607843137254900, 0.1019607843137254900, 0.1019607843137254900 ) ;
#3262 = PRESENTATION_LAYER_ASSIGNMENT (  '', '', ( #1702 ) ) ;
#3263 = CARTESIAN_POINT ( 'NONE',  ( 5.818438714135812300, 1.216666666666666800, 0.0000000000000000000 ) ) ;
#3264 =( LENGTH_UNIT ( ) NAMED_UNIT ( * ) SI_UNIT ( .MILLI., .METRE. ) );
#3265 = PRESENTATION_STYLE_ASSIGNMENT (( #2939 ) ) ;
#3266 = FACE_OUTER_BOUND ( 'NONE', #3012, .T. ) ;
#3267 = LINE ( 'NONE', #2814, #516 ) ;
#3268 =( NAMED_UNIT ( * ) SI_UNIT ( $, .STERADIAN. ) SOLID_ANGLE_UNIT ( ) );
#3269 = ORIENTED_EDGE ( 'NONE', *, *, #3064, .T. ) ;
#3270 = VECTOR ( 'NONE', #42, 1000.000000000000000 ) ;
#3271 = ORIENTED_EDGE ( 'NONE', *, *, #3064, .F. ) ;
#3272 = PLANE ( 'NONE',  #891 ) ;
#3273 = SURFACE_SIDE_STYLE ('',( #1564 ) ) ;
#3274 = EDGE_CURVE ( 'NONE', #1343, #1516, #1121, .T. ) ;
#3275 = ADVANCED_FACE ( 'NONE', ( #750 ), #1160, .F. ) ;
#3276 = ORIENTED_EDGE ( 'NONE', *, *, #724, .F. ) ;
#3277 = DIRECTION ( 'NONE',  ( -0.0000000000000000000, -1.000000000000000000, -0.0000000000000000000 ) ) ;
#3278 = DIRECTION ( 'NONE',  ( -0.0000000000000000000, 1.000000000000000000, -0.0000000000000000000 ) ) ;
#3279 = STYLED_ITEM ( 'NONE', ( #2748 ), #2252 ) ;
#3280 = ORIENTED_EDGE ( 'NONE', *, *, #3364, .T. ) ;
#3281 =( GEOMETRIC_REPRESENTATION_CONTEXT ( 3 ) GLOBAL_UNCERTAINTY_ASSIGNED_CONTEXT ( ( #2548 ) ) GLOBAL_UNIT_ASSIGNED_CONTEXT ( ( #1633, #2443, #2967 ) ) REPRESENTATION_CONTEXT ( 'NONE', 'WORKASPACE' ) );
#3282 = LINE ( 'NONE', #781, #2045 ) ;
#3283 =( LENGTH_UNIT ( ) NAMED_UNIT ( * ) SI_UNIT ( .MILLI., .METRE. ) );
#3284 = ORIENTED_EDGE ( 'NONE', *, *, #2117, .T. ) ;
#3285 =( NAMED_UNIT ( * ) PLANE_ANGLE_UNIT ( ) SI_UNIT ( $, .RADIAN. ) );
#3286 = ORIENTED_EDGE ( 'NONE', *, *, #1296, .T. ) ;
#3287 = UNCERTAINTY_MEASURE_WITH_UNIT (LENGTH_MEASURE( 1.000000000000000100E-005 ), #1571, 'distance_accuracy_value', 'NONE');
#3288 = DIRECTION ( 'NONE',  ( -1.000000000000000000, 0.0000000000000000000, 0.0000000000000000000 ) ) ;
#3289 = VECTOR ( 'NONE', #1989, 1000.000000000000000 ) ;
#3290 = CARTESIAN_POINT ( 'NONE',  ( 4.250000000000000000, 0.3650000000000001000, -8.312574999999998900 ) ) ;
#3291 = CARTESIAN_POINT ( 'NONE',  ( 6.407170895980367900, 7.104999999999999500, -3.132117435131643600 ) ) ;
#3292 = CARTESIAN_POINT ( 'NONE',  ( 0.0000000000000000000, 0.0000000000000000000, -3.700000000000000600 ) ) ;
#3293 = EDGE_CURVE ( 'NONE', #1670, #3374, #2982, .T. ) ;
#3294 = DIRECTION ( 'NONE',  ( 0.0000000000000000000, -1.000000000000000000, 0.0000000000000000000 ) ) ;
#3295 =( LENGTH_UNIT ( ) NAMED_UNIT ( * ) SI_UNIT ( .MILLI., .METRE. ) );
#3296 = CIRCLE ( 'NONE', #2025, 4.062574999999998900 ) ;
#3297 =( LENGTH_UNIT ( ) NAMED_UNIT ( * ) SI_UNIT ( .MILLI., .METRE. ) );
#3298 =( GEOMETRIC_REPRESENTATION_CONTEXT ( 3 ) GLOBAL_UNCERTAINTY_ASSIGNED_CONTEXT ( ( #229 ) ) GLOBAL_UNIT_ASSIGNED_CONTEXT ( ( #2829, #1272, #1556 ) ) REPRESENTATION_CONTEXT ( 'NONE', 'WORKASPACE' ) );
#3299 = CARTESIAN_POINT ( 'NONE',  ( 2.700000000000000200, 0.0000000000000000000, -3.699999999999999700 ) ) ;
#3300 =( LENGTH_UNIT ( ) NAMED_UNIT ( * ) SI_UNIT ( .MILLI., .METRE. ) );
#3301 = LINE ( 'NONE', #1939, #2540 ) ;
#3302 = VECTOR ( 'NONE', #3294, 1000.000000000000000 ) ;
#3303 =( LENGTH_UNIT ( ) NAMED_UNIT ( * ) SI_UNIT ( .MILLI., .METRE. ) );
#3304 = FILL_AREA_STYLE ('',( #2806 ) ) ;
#3305 = PRESENTATION_LAYER_ASSIGNMENT (  '', '', ( #1436 ) ) ;
#3306 = FACE_OUTER_BOUND ( 'NONE', #1568, .T. ) ;
#3307 =( LENGTH_UNIT ( ) NAMED_UNIT ( * ) SI_UNIT ( .MILLI., .METRE. ) );
#3308 = DIRECTION ( 'NONE',  ( 0.0000000000000000000, 0.0000000000000000000, 1.000000000000000000 ) ) ;
#3309 = ORIENTED_EDGE ( 'NONE', *, *, #1038, .F. ) ;
#3310 = ADVANCED_FACE ( 'NONE', ( #2571 ), #2258, .F. ) ;
#3311 = AXIS2_PLACEMENT_3D ( 'NONE', #1887, #847, #2622 ) ;
#3312 = DIRECTION ( 'NONE',  ( 0.7071067811865474600, 0.0000000000000000000, 0.7071067811865476800 ) ) ;
#3313 = FILL_AREA_STYLE ('',( #1988 ) ) ;
#3314 =( NAMED_UNIT ( * ) SI_UNIT ( $, .STERADIAN. ) SOLID_ANGLE_UNIT ( ) );
#3315 = ORIENTED_EDGE ( 'NONE', *, *, #1661, .F. ) ;
#3316 = LINE ( 'NONE', #1683, #858 ) ;
#3317 = EDGE_CURVE ( 'NONE', #1610, #913, #745, .T. ) ;
#3318 = CARTESIAN_POINT ( 'NONE',  ( 5.381079547306396400, 7.099999999999999600, -3.319363575886128200 ) ) ;
#3319 = ORIENTED_EDGE ( 'NONE', *, *, #2941, .F. ) ;
#3320 = EDGE_LOOP ( 'NONE', ( #1232, #2970, #3394, #3023 ) ) ;
#3321 = EDGE_CURVE ( 'NONE', #536, #1670, #3025, .T. ) ;
#3322 = PRESENTATION_STYLE_ASSIGNMENT (( #739 ) ) ;
#3323 = CARTESIAN_POINT ( 'NONE',  ( 8.849999999999999600, -0.2000000000000000100, -4.800000000000000700 ) ) ;
#3324 = VERTEX_POINT ( 'NONE', #1530 ) ;
#3325 = FILL_AREA_STYLE_COLOUR ( '', #2933 ) ;
#3326 = COLOUR_RGB ( '',0.8941176470588234600, 0.9137254901960784000, 0.9294117647058823800 ) ;
#3327 = AXIS2_PLACEMENT_3D ( 'NONE', #999, #722, #2000 ) ;
#3328 = STYLED_ITEM ( 'NONE', ( #1695 ), #2720 ) ;
#3329 =( GEOMETRIC_REPRESENTATION_CONTEXT ( 3 ) GLOBAL_UNCERTAINTY_ASSIGNED_CONTEXT ( ( #2392 ) ) GLOBAL_UNIT_ASSIGNED_CONTEXT ( ( #3172, #3371, #2135 ) ) REPRESENTATION_CONTEXT ( 'NONE', 'WORKASPACE' ) );
#3330 = ORIENTED_EDGE ( 'NONE', *, *, #585, .T. ) ;
#3331 = CARTESIAN_POINT ( 'NONE',  ( 5.381079547306393700, 7.104999999999999500, -5.194358658074004400 ) ) ;
#3332 = ADVANCED_FACE ( 'NONE', ( #322 ), #3062, .T. ) ;
#3333 = CARTESIAN_POINT ( 'NONE',  ( 0.0000000000000000000, 1.825000000000000000, 0.0000000000000000000 ) ) ;
#3334 = SURFACE_STYLE_FILL_AREA ( #912 ) ;
#3335 = ORIENTED_EDGE ( 'NONE', *, *, #1993, .T. ) ;
#3336 = UNCERTAINTY_MEASURE_WITH_UNIT (LENGTH_MEASURE( 1.000000000000000100E-005 ), #412, 'distance_accuracy_value', 'NONE');
#3337 =( NAMED_UNIT ( * ) SI_UNIT ( $, .STERADIAN. ) SOLID_ANGLE_UNIT ( ) );
#3338 =( LENGTH_UNIT ( ) NAMED_UNIT ( * ) SI_UNIT ( .MILLI., .METRE. ) );
#3339 =( LENGTH_UNIT ( ) NAMED_UNIT ( * ) SI_UNIT ( .MILLI., .METRE. ) );
#3340 =( NAMED_UNIT ( * ) PLANE_ANGLE_UNIT ( ) SI_UNIT ( $, .RADIAN. ) );
#3341 = EDGE_CURVE ( 'NONE', #1791, #320, #2566, .T. ) ;
#3342 = COLOUR_RGB ( '',0.8941176470588234600, 0.9137254901960784000, 0.9294117647058823800 ) ;
#3343 = DIRECTION ( 'NONE',  ( -1.000000000000000000, 0.0000000000000000000, 0.0000000000000000000 ) ) ;
#3344 = ADVANCED_FACE ( 'NONE', ( #1439 ), #197, .T. ) ;
#3345 = CARTESIAN_POINT ( 'NONE',  ( 6.407170895980367900, 7.099999999999999600, -5.361111688650168200 ) ) ;
#3346 = STYLED_ITEM ( 'NONE', ( #2212 ), #3002 ) ;
#3347 = AXIS2_PLACEMENT_3D ( 'NONE', #490, #1800, #1315 ) ;
#3348 =( NAMED_UNIT ( * ) PLANE_ANGLE_UNIT ( ) SI_UNIT ( $, .RADIAN. ) );
#3349 = CARTESIAN_POINT ( 'NONE',  ( 8.849999999999999600, -0.2000000000000000100, -4.800000000000000700 ) ) ;
#3350 =( GEOMETRIC_REPRESENTATION_CONTEXT ( 3 ) GLOBAL_UNCERTAINTY_ASSIGNED_CONTEXT ( ( #1917 ) ) GLOBAL_UNIT_ASSIGNED_CONTEXT ( ( #1402, #1923, #1671 ) ) REPRESENTATION_CONTEXT ( 'NONE', 'WORKASPACE' ) );
#3351 = VECTOR ( 'NONE', #1853, 1000.000000000000000 ) ;
#3352 = CARTESIAN_POINT ( 'NONE',  ( 6.407170895980367900, 7.104999999999999500, -5.687379123781812300 ) ) ;
#3353 = ORIENTED_EDGE ( 'NONE', *, *, #1761, .T. ) ;
#3354 = CARTESIAN_POINT ( 'NONE',  ( 6.000000000000000000, 0.0000000000000000000, -4.800000000000000700 ) ) ;
#3355 =( GEOMETRIC_REPRESENTATION_CONTEXT ( 3 ) GLOBAL_UNCERTAINTY_ASSIGNED_CONTEXT ( ( #3169 ) ) GLOBAL_UNIT_ASSIGNED_CONTEXT ( ( #204, #2290, #1010 ) ) REPRESENTATION_CONTEXT ( 'NONE', 'WORKASPACE' ) );
#3356 = ORIENTED_EDGE ( 'NONE', *, *, #859, .F. ) ;
#3357 = DIRECTION ( 'NONE',  ( 1.000000000000000000, 0.0000000000000000000, 0.0000000000000000000 ) ) ;
#3358 = ORIENTED_EDGE ( 'NONE', *, *, #2057, .T. ) ;
#3359 = DIRECTION ( 'NONE',  ( -0.0000000000000000000, 1.000000000000000000, -0.0000000000000000000 ) ) ;
#3360 = FACE_OUTER_BOUND ( 'NONE', #2194, .T. ) ;
#3361 = SURFACE_STYLE_USAGE ( .BOTH. , #467 ) ;
#3362 =( LENGTH_UNIT ( ) NAMED_UNIT ( * ) SI_UNIT ( .MILLI., .METRE. ) );
#3363 = ORIENTED_EDGE ( 'NONE', *, *, #2293, .T. ) ;
#3364 = EDGE_CURVE ( 'NONE', #681, #2206, #2651, .T. ) ;
#3365 = PRESENTATION_STYLE_ASSIGNMENT (( #1429 ) ) ;
#3366 = CARTESIAN_POINT ( 'NONE',  ( 5.912919214105404100, 7.099999999999999600, -5.194358624149853800 ) ) ;
#3367 = CARTESIAN_POINT ( 'NONE',  ( 0.4853262552323130400, 7.099999999999999600, -0.02186394466922349200 ) ) ;
#3368 = ORIENTED_EDGE ( 'NONE', *, *, #564, .T. ) ;
#3369 = ORIENTED_EDGE ( 'NONE', *, *, #2178, .T. ) ;
#3370 = LINE ( 'NONE', #2358, #700 ) ;
#3371 =( NAMED_UNIT ( * ) PLANE_ANGLE_UNIT ( ) SI_UNIT ( $, .RADIAN. ) );
#3372 = DIRECTION ( 'NONE',  ( -0.0000000000000000000, 1.000000000000000000, -0.0000000000000000000 ) ) ;
#3373 = FILL_AREA_STYLE ('',( #2604 ) ) ;
#3374 = VERTEX_POINT ( 'NONE', #173 ) ;
#3375 = AXIS2_PLACEMENT_3D ( 'NONE', #2130, #14, #566 ) ;
#3376 = COLOUR_RGB ( '',0.1019607843137254900, 0.1019607843137254900, 0.1019607843137254900 ) ;
#3377 = VERTEX_POINT ( 'NONE', #2291 ) ;
#3378 = UNCERTAINTY_MEASURE_WITH_UNIT (LENGTH_MEASURE( 1.000000000000000100E-005 ), #2332, 'distance_accuracy_value', 'NONE');
#3379 = LINE ( 'NONE', #1060, #2784 ) ;
#3380 = DIRECTION ( 'NONE',  ( -0.0000000000000000000, 1.000000000000000000, -0.0000000000000000000 ) ) ;
#3381 =( NAMED_UNIT ( * ) PLANE_ANGLE_UNIT ( ) SI_UNIT ( $, .RADIAN. ) );
#3382 = EDGE_CURVE ( 'NONE', #985, #2510, #409, .T. ) ;
#3383 = FACE_OUTER_BOUND ( 'NONE', #1888, .T. ) ;
#3384 = DIRECTION ( 'NONE',  ( 0.0000000000000000000, 0.0000000000000000000, 1.000000000000000000 ) ) ;
#3385 = PRESENTATION_LAYER_ASSIGNMENT (  '', '', ( #2378 ) ) ;
#3386 = COLOUR_RGB ( '',0.0000000000000000000, 0.0000000000000000000, 0.0000000000000000000 ) ;
#3387 = VECTOR ( 'NONE', #1876, 1000.000000000000000 ) ;
#3388 = CARTESIAN_POINT ( 'NONE',  ( 8.200000000000001100, 1.216666666666666800, -5.818438714135812300 ) ) ;
#3389 = PRESENTATION_LAYER_ASSIGNMENT (  '', '', ( #3257 ) ) ;
#3390 = MECHANICAL_DESIGN_GEOMETRIC_PRESENTATION_REPRESENTATION (  '', ( #3279 ), #2495 ) ;
#3391 = DIRECTION ( 'NONE',  ( 0.0000000000000000000, 0.0000000000000000000, -1.000000000000000000 ) ) ;
#3392 = SURFACE_SIDE_STYLE ('',( #2460 ) ) ;
#3393 = AXIS2_PLACEMENT_3D ( 'NONE', #158, #2032, #1770 ) ;
#3394 = ORIENTED_EDGE ( 'NONE', *, *, #3199, .F. ) ;
#3395 = PRESENTATION_STYLE_ASSIGNMENT (( #2788 ) ) ;
#3396 = PLANE ( 'NONE',  #2930 ) ;
#3397 = VERTEX_POINT ( 'NONE', #2024 ) ;
#3398 = MECHANICAL_DESIGN_GEOMETRIC_PRESENTATION_REPRESENTATION (  '', ( #935 ), #2435 ) ;
#3399 = ORIENTED_EDGE ( 'NONE', *, *, #1273, .F. ) ;
#3400 = ORIENTED_EDGE ( 'NONE', *, *, #919, .F. ) ;
#3401 = DIRECTION ( 'NONE',  ( 0.0000000000000000000, -0.0000000000000000000, 1.000000000000000000 ) ) ;
#3402 = FACE_OUTER_BOUND ( 'NONE', #2515, .T. ) ;
#3403 = ORIENTED_EDGE ( 'NONE', *, *, #2256, .T. ) ;
#3404 = EDGE_CURVE ( 'NONE', #1394, #320, #3370, .T. ) ;
#3405 = CARTESIAN_POINT ( 'NONE',  ( 6.000000000000000000, 0.0000000000000000000, -4.800000000000000700 ) ) ;
#3406 = CARTESIAN_POINT ( 'NONE',  ( 4.999699999999999800, 7.104999999999999500, -3.132117435131643600 ) ) ;
#3407 = DIRECTION ( 'NONE',  ( 0.0000000000000000000, 0.0000000000000000000, 1.000000000000000000 ) ) ;
#3408 = ORIENTED_EDGE ( 'NONE', *, *, #541, .F. ) ;
#3409 = AXIS2_PLACEMENT_3D ( 'NONE', #1299, #3088, #1534 ) ;
#3410 = AXIS2_PLACEMENT_3D ( 'NONE', #2857, #793, #3401 ) ;
#3411 = ORIENTED_EDGE ( 'NONE', *, *, #2163, .F. ) ;
#3412 = DIRECTION ( 'NONE',  ( -0.0000000000000000000, -1.000000000000000000, -0.0000000000000000000 ) ) ;
#3413 = AXIS2_PLACEMENT_3D ( 'NONE', #2828, #501, #2597 ) ;
#3414 = PRESENTATION_STYLE_ASSIGNMENT (( #220 ) ) ;
#3415 = DIRECTION ( 'NONE',  ( 0.7071067811865474600, -0.0000000000000000000, 0.7071067811865476800 ) ) ;
#3416 =( LENGTH_UNIT ( ) NAMED_UNIT ( * ) SI_UNIT ( .MILLI., .METRE. ) );
#3417 = TOROIDAL_SURFACE ( 'NONE', #1347, 4.062574999999998900, 0.3029500000000000500 ) ;
#3418 = LINE ( 'NONE', #3054, #287 ) ;
#3419 = SURFACE_SIDE_STYLE ('',( #2914 ) ) ;
#3420 = FILL_AREA_STYLE_COLOUR ( '', #2979 ) ;
#3421 = EDGE_CURVE ( 'NONE', #2286, #3377, #1965, .T. ) ;
ENDSEC;
END-ISO-10303-21;
