ISO-10303-21;
HEADER;
FILE_DESCRIPTION (( 'STEP AP214' ),
    '1' );
FILE_NAME ('52000001009.STEP',
    '2023-06-12T02:58:25',
    ( '' ),
    ( '' ),
    'SwSTEP 2.0',
    'SolidWorks 2013',
    '' );
FILE_SCHEMA (( 'AUTOMOTIVE_DESIGN' ));
ENDSEC;

DATA;
#1 = ORIENTED_EDGE ( 'NONE', *, *, #2368, .T. ) ;
#2 = LINE ( 'NONE', #1901, #1432 ) ;
#3 = CARTESIAN_POINT ( 'NONE',  ( 2.399999999999999900, 2.771896931057308100, 7.922873761919483100 ) ) ;
#4 = DIRECTION ( 'NONE',  ( -6.123233995736769700E-017, 1.478457507934780100E-016, -1.000000000000000000 ) ) ;
#5 = ORIENTED_EDGE ( 'NONE', *, *, #1019, .T. ) ;
#6 = CARTESIAN_POINT ( 'NONE',  ( 2.399999999999999900, 1.569421125070940000, 5.450718986853879700 ) ) ;
#7 = DIRECTION ( 'NONE',  ( 0.0000000000000000000, 0.0000000000000000000, 1.000000000000000000 ) ) ;
#8 = ORIENTED_EDGE ( 'NONE', *, *, #1428, .F. ) ;
#9 = FACE_OUTER_BOUND ( 'NONE', #1617, .T. ) ;
#10 = EDGE_CURVE ( 'NONE', #491, #118, #1183, .T. ) ;
#11 = VERTEX_POINT ( 'NONE', #301 ) ;
#12 = CARTESIAN_POINT ( 'NONE',  ( -2.399999999999999900, -2.600000000000000500, 0.8000000000000000400 ) ) ;
#13 = DIRECTION ( 'NONE',  ( -1.000000000000000000, -6.123233995736769700E-017, -7.498798913309289400E-033 ) ) ;
#14 = CIRCLE ( 'NONE', #1225, 0.7999999999999999300 ) ;
#15 = CARTESIAN_POINT ( 'NONE',  ( 2.200000000000000200, -2.647890060948853400, 8.316202780756226400 ) ) ;
#16 = FACE_OUTER_BOUND ( 'NONE', #267, .T. ) ;
#17 = DIRECTION ( 'NONE',  ( -1.000000000000000000, -9.052941273838511100E-033, 6.123233995736769700E-017 ) ) ;
#18 = ORIENTED_EDGE ( 'NONE', *, *, #887, .F. ) ;
#19 = DIRECTION ( 'NONE',  ( 0.0000000000000000000, -0.9961946980917455500, 0.08715574274765795800 ) ) ;
#20 = EDGE_LOOP ( 'NONE', ( #1222, #1731, #918, #1059 ) ) ;
#21 = LINE ( 'NONE', #1977, #2338 ) ;
#22 = AXIS2_PLACEMENT_3D ( 'NONE', #1693, #587, #1879 ) ;
#23 = DIRECTION ( 'NONE',  ( 0.0000000000000000000, 0.0000000000000000000, 1.000000000000000000 ) ) ;
#24 = CARTESIAN_POINT ( 'NONE',  ( 2.200000000000000200, 3.027661618506861000, 8.079667973081218000 ) ) ;
#25 = VERTEX_POINT ( 'NONE', #2302 ) ;
#26 = DIRECTION ( 'NONE',  ( -1.000000000000000000, 0.0000000000000000000, 0.0000000000000000000 ) ) ;
#27 = ORIENTED_EDGE ( 'NONE', *, *, #2259, .T. ) ;
#28 = AXIS2_PLACEMENT_3D ( 'NONE', #1365, #249, #1552 ) ;
#29 = EDGE_CURVE ( 'NONE', #1760, #2015, #2091, .T. ) ;
#30 = LINE ( 'NONE', #436, #1453 ) ;
#31 = DIRECTION ( 'NONE',  ( -0.0000000000000000000, 0.9961946980917455500, 0.08715574274765795800 ) ) ;
#32 = CARTESIAN_POINT ( 'NONE',  ( 2.399999999999999900, -2.928564524977890200, 7.667186721446440400 ) ) ;
#33 = DIRECTION ( 'NONE',  ( 0.0000000000000000000, 0.0000000000000000000, -1.000000000000000000 ) ) ;
#34 = VERTEX_POINT ( 'NONE', #1121 ) ;
#35 = EDGE_CURVE ( 'NONE', #595, #1417, #1672, .T. ) ;
#36 = CARTESIAN_POINT ( 'NONE',  ( 2.399999999999999900, 2.600000000000000500, 0.8000000000000000400 ) ) ;
#37 = VECTOR ( 'NONE', #277, 1000.000000000000000 ) ;
#38 = DIRECTION ( 'NONE',  ( -1.743889025915150000E-016, 0.5227474615026199700, 0.8524875902278970000 ) ) ;
#39 = CARTESIAN_POINT ( 'NONE',  ( -2.801999999999999600, -0.2999999999999999900, -5.700000000000000200 ) ) ;
#40 = VECTOR ( 'NONE', #1640, 1000.000000000000000 ) ;
#41 = EDGE_CURVE ( 'NONE', #222, #595, #1129, .T. ) ;
#42 = PLANE ( 'NONE',  #641 ) ;
#43 = DIRECTION ( 'NONE',  ( -1.000000000000000000, 0.0000000000000000000, 6.123233995736769700E-017 ) ) ;
#44 = ORIENTED_EDGE ( 'NONE', *, *, #2300, .T. ) ;
#45 = EDGE_CURVE ( 'NONE', #1511, #1628, #190, .T. ) ;
#46 = ORIENTED_EDGE ( 'NONE', *, *, #500, .T. ) ;
#47 = CARTESIAN_POINT ( 'NONE',  ( -2.802000000000000000, -0.5999999999999999800, -5.700000000000000200 ) ) ;
#48 = CYLINDRICAL_SURFACE ( 'NONE', #1958, 0.2999999999999999300 ) ;
#49 = EDGE_CURVE ( 'NONE', #207, #1417, #2038, .T. ) ;
#50 = ORIENTED_EDGE ( 'NONE', *, *, #1996, .T. ) ;
#51 = FACE_OUTER_BOUND ( 'NONE', #1381, .T. ) ;
#52 = DIRECTION ( 'NONE',  ( 1.000000000000000000, 0.0000000000000000000, 0.0000000000000000000 ) ) ;
#53 = ORIENTED_EDGE ( 'NONE', *, *, #150, .F. ) ;
#54 = ORIENTED_EDGE ( 'NONE', *, *, #2237, .T. ) ;
#55 = AXIS2_PLACEMENT_3D ( 'NONE', #1685, #701, #1987 ) ;
#56 =( GEOMETRIC_REPRESENTATION_CONTEXT ( 3 ) GLOBAL_UNCERTAINTY_ASSIGNED_CONTEXT ( ( #1739 ) ) GLOBAL_UNIT_ASSIGNED_CONTEXT ( ( #605, #1898, #798 ) ) REPRESENTATION_CONTEXT ( 'NONE', 'WORKASPACE' ) );
#57 = DIRECTION ( 'NONE',  ( 1.000000000000000000, 0.0000000000000000000, 0.0000000000000000000 ) ) ;
#58 = CARTESIAN_POINT ( 'NONE',  ( 2.401999999999999700, 0.6000000000000002000, -2.800000000000000300 ) ) ;
#59 = ORIENTED_EDGE ( 'NONE', *, *, #682, .F. ) ;
#60 = CARTESIAN_POINT ( 'NONE',  ( -2.399999999999999900, -3.431685394006780000, 0.4727630435956850000 ) ) ;
#61 = CIRCLE ( 'NONE', #1395, 0.7000000000000000700 ) ;
#62 = ORIENTED_EDGE ( 'NONE', *, *, #280, .T. ) ;
#63 = ORIENTED_EDGE ( 'NONE', *, *, #1991, .F. ) ;
#64 = CARTESIAN_POINT ( 'NONE',  ( -2.200000000000000600, -2.818387578994431900, 8.420752273056750800 ) ) ;
#65 = LINE ( 'NONE', #221, #119 ) ;
#66 = CARTESIAN_POINT ( 'NONE',  ( -2.200000000000000200, -3.027486563595481100, 8.079757236965589200 ) ) ;
#67 = DIRECTION ( 'NONE',  ( -1.000000000000000000, 0.0000000000000000000, 6.123233995736769700E-017 ) ) ;
#68 = ORIENTED_EDGE ( 'NONE', *, *, #1034, .T. ) ;
#69 = AXIS2_PLACEMENT_3D ( 'NONE', #2270, #448, #1744 ) ;
#70 = VECTOR ( 'NONE', #1052, 1000.000000000000100 ) ;
#71 = ORIENTED_EDGE ( 'NONE', *, *, #872, .F. ) ;
#72 = DIRECTION ( 'NONE',  ( -2.168404344971008900E-015, -0.8524875902278972200, 0.5227474615026195300 ) ) ;
#73 = CARTESIAN_POINT ( 'NONE',  ( -2.807999999999999800, -2.299999999999999800, -2.200000000000000200 ) ) ;
#74 = FACE_OUTER_BOUND ( 'NONE', #753, .T. ) ;
#75 = EDGE_CURVE ( 'NONE', #595, #734, #105, .T. ) ;
#76 = VERTEX_POINT ( 'NONE', #2198 ) ;
#77 = ORIENTED_EDGE ( 'NONE', *, *, #135, .T. ) ;
#78 = CIRCLE ( 'NONE', #1738, 1.899999999999999700 ) ;
#79 = ORIENTED_EDGE ( 'NONE', *, *, #1402, .T. ) ;
#80 = DIRECTION ( 'NONE',  ( 1.000000000000000000, 0.0000000000000000000, 0.0000000000000000000 ) ) ;
#81 = ADVANCED_FACE ( 'NONE', ( #2011 ), #589, .F. ) ;
#82 = EDGE_CURVE ( 'NONE', #1510, #982, #1047, .T. ) ;
#83 = VERTEX_POINT ( 'NONE', #1582 ) ;
#84 = ADVANCED_FACE ( 'NONE', ( #51 ), #1473, .T. ) ;
#85 = AXIS2_PLACEMENT_3D ( 'NONE', #2275, #1191, #72 ) ;
#86 = LINE ( 'NONE', #935, #130 ) ;
#87 = EDGE_LOOP ( 'NONE', ( #2195, #839, #1794, #2029 ) ) ;
#88 = LINE ( 'NONE', #1894, #1577 ) ;
#89 = EDGE_CURVE ( 'NONE', #207, #147, #1963, .T. ) ;
#90 = VERTEX_POINT ( 'NONE', #1773 ) ;
#91 = CARTESIAN_POINT ( 'NONE',  ( 2.399999999999999900, 2.928691142219050000, 7.667109074469931500 ) ) ;
#92 = EDGE_CURVE ( 'NONE', #1263, #2348, #988, .T. ) ;
#93 = DIRECTION ( 'NONE',  ( -1.000000000000000000, -6.123233995736769700E-017, -7.498798913309289400E-033 ) ) ;
#94 = VECTOR ( 'NONE', #591, 1000.000000000000000 ) ;
#95 = ADVANCED_FACE ( 'NONE', ( #543 ), #1415, .F. ) ;
#96 = VECTOR ( 'NONE', #905, 999.9999999999998900 ) ;
#97 = CARTESIAN_POINT ( 'NONE',  ( -2.802000000000000000, 2.299999999999999800, -2.200000000000000200 ) ) ;
#98 = CARTESIAN_POINT ( 'NONE',  ( 2.399999999999999900, -2.600000000000001000, 0.8000000000000000400 ) ) ;
#99 = ORIENTED_EDGE ( 'NONE', *, *, #723, .T. ) ;
#100 = CARTESIAN_POINT ( 'NONE',  ( 2.399999999999999900, 2.600000000000000500, -0.002000000000000000000 ) ) ;
#101 = DIRECTION ( 'NONE',  ( -1.000000000000000000, 6.123233995736769700E-017, 7.498798913309289400E-033 ) ) ;
#102 = CIRCLE ( 'NONE', #812, 1.099999999999999900 ) ;
#103 = DIRECTION ( 'NONE',  ( 1.000000000000000000, -0.0000000000000000000, -6.123233995736769700E-017 ) ) ;
#104 = ORIENTED_EDGE ( 'NONE', *, *, #1486, .T. ) ;
#105 = CIRCLE ( 'NONE', #2189, 0.4000000000000001900 ) ;
#106 = EDGE_CURVE ( 'NONE', #620, #118, #1097, .T. ) ;
#107 = ADVANCED_FACE ( 'NONE', ( #2364 ), #2013, .T. ) ;
#108 = ORIENTED_EDGE ( 'NONE', *, *, #912, .T. ) ;
#109 = EDGE_CURVE ( 'NONE', #2132, #664, #433, .T. ) ;
#110 = ORIENTED_EDGE ( 'NONE', *, *, #2185, .F. ) ;
#111 = VECTOR ( 'NONE', #939, 1000.000000000000000 ) ;
#112 = ORIENTED_EDGE ( 'NONE', *, *, #841, .T. ) ;
#113 = PRESENTATION_LAYER_ASSIGNMENT (  '', '', ( #1124 ) ) ;
#114 = ADVANCED_FACE ( 'NONE', ( #1849 ), #551, .T. ) ;
#115 = DIRECTION ( 'NONE',  ( 1.000000000000000000, 0.0000000000000000000, 0.0000000000000000000 ) ) ;
#116 = EDGE_CURVE ( 'NONE', #2132, #145, #1362, .T. ) ;
#117 = ORIENTED_EDGE ( 'NONE', *, *, #135, .F. ) ;
#118 = VERTEX_POINT ( 'NONE', #2371 ) ;
#119 = VECTOR ( 'NONE', #1895, 1000.000000000000000 ) ;
#120 = DIRECTION ( 'NONE',  ( 0.0000000000000000000, 0.0000000000000000000, 1.000000000000000000 ) ) ;
#121 = EDGE_CURVE ( 'NONE', #1162, #1075, #371, .T. ) ;
#122 = EDGE_LOOP ( 'NONE', ( #1494, #2093, #1866, #1785 ) ) ;
#123 = LINE ( 'NONE', #2190, #1559 ) ;
#124 = CARTESIAN_POINT ( 'NONE',  ( -2.399999999999999900, -2.600000000000000500, 0.8000000000000000400 ) ) ;
#125 = ORIENTED_EDGE ( 'NONE', *, *, #353, .F. ) ;
#126 = CARTESIAN_POINT ( 'NONE',  ( 2.399999999999999900, -1.569421125071090100, 5.450718986853900100 ) ) ;
#127 = VECTOR ( 'NONE', #186, 1000.000000000000000 ) ;
#128 = AXIS2_PLACEMENT_3D ( 'NONE', #2162, #1079, #2341 ) ;
#129 = CARTESIAN_POINT ( 'NONE',  ( -2.401999999999999700, 0.5999999999999998700, -2.799999999999999800 ) ) ;
#130 = VECTOR ( 'NONE', #1119, 1000.000000000000100 ) ;
#131 = CARTESIAN_POINT ( 'NONE',  ( -3.008000000000000900, -0.9000000000000002400, -2.799999999999999800 ) ) ;
#132 = EDGE_LOOP ( 'NONE', ( #1041, #1186, #1897, #1558 ) ) ;
#133 = ORIENTED_EDGE ( 'NONE', *, *, #162, .T. ) ;
#134 = VECTOR ( 'NONE', #803, 1000.000000000000000 ) ;
#135 = EDGE_CURVE ( 'NONE', #606, #1081, #1910, .T. ) ;
#136 = SURFACE_SIDE_STYLE ('',( #276 ) ) ;
#137 = ORIENTED_EDGE ( 'NONE', *, *, #929, .F. ) ;
#138 = ORIENTED_EDGE ( 'NONE', *, *, #1637, .T. ) ;
#139 = DIRECTION ( 'NONE',  ( 0.0000000000000000000, 1.000000000000000000, 0.0000000000000000000 ) ) ;
#140 = VECTOR ( 'NONE', #2016, 1000.000000000000000 ) ;
#141 = DIRECTION ( 'NONE',  ( 1.000000000000000000, 6.123233995736769700E-017, 7.498798913309289400E-033 ) ) ;
#142 = VERTEX_POINT ( 'NONE', #1394 ) ;
#143 = AXIS2_PLACEMENT_3D ( 'NONE', #1333, #213, #1519 ) ;
#144 = FACE_OUTER_BOUND ( 'NONE', #2268, .T. ) ;
#145 = VERTEX_POINT ( 'NONE', #1943 ) ;
#146 = DIRECTION ( 'NONE',  ( 0.0000000000000000000, 0.0000000000000000000, -1.000000000000000000 ) ) ;
#147 = VERTEX_POINT ( 'NONE', #1585 ) ;
#148 = CARTESIAN_POINT ( 'NONE',  ( -2.399999999999999900, 3.170218165763806000, 3.461347137870927500 ) ) ;
#149 = VECTOR ( 'NONE', #628, 1000.000000000000000 ) ;
#150 = EDGE_CURVE ( 'NONE', #142, #485, #1791, .T. ) ;
#151 = CARTESIAN_POINT ( 'NONE',  ( -2.807999999999999800, 2.299999999999999800, -2.200000000000000200 ) ) ;
#152 = ORIENTED_EDGE ( 'NONE', *, *, #236, .F. ) ;
#153 = LINE ( 'NONE', #2375, #2064 ) ;
#154 = ORIENTED_EDGE ( 'NONE', *, *, #601, .F. ) ;
#155 = DIRECTION ( 'NONE',  ( -1.000000000000000000, -0.0000000000000000000, -0.0000000000000000000 ) ) ;
#156 = DIRECTION ( 'NONE',  ( 0.0000000000000000000, 0.0000000000000000000, 1.000000000000000000 ) ) ;
#157 = EDGE_CURVE ( 'NONE', #719, #2132, #822, .T. ) ;
#158 = VECTOR ( 'NONE', #1641, 1000.000000000000000 ) ;
#159 = CARTESIAN_POINT ( 'NONE',  ( -2.399999999999999900, 2.600000000000000500, 0.4000000000000000200 ) ) ;
#160 = AXIS2_PLACEMENT_3D ( 'NONE', #516, #1810, #708 ) ;
#161 = VERTEX_POINT ( 'NONE', #471 ) ;
#162 = EDGE_CURVE ( 'NONE', #1511, #307, #1300, .T. ) ;
#163 = DIRECTION ( 'NONE',  ( -6.123233995736769700E-017, 0.0000000000000000000, 1.000000000000000000 ) ) ;
#164 = DIRECTION ( 'NONE',  ( -6.123233995736769700E-017, 0.0000000000000000000, -1.000000000000000000 ) ) ;
#165 = DIRECTION ( 'NONE',  ( 1.224646799147350000E-016, -1.000000000000000000, -0.0000000000000000000 ) ) ;
#166 = AXIS2_PLACEMENT_3D ( 'NONE', #1505, #390, #1688 ) ;
#167 = ORIENTED_EDGE ( 'NONE', *, *, #339, .F. ) ;
#168 = EDGE_CURVE ( 'NONE', #2348, #34, #2311, .T. ) ;
#169 = CARTESIAN_POINT ( 'NONE',  ( -2.399999999999999900, -3.867554454428030000, 3.522356157794290800 ) ) ;
#170 = DIRECTION ( 'NONE',  ( 0.0000000000000000000, 0.0000000000000000000, 1.000000000000000000 ) ) ;
#171 = ORIENTED_EDGE ( 'NONE', *, *, #1555, .F. ) ;
#172 = FACE_OUTER_BOUND ( 'NONE', #1578, .T. ) ;
#173 = PRODUCT_DEFINITION ( 'UNKNOWN', '', #304, #718 ) ;
#174 = CARTESIAN_POINT ( 'NONE',  ( -3.008000000000000900, -0.5999999999999998700, -5.700000000000000200 ) ) ;
#175 = VERTEX_POINT ( 'NONE', #1645 ) ;
#176 = ORIENTED_EDGE ( 'NONE', *, *, #2300, .F. ) ;
#177 = DIRECTION ( 'NONE',  ( -1.000000000000000000, -0.0000000000000000000, -0.0000000000000000000 ) ) ;
#178 = DIRECTION ( 'NONE',  ( -1.000000000000000000, 6.123233995736769700E-017, 7.498798913309289400E-033 ) ) ;
#179 = CARTESIAN_POINT ( 'NONE',  ( 2.399999999999999900, -2.856989045549901200, 7.975207744665069300 ) ) ;
#180 = DIRECTION ( 'NONE',  ( -1.000000000000000000, 6.123233995736769700E-017, 7.498798913309289400E-033 ) ) ;
#181 = FACE_OUTER_BOUND ( 'NONE', #2154, .T. ) ;
#182 = ORIENTED_EDGE ( 'NONE', *, *, #1542, .T. ) ;
#183 = VECTOR ( 'NONE', #1287, 1000.000000000000000 ) ;
#184 = DIRECTION ( 'NONE',  ( -1.000000000000000000, -0.0000000000000000000, -0.0000000000000000000 ) ) ;
#185 = DIRECTION ( 'NONE',  ( -1.000000000000000000, 0.0000000000000000000, -6.123233995736769700E-017 ) ) ;
#186 = DIRECTION ( 'NONE',  ( -0.0000000000000000000, 7.105744337023929800E-017, 1.000000000000000000 ) ) ;
#187 = ADVANCED_BREP_SHAPE_REPRESENTATION ( '52000001009', ( #1311, #55 ), #1470 ) ;
#188 = DIRECTION ( 'NONE',  ( 0.0000000000000000000, -1.000000000000000000, -1.070649645329435800E-014 ) ) ;
#189 = PLANE ( 'NONE',  #1523 ) ;
#190 = CIRCLE ( 'NONE', #2210, 0.2999999999999999300 ) ;
#191 = CIRCLE ( 'NONE', #696, 0.4000000000000001900 ) ;
#192 = DIRECTION ( 'NONE',  ( 1.000000000000000000, 0.0000000000000000000, 0.0000000000000000000 ) ) ;
#193 = ORIENTED_EDGE ( 'NONE', *, *, #710, .F. ) ;
#194 = ORIENTED_EDGE ( 'NONE', *, *, #1528, .F. ) ;
#195 = AXIS2_PLACEMENT_3D ( 'NONE', #462, #1758, #653 ) ;
#196 = LINE ( 'NONE', #1420, #2096 ) ;
#197 = DIRECTION ( 'NONE',  ( 1.000000000000000000, 6.123233995736769700E-017, 7.498798913309289400E-033 ) ) ;
#198 = DIRECTION ( 'NONE',  ( -1.000000000000000000, -0.0000000000000000000, 0.0000000000000000000 ) ) ;
#199 = DIRECTION ( 'NONE',  ( 0.0000000000000000000, -0.0000000000000000000, 1.000000000000000000 ) ) ;
#200 = CARTESIAN_POINT ( 'NONE',  ( -2.401999999999999700, 0.2999999999999999300, -6.000000000000000000 ) ) ;
#201 = EDGE_LOOP ( 'NONE', ( #649, #1936, #1694, #395, #906, #1656, #1875, #704, #1016, #265, #71, #2042, #108, #1753 ) ) ;
#202 = CARTESIAN_POINT ( 'NONE',  ( 2.401999999999999700, 2.600000000000000500, -2.200000000000000600 ) ) ;
#203 = EDGE_CURVE ( 'NONE', #34, #11, #2200, .T. ) ;
#204 = DIRECTION ( 'NONE',  ( 1.084202172485504400E-014, -0.8524875902278972200, 0.5227474615026195300 ) ) ;
#205 = VECTOR ( 'NONE', #915, 1000.000000000000100 ) ;
#206 = EDGE_CURVE ( 'NONE', #11, #1263, #1737, .T. ) ;
#207 = VERTEX_POINT ( 'NONE', #1466 ) ;
#208 = FACE_OUTER_BOUND ( 'NONE', #278, .T. ) ;
#209 = CARTESIAN_POINT ( 'NONE',  ( 2.399999999999999900, 2.600000000000000500, 0.1032433538952580000 ) ) ;
#210 = EDGE_LOOP ( 'NONE', ( #1347, #623, #1167, #226 ) ) ;
#211 = FACE_OUTER_BOUND ( 'NONE', #308, .T. ) ;
#212 = DIRECTION ( 'NONE',  ( 1.000000000000000000, 3.336006684570790000E-016, -0.0000000000000000000 ) ) ;
#213 = DIRECTION ( 'NONE',  ( 1.000000000000000000, -0.0000000000000000000, -6.123233995736769700E-017 ) ) ;
#214 = AXIS2_PLACEMENT_3D ( 'NONE', #1620, #509, #1803 ) ;
#215 = CARTESIAN_POINT ( 'NONE',  ( 2.400000000000000400, -2.600000000000000500, -0.002000000000000000000 ) ) ;
#216 = ORIENTED_EDGE ( 'NONE', *, *, #496, .F. ) ;
#217 = VECTOR ( 'NONE', #546, 1000.000000000000000 ) ;
#218 = CARTESIAN_POINT ( 'NONE',  ( 2.399999999999999900, 3.000000000000000900, 0.8000000000000000400 ) ) ;
#219 = EDGE_CURVE ( 'NONE', #1642, #1359, #1188, .T. ) ;
#220 = CARTESIAN_POINT ( 'NONE',  ( -3.008000000000000900, -0.5999999999999999800, -5.700000000000000200 ) ) ;
#221 = CARTESIAN_POINT ( 'NONE',  ( -3.008000000000000900, 0.6000000000000003100, -2.799999999999999800 ) ) ;
#222 = VERTEX_POINT ( 'NONE', #728 ) ;
#223 = CARTESIAN_POINT ( 'NONE',  ( -2.399999999999999900, -2.562641301926062500, 7.070445408286907700 ) ) ;
#224 = EDGE_CURVE ( 'NONE', #1468, #1173, #1679, .T. ) ;
#225 = DIRECTION ( 'NONE',  ( 0.0000000000000000000, 1.000000000000000000, -9.486769009248163800E-016 ) ) ;
#226 = ORIENTED_EDGE ( 'NONE', *, *, #496, .T. ) ;
#227 = VECTOR ( 'NONE', #1199, 1000.000000000000000 ) ;
#228 = ORIENTED_EDGE ( 'NONE', *, *, #224, .T. ) ;
#229 = AXIS2_PLACEMENT_3D ( 'NONE', #2165, #1631, #712 ) ;
#230 = AXIS2_PLACEMENT_3D ( 'NONE', #1976, #885, #2147 ) ;
#231 = CARTESIAN_POINT ( 'NONE',  ( -2.200000000000000200, -4.741568619173270000, 4.901867714102619900 ) ) ;
#232 = DIRECTION ( 'NONE',  ( 0.0000000000000000000, 0.0000000000000000000, 1.000000000000000000 ) ) ;
#233 = DIRECTION ( 'NONE',  ( 0.0000000000000000000, -1.000000000000000000, 0.0000000000000000000 ) ) ;
#234 = ORIENTED_EDGE ( 'NONE', *, *, #2234, .T. ) ;
#235 = ORIENTED_EDGE ( 'NONE', *, *, #2037, .T. ) ;
#236 = EDGE_CURVE ( 'NONE', #638, #2344, #196, .T. ) ;
#237 = EDGE_LOOP ( 'NONE', ( #726, #292, #1085, #1969, #2111, #1616, #2279, #1320, #2204, #936, #182, #452, #1538, #537 ) ) ;
#238 = DIRECTION ( 'NONE',  ( -0.0000000000000000000, 7.105744337023929800E-017, -1.000000000000000000 ) ) ;
#239 = CARTESIAN_POINT ( 'NONE',  ( -3.008000000000000900, -0.2999999999999999900, -5.700000000000000200 ) ) ;
#240 = FACE_OUTER_BOUND ( 'NONE', #388, .T. ) ;
#241 = DIRECTION ( 'NONE',  ( 1.743555121791920400E-016, -0.5226473705391422300, 0.8525489581651722900 ) ) ;
#242 = EDGE_CURVE ( 'NONE', #795, #175, #2145, .T. ) ;
#243 = DIRECTION ( 'NONE',  ( 0.0000000000000000000, -0.8525489581651721800, -0.5226473705391421200 ) ) ;
#244 = EDGE_LOOP ( 'NONE', ( #2253, #1247, #425, #1973 ) ) ;
#245 = LINE ( 'NONE', #751, #1178 ) ;
#246 = CARTESIAN_POINT ( 'NONE',  ( -2.807999999999999800, 2.600000000000000100, -2.200000000000000200 ) ) ;
#247 = VERTEX_POINT ( 'NONE', #2323 ) ;
#248 = AXIS2_PLACEMENT_3D ( 'NONE', #1164, #1533, #416 ) ;
#249 = DIRECTION ( 'NONE',  ( 0.0000000000000000000, 0.0000000000000000000, 1.000000000000000000 ) ) ;
#250 = EDGE_CURVE ( 'NONE', #1298, #595, #640, .T. ) ;
#251 = ORIENTED_EDGE ( 'NONE', *, *, #150, .T. ) ;
#252 = CYLINDRICAL_SURFACE ( 'NONE', #449, 0.2999999999999999300 ) ;
#253 = VERTEX_POINT ( 'NONE', #983 ) ;
#254 = EDGE_CURVE ( 'NONE', #247, #90, #754, .T. ) ;
#255 = VECTOR ( 'NONE', #1458, 1000.000000000000000 ) ;
#256 =( LENGTH_UNIT ( ) NAMED_UNIT ( * ) SI_UNIT ( .MILLI., .METRE. ) );
#257 = ORIENTED_EDGE ( 'NONE', *, *, #260, .T. ) ;
#258 = ORIENTED_EDGE ( 'NONE', *, *, #493, .F. ) ;
#259 = AXIS2_PLACEMENT_3D ( 'NONE', #2255, #1175, #1702 ) ;
#260 = EDGE_CURVE ( 'NONE', #1596, #719, #2043, .T. ) ;
#261 = CARTESIAN_POINT ( 'NONE',  ( -2.399999999999999900, -3.024905566997151900, 4.229422528449480200 ) ) ;
#262 = CIRCLE ( 'NONE', #2118, 0.1999999999999996200 ) ;
#263 = ORIENTED_EDGE ( 'NONE', *, *, #2247, .T. ) ;
#264 = VECTOR ( 'NONE', #1513, 1000.000000000000000 ) ;
#265 = ORIENTED_EDGE ( 'NONE', *, *, #851, .T. ) ;
#266 = CIRCLE ( 'NONE', #1893, 0.002000000000000000000 ) ;
#267 = EDGE_LOOP ( 'NONE', ( #1418, #1213, #561, #429 ) ) ;
#268 = ADVANCED_FACE ( 'NONE', ( #1136 ), #1512, .T. ) ;
#269 = CIRCLE ( 'NONE', #128, 0.4000000000000001900 ) ;
#270 = ADVANCED_FACE ( 'NONE', ( #1072 ), #811, .F. ) ;
#271 = ORIENTED_EDGE ( 'NONE', *, *, #2100, .T. ) ;
#272 = DIRECTION ( 'NONE',  ( -1.000000000000000000, -0.0000000000000000000, -0.0000000000000000000 ) ) ;
#273 = DIRECTION ( 'NONE',  ( 1.000000000000000000, -0.0000000000000000000, -6.123233995736769700E-017 ) ) ;
#274 = LINE ( 'NONE', #2018, #1206 ) ;
#275 = CARTESIAN_POINT ( 'NONE',  ( 2.200000000000000200, 2.857151826873829800, 7.975138498973390000 ) ) ;
#276 = SURFACE_STYLE_FILL_AREA ( #1249 ) ;
#277 = DIRECTION ( 'NONE',  ( 0.0000000000000000000, -7.105744337023929800E-017, -1.000000000000000000 ) ) ;
#278 = EDGE_LOOP ( 'NONE', ( #1915, #1667, #1046, #235 ) ) ;
#279 = DIRECTION ( 'NONE',  ( 0.0000000000000000000, 1.445602896647339500E-015, -1.000000000000000000 ) ) ;
#280 = EDGE_CURVE ( 'NONE', #1872, #2269, #78, .T. ) ;
#281 = CARTESIAN_POINT ( 'NONE',  ( -2.402000000000000100, -0.5999999999999998700, 0.1032433538952580000 ) ) ;
#283 = ADVANCED_FACE ( 'NONE', ( #1986 ), #1938, .T. ) ;
#282 = LINE ( 'NONE', #1595, #633 ) ;
#284 = VECTOR ( 'NONE', #2097, 1000.000000000000000 ) ;
#285 = ADVANCED_FACE ( 'NONE', ( #1018 ), #959, .F. ) ;
#286 = EDGE_CURVE ( 'NONE', #1677, #1799, #582, .T. ) ;
#287 = EDGE_LOOP ( 'NONE', ( #1477, #1205, #739, #138 ) ) ;
#288 = DIRECTION ( 'NONE',  ( 0.0000000000000000000, 0.0000000000000000000, 1.000000000000000000 ) ) ;
#289 = DIRECTION ( 'NONE',  ( 0.0000000000000000000, -1.000000000000000000, 0.0000000000000000000 ) ) ;
#290 = ORIENTED_EDGE ( 'NONE', *, *, #286, .T. ) ;
#291 = EDGE_CURVE ( 'NONE', #894, #1343, #21, .T. ) ;
#292 = ORIENTED_EDGE ( 'NONE', *, *, #1924, .F. ) ;
#293 = AXIS2_PLACEMENT_3D ( 'NONE', #32, #965, #1338 ) ;
#294 = DIRECTION ( 'NONE',  ( -1.000000000000000000, 0.0000000000000000000, 0.0000000000000000000 ) ) ;
#295 = ADVANCED_FACE ( 'NONE', ( #1444 ), #403, .F. ) ;
#296 = CIRCLE ( 'NONE', #1193, 0.4000000000000001900 ) ;
#297 = EDGE_LOOP ( 'NONE', ( #1786, #1014, #526, #258, #1436, #770 ) ) ;
#298 = CARTESIAN_POINT ( 'NONE',  ( 2.399999999999999900, -2.562641301926062500, 7.070445408286907700 ) ) ;
#299 = EDGE_CURVE ( 'NONE', #2329, #2372, #1883, .T. ) ;
#300 = VECTOR ( 'NONE', #1887, 1000.000000000000000 ) ;
#301 = CARTESIAN_POINT ( 'NONE',  ( 2.399999999999999900, -3.331323344244744500, 3.972307484574865800 ) ) ;
#302 = EDGE_CURVE ( 'NONE', #1139, #1735, #901, .T. ) ;
#303 = LINE ( 'NONE', #1857, #1724 ) ;
#304 = PRODUCT_DEFINITION_FORMATION_WITH_SPECIFIED_SOURCE ( 'ANY', '', #1037, .NOT_KNOWN. ) ;
#305 = ADVANCED_FACE ( 'NONE', ( #461 ), #334, .F. ) ;
#306 = AXIS2_PLACEMENT_3D ( 'NONE', #2262, #2088, #1002 ) ;
#307 = VERTEX_POINT ( 'NONE', #961 ) ;
#308 = EDGE_LOOP ( 'NONE', ( #763, #859, #360, #444 ) ) ;
#309 = CARTESIAN_POINT ( 'NONE',  ( -2.200000000000000600, -3.027486563595478000, 8.079757236965594600 ) ) ;
#310 = VECTOR ( 'NONE', #647, 1000.000000000000000 ) ;
#311 = VECTOR ( 'NONE', #1766, 1000.000000000000000 ) ;
#312 = ORIENTED_EDGE ( 'NONE', *, *, #1888, .T. ) ;
#313 = ORIENTED_EDGE ( 'NONE', *, *, #1765, .T. ) ;
#314 = ORIENTED_EDGE ( 'NONE', *, *, #411, .F. ) ;
#315 = DIRECTION ( 'NONE',  ( -1.000000000000000000, 6.123233995736769700E-017, 7.498798913309289400E-033 ) ) ;
#316 = CARTESIAN_POINT ( 'NONE',  ( 2.399999999999999900, -3.867554454428030000, 3.522356157794290800 ) ) ;
#317 = AXIS2_PLACEMENT_3D ( 'NONE', #830, #1562, #1929 ) ;
#318 = DIRECTION ( 'NONE',  ( 0.0000000000000000000, 0.0000000000000000000, -1.000000000000000000 ) ) ;
#319 = CARTESIAN_POINT ( 'NONE',  ( -2.399999999999999900, -3.396955758473397100, 0.8697245941981263100 ) ) ;
#320 = CIRCLE ( 'NONE', #2238, 0.1999999999999996200 ) ;
#321 = AXIS2_PLACEMENT_3D ( 'NONE', #39, #1345, #232 ) ;
#322 = LINE ( 'NONE', #960, #2155 ) ;
#323 = ORIENTED_EDGE ( 'NONE', *, *, #2128, .F. ) ;
#324 =( LENGTH_UNIT ( ) NAMED_UNIT ( * ) SI_UNIT ( .MILLI., .METRE. ) );
#325 = EDGE_CURVE ( 'NONE', #377, #394, #847, .T. ) ;
#326 = CIRCLE ( 'NONE', #160, 0.2999999999999999300 ) ;
#327 = EDGE_CURVE ( 'NONE', #1117, #1343, #2289, .T. ) ;
#328 = CYLINDRICAL_SURFACE ( 'NONE', #1056, 0.4020000000000000200 ) ;
#329 = DIRECTION ( 'NONE',  ( 1.000000000000000000, 0.0000000000000000000, -0.0000000000000000000 ) ) ;
#330 = ORIENTED_EDGE ( 'NONE', *, *, #835, .F. ) ;
#331 = AXIS2_PLACEMENT_3D ( 'NONE', #776, #212, #1516 ) ;
#332 = DIRECTION ( 'NONE',  ( 6.123233995736769700E-017, -0.0000000000000000000, 1.000000000000000000 ) ) ;
#333 = CARTESIAN_POINT ( 'NONE',  ( -2.802000000000000000, 2.299999999999999800, -2.500000000000000000 ) ) ;
#334 = CYLINDRICAL_SURFACE ( 'NONE', #1515, 0.2999999999999999300 ) ;
#335 = FACE_OUTER_BOUND ( 'NONE', #1625, .T. ) ;
#336 = EDGE_CURVE ( 'NONE', #1410, #620, #1816, .T. ) ;
#337 = CARTESIAN_POINT ( 'NONE',  ( 2.399999999999999900, 2.600000000000000500, 0.8000000000000000400 ) ) ;
#338 = DIRECTION ( 'NONE',  ( -1.000000000000000000, 0.0000000000000000000, 6.123233995736769700E-017 ) ) ;
#339 = EDGE_CURVE ( 'NONE', #1151, #394, #2230, .T. ) ;
#340 = CARTESIAN_POINT ( 'NONE',  ( 2.399999999999999900, -2.562641301926064300, 7.070445408286905900 ) ) ;
#341 = ORIENTED_EDGE ( 'NONE', *, *, #49, .F. ) ;
#342 = CARTESIAN_POINT ( 'NONE',  ( -2.401999999999999700, -2.600000000000000500, -0.001999999999999969300 ) ) ;
#343 = ORIENTED_EDGE ( 'NONE', *, *, #2208, .F. ) ;
#344 = DIRECTION ( 'NONE',  ( 1.000000000000000000, -0.0000000000000000000, -6.123233995736769700E-017 ) ) ;
#345 = CARTESIAN_POINT ( 'NONE',  ( -2.802000000000000000, 0.2999999999999999300, -6.000000000000000000 ) ) ;
#346 = AXIS2_PLACEMENT_3D ( 'NONE', #151, #338, #1815 ) ;
#347 = ORIENTED_EDGE ( 'NONE', *, *, #2237, .F. ) ;
#348 = LINE ( 'NONE', #400, #2245 ) ;
#349 = DIRECTION ( 'NONE',  ( -1.224646799147350000E-016, 1.000000000000000000, 0.0000000000000000000 ) ) ;
#350 = ORIENTED_EDGE ( 'NONE', *, *, #2293, .F. ) ;
#351 = DIRECTION ( 'NONE',  ( 0.0000000000000000000, 0.0000000000000000000, -1.000000000000000000 ) ) ;
#352 = CARTESIAN_POINT ( 'NONE',  ( 2.402000000000000100, 2.600000000000000500, -2.500000000000000400 ) ) ;
#353 = EDGE_CURVE ( 'NONE', #1151, #1298, #1335, .T. ) ;
#354 = LINE ( 'NONE', #560, #743 ) ;
#355 = CARTESIAN_POINT ( 'NONE',  ( 2.399999999999999900, -2.771740286527115700, 3.426484840771864000 ) ) ;
#356 = CARTESIAN_POINT ( 'NONE',  ( -2.399999999999999000, -2.771740286527110800, 7.922932998514809800 ) ) ;
#357 = CARTESIAN_POINT ( 'NONE',  ( 2.200000000000000200, -2.856989045549900700, 7.975207744665071100 ) ) ;
#358 = CARTESIAN_POINT ( 'NONE',  ( -2.802000000000000000, -2.299999999999999800, -2.500000000000000400 ) ) ;
#359 = CYLINDRICAL_SURFACE ( 'NONE', #608, 0.4020000000000000200 ) ;
#360 = ORIENTED_EDGE ( 'NONE', *, *, #478, .T. ) ;
#361 = CARTESIAN_POINT ( 'NONE',  ( 2.802000000000000000, 2.600000000000000500, -2.500000000000000400 ) ) ;
#362 = DIRECTION ( 'NONE',  ( 0.0000000000000000000, 1.858632295689436000E-015, -1.000000000000000000 ) ) ;
#363 = DIRECTION ( 'NONE',  ( 0.0000000000000000000, 0.0000000000000000000, -1.000000000000000000 ) ) ;
#364 = EDGE_CURVE ( 'NONE', #2305, #829, #792, .T. ) ;
#365 = ORIENTED_EDGE ( 'NONE', *, *, #1707, .T. ) ;
#366 = EDGE_CURVE ( 'NONE', #34, #1062, #1762, .T. ) ;
#368 = ORIENTED_EDGE ( 'NONE', *, *, #1141, .F. ) ;
#367 = CARTESIAN_POINT ( 'NONE',  ( -2.807999999999999800, -2.299999999999999800, -2.500000000000000000 ) ) ;
#369 = FACE_OUTER_BOUND ( 'NONE', #1960, .T. ) ;
#370 = AXIS2_PLACEMENT_3D ( 'NONE', #12, #2202, #949 ) ;
#371 = LINE ( 'NONE', #179, #2265 ) ;
#372 = CARTESIAN_POINT ( 'NONE',  ( -2.399999999999998600, -2.647890060948853400, 8.316202780756228200 ) ) ;
#373 = DIRECTION ( 'NONE',  ( 0.0000000000000000000, 1.000000000000000000, 0.0000000000000000000 ) ) ;
#374 = DIRECTION ( 'NONE',  ( -0.0000000000000000000, 0.8525489581651721800, 0.5226473705391421200 ) ) ;
#375 = EDGE_CURVE ( 'NONE', #2106, #253, #686, .T. ) ;
#376 = VERTEX_POINT ( 'NONE', #1660 ) ;
#377 = VERTEX_POINT ( 'NONE', #1845 ) ;
#378 = EDGE_LOOP ( 'NONE', ( #8, #1923, #1566, #1319 ) ) ;
#379 = CARTESIAN_POINT ( 'NONE',  ( 2.399999999999999900, -2.562641301926070100, 8.263928034605969600 ) ) ;
#380 = DIRECTION ( 'NONE',  ( 1.000000000000000000, -0.0000000000000000000, -6.123233995736769700E-017 ) ) ;
#381 = PLANE ( 'NONE',  #716 ) ;
#382 = DIRECTION ( 'NONE',  ( 0.0000000000000000000, -0.08715574274765795800, 0.9961946980917455500 ) ) ;
#383 = ORIENTED_EDGE ( 'NONE', *, *, #528, .F. ) ;
#384 = CARTESIAN_POINT ( 'NONE',  ( -2.399999999999999900, -2.600000000000000500, 0.0000000000000000000 ) ) ;
#385 = VECTOR ( 'NONE', #1336, 1000.000000000000000 ) ;
#386 = CYLINDRICAL_SURFACE ( 'NONE', #1572, 2.299999999999999800 ) ;
#387 = CARTESIAN_POINT ( 'NONE',  ( -2.399999999999999900, 3.331323344244733900, 3.972307484574848500 ) ) ;
#388 = EDGE_LOOP ( 'NONE', ( #880, #2136, #62, #2359 ) ) ;
#389 = AXIS2_PLACEMENT_3D ( 'NONE', #2051, #957, #2222 ) ;
#390 = DIRECTION ( 'NONE',  ( 1.000000000000000000, -0.0000000000000000000, -6.123233995736769700E-017 ) ) ;
#391 = DIRECTION ( 'NONE',  ( 1.000000000000000000, 0.0000000000000000000, 0.0000000000000000000 ) ) ;
#392 = VECTOR ( 'NONE', #991, 1000.000000000000000 ) ;
#393 = EDGE_CURVE ( 'NONE', #985, #1139, #282, .T. ) ;
#394 = VERTEX_POINT ( 'NONE', #2019 ) ;
#395 = ORIENTED_EDGE ( 'NONE', *, *, #710, .T. ) ;
#396 = CARTESIAN_POINT ( 'NONE',  ( -2.801999999999999600, 2.600000000000000500, -6.000000000000000000 ) ) ;
#397 = ORIENTED_EDGE ( 'NONE', *, *, #393, .F. ) ;
#398 = CARTESIAN_POINT ( 'NONE',  ( 2.399999999999999900, 2.562837982841650300, 8.263893345185550700 ) ) ;
#399 = CYLINDRICAL_SURFACE ( 'NONE', #1087, 0.7999999999999999300 ) ;
#400 = CARTESIAN_POINT ( 'NONE',  ( 2.399999999999999900, -2.562641301926061200, 8.263928034605971400 ) ) ;
#401 = DIRECTION ( 'NONE',  ( 1.000000000000000000, 0.0000000000000000000, 0.0000000000000000000 ) ) ;
#402 = ORIENTED_EDGE ( 'NONE', *, *, #634, .T. ) ;
#403 = CYLINDRICAL_SURFACE ( 'NONE', #1544, 0.2999999999999999300 ) ;
#404 = DIRECTION ( 'NONE',  ( 1.224646799147350000E-016, -1.000000000000000000, -0.0000000000000000000 ) ) ;
#405 = CARTESIAN_POINT ( 'NONE',  ( -2.399999999999999900, 2.562837982841649900, 8.263893345185550700 ) ) ;
#406 = CARTESIAN_POINT ( 'NONE',  ( 2.802000000000000500, 2.299999999999999800, -2.200000000000000600 ) ) ;
#407 = EDGE_CURVE ( 'NONE', #161, #620, #1125, .T. ) ;
#408 = CARTESIAN_POINT ( 'NONE',  ( 2.399999999999999900, 2.998477879236702800, 0.8348622970990634600 ) ) ;
#409 = ORIENTED_EDGE ( 'NONE', *, *, #1650, .T. ) ;
#410 = CARTESIAN_POINT ( 'NONE',  ( -3.008000000000000900, -0.2999999999999999900, -5.700000000000000200 ) ) ;
#411 = EDGE_CURVE ( 'NONE', #1634, #2376, #123, .T. ) ;
#412 = SURFACE_SIDE_STYLE ('',( #2347 ) ) ;
#413 = LINE ( 'NONE', #1503, #2298 ) ;
#414 = ORIENTED_EDGE ( 'NONE', *, *, #468, .T. ) ;
#415 = CARTESIAN_POINT ( 'NONE',  ( 2.401999999999999200, 0.2999999999999999900, -5.700000000000000200 ) ) ;
#416 = DIRECTION ( 'NONE',  ( 0.0000000000000000000, -0.8525489581651721800, -0.5226473705391421200 ) ) ;
#417 = AXIS2_PLACEMENT_3D ( 'NONE', #1525, #1157, #602 ) ;
#418 = LINE ( 'NONE', #1775, #2303 ) ;
#419 = PLANE ( 'NONE',  #700 ) ;
#420 = CYLINDRICAL_SURFACE ( 'NONE', #819, 2.300000000000110000 ) ;
#421 = EDGE_CURVE ( 'NONE', #2369, #76, #2087, .T. ) ;
#422 = ORIENTED_EDGE ( 'NONE', *, *, #1991, .T. ) ;
#423 = CARTESIAN_POINT ( 'NONE',  ( 2.399999999999999900, -2.771740286527105900, 7.411440444378069300 ) ) ;
#424 = CARTESIAN_POINT ( 'NONE',  ( -2.399999999999999000, -2.600000000000000500, 0.4000000000000000200 ) ) ;
#425 = ORIENTED_EDGE ( 'NONE', *, *, #1819, .F. ) ;
#426 = AXIS2_PLACEMENT_3D ( 'NONE', #569, #1865, #760 ) ;
#427 = EDGE_CURVE ( 'NONE', #2305, #1550, #1063, .T. ) ;
#428 = CARTESIAN_POINT ( 'NONE',  ( 2.399999999999999900, -1.569421125071090100, 5.450718986853900100 ) ) ;
#429 = ORIENTED_EDGE ( 'NONE', *, *, #2135, .T. ) ;
#430 = DIRECTION ( 'NONE',  ( -1.743555121791920400E-016, 0.5226473705391422300, -0.8525489581651722900 ) ) ;
#431 = DIRECTION ( 'NONE',  ( -1.000000000000000000, 0.0000000000000000000, 6.123233995736769700E-017 ) ) ;
#432 = FACE_OUTER_BOUND ( 'NONE', #846, .T. ) ;
#433 = LINE ( 'NONE', #1103, #930 ) ;
#434 = PRODUCT_RELATED_PRODUCT_CATEGORY ( 'part', '', ( #1037 ) ) ;
#435 = AXIS2_PLACEMENT_3D ( 'NONE', #2040, #2212, #1138 ) ;
#436 = CARTESIAN_POINT ( 'NONE',  ( 2.802000000000000000, -0.5999999999999999800, -5.700000000000000200 ) ) ;
#437 = DIRECTION ( 'NONE',  ( -0.0000000000000000000, -0.8524875902278970000, 0.5227474615026199700 ) ) ;
#438 = EDGE_LOOP ( 'NONE', ( #257, #862, #556, #482 ) ) ;
#439 = VERTEX_POINT ( 'NONE', #309 ) ;
#440 = ORIENTED_EDGE ( 'NONE', *, *, #883, .F. ) ;
#441 = CARTESIAN_POINT ( 'NONE',  ( 2.399999999999999900, 2.771852294086589300, 7.411371756668091700 ) ) ;
#442 = CARTESIAN_POINT ( 'NONE',  ( -3.008000000000000900, 0.9000000000000002400, -2.500000000000000000 ) ) ;
#443 = VECTOR ( 'NONE', #2058, 1000.000000000000000 ) ;
#444 = ORIENTED_EDGE ( 'NONE', *, *, #375, .T. ) ;
#445 = CIRCLE ( 'NONE', #1195, 0.1999999999999999600 ) ;
#446 = DIRECTION ( 'NONE',  ( -1.000000000000000000, 0.0000000000000000000, 6.123233995736769700E-017 ) ) ;
#447 = ORIENTED_EDGE ( 'NONE', *, *, #162, .F. ) ;
#448 = DIRECTION ( 'NONE',  ( -0.0000000000000000000, 0.8525489581651722900, 0.5226473705391422300 ) ) ;
#449 = AXIS2_PLACEMENT_3D ( 'NONE', #73, #1013, #1192 ) ;
#450 = LINE ( 'NONE', #810, #392 ) ;
#451 = ORIENTED_EDGE ( 'NONE', *, *, #1429, .T. ) ;
#452 = ORIENTED_EDGE ( 'NONE', *, *, #1285, .F. ) ;
#453 = ORIENTED_EDGE ( 'NONE', *, *, #1445, .T. ) ;
#454 = AXIS2_PLACEMENT_3D ( 'NONE', #1536, #43, #1168 ) ;
#455 = CIRCLE ( 'NONE', #1241, 0.2999999999999999300 ) ;
#456 = CARTESIAN_POINT ( 'NONE',  ( -2.802000000000000000, -0.9000000000000002400, -2.500000000000000000 ) ) ;
#457 = EDGE_CURVE ( 'NONE', #1628, #142, #2030, .T. ) ;
#458 = CIRCLE ( 'NONE', #1351, 0.7000000000000000700 ) ;
#459 = ADVANCED_FACE ( 'NONE', ( #570 ), #2141, .T. ) ;
#460 = VERTEX_POINT ( 'NONE', #1792 ) ;
#461 = FACE_OUTER_BOUND ( 'NONE', #244, .T. ) ;
#462 = CARTESIAN_POINT ( 'NONE',  ( -2.399999999999999900, -2.928564524977890200, 7.667186721446440400 ) ) ;
#463 = DIRECTION ( 'NONE',  ( -0.0000000000000000000, 0.5227474615026199700, 0.8524875902278970000 ) ) ;
#464 = ORIENTED_EDGE ( 'NONE', *, *, #908, .F. ) ;
#465 = CARTESIAN_POINT ( 'NONE',  ( 2.399999999999999900, 3.170218165763806000, 3.461347137870924900 ) ) ;
#466 = ADVANCED_FACE ( 'NONE', ( #1980 ), #1437, .T. ) ;
#467 = DIRECTION ( 'NONE',  ( 1.000000000000000000, 0.0000000000000000000, 0.0000000000000000000 ) ) ;
#468 = EDGE_CURVE ( 'NONE', #460, #889, #1931, .T. ) ;
#469 = ORIENTED_EDGE ( 'NONE', *, *, #2379, .T. ) ;
#470 = ADVANCED_FACE ( 'NONE', ( #9 ), #1076, .F. ) ;
#471 = CARTESIAN_POINT ( 'NONE',  ( 2.802000000000000000, 0.9000000000000002400, -2.500000000000000400 ) ) ;
#472 = VECTOR ( 'NONE', #2084, 1000.000000000000000 ) ;
#473 = ORIENTED_EDGE ( 'NONE', *, *, #1078, .F. ) ;
#474 = EDGE_CURVE ( 'NONE', #485, #2276, #951, .T. ) ;
#475 = CARTESIAN_POINT ( 'NONE',  ( 2.401999999999999200, 0.9000000000000002400, -2.800000000000000300 ) ) ;
#476 = CARTESIAN_POINT ( 'NONE',  ( -2.399999999999999900, -2.600000000000000500, 0.8000000000000000400 ) ) ;
#477 = DIRECTION ( 'NONE',  ( -1.000000000000000000, 6.123233995736769700E-017, 7.498798913309289400E-033 ) ) ;
#478 = EDGE_CURVE ( 'NONE', #643, #2106, #455, .T. ) ;
#479 = CIRCLE ( 'NONE', #539, 0.2999999999999999300 ) ;
#480 = ADVANCED_FACE ( 'NONE', ( #1011 ), #399, .T. ) ;
#481 = VECTOR ( 'NONE', #1277, 1000.000000000000000 ) ;
#482 = ORIENTED_EDGE ( 'NONE', *, *, #896, .T. ) ;
#483 = CARTESIAN_POINT ( 'NONE',  ( -2.801999999999999600, 0.5999999999999999800, -5.700000000000000200 ) ) ;
#484 = EDGE_CURVE ( 'NONE', #1416, #1385, #895, .T. ) ;
#485 = VERTEX_POINT ( 'NONE', #2164 ) ;
#486 = CIRCLE ( 'NONE', #166, 0.2999999999999999300 ) ;
#487 = VECTOR ( 'NONE', #1220, 1000.000000000000000 ) ;
#488 = EDGE_CURVE ( 'NONE', #1837, #145, #2283, .T. ) ;
#489 = ADVANCED_FACE ( 'NONE', ( #1877 ), #328, .T. ) ;
#490 = EDGE_CURVE ( 'NONE', #2081, #1062, #1330, .T. ) ;
#491 = VERTEX_POINT ( 'NONE', #2178 ) ;
#492 = VERTEX_POINT ( 'NONE', #1282 ) ;
#493 = EDGE_CURVE ( 'NONE', #376, #894, #1755, .T. ) ;
#494 = ORIENTED_EDGE ( 'NONE', *, *, #2014, .T. ) ;
#495 = CARTESIAN_POINT ( 'NONE',  ( -3.008000000000000900, -0.9000000000000002400, -2.500000000000000000 ) ) ;
#496 = EDGE_CURVE ( 'NONE', #1385, #2369, #2224, .T. ) ;
#497 = CIRCLE ( 'NONE', #1891, 0.2999999999999999300 ) ;
#498 = VERTEX_POINT ( 'NONE', #727 ) ;
#499 = VERTEX_POINT ( 'NONE', #358 ) ;
#500 = EDGE_CURVE ( 'NONE', #1343, #2193, #842, .T. ) ;
#501 = EDGE_LOOP ( 'NONE', ( #350, #2149, #881, #290 ) ) ;
#502 = LINE ( 'NONE', #47, #2328 ) ;
#503 = ORIENTED_EDGE ( 'NONE', *, *, #1009, .F. ) ;
#504 = DIRECTION ( 'NONE',  ( 0.0000000000000000000, -3.717264591378872000E-015, -1.000000000000000000 ) ) ;
#505 = ORIENTED_EDGE ( 'NONE', *, *, #427, .F. ) ;
#506 = VECTOR ( 'NONE', #329, 1000.000000000000000 ) ;
#507 = AXIS2_PLACEMENT_3D ( 'NONE', #784, #538, #1485 ) ;
#508 = ORIENTED_EDGE ( 'NONE', *, *, #2100, .F. ) ;
#509 = DIRECTION ( 'NONE',  ( -1.000000000000000000, -0.0000000000000000000, -0.0000000000000000000 ) ) ;
#510 = LINE ( 'NONE', #3, #2336 ) ;
#511 =( NAMED_UNIT ( * ) SI_UNIT ( $, .STERADIAN. ) SOLID_ANGLE_UNIT ( ) );
#512 = CYLINDRICAL_SURFACE ( 'NONE', #1321, 0.2000000000000000100 ) ;
#513 = EDGE_LOOP ( 'NONE', ( #1218, #1852, #1340, #1116, #1590, #2308, #5, #54, #599, #1393, #2177, #1484, #1156, #1646, #2267, #2236 ) ) ;
#514 = ORIENTED_EDGE ( 'NONE', *, *, #835, .T. ) ;
#515 = VECTOR ( 'NONE', #2326, 1000.000000000000000 ) ;
#516 = CARTESIAN_POINT ( 'NONE',  ( -2.399999999999999900, 2.928691142219050000, 7.667109074469931500 ) ) ;
#517 = DIRECTION ( 'NONE',  ( 1.000000000000000000, -6.123233995736769700E-017, -7.498798913309289400E-033 ) ) ;
#518 = CARTESIAN_POINT ( 'NONE',  ( -2.399999999999999900, -2.562641301926060800, 8.263928034605967800 ) ) ;
#519 = AXIS2_PLACEMENT_3D ( 'NONE', #1704, #1160, #33 ) ;
#520 = AXIS2_PLACEMENT_3D ( 'NONE', #2054, #1697, #1023 ) ;
#521 = ORIENTED_EDGE ( 'NONE', *, *, #10, .F. ) ;
#522 = CARTESIAN_POINT ( 'NONE',  ( -2.399999999999999900, 1.569421125070940000, 5.450718986853879700 ) ) ;
#523 = CARTESIAN_POINT ( 'NONE',  ( 2.399999999999999900, 3.400000000000000800, 0.8000000000000000400 ) ) ;
#524 = DIRECTION ( 'NONE',  ( -0.0000000000000000000, 0.0000000000000000000, 1.000000000000000000 ) ) ;
#525 = VECTOR ( 'NONE', #238, 1000.000000000000000 ) ;
#526 = ORIENTED_EDGE ( 'NONE', *, *, #528, .T. ) ;
#527 = DIRECTION ( 'NONE',  ( -1.000000000000000000, 0.0000000000000000000, 6.123233995736769700E-017 ) ) ;
#528 = EDGE_CURVE ( 'NONE', #377, #894, #2334, .T. ) ;
#529 = PLANE ( 'NONE',  #607 ) ;
#530 = CARTESIAN_POINT ( 'NONE',  ( 2.399999999999999900, -2.928564524977890200, 7.667186721446440400 ) ) ;
#531 = DIRECTION ( 'NONE',  ( 0.0000000000000000000, 0.0000000000000000000, -1.000000000000000000 ) ) ;
#532 = EDGE_CURVE ( 'NONE', #651, #1767, #274, .T. ) ;
#533 = LINE ( 'NONE', #1583, #37 ) ;
#534 = FACE_OUTER_BOUND ( 'NONE', #1890, .T. ) ;
#535 = DIRECTION ( 'NONE',  ( -1.000000000000000000, 0.0000000000000000000, 0.0000000000000000000 ) ) ;
#536 = CARTESIAN_POINT ( 'NONE',  ( 2.399999999999999900, -3.331323344244744100, 3.972307484574866700 ) ) ;
#537 = ORIENTED_EDGE ( 'NONE', *, *, #1235, .T. ) ;
#538 = DIRECTION ( 'NONE',  ( 1.000000000000000000, -0.0000000000000000000, -6.123233995736769700E-017 ) ) ;
#539 = AXIS2_PLACEMENT_3D ( 'NONE', #97, #1399, #288 ) ;
#540 = CIRCLE ( 'NONE', #678, 0.7999999999999999300 ) ;
#541 = EDGE_CURVE ( 'NONE', #492, #142, #785, .T. ) ;
#542 = ORIENTED_EDGE ( 'NONE', *, *, #841, .F. ) ;
#543 = FACE_OUTER_BOUND ( 'NONE', #132, .T. ) ;
#544 = DIRECTION ( 'NONE',  ( -1.000000000000000000, -0.0000000000000000000, -0.0000000000000000000 ) ) ;
#545 = DIRECTION ( 'NONE',  ( 0.0000000000000000000, 1.000000000000000000, 0.0000000000000000000 ) ) ;
#546 = DIRECTION ( 'NONE',  ( -1.000000000000000000, 0.0000000000000000000, 6.123233995736769700E-017 ) ) ;
#547 = AXIS2_PLACEMENT_3D ( 'NONE', #1547, #431, #1726 ) ;
#548 = EDGE_CURVE ( 'NONE', #147, #377, #714, .T. ) ;
#549 = EDGE_LOOP ( 'NONE', ( #2299, #1966, #2060, #1448, #343, #110, #2057, #2173, #933, #2168, #681, #154, #1412, #1498, #2287, #1581 ) ) ;
#550 = CARTESIAN_POINT ( 'NONE',  ( 2.401999999999999700, -0.5999999999999998700, -2.800000000000000300 ) ) ;
#551 = PLANE ( 'NONE',  #1965 ) ;
#552 = DIRECTION ( 'NONE',  ( 1.000000000000000000, 6.123233995736769700E-017, 7.498798913309289400E-033 ) ) ;
#553 = DIRECTION ( 'NONE',  ( 0.0000000000000000000, 0.8524875902278970000, -0.5227474615026199700 ) ) ;
#554 = ORIENTED_EDGE ( 'NONE', *, *, #1019, .F. ) ;
#555 = LINE ( 'NONE', #1309, #1970 ) ;
#556 = ORIENTED_EDGE ( 'NONE', *, *, #109, .T. ) ;
#557 = EDGE_CURVE ( 'NONE', #118, #2229, #1703, .T. ) ;
#558 = CARTESIAN_POINT ( 'NONE',  ( -2.399999999999999900, -3.867554454428030000, 3.522356157794290800 ) ) ;
#559 = DIRECTION ( 'NONE',  ( 0.0000000000000000000, 1.000000000000000000, 0.0000000000000000000 ) ) ;
#560 = CARTESIAN_POINT ( 'NONE',  ( -3.008000000000000900, 0.9000000000000002400, -2.500000000000000000 ) ) ;
#561 = ORIENTED_EDGE ( 'NONE', *, *, #1127, .F. ) ;
#562 = ORIENTED_EDGE ( 'NONE', *, *, #2256, .T. ) ;
#563 = FACE_OUTER_BOUND ( 'NONE', #693, .T. ) ;
#564 = DIRECTION ( 'NONE',  ( -0.0000000000000000000, -0.5226473705391422300, 0.8525489581651722900 ) ) ;
#565 = CARTESIAN_POINT ( 'NONE',  ( -2.399999999999999900, -3.396955758473395800, 0.8697245941981262000 ) ) ;
#566 = CARTESIAN_POINT ( 'NONE',  ( -2.399999999999999900, 2.600000000000000500, -0.002000000000000000000 ) ) ;
#567 = CARTESIAN_POINT ( 'NONE',  ( 2.802000000000000500, -2.299999999999999800, -2.200000000000000600 ) ) ;
#568 = ORIENTED_EDGE ( 'NONE', *, *, #666, .F. ) ;
#569 = CARTESIAN_POINT ( 'NONE',  ( -2.399999999999999900, -2.600000000000000500, -0.002000000000000000000 ) ) ;
#570 = FACE_OUTER_BOUND ( 'NONE', #1567, .T. ) ;
#571 = DIRECTION ( 'NONE',  ( -1.000000000000000000, -0.0000000000000000000, -0.0000000000000000000 ) ) ;
#572 = AXIS2_PLACEMENT_3D ( 'NONE', #1876, #1680, #621 ) ;
#573 = AXIS2_PLACEMENT_3D ( 'NONE', #91, #1392, #279 ) ;
#574 = ORIENTED_EDGE ( 'NONE', *, *, #2138, .T. ) ;
#575 = CARTESIAN_POINT ( 'NONE',  ( 2.401999999999999700, -2.299999999999999800, -2.500000000000000400 ) ) ;
#576 = DIRECTION ( 'NONE',  ( -0.0000000000000000000, -0.8524875902278970000, 0.5227474615026199700 ) ) ;
#577 = VECTOR ( 'NONE', #1955, 1000.000000000000000 ) ;
#578 = ORIENTED_EDGE ( 'NONE', *, *, #702, .T. ) ;
#579 = DIRECTION ( 'NONE',  ( 0.0000000000000000000, 0.0000000000000000000, 1.000000000000000000 ) ) ;
#580 = VERTEX_POINT ( 'NONE', #1304 ) ;
#581 = AXIS2_PLACEMENT_3D ( 'NONE', #1223, #103, #1407 ) ;
#582 = LINE ( 'NONE', #1066, #515 ) ;
#583 = DIRECTION ( 'NONE',  ( 0.0000000000000000000, -0.08715574274765795800, 0.9961946980917455500 ) ) ;
#584 = EDGE_CURVE ( 'NONE', #871, #1942, #153, .T. ) ;
#585 = VERTEX_POINT ( 'NONE', #565 ) ;
#586 = CARTESIAN_POINT ( 'NONE',  ( 2.802000000000000500, 2.600000000000000500, -0.001999999999999997000 ) ) ;
#587 = DIRECTION ( 'NONE',  ( 1.000000000000000000, -6.123233995736769700E-017, -7.498798913309289400E-033 ) ) ;
#588 = DIRECTION ( 'NONE',  ( -1.000000000000000000, 0.0000000000000000000, 6.123233995736769700E-017 ) ) ;
#589 = PLANE ( 'NONE',  #2146 ) ;
#590 = EDGE_CURVE ( 'NONE', #1760, #1468, #661, .T. ) ;
#591 = DIRECTION ( 'NONE',  ( 1.000000000000000000, 0.0000000000000000000, 0.0000000000000000000 ) ) ;
#592 = DIRECTION ( 'NONE',  ( -1.000000000000000000, -0.0000000000000000000, -0.0000000000000000000 ) ) ;
#593 = ORIENTED_EDGE ( 'NONE', *, *, #500, .F. ) ;
#594 = VECTOR ( 'NONE', #552, 1000.000000000000000 ) ;
#595 = VERTEX_POINT ( 'NONE', #756 ) ;
#596 = CYLINDRICAL_SURFACE ( 'NONE', #878, 0.1999999999999996200 ) ;
#597 = CARTESIAN_POINT ( 'NONE',  ( 2.399999999999999900, 3.431685394006780000, 0.4727630435956850000 ) ) ;
#598 = VERTEX_POINT ( 'NONE', #2033 ) ;
#599 = ORIENTED_EDGE ( 'NONE', *, *, #327, .F. ) ;
#600 = AXIS2_PLACEMENT_3D ( 'NONE', #2047, #19, #1327 ) ;
#601 = EDGE_CURVE ( 'NONE', #2015, #651, #1586, .T. ) ;
#602 = DIRECTION ( 'NONE',  ( 0.0000000000000000000, -0.08715574274765795800, -0.9961946980917455500 ) ) ;
#603 = LINE ( 'NONE', #1997, #1531 ) ;
#604 = EDGE_CURVE ( 'NONE', #1070, #2015, #1159, .T. ) ;
#605 =( LENGTH_UNIT ( ) NAMED_UNIT ( * ) SI_UNIT ( .MILLI., .METRE. ) );
#606 = VERTEX_POINT ( 'NONE', #1988 ) ;
#607 = AXIS2_PLACEMENT_3D ( 'NONE', #2172, #156, #1459 ) ;
#608 = AXIS2_PLACEMENT_3D ( 'NONE', #1990, #699, #899 ) ;
#609 = DIRECTION ( 'NONE',  ( 0.0000000000000000000, 0.0000000000000000000, 1.000000000000000000 ) ) ;
#610 = DIRECTION ( 'NONE',  ( 1.000000000000000000, -0.0000000000000000000, -6.123233995736769700E-017 ) ) ;
#611 = CYLINDRICAL_SURFACE ( 'NONE', #1593, 0.7000000000000000700 ) ;
#612 = ORIENTED_EDGE ( 'NONE', *, *, #1279, .F. ) ;
#613 = VECTOR ( 'NONE', #1761, 1000.000000000000000 ) ;
#614 = DIRECTION ( 'NONE',  ( 1.000000000000000000, 0.0000000000000000000, -6.123233995736769700E-017 ) ) ;
#615 = ORIENTED_EDGE ( 'NONE', *, *, #2242, .F. ) ;
#616 = EDGE_CURVE ( 'NONE', #759, #1776, #1089, .T. ) ;
#617 = CARTESIAN_POINT ( 'NONE',  ( -2.399999999999999900, 2.928691142219050000, 7.667109074469931500 ) ) ;
#618 = EDGE_CURVE ( 'NONE', #982, #1705, #603, .T. ) ;
#619 = DIRECTION ( 'NONE',  ( 0.0000000000000000000, 0.8525489581651722900, 0.5226473705391422300 ) ) ;
#620 = VERTEX_POINT ( 'NONE', #898 ) ;
#621 = DIRECTION ( 'NONE',  ( 0.0000000000000000000, 1.000000000000000000, 0.0000000000000000000 ) ) ;
#622 = FACE_OUTER_BOUND ( 'NONE', #2257, .T. ) ;
#623 = ORIENTED_EDGE ( 'NONE', *, *, #1926, .T. ) ;
#624 = DIRECTION ( 'NONE',  ( -0.0000000000000000000, -0.5226473705391422300, 0.8525489581651722900 ) ) ;
#625 = ORIENTED_EDGE ( 'NONE', *, *, #1819, .T. ) ;
#626 = ORIENTED_EDGE ( 'NONE', *, *, #2335, .F. ) ;
#627 = VECTOR ( 'NONE', #1509, 1000.000000000000000 ) ;
#628 = DIRECTION ( 'NONE',  ( 0.0000000000000000000, -0.5227474615026199700, -0.8524875902278970000 ) ) ;
#629 = EDGE_CURVE ( 'NONE', #1000, #1263, #2002, .T. ) ;
#631 = ORIENTED_EDGE ( 'NONE', *, *, #168, .T. ) ;
#630 = DIRECTION ( 'NONE',  ( 0.0000000000000000000, 0.0000000000000000000, 1.000000000000000000 ) ) ;
#632 = UNCERTAINTY_MEASURE_WITH_UNIT (LENGTH_MEASURE( 1.000000000000000100E-005 ), #324, 'distance_accuracy_value', 'NONE');
#633 = VECTOR ( 'NONE', #931, 1000.000000000000000 ) ;
#634 = EDGE_CURVE ( 'NONE', #795, #2269, #1038, .T. ) ;
#635 = CYLINDRICAL_SURFACE ( 'NONE', #787, 0.2999999999999999300 ) ;
#636 = CARTESIAN_POINT ( 'NONE',  ( -2.399999999999998600, -2.856989045549899000, 7.975207744665071100 ) ) ;
#637 = LINE ( 'NONE', #1217, #1565 ) ;
#638 = VERTEX_POINT ( 'NONE', #2004 ) ;
#639 = ORIENTED_EDGE ( 'NONE', *, *, #1294, .T. ) ;
#640 = LINE ( 'NONE', #1246, #134 ) ;
#641 = AXIS2_PLACEMENT_3D ( 'NONE', #1348, #233, #1535 ) ;
#642 = VERTEX_POINT ( 'NONE', #910 ) ;
#643 = VERTEX_POINT ( 'NONE', #1094 ) ;
#644 = EDGE_CURVE ( 'NONE', #2022, #83, #978, .T. ) ;
#645 = CARTESIAN_POINT ( 'NONE',  ( 2.399999999999999900, 2.562733829909962200, 7.070388666265631400 ) ) ;
#646 = ADVANCED_FACE ( 'NONE', ( #1460 ), #1902, .F. ) ;
#647 = DIRECTION ( 'NONE',  ( 1.000000000000000000, 6.123233995736769700E-017, 7.498798913309289400E-033 ) ) ;
#648 = LINE ( 'NONE', #1479, #594 ) ;
#649 = ORIENTED_EDGE ( 'NONE', *, *, #663, .F. ) ;
#650 = FACE_OUTER_BOUND ( 'NONE', #2205, .T. ) ;
#651 = VERTEX_POINT ( 'NONE', #1833 ) ;
#652 = VERTEX_POINT ( 'NONE', #732 ) ;
#653 = DIRECTION ( 'NONE',  ( 0.0000000000000000000, 0.0000000000000000000, -1.000000000000000000 ) ) ;
#654 = CIRCLE ( 'NONE', #938, 0.2999999999999999300 ) ;
#655 = AXIS2_PLACEMENT_3D ( 'NONE', #410, #1896, #1339 ) ;
#656 = ADVANCED_FACE ( 'NONE', ( #1406 ), #917, .F. ) ;
#657 = AXIS2_PLACEMENT_3D ( 'NONE', #1647, #844, #2109 ) ;
#658 = ADVANCED_FACE ( 'NONE', ( #2355 ), #420, .T. ) ;
#659 = EDGE_CURVE ( 'NONE', #2329, #1882, #916, .T. ) ;
#660 = ORIENTED_EDGE ( 'NONE', *, *, #604, .T. ) ;
#661 = CIRCLE ( 'NONE', #980, 1.900000000000100500 ) ;
#662 = CARTESIAN_POINT ( 'NONE',  ( -2.199999999999999700, 2.818602670291201500, 8.420687556347294500 ) ) ;
#663 = EDGE_CURVE ( 'NONE', #1372, #499, #2112, .T. ) ;
#664 = VERTEX_POINT ( 'NONE', #1678 ) ;
#665 = DIRECTION ( 'NONE',  ( 0.0000000000000000000, 0.0000000000000000000, 1.000000000000000000 ) ) ;
#666 = EDGE_CURVE ( 'NONE', #1372, #207, #1836, .T. ) ;
#667 = ADVANCED_FACE ( 'NONE', ( #534 ), #381, .F. ) ;
#668 = ORIENTED_EDGE ( 'NONE', *, *, #260, .F. ) ;
#669 = CIRCLE ( 'NONE', #1211, 0.4000000000000001900 ) ;
#670 = CARTESIAN_POINT ( 'NONE',  ( 2.802000000000000500, 2.600000000000000500, -2.200000000000000600 ) ) ;
#671 = ORIENTED_EDGE ( 'NONE', *, *, #1621, .F. ) ;
#672 = AXIS2_PLACEMENT_3D ( 'NONE', #2260, #57, #993 ) ;
#673 = DIRECTION ( 'NONE',  ( 0.0000000000000000000, -0.0000000000000000000, 1.000000000000000000 ) ) ;
#674 = EDGE_CURVE ( 'NONE', #376, #2193, #1952, .T. ) ;
#675 = ORIENTED_EDGE ( 'NONE', *, *, #736, .T. ) ;
#676 = ADVANCED_FACE ( 'NONE', ( #2304 ), #2218, .T. ) ;
#677 = VERTEX_POINT ( 'NONE', #953 ) ;
#678 = AXIS2_PLACEMENT_3D ( 'NONE', #2381, #1307, #188 ) ;
#679 = CYLINDRICAL_SURFACE ( 'NONE', #655, 0.2999999999999999300 ) ;
#680 = EDGE_CURVE ( 'NONE', #1872, #175, #1783, .T. ) ;
#681 = ORIENTED_EDGE ( 'NONE', *, *, #532, .F. ) ;
#682 = EDGE_CURVE ( 'NONE', #2369, #1510, #1035, .T. ) ;
#683 = FACE_OUTER_BOUND ( 'NONE', #1992, .T. ) ;
#684 = AXIS2_PLACEMENT_3D ( 'NONE', #1349, #2073, #986 ) ;
#685 = ORIENTED_EDGE ( 'NONE', *, *, #2332, .T. ) ;
#686 = LINE ( 'NONE', #2361, #183 ) ;
#687 = ADVANCED_FACE ( 'NONE', ( #1998 ), #1457, .T. ) ;
#688 = DIRECTION ( 'NONE',  ( -1.000000000000000000, -0.0000000000000000000, -0.0000000000000000000 ) ) ;
#689 = VECTOR ( 'NONE', #2125, 1000.000000000000000 ) ;
#690 = VECTOR ( 'NONE', #272, 1000.000000000000000 ) ;
#691 = DIRECTION ( 'NONE',  ( -0.0000000000000000000, 1.000000000000000000, 0.0000000000000000000 ) ) ;
#692 = ORIENTED_EDGE ( 'NONE', *, *, #1542, .F. ) ;
#693 = EDGE_LOOP ( 'NONE', ( #1233, #1802, #2041, #1, #505, #1741 ) ) ;
#694 = VECTOR ( 'NONE', #1236, 1000.000000000000100 ) ;
#695 =( NAMED_UNIT ( * ) PLANE_ANGLE_UNIT ( ) SI_UNIT ( $, .RADIAN. ) );
#696 = AXIS2_PLACEMENT_3D ( 'NONE', #98, #1401, #289 ) ;
#697 = ORIENTED_EDGE ( 'NONE', *, *, #1954, .F. ) ;
#698 = VERTEX_POINT ( 'NONE', #1390 ) ;
#699 = DIRECTION ( 'NONE',  ( -0.0000000000000000000, -1.000000000000000000, -0.0000000000000000000 ) ) ;
#700 = AXIS2_PLACEMENT_3D ( 'NONE', #806, #1357, #243 ) ;
#701 = DIRECTION ( 'NONE',  ( 0.0000000000000000000, 0.0000000000000000000, 1.000000000000000000 ) ) ;
#702 = EDGE_CURVE ( 'NONE', #2020, #1000, #1529, .T. ) ;
#703 = LINE ( 'NONE', #1838, #140 ) ;
#704 = ORIENTED_EDGE ( 'NONE', *, *, #773, .F. ) ;
#705 = FACE_OUTER_BOUND ( 'NONE', #501, .T. ) ;
#706 = DIRECTION ( 'NONE',  ( 0.0000000000000000000, 0.0000000000000000000, -1.000000000000000000 ) ) ;
#707 = ORIENTED_EDGE ( 'NONE', *, *, #291, .T. ) ;
#708 = DIRECTION ( 'NONE',  ( 0.0000000000000000000, 0.0000000000000000000, -1.000000000000000000 ) ) ;
#709 = FACE_OUTER_BOUND ( 'NONE', #2075, .T. ) ;
#710 = EDGE_CURVE ( 'NONE', #1417, #2120, #533, .T. ) ;
#711 = DIRECTION ( 'NONE',  ( 0.0000000000000000000, 1.000000000000000000, 0.0000000000000000000 ) ) ;
#712 = DIRECTION ( 'NONE',  ( 0.0000000000000000000, 0.0000000000000000000, -1.000000000000000000 ) ) ;
#713 = ORIENTED_EDGE ( 'NONE', *, *, #757, .T. ) ;
#714 = LINE ( 'NONE', #1666, #1635 ) ;
#715 = DIRECTION ( 'NONE',  ( 0.0000000000000000000, 0.0000000000000000000, -1.000000000000000000 ) ) ;
#716 = AXIS2_PLACEMENT_3D ( 'NONE', #2034, #1687, #579 ) ;
#717 = CARTESIAN_POINT ( 'NONE',  ( -2.801999999999999600, -0.2999999999999999300, -6.000000000000000000 ) ) ;
#718 = PRODUCT_DEFINITION_CONTEXT ( 'detailed design', #2157, 'design' ) ;
#719 = VERTEX_POINT ( 'NONE', #1948 ) ;
#720 = EDGE_CURVE ( 'NONE', #2120, #1548, #479, .T. ) ;
#721 = ORIENTED_EDGE ( 'NONE', *, *, #393, .T. ) ;
#722 = LINE ( 'NONE', #1379, #227 ) ;
#723 = EDGE_CURVE ( 'NONE', #1957, #1548, #2354, .T. ) ;
#724 = DIRECTION ( 'NONE',  ( 0.0000000000000000000, 7.228014483236698300E-015, -1.000000000000000000 ) ) ;
#725 = DIRECTION ( 'NONE',  ( 1.000000000000000000, 0.0000000000000000000, 0.0000000000000000000 ) ) ;
#726 = ORIENTED_EDGE ( 'NONE', *, *, #478, .F. ) ;
#727 = CARTESIAN_POINT ( 'NONE',  ( -2.801999999999999600, 0.5999999999999999800, -2.799999999999999800 ) ) ;
#728 = CARTESIAN_POINT ( 'NONE',  ( -2.399999999999999900, 2.600000000000000500, 5.421010862427522200E-017 ) ) ;
#729 = CARTESIAN_POINT ( 'NONE',  ( -2.200000000000000200, 3.027661618506861000, 8.079667973081219800 ) ) ;
#730 = ORIENTED_EDGE ( 'NONE', *, *, #1491, .T. ) ;
#731 = ORIENTED_EDGE ( 'NONE', *, *, #548, .T. ) ;
#732 = CARTESIAN_POINT ( 'NONE',  ( -2.200000000000000200, 3.027661618506859200, 8.079667973081221500 ) ) ;
#733 = DIRECTION ( 'NONE',  ( -1.000000000000000000, 0.0000000000000000000, 6.123233995736769700E-017 ) ) ;
#734 = VERTEX_POINT ( 'NONE', #1031 ) ;
#735 = CIRCLE ( 'NONE', #903, 0.7999999999999999300 ) ;
#736 = EDGE_CURVE ( 'NONE', #1554, #2382, #418, .T. ) ;
#737 = CARTESIAN_POINT ( 'NONE',  ( 2.802000000000000500, -2.299999999999999800, -2.500000000000000400 ) ) ;
#738 = DIRECTION ( 'NONE',  ( 0.0000000000000000000, -0.8524875902278972200, 0.5227474615026195300 ) ) ;
#739 = ORIENTED_EDGE ( 'NONE', *, *, #989, .T. ) ;
#740 = DIRECTION ( 'NONE',  ( 0.0000000000000000000, 0.8524875902278970000, -0.5227474615026199700 ) ) ;
#741 = CARTESIAN_POINT ( 'NONE',  ( -2.399999999999999900, 2.771896931057310300, 7.922873761919479600 ) ) ;
#742 = CARTESIAN_POINT ( 'NONE',  ( 2.399999999999999900, -3.027486563595481100, 8.079757236965589200 ) ) ;
#743 = VECTOR ( 'NONE', #1126, 1000.000000000000000 ) ;
#744 = ORIENTED_EDGE ( 'NONE', *, *, #468, .F. ) ;
#745 = CARTESIAN_POINT ( 'NONE',  ( -2.402000000000000100, -2.600000000000000500, 0.1032433538952580000 ) ) ;
#746 = CARTESIAN_POINT ( 'NONE',  ( 2.399999999999999900, 1.569421125070940000, 5.450718986853879700 ) ) ;
#747 = AXIS2_PLACEMENT_3D ( 'NONE', #1140, #13, #1322 ) ;
#748 = DIRECTION ( 'NONE',  ( 0.0000000000000000000, 0.0000000000000000000, -1.000000000000000000 ) ) ;
#749 = ORIENTED_EDGE ( 'NONE', *, *, #2247, .F. ) ;
#750 = CIRCLE ( 'NONE', #2321, 0.7000000000000000700 ) ;
#751 = CARTESIAN_POINT ( 'NONE',  ( 2.399999999999999900, 2.771740286527115700, 3.426484840771864400 ) ) ;
#752 = EDGE_CURVE ( 'NONE', #1957, #498, #1900, .T. ) ;
#753 = EDGE_LOOP ( 'NONE', ( #1860, #521, #1280, #1067 ) ) ;
#754 = LINE ( 'NONE', #1619, #1568 ) ;
#755 = CARTESIAN_POINT ( 'NONE',  ( -3.008000000000000900, -0.9000000000000002400, -2.500000000000000000 ) ) ;
#756 = CARTESIAN_POINT ( 'NONE',  ( -2.399999999999999500, 2.600000000000000500, 0.4000000000000000200 ) ) ;
#757 = EDGE_CURVE ( 'NONE', #1108, #460, #1951, .T. ) ;
#758 = DIRECTION ( 'NONE',  ( 0.0000000000000000000, 0.0000000000000000000, 1.000000000000000000 ) ) ;
#759 = VERTEX_POINT ( 'NONE', #1042 ) ;
#760 = DIRECTION ( 'NONE',  ( 0.0000000000000000000, 0.0000000000000000000, -1.000000000000000000 ) ) ;
#761 = EDGE_LOOP ( 'NONE', ( #1982, #2181, #1451, #1314 ) ) ;
#762 = DIRECTION ( 'NONE',  ( 1.000000000000000000, 6.123233995736769700E-017, 7.498798913309289400E-033 ) ) ;
#763 = ORIENTED_EDGE ( 'NONE', *, *, #1216, .T. ) ;
#764 = PLANE ( 'NONE',  #435 ) ;
#765 = CARTESIAN_POINT ( 'NONE',  ( 2.399999999999999900, 2.771896931057308900, 7.922873761919481300 ) ) ;
#766 = CARTESIAN_POINT ( 'NONE',  ( -2.399999999999999900, 3.024905566997127900, 4.229422528449452700 ) ) ;
#767 = CARTESIAN_POINT ( 'NONE',  ( 2.401999999999999200, -0.9000000000000002400, -2.800000000000000300 ) ) ;
#768 = CYLINDRICAL_SURFACE ( 'NONE', #229, 1.099999999999999900 ) ;
#769 = CARTESIAN_POINT ( 'NONE',  ( 2.401999999999999700, 2.600000000000000500, -0.001999999999999969300 ) ) ;
#770 = ORIENTED_EDGE ( 'NONE', *, *, #2259, .F. ) ;
#771 = LINE ( 'NONE', #2044, #264 ) ;
#772 = CARTESIAN_POINT ( 'NONE',  ( -2.399999999999999900, 2.600000000000000500, 0.8000000000000000400 ) ) ;
#773 = EDGE_CURVE ( 'NONE', #2216, #498, #913, .T. ) ;
#774 = ORIENTED_EDGE ( 'NONE', *, *, #254, .F. ) ;
#775 = LINE ( 'NONE', #66, #149 ) ;
#776 = CARTESIAN_POINT ( 'NONE',  ( -2.399999999999999900, 2.600000000000000500, 0.4000000000000000200 ) ) ;
#777 = ORIENTED_EDGE ( 'NONE', *, *, #1115, .F. ) ;
#778 = CARTESIAN_POINT ( 'NONE',  ( 2.399999999999999900, -2.856989045549900700, 7.975207744665071100 ) ) ;
#779 = FACE_OUTER_BOUND ( 'NONE', #2049, .T. ) ;
#780 = CARTESIAN_POINT ( 'NONE',  ( -2.402000000000000100, -2.600000000000000500, -2.200000000000000200 ) ) ;
#781 = EDGE_LOOP ( 'NONE', ( #1553, #1272, #1306, #671, #152, #494, #1224, #104, #744, #1478, #948, #1847, #1093, #625, #852, #1366 ) ) ;
#782 = DIRECTION ( 'NONE',  ( 0.0000000000000000000, 0.0000000000000000000, -1.000000000000000000 ) ) ;
#783 = CARTESIAN_POINT ( 'NONE',  ( -2.399999999999999900, 2.600000000000000500, 0.8000000000000000400 ) ) ;
#784 = CARTESIAN_POINT ( 'NONE',  ( -2.801999999999999600, 0.2999999999999999900, -5.700000000000000200 ) ) ;
#785 = LINE ( 'NONE', #174, #217 ) ;
#786 = AXIS2_PLACEMENT_3D ( 'NONE', #1288, #170, #1476 ) ;
#787 = AXIS2_PLACEMENT_3D ( 'NONE', #1262, #1449, #1441 ) ;
#788 = DIRECTION ( 'NONE',  ( 0.0000000000000000000, 0.0000000000000000000, 1.000000000000000000 ) ) ;
#789 = COLOUR_RGB ( '',0.7921568627450980000, 0.8196078431372548800, 0.9333333333333333500 ) ;
#790 = EDGE_LOOP ( 'NONE', ( #1806, #2295, #1601, #2105 ) ) ;
#791 = CARTESIAN_POINT ( 'NONE',  ( -2.802000000000000000, -2.600000000000000500, -2.200000000000000200 ) ) ;
#792 = LINE ( 'NONE', #1219, #837 ) ;
#793 = LINE ( 'NONE', #1370, #284 ) ;
#794 = EDGE_CURVE ( 'NONE', #698, #2216, #866, .T. ) ;
#795 = VERTEX_POINT ( 'NONE', #298 ) ;
#796 = ORIENTED_EDGE ( 'NONE', *, *, #1040, .T. ) ;
#797 = EDGE_CURVE ( 'NONE', #643, #1488, #1289, .T. ) ;
#798 =( NAMED_UNIT ( * ) SI_UNIT ( $, .STERADIAN. ) SOLID_ANGLE_UNIT ( ) );
#799 = ORIENTED_EDGE ( 'NONE', *, *, #82, .F. ) ;
#800 = FACE_OUTER_BOUND ( 'NONE', #1010, .T. ) ;
#801 = ORIENTED_EDGE ( 'NONE', *, *, #299, .T. ) ;
#802 = DIRECTION ( 'NONE',  ( -0.0000000000000000000, -1.000000000000000000, -0.0000000000000000000 ) ) ;
#803 = DIRECTION ( 'NONE',  ( -1.000000000000000000, -0.0000000000000000000, 0.0000000000000000000 ) ) ;
#804 = CIRCLE ( 'NONE', #143, 0.2999999999999999300 ) ;
#805 = AXIS2_PLACEMENT_3D ( 'NONE', #2223, #1150, #23 ) ;
#806 = CARTESIAN_POINT ( 'NONE',  ( 2.399999999999999900, 2.562837982841649900, 8.263893345185550700 ) ) ;
#807 = EDGE_CURVE ( 'NONE', #1173, #759, #1782, .T. ) ;
#808 = VECTOR ( 'NONE', #1670, 1000.000000000000000 ) ;
#809 = CARTESIAN_POINT ( 'NONE',  ( -2.402000000000000100, 2.299999999999999800, -2.200000000000000200 ) ) ;
#810 = CARTESIAN_POINT ( 'NONE',  ( 2.399999999999999900, -3.431685394006780000, 0.4727630435956850000 ) ) ;
#811 = PLANE ( 'NONE',  #1658 ) ;
#812 = AXIS2_PLACEMENT_3D ( 'NONE', #558, #1853, #748 ) ;
#813 = EDGE_CURVE ( 'NONE', #1070, #1468, #303, .T. ) ;
#814 = DIRECTION ( 'NONE',  ( 0.0000000000000000000, 0.0000000000000000000, -1.000000000000000000 ) ) ;
#815 = CARTESIAN_POINT ( 'NONE',  ( -2.399999999999999900, 2.600000000000000500, -0.002000000000000000000 ) ) ;
#816 = EDGE_LOOP ( 'NONE', ( #2069, #2066, #827, #117 ) ) ;
#817 = EDGE_LOOP ( 'NONE', ( #1069, #834, #884, #27 ) ) ;
#818 = ORIENTED_EDGE ( 'NONE', *, *, #794, .T. ) ;
#819 = AXIS2_PLACEMENT_3D ( 'NONE', #746, #2199, #1122 ) ;
#820 = CARTESIAN_POINT ( 'NONE',  ( 2.399999999999999900, 2.600000000000000500, 0.3999999999999999700 ) ) ;
#821 = FACE_OUTER_BOUND ( 'NONE', #761, .T. ) ;
#822 = LINE ( 'NONE', #281, #311 ) ;
#823 = CARTESIAN_POINT ( 'NONE',  ( 2.399999999999999900, 2.562837982841650300, 8.263893345185550700 ) ) ;
#824 = EDGE_CURVE ( 'NONE', #580, #1957, #354, .T. ) ;
#825 = PLANE ( 'NONE',  #306 ) ;
#826 = DIRECTION ( 'NONE',  ( 0.0000000000000000000, -0.08715574274765795800, -0.9961946980917455500 ) ) ;
#827 = ORIENTED_EDGE ( 'NONE', *, *, #2006, .T. ) ;
#828 = ORIENTED_EDGE ( 'NONE', *, *, #848, .T. ) ;
#829 = VERTEX_POINT ( 'NONE', #1499 ) ;
#830 = CARTESIAN_POINT ( 'NONE',  ( -2.399999999999999900, -2.600000000000000500, 0.8000000000000000400 ) ) ;
#831 = ORIENTED_EDGE ( 'NONE', *, *, #1555, .T. ) ;
#832 = FACE_OUTER_BOUND ( 'NONE', #201, .T. ) ;
#833 = VECTOR ( 'NONE', #437, 1000.000000000000000 ) ;
#834 = ORIENTED_EDGE ( 'NONE', *, *, #299, .F. ) ;
#835 = EDGE_CURVE ( 'NONE', #222, #889, #2186, .T. ) ;
#836 = AXIS2_PLACEMENT_3D ( 'NONE', #567, #1863, #758 ) ;
#837 = VECTOR ( 'NONE', #2294, 1000.000000000000000 ) ;
#838 = FACE_OUTER_BOUND ( 'NONE', #378, .T. ) ;
#839 = ORIENTED_EDGE ( 'NONE', *, *, #912, .F. ) ;
#840 = CARTESIAN_POINT ( 'NONE',  ( 2.401999999999999700, 0.5999999999999998700, -5.700000000000000200 ) ) ;
#841 = EDGE_CURVE ( 'NONE', #651, #1942, #245, .T. ) ;
#842 = CIRCLE ( 'NONE', #1155, 0.001999999999999831800 ) ;
#843 = ADVANCED_FACE ( 'NONE', ( #181 ), #764, .F. ) ;
#844 = DIRECTION ( 'NONE',  ( 1.000000000000000000, 0.0000000000000000000, 0.0000000000000000000 ) ) ;
#845 = ADVANCED_FACE ( 'NONE', ( #683 ), #1118, .T. ) ;
#846 = EDGE_LOOP ( 'NONE', ( #1058, #1604, #2063, #554 ) ) ;
#847 = CIRCLE ( 'NONE', #1524, 0.4020000000000000200 ) ;
#848 = EDGE_CURVE ( 'NONE', #2276, #492, #1605, .T. ) ;
#849 = CIRCLE ( 'NONE', #85, 0.2000000000000000100 ) ;
#850 = AXIS2_PLACEMENT_3D ( 'NONE', #159, #1131, #1851 ) ;
#851 = EDGE_CURVE ( 'NONE', #698, #1554, #2083, .T. ) ;
#852 = ORIENTED_EDGE ( 'NONE', *, *, #2309, .F. ) ;
#853 = DIRECTION ( 'NONE',  ( 1.000000000000000000, 0.0000000000000000000, -0.0000000000000000000 ) ) ;
#854 = ADVANCED_FACE ( 'NONE', ( #1663 ), #1331, .F. ) ;
#855 = EDGE_LOOP ( 'NONE', ( #2235, #994, #330, #1662 ) ) ;
#856 = EDGE_CURVE ( 'NONE', #1735, #2382, #1556, .T. ) ;
#857 = DIRECTION ( 'NONE',  ( -0.0000000000000000000, -1.000000000000000000, -0.0000000000000000000 ) ) ;
#858 = CARTESIAN_POINT ( 'NONE',  ( -2.399999999999999900, -2.600000000000000500, -0.002000000000000000000 ) ) ;
#859 = ORIENTED_EDGE ( 'NONE', *, *, #797, .F. ) ;
#860 = CARTESIAN_POINT ( 'NONE',  ( -2.399999999999999900, -3.400000000000000800, 0.8000000000000000400 ) ) ;
#861 = VECTOR ( 'NONE', #576, 1000.000000000000000 ) ;
#862 = ORIENTED_EDGE ( 'NONE', *, *, #157, .T. ) ;
#863 = PLANE ( 'NONE',  #1071 ) ;
#864 = AXIS2_PLACEMENT_3D ( 'NONE', #2180, #1283, #163 ) ;
#865 = AXIS2_PLACEMENT_3D ( 'NONE', #2352, #349, #1462 ) ;
#866 = CIRCLE ( 'NONE', #507, 0.2999999999999999300 ) ;
#867 = ADVANCED_FACE ( 'NONE', ( #1060 ), #1974, .T. ) ;
#868 = VECTOR ( 'NONE', #1874, 1000.000000000000000 ) ;
#869 = ORIENTED_EDGE ( 'NONE', *, *, #1450, .F. ) ;
#870 = EDGE_CURVE ( 'NONE', #1410, #1807, #65, .T. ) ;
#871 = VERTEX_POINT ( 'NONE', #408 ) ;
#872 = EDGE_CURVE ( 'NONE', #1596, #1554, #1007, .T. ) ;
#873 = ORIENTED_EDGE ( 'NONE', *, *, #2357, .T. ) ;
#874 = CYLINDRICAL_SURFACE ( 'NONE', #572, 0.4000000000000001900 ) ;
#875 = VECTOR ( 'NONE', #463, 1000.000000000000000 ) ;
#876 = ADVANCED_FACE ( 'NONE', ( #563 ), #1526, .F. ) ;
#877 = CARTESIAN_POINT ( 'NONE',  ( -2.807999999999999800, 2.299999999999999800, -2.200000000000000200 ) ) ;
#878 = AXIS2_PLACEMENT_3D ( 'NONE', #231, #38, #1532 ) ;
#879 = ORIENTED_EDGE ( 'NONE', *, *, #250, .T. ) ;
#880 = ORIENTED_EDGE ( 'NONE', *, *, #242, .T. ) ;
#881 = ORIENTED_EDGE ( 'NONE', *, *, #2288, .T. ) ;
#882 = DIRECTION ( 'NONE',  ( 1.000000000000000000, 0.0000000000000000000, 0.0000000000000000000 ) ) ;
#883 = EDGE_CURVE ( 'NONE', #2216, #1139, #1497, .T. ) ;
#884 = ORIENTED_EDGE ( 'NONE', *, *, #659, .T. ) ;
#885 = DIRECTION ( 'NONE',  ( -1.000000000000000000, 6.123233995736769700E-017, 7.498798913309289400E-033 ) ) ;
#886 = LINE ( 'NONE', #1374, #1800 ) ;
#887 = EDGE_CURVE ( 'NONE', #2103, #580, #2, .T. ) ;
#888 = VECTOR ( 'NONE', #1001, 1000.000000000000000 ) ;
#889 = VERTEX_POINT ( 'NONE', #2065 ) ;
#890 = CIRCLE ( 'NONE', #230, 0.7999999999999999300 ) ;
#891 = ORIENTED_EDGE ( 'NONE', *, *, #203, .F. ) ;
#892 = ORIENTED_EDGE ( 'NONE', *, *, #106, .F. ) ;
#893 = CARTESIAN_POINT ( 'NONE',  ( 2.399999999999999900, -2.771740286527106800, 7.922932998514809800 ) ) ;
#894 = VERTEX_POINT ( 'NONE', #1169 ) ;
#895 = CIRCLE ( 'NONE', #1100, 2.300000000000110000 ) ;
#896 = EDGE_CURVE ( 'NONE', #664, #1596, #502, .T. ) ;
#897 = PRODUCT_CONTEXT ( 'NONE', #2331, 'mechanical' ) ;
#898 = CARTESIAN_POINT ( 'NONE',  ( 2.401999999999999700, 0.9000000000000002400, -2.500000000000000400 ) ) ;
#899 = DIRECTION ( 'NONE',  ( 0.0000000000000000000, 0.0000000000000000000, -1.000000000000000000 ) ) ;
#900 = EDGE_LOOP ( 'NONE', ( #774, #831, #966, #1718, #1506, #1985, #1049, #2161, #1400, #2099, #397, #1147, #18, #2156 ) ) ;
#901 = CIRCLE ( 'NONE', #1599, 0.2999999999999999300 ) ;
#902 = CARTESIAN_POINT ( 'NONE',  ( 2.802000000000000000, -0.2999999999999999300, -6.000000000000000000 ) ) ;
#903 = AXIS2_PLACEMENT_3D ( 'NONE', #1297, #180, #1483 ) ;
#904 = AXIS2_PLACEMENT_3D ( 'NONE', #2209, #1134, #7 ) ;
#905 = DIRECTION ( 'NONE',  ( 0.0000000000000000000, 0.5226473705391450100, -0.8525489581651705100 ) ) ;
#906 = ORIENTED_EDGE ( 'NONE', *, *, #720, .T. ) ;
#907 = CARTESIAN_POINT ( 'NONE',  ( -3.008000000000000900, -0.9000000000000003600, -2.500000000000000000 ) ) ;
#908 = EDGE_CURVE ( 'NONE', #147, #595, #1925, .T. ) ;
#909 = CIRCLE ( 'NONE', #2159, 0.2000000000000000100 ) ;
#910 = CARTESIAN_POINT ( 'NONE',  ( -2.399999999999999900, 3.400000000000000400, 0.8000000000000000400 ) ) ;
#911 = CARTESIAN_POINT ( 'NONE',  ( -2.399999999999999900, 2.600000000000000500, 0.8000000000000000400 ) ) ;
#912 = EDGE_CURVE ( 'NONE', #664, #1837, #1869, .T. ) ;
#913 = LINE ( 'NONE', #483, #1835 ) ;
#914 = DIRECTION ( 'NONE',  ( 1.000000000000000000, 0.0000000000000000000, 0.0000000000000000000 ) ) ;
#915 = DIRECTION ( 'NONE',  ( 0.0000000000000000000, -0.5226473705391421200, 0.8525489581651721800 ) ) ;
#916 = CIRCLE ( 'NONE', #836, 0.2999999999999999300 ) ;
#917 = PLANE ( 'NONE',  #850 ) ;
#918 = ORIENTED_EDGE ( 'NONE', *, *, #2228, .T. ) ;
#919 = AXIS2_PLACEMENT_3D ( 'NONE', #530, #1824, #724 ) ;
#920 = CARTESIAN_POINT ( 'NONE',  ( -2.801999999999999600, -0.5999999999999999800, -5.700000000000000200 ) ) ;
#921 = DIRECTION ( 'NONE',  ( 1.000000000000000000, 0.0000000000000000000, -6.123233995736769700E-017 ) ) ;
#922 = ORIENTED_EDGE ( 'NONE', *, *, #644, .T. ) ;
#923 = EDGE_CURVE ( 'NONE', #1276, #2081, #450, .T. ) ;
#925 = ORIENTED_EDGE ( 'NONE', *, *, #236, .T. ) ;
#924 = PLANE ( 'NONE',  #1099 ) ;
#926 = CARTESIAN_POINT ( 'NONE',  ( 2.399999999999999900, 2.771740286527115200, 3.426484840771866700 ) ) ;
#927 = VECTOR ( 'NONE', #2211, 1000.000000000000000 ) ;
#928 = AXIS2_PLACEMENT_3D ( 'NONE', #1474, #1844, #740 ) ;
#929 = EDGE_CURVE ( 'NONE', #1108, #1276, #890, .T. ) ;
#930 = VECTOR ( 'NONE', #733, 1000.000000000000000 ) ;
#931 = DIRECTION ( 'NONE',  ( 6.123233995736769700E-017, -0.0000000000000000000, -1.000000000000000000 ) ) ;
#932 = PLANE ( 'NONE',  #1266 ) ;
#933 = ORIENTED_EDGE ( 'NONE', *, *, #75, .T. ) ;
#934 = ORIENTED_EDGE ( 'NONE', *, *, #2379, .F. ) ;
#935 = CARTESIAN_POINT ( 'NONE',  ( 2.200000000000000200, 3.027661618506861000, 8.079667973081219800 ) ) ;
#936 = ORIENTED_EDGE ( 'NONE', *, *, #2256, .F. ) ;
#937 = PLANE ( 'NONE',  #1937 ) ;
#938 = AXIS2_PLACEMENT_3D ( 'NONE', #1561, #446, #1743 ) ;
#939 = DIRECTION ( 'NONE',  ( -1.000000000000000000, -0.0000000000000000000, -0.0000000000000000000 ) ) ;
#940 = LINE ( 'NONE', #1145, #443 ) ;
#941 = ORIENTED_EDGE ( 'NONE', *, *, #1279, .T. ) ;
#942 = LINE ( 'NONE', #1917, #888 ) ;
#943 = CARTESIAN_POINT ( 'NONE',  ( -2.199999999999998800, 2.857151826873827200, 7.975138498973398900 ) ) ;
#944 = ORIENTED_EDGE ( 'NONE', *, *, #488, .T. ) ;
#945 = CARTESIAN_POINT ( 'NONE',  ( -2.802000000000000000, -2.600000000000000500, 0.1032433538952580000 ) ) ;
#946 = CARTESIAN_POINT ( 'NONE',  ( -2.802000000000000000, 2.600000000000000500, -2.200000000000000200 ) ) ;
#947 = VECTOR ( 'NONE', #2249, 1000.000000000000000 ) ;
#948 = ORIENTED_EDGE ( 'NONE', *, *, #1765, .F. ) ;
#949 = DIRECTION ( 'NONE',  ( 0.0000000000000000000, -1.000000000000000000, 0.0000000000000000000 ) ) ;
#950 = EDGE_LOOP ( 'NONE', ( #313, #1500, #1006, #1133 ) ) ;
#951 = LINE ( 'NONE', #902, #506 ) ;
#952 = DIRECTION ( 'NONE',  ( 0.0000000000000000000, 0.0000000000000000000, 1.000000000000000000 ) ) ;
#953 = CARTESIAN_POINT ( 'NONE',  ( 2.401999999999999700, -2.600000000000000500, -2.200000000000000600 ) ) ;
#954 = AXIS2_PLACEMENT_3D ( 'NONE', #522, #1817, #715 ) ;
#955 = PRODUCT_DEFINITION_SHAPE ( 'NONE', 'NONE',  #173 ) ;
#956 = DIRECTION ( 'NONE',  ( 0.0000000000000000000, 1.000000000000000000, 0.0000000000000000000 ) ) ;
#957 = DIRECTION ( 'NONE',  ( -1.000000000000000000, 0.0000000000000000000, 6.123233995736769700E-017 ) ) ;
#958 = ORIENTED_EDGE ( 'NONE', *, *, #493, .T. ) ;
#959 = CYLINDRICAL_SURFACE ( 'NONE', #1557, 0.2999999999999999300 ) ;
#960 = CARTESIAN_POINT ( 'NONE',  ( 2.399999999999999900, 2.600000000000000500, 0.4000000000000000200 ) ) ;
#961 = CARTESIAN_POINT ( 'NONE',  ( 2.802000000000000000, -0.9000000000000002400, -2.500000000000000400 ) ) ;
#962 = DIRECTION ( 'NONE',  ( 0.0000000000000000000, 1.000000000000000000, 0.0000000000000000000 ) ) ;
#963 = DIRECTION ( 'NONE',  ( 0.0000000000000000000, -0.0000000000000000000, -1.000000000000000000 ) ) ;
#964 = EDGE_LOOP ( 'NONE', ( #626, #2143, #944, #730 ) ) ;
#965 = DIRECTION ( 'NONE',  ( 1.000000000000000000, 0.0000000000000000000, 0.0000000000000000000 ) ) ;
#966 = ORIENTED_EDGE ( 'NONE', *, *, #644, .F. ) ;
#967 = CARTESIAN_POINT ( 'NONE',  ( 2.399999999999999900, -2.818387578994431900, 8.420752273056750800 ) ) ;
#968 = AXIS2_PLACEMENT_3D ( 'NONE', #2339, #1261, #146 ) ;
#969 = CARTESIAN_POINT ( 'NONE',  ( 2.399999999999999900, 3.027661618506860100, 8.079667973081219800 ) ) ;
#970 = COLOUR_RGB ( '',0.7921568627450980000, 0.8196078431372548800, 0.9333333333333333500 ) ;
#971 = EDGE_CURVE ( 'NONE', #499, #1837, #1377, .T. ) ;
#972 = ORIENTED_EDGE ( 'NONE', *, *, #557, .T. ) ;
#973 = DIRECTION ( 'NONE',  ( 0.0000000000000000000, -1.000000000000000000, 0.0000000000000000000 ) ) ;
#974 = CARTESIAN_POINT ( 'NONE',  ( -3.008000000000000900, 0.5999999999999998700, -5.700000000000000200 ) ) ;
#975 = EDGE_CURVE ( 'NONE', #2025, #795, #1804, .T. ) ;
#976 = VECTOR ( 'NONE', #467, 1000.000000000000000 ) ;
#977 = DIRECTION ( 'NONE',  ( -1.000000000000000000, -0.0000000000000000000, -0.0000000000000000000 ) ) ;
#978 = LINE ( 'NONE', #2174, #481 ) ;
#979 = AXIS2_PLACEMENT_3D ( 'NONE', #1671, #564, #1858 ) ;
#980 = AXIS2_PLACEMENT_3D ( 'NONE', #6, #882, #706 ) ;
#981 = DIRECTION ( 'NONE',  ( 0.0000000000000000000, 0.0000000000000000000, -1.000000000000000000 ) ) ;
#982 = VERTEX_POINT ( 'NONE', #2325 ) ;
#983 = CARTESIAN_POINT ( 'NONE',  ( 2.401999999999999700, 0.3000000000000000400, -6.000000000000000000 ) ) ;
#984 = CARTESIAN_POINT ( 'NONE',  ( 2.399999999999999900, -2.647890060948855200, 8.316202780756228200 ) ) ;
#985 = VERTEX_POINT ( 'NONE', #129 ) ;
#986 = DIRECTION ( 'NONE',  ( 0.0000000000000000000, -7.105744337023929800E-017, -1.000000000000000000 ) ) ;
#987 = CIRCLE ( 'NONE', #547, 0.2999999999999999300 ) ;
#988 = LINE ( 'NONE', #2114, #487 ) ;
#989 = EDGE_CURVE ( 'NONE', #1276, #585, #1752, .T. ) ;
#990 = DIRECTION ( 'NONE',  ( 0.0000000000000000000, 0.0000000000000000000, 1.000000000000000000 ) ) ;
#991 = DIRECTION ( 'NONE',  ( -0.0000000000000000000, 0.08715574274765795800, 0.9961946980917455500 ) ) ;
#992 = DIRECTION ( 'NONE',  ( -0.0000000000000000000, 1.000000000000000000, 7.105744337023929800E-017 ) ) ;
#993 = DIRECTION ( 'NONE',  ( 0.0000000000000000000, 0.0000000000000000000, -1.000000000000000000 ) ) ;
#994 = ORIENTED_EDGE ( 'NONE', *, *, #1888, .F. ) ;
#995 = ORIENTED_EDGE ( 'NONE', *, *, #1867, .F. ) ;
#996 = DIRECTION ( 'NONE',  ( 0.0000000000000000000, 0.0000000000000000000, -1.000000000000000000 ) ) ;
#997 = PLANE ( 'NONE',  #28 ) ;
#998 = ORIENTED_EDGE ( 'NONE', *, *, #590, .T. ) ;
#999 = LINE ( 'NONE', #2219, #2378 ) ;
#1000 = VERTEX_POINT ( 'NONE', #893 ) ;
#1001 = DIRECTION ( 'NONE',  ( 1.000000000000000000, 0.0000000000000000000, -0.0000000000000000000 ) ) ;
#1002 = DIRECTION ( 'NONE',  ( 1.000000000000000000, 0.0000000000000000000, -0.0000000000000000000 ) ) ;
#1003 = ORIENTED_EDGE ( 'NONE', *, *, #242, .F. ) ;
#1004 = EDGE_CURVE ( 'NONE', #376, #677, #2220, .T. ) ;
#1005 = CARTESIAN_POINT ( 'NONE',  ( 2.399999999999999900, -2.600000000000001000, 0.8000000000000000400 ) ) ;
#1006 = ORIENTED_EDGE ( 'NONE', *, *, #923, .T. ) ;
#1007 = CIRCLE ( 'NONE', #321, 0.2999999999999999300 ) ;
#1008 = ORIENTED_EDGE ( 'NONE', *, *, #219, .F. ) ;
#1009 = EDGE_CURVE ( 'NONE', #1550, #76, #326, .T. ) ;
#1010 = EDGE_LOOP ( 'NONE', ( #1995, #777, #1358, #941, #234, #68 ) ) ;
#1011 = FACE_OUTER_BOUND ( 'NONE', #790, .T. ) ;
#1012 = CARTESIAN_POINT ( 'NONE',  ( -2.807999999999999800, 2.600000000000000100, -2.200000000000000200 ) ) ;
#1013 = DIRECTION ( 'NONE',  ( -1.000000000000000000, 0.0000000000000000000, 6.123233995736769700E-017 ) ) ;
#1014 = ORIENTED_EDGE ( 'NONE', *, *, #325, .F. ) ;
#1015 = CIRCLE ( 'NONE', #1808, 0.1999999999999999600 ) ;
#1016 = ORIENTED_EDGE ( 'NONE', *, *, #794, .F. ) ;
#1017 = ORIENTED_EDGE ( 'NONE', *, *, #1461, .F. ) ;
#1018 = FACE_OUTER_BOUND ( 'NONE', #1258, .T. ) ;
#1019 = EDGE_CURVE ( 'NONE', #2246, #1298, #269, .T. ) ;
#1020 = CARTESIAN_POINT ( 'NONE',  ( 2.401999999999999700, -0.9000000000000002400, -2.500000000000000400 ) ) ;
#1021 = ADVANCED_FACE ( 'NONE', ( #779 ), #359, .T. ) ;
#1022 = ADVANCED_FACE ( 'NONE', ( #838 ), #635, .F. ) ;
#1023 = DIRECTION ( 'NONE',  ( 0.0000000000000000000, 0.0000000000000000000, 1.000000000000000000 ) ) ;
#1024 = ORIENTED_EDGE ( 'NONE', *, *, #2288, .F. ) ;
#1025 = CARTESIAN_POINT ( 'NONE',  ( 2.802000000000000500, -2.600000000000000500, -2.200000000000000600 ) ) ;
#1026 = AXIS2_PLACEMENT_3D ( 'NONE', #1661, #1846, #363 ) ;
#1027 = PRESENTATION_STYLE_ASSIGNMENT (( #1711 ) ) ;
#1028 = EDGE_LOOP ( 'NONE', ( #631, #1465, #1171, #1408 ) ) ;
#1029 = EDGE_CURVE ( 'NONE', #2229, #2193, #1204, .T. ) ;
#1030 = ADVANCED_FACE ( 'NONE', ( #1700 ), #42, .T. ) ;
#1031 = CARTESIAN_POINT ( 'NONE',  ( -2.399999999999999900, 3.000000000000000400, 0.8000000000000000400 ) ) ;
#1032 = ADVANCED_FACE ( 'NONE', ( #2160 ), #1818, .F. ) ;
#1033 = DIRECTION ( 'NONE',  ( -0.0000000000000000000, 0.0000000000000000000, -1.000000000000000000 ) ) ;
#1034 = EDGE_CURVE ( 'NONE', #1914, #829, #445, .T. ) ;
#1035 = CIRCLE ( 'NONE', #657, 0.7000000000000000700 ) ;
#1036 = DIRECTION ( 'NONE',  ( 1.000000000000000000, -0.0000000000000000000, -6.123233995736769700E-017 ) ) ;
#1037 = PRODUCT ( '52000001009', '52000001009', '', ( #897 ) ) ;
#1038 = LINE ( 'NONE', #340, #40 ) ;
#1039 = DIRECTION ( 'NONE',  ( 0.0000000000000000000, 0.0000000000000000000, -1.000000000000000000 ) ) ;
#1040 = EDGE_CURVE ( 'NONE', #1123, #1070, #2322, .T. ) ;
#1041 = ORIENTED_EDGE ( 'NONE', *, *, #1899, .F. ) ;
#1042 = CARTESIAN_POINT ( 'NONE',  ( 2.399999999999999900, 2.648092878658169000, 8.316158082239464700 ) ) ;
#1043 = ADVANCED_FACE ( 'NONE', ( #1427 ), #386, .T. ) ;
#1044 = CYLINDRICAL_SURFACE ( 'NONE', #1831, 1.900000000000100500 ) ;
#1045 = AXIS2_PLACEMENT_3D ( 'NONE', #1490, #380, #1673 ) ;
#1046 = ORIENTED_EDGE ( 'NONE', *, *, #824, .F. ) ;
#1047 = LINE ( 'NONE', #465, #613 ) ;
#1048 = CARTESIAN_POINT ( 'NONE',  ( -3.008000000000000900, 0.5999999999999999800, -5.700000000000000200 ) ) ;
#1049 = ORIENTED_EDGE ( 'NONE', *, *, #157, .F. ) ;
#1050 = ADVANCED_FACE ( 'NONE', ( #1375 ), #1801, .T. ) ;
#1051 = EDGE_LOOP ( 'NONE', ( #1310, #1189, #422, #2380 ) ) ;
#1052 = DIRECTION ( 'NONE',  ( 0.0000000000000000000, -0.8525489581651721800, -0.5226473705391421200 ) ) ;
#1053 = CIRCLE ( 'NONE', #1638, 0.7999999999999999300 ) ;
#1054 = EDGE_LOOP ( 'NONE', ( #892, #1397, #2129, #1571, #1017, #53, #1701, #1229, #1622, #1328, #2055, #1442, #1201, #2281 ) ) ;
#1055 = DIRECTION ( 'NONE',  ( 0.0000000000000000000, 0.0000000000000000000, -1.000000000000000000 ) ) ;
#1056 = AXIS2_PLACEMENT_3D ( 'NONE', #1090, #1830, #535 ) ;
#1057 = DIRECTION ( 'NONE',  ( -1.000000000000000000, -0.0000000000000000000, -0.0000000000000000000 ) ) ;
#1058 = ORIENTED_EDGE ( 'NONE', *, *, #1790, .F. ) ;
#1059 = ORIENTED_EDGE ( 'NONE', *, *, #1832, .T. ) ;
#1060 = FACE_OUTER_BOUND ( 'NONE', #2337, .T. ) ;
#1061 = DIRECTION ( 'NONE',  ( -6.123233995736769700E-017, 1.478457507934780100E-016, -1.000000000000000000 ) ) ;
#1062 = VERTEX_POINT ( 'NONE', #1551 ) ;
#1063 = LINE ( 'NONE', #741, #70 ) ;
#1064 = DIRECTION ( 'NONE',  ( 6.123233995736769700E-017, -0.0000000000000000000, -1.000000000000000000 ) ) ;
#1065 = DIRECTION ( 'NONE',  ( -1.000000000000000000, 6.123233995736769700E-017, 7.498798913309289400E-033 ) ) ;
#1066 = CARTESIAN_POINT ( 'NONE',  ( -2.399999999999998100, -2.647890060948855200, 8.316202780756228200 ) ) ;
#1067 = ORIENTED_EDGE ( 'NONE', *, *, #407, .T. ) ;
#1068 = FACE_OUTER_BOUND ( 'NONE', #816, .T. ) ;
#1069 = ORIENTED_EDGE ( 'NONE', *, *, #1712, .T. ) ;
#1070 = VERTEX_POINT ( 'NONE', #1363 ) ;
#1071 = AXIS2_PLACEMENT_3D ( 'NONE', #1591, #164, #1469 ) ;
#1072 = FACE_OUTER_BOUND ( 'NONE', #297, .T. ) ;
#1073 = CARTESIAN_POINT ( 'NONE',  ( 2.402000000000000100, -2.600000000000000500, 0.1032433538952580000 ) ) ;
#1074 = AXIS2_PLACEMENT_3D ( 'NONE', #1284, #165, #1471 ) ;
#1075 = VERTEX_POINT ( 'NONE', #984 ) ;
#1076 = PLANE ( 'NONE',  #1172 ) ;
#1077 = APPLICATION_PROTOCOL_DEFINITION ( 'draft international standard', 'automotive_design', 1998, #2157 ) ;
#1078 = EDGE_CURVE ( 'NONE', #1000, #1162, #1317, .T. ) ;
#1079 = DIRECTION ( 'NONE',  ( -1.000000000000000000, -6.123233995736769700E-017, -7.498798913309289400E-033 ) ) ;
#1080 = LINE ( 'NONE', #367, #1146 ) ;
#1081 = VERTEX_POINT ( 'NONE', #1730 ) ;
#1082 = CIRCLE ( 'NONE', #1253, 0.1999999999999999600 ) ;
#1083 = ORIENTED_EDGE ( 'NONE', *, *, #1832, .F. ) ;
#1084 = ORIENTED_EDGE ( 'NONE', *, *, #1141, .T. ) ;
#1085 = ORIENTED_EDGE ( 'NONE', *, *, #1428, .T. ) ;
#1086 = CARTESIAN_POINT ( 'NONE',  ( -2.200000000000001100, -2.647890060948852000, 8.316202780756226400 ) ) ;
#1087 = AXIS2_PLACEMENT_3D ( 'NONE', #337, #1452, #139 ) ;
#1088 = CARTESIAN_POINT ( 'NONE',  ( 2.802000000000000000, -0.9000000000000002400, -2.800000000000000300 ) ) ;
#1089 = LINE ( 'NONE', #1447, #96 ) ;
#1090 = CARTESIAN_POINT ( 'NONE',  ( 2.399999999999999900, 2.600000000000000500, -0.002000000000000000000 ) ) ;
#1091 = CARTESIAN_POINT ( 'NONE',  ( -2.200000000000000600, -2.856989045549899000, 7.975207744665071100 ) ) ;
#1092 = SHAPE_DEFINITION_REPRESENTATION ( #955, #187 ) ;
#1093 = ORIENTED_EDGE ( 'NONE', *, *, #168, .F. ) ;
#1094 = CARTESIAN_POINT ( 'NONE',  ( 2.802000000000000000, 0.5999999999999999800, -5.700000000000000200 ) ) ;
#1095 = DIRECTION ( 'NONE',  ( 0.0000000000000000000, 1.000000000000000000, 0.0000000000000000000 ) ) ;
#1096 = FACE_OUTER_BOUND ( 'NONE', #1930, .T. ) ;
#1097 = LINE ( 'NONE', #352, #1539 ) ;
#1098 = CARTESIAN_POINT ( 'NONE',  ( -2.399999999999999900, -3.170218165763806000, 3.461347137870924900 ) ) ;
#1099 = AXIS2_PLACEMENT_3D ( 'NONE', #1654, #2365, #1290 ) ;
#1100 = AXIS2_PLACEMENT_3D ( 'NONE', #1273, #155, #1456 ) ;
#1101 = ORIENTED_EDGE ( 'NONE', *, *, #2006, .F. ) ;
#1102 = DIRECTION ( 'NONE',  ( 1.000000000000000000, 0.0000000000000000000, 0.0000000000000000000 ) ) ;
#1103 = CARTESIAN_POINT ( 'NONE',  ( -3.008000000000000900, -0.6000000000000003100, -2.799999999999999800 ) ) ;
#1104 = PLANE ( 'NONE',  #786 ) ;
#1105 = EDGE_CURVE ( 'NONE', #498, #985, #942, .T. ) ;
#1106 = DIRECTION ( 'NONE',  ( 1.000000000000000000, 6.123233995736769700E-017, 7.498798913309289400E-033 ) ) ;
#1107 = CARTESIAN_POINT ( 'NONE',  ( 2.399999999999999900, 2.600000000000000500, -0.002000000000000000000 ) ) ;
#1108 = VERTEX_POINT ( 'NONE', #2086 ) ;
#1109 = LINE ( 'NONE', #2192, #111 ) ;
#1110 = ORIENTED_EDGE ( 'NONE', *, *, #302, .T. ) ;
#1111 = CARTESIAN_POINT ( 'NONE',  ( 2.399999999999999900, -3.000000000000001300, 0.8000000000000000400 ) ) ;
#1112 = DIRECTION ( 'NONE',  ( -1.000000000000000000, 0.0000000000000000000, 6.123233995736769700E-017 ) ) ;
#1113 = DIRECTION ( 'NONE',  ( 0.0000000000000000000, -0.5227474615026199700, -0.8524875902278970000 ) ) ;
#1114 = CARTESIAN_POINT ( 'NONE',  ( -2.402000000000000100, -0.6000000000000000900, -2.799999999999999800 ) ) ;
#1115 = EDGE_CURVE ( 'NONE', #1173, #1123, #2274, .T. ) ;
#1116 = ORIENTED_EDGE ( 'NONE', *, *, #1615, .F. ) ;
#1117 = VERTEX_POINT ( 'NONE', #523 ) ;
#1118 = CYLINDRICAL_SURFACE ( 'NONE', #370, 0.7999999999999999300 ) ;
#1119 = DIRECTION ( 'NONE',  ( -0.0000000000000000000, 0.5226473705391421200, -0.8525489581651721800 ) ) ;
#1120 = CARTESIAN_POINT ( 'NONE',  ( -2.399999999999999900, -2.600000000000000500, 0.8000000000000000400 ) ) ;
#1121 = CARTESIAN_POINT ( 'NONE',  ( -2.399999999999999900, -3.331323344244743600, 3.972307484574865800 ) ) ;
#1122 = DIRECTION ( 'NONE',  ( 0.0000000000000000000, 0.0000000000000000000, -1.000000000000000000 ) ) ;
#1123 = VERTEX_POINT ( 'NONE', #1868 ) ;
#1124 = STYLED_ITEM ( 'NONE', ( #1027 ), #1311 ) ;
#1125 = LINE ( 'NONE', #2370, #1608 ) ;
#1126 = DIRECTION ( 'NONE',  ( -1.000000000000000000, 0.0000000000000000000, 6.123233995736769700E-017 ) ) ;
#1127 = EDGE_CURVE ( 'NONE', #871, #2246, #2214, .T. ) ;
#1129 = LINE ( 'NONE', #1676, #127 ) ;
#1128 = CARTESIAN_POINT ( 'NONE',  ( -2.401999999999999700, -0.2999999999999999300, -6.000000000000000000 ) ) ;
#1130 = DIRECTION ( 'NONE',  ( 0.0000000000000000000, 0.8525489581651722900, 0.5226473705391422300 ) ) ;
#1131 = DIRECTION ( 'NONE',  ( 1.000000000000000000, 3.336006684570790000E-016, -0.0000000000000000000 ) ) ;
#1132 = VECTOR ( 'NONE', #1764, 1000.000000000000000 ) ;
#1133 = ORIENTED_EDGE ( 'NONE', *, *, #490, .T. ) ;
#1134 = DIRECTION ( 'NONE',  ( 1.000000000000000000, -0.0000000000000000000, -6.123233995736769700E-017 ) ) ;
#1135 = ORIENTED_EDGE ( 'NONE', *, *, #1996, .F. ) ;
#1136 = FACE_OUTER_BOUND ( 'NONE', #1639, .T. ) ;
#1137 = CARTESIAN_POINT ( 'NONE',  ( 2.401999999999999700, 2.600000000000000500, -0.001999999999999984400 ) ) ;
#1138 = DIRECTION ( 'NONE',  ( 0.0000000000000000000, -0.0000000000000000000, -1.000000000000000000 ) ) ;
#1139 = VERTEX_POINT ( 'NONE', #2266 ) ;
#1140 = CARTESIAN_POINT ( 'NONE',  ( 2.399999999999999900, 2.600000000000000500, 0.8000000000000000400 ) ) ;
#1141 = EDGE_CURVE ( 'NONE', #2103, #1548, #771, .T. ) ;
#1142 = VERTEX_POINT ( 'NONE', #765 ) ;
#1143 = AXIS2_PLACEMENT_3D ( 'NONE', #617, #1911, #814 ) ;
#1144 = CARTESIAN_POINT ( 'NONE',  ( -3.008000000000000900, -2.299999999999999800, -2.500000000000000000 ) ) ;
#1145 = CARTESIAN_POINT ( 'NONE',  ( 2.399999999999999900, 2.818602670291201900, 8.420687556347294500 ) ) ;
#1146 = VECTOR ( 'NONE', #1850, 1000.000000000000000 ) ;
#1147 = ORIENTED_EDGE ( 'NONE', *, *, #2037, .F. ) ;
#1148 = CYLINDRICAL_SURFACE ( 'NONE', #1227, 0.2999999999999999300 ) ;
#1149 = VERTEX_POINT ( 'NONE', #64 ) ;
#1150 = DIRECTION ( 'NONE',  ( -1.000000000000000000, 0.0000000000000000000, 6.123233995736769700E-017 ) ) ;
#1151 = VERTEX_POINT ( 'NONE', #586 ) ;
#1152 = CYLINDRICAL_SURFACE ( 'NONE', #2095, 0.2999999999999999300 ) ;
#1153 = CARTESIAN_POINT ( 'NONE',  ( 2.399999999999999900, -2.600000000000000500, 0.4000000000000000200 ) ) ;
#1154 = EDGE_CURVE ( 'NONE', #25, #2022, #1251, .T. ) ;
#1155 = AXIS2_PLACEMENT_3D ( 'NONE', #1107, #2367, #1291 ) ;
#1156 = ORIENTED_EDGE ( 'NONE', *, *, #484, .F. ) ;
#1157 = DIRECTION ( 'NONE',  ( 0.0000000000000000000, -0.9961946980917455500, 0.08715574274765795800 ) ) ;
#1158 = DIRECTION ( 'NONE',  ( -0.0000000000000000000, -1.000000000000000000, -0.0000000000000000000 ) ) ;
#1159 = CIRCLE ( 'NONE', #954, 1.900000000000100500 ) ;
#1160 = DIRECTION ( 'NONE',  ( 1.000000000000000000, 0.0000000000000000000, 0.0000000000000000000 ) ) ;
#1161 = FILL_AREA_STYLE_COLOUR ( '', #970 ) ;
#1162 = VERTEX_POINT ( 'NONE', #778 ) ;
#1163 = ORIENTED_EDGE ( 'NONE', *, *, #1926, .F. ) ;
#1164 = CARTESIAN_POINT ( 'NONE',  ( 2.399999999999999900, 2.771896931057310300, 7.922873761919479600 ) ) ;
#1165 = LINE ( 'NONE', #361, #1537 ) ;
#1166 = CARTESIAN_POINT ( 'NONE',  ( 2.402000000000000100, 2.600000000000000500, 0.1032433538952580000 ) ) ;
#1167 = ORIENTED_EDGE ( 'NONE', *, *, #484, .T. ) ;
#1168 = DIRECTION ( 'NONE',  ( 0.0000000000000000000, 0.0000000000000000000, 1.000000000000000000 ) ) ;
#1169 = CARTESIAN_POINT ( 'NONE',  ( 2.400000000000000400, -2.600000000000000500, -8.406802001498930900E-017 ) ) ;
#1170 = CARTESIAN_POINT ( 'NONE',  ( -3.008000000000000900, -0.5999999999999999800, -5.700000000000000200 ) ) ;
#1171 = ORIENTED_EDGE ( 'NONE', *, *, #206, .T. ) ;
#1172 = AXIS2_PLACEMENT_3D ( 'NONE', #1259, #711, #1993 ) ;
#1173 = VERTEX_POINT ( 'NONE', #398 ) ;
#1174 = FACE_OUTER_BOUND ( 'NONE', #1748, .T. ) ;
#1175 = DIRECTION ( 'NONE',  ( 1.000000000000000000, -0.0000000000000000000, -6.123233995736769700E-017 ) ) ;
#1176 = ORIENTED_EDGE ( 'NONE', *, *, #2183, .T. ) ;
#1177 = EDGE_CURVE ( 'NONE', #1142, #1776, #1692, .T. ) ;
#1178 = VECTOR ( 'NONE', #192, 1000.000000000000000 ) ;
#1179 = DIRECTION ( 'NONE',  ( 0.0000000000000000000, 0.0000000000000000000, 1.000000000000000000 ) ) ;
#1180 = DIRECTION ( 'NONE',  ( 1.000000000000000000, 0.0000000000000000000, 0.0000000000000000000 ) ) ;
#1181 = ORIENTED_EDGE ( 'NONE', *, *, #121, .F. ) ;
#1182 = EDGE_CURVE ( 'NONE', #1298, #377, #322, .T. ) ;
#1183 = LINE ( 'NONE', #2003, #689 ) ;
#1184 = DIRECTION ( 'NONE',  ( -6.123233995736769700E-017, 0.0000000000000000000, -1.000000000000000000 ) ) ;
#1185 = VECTOR ( 'NONE', #853, 1000.000000000000000 ) ;
#1186 = ORIENTED_EDGE ( 'NONE', *, *, #411, .T. ) ;
#1187 = DIRECTION ( 'NONE',  ( 0.0000000000000000000, -1.000000000000000000, 0.0000000000000000000 ) ) ;
#1188 = LINE ( 'NONE', #355, #694 ) ;
#1189 = ORIENTED_EDGE ( 'NONE', *, *, #1154, .T. ) ;
#1190 = ORIENTED_EDGE ( 'NONE', *, *, #629, .T. ) ;
#1191 = DIRECTION ( 'NONE',  ( -0.0000000000000000000, -0.5227474615026199700, -0.8524875902278970000 ) ) ;
#1192 = DIRECTION ( 'NONE',  ( 0.0000000000000000000, 0.0000000000000000000, 1.000000000000000000 ) ) ;
#1193 = AXIS2_PLACEMENT_3D ( 'NONE', #1120, #2374, #1303 ) ;
#1194 = LINE ( 'NONE', #729, #205 ) ;
#1195 = AXIS2_PLACEMENT_3D ( 'NONE', #1356, #241, #1545 ) ;
#1196 = ORIENTED_EDGE ( 'NONE', *, *, #2208, .T. ) ;
#1197 = ADVANCED_FACE ( 'NONE', ( #208 ), #1148, .F. ) ;
#1198 = VECTOR ( 'NONE', #1517, 1000.000000000000100 ) ;
#1199 = DIRECTION ( 'NONE',  ( -0.0000000000000000000, -1.000000000000000000, -0.0000000000000000000 ) ) ;
#1200 = ADVANCED_FACE ( 'NONE', ( #1864 ), #2231, .T. ) ;
#1201 = ORIENTED_EDGE ( 'NONE', *, *, #1029, .F. ) ;
#1202 = CARTESIAN_POINT ( 'NONE',  ( 2.399999999999999900, 3.867554454428030000, 3.522356157794290800 ) ) ;
#1203 = FACE_OUTER_BOUND ( 'NONE', #1518, .T. ) ;
#1204 = LINE ( 'NONE', #1632, #2252 ) ;
#1205 = ORIENTED_EDGE ( 'NONE', *, *, #929, .T. ) ;
#1206 = VECTOR ( 'NONE', #1481, 1000.000000000000000 ) ;
#1207 = CARTESIAN_POINT ( 'NONE',  ( 2.399999999999999900, -2.771740286527107200, 7.922932998514811600 ) ) ;
#1208 = ADVANCED_FACE ( 'NONE', ( #1626 ), #1706, .F. ) ;
#1209 = CLOSED_SHELL ( 'NONE', ( #2280, #845, #1946, #95, #2113, #480, #646, #466, #1231, #1032, #1956, #1200, #283, #1939, #1022, #2317, #1413, #2297, #2110, #1210, #285, #459, #1788, #270, #843, #676, #2291, #1389, #470, #1383, #1968, #295, #1030, #268, #1757, #687, #2131, #1197, #1769, #81, #1580, #656, #107, #854, #1576, #667, #2306, #84, #1589, #2140, #658, #1403, #489, #1221, #2101, #1208, #1043, #1940, #1021, #2290, #2124, #1754, #1598, #1421, #867, #1050, #1781, #305, #1391, #876, #1606, #1950, #1770, #114 ) ) ;
#1210 = ADVANCED_FACE ( 'NONE', ( #650 ), #2061, .T. ) ;
#1211 = AXIS2_PLACEMENT_3D ( 'NONE', #911, #2175, #1095 ) ;
#1212 = CARTESIAN_POINT ( 'NONE',  ( 2.399999999999999900, 2.600000000000000500, 0.8000000000000000400 ) ) ;
#1213 = ORIENTED_EDGE ( 'NONE', *, *, #1790, .T. ) ;
#1214 = CIRCLE ( 'NONE', #2327, 0.2999999999999999300 ) ;
#1215 = CARTESIAN_POINT ( 'NONE',  ( -2.802000000000000000, 0.9000000000000002400, -2.500000000000000000 ) ) ;
#1216 = EDGE_CURVE ( 'NONE', #253, #1488, #2104, .T. ) ;
#1217 = CARTESIAN_POINT ( 'NONE',  ( 2.802000000000000000, 0.5999999999999999800, -5.700000000000000200 ) ) ;
#1218 = ORIENTED_EDGE ( 'NONE', *, *, #807, .F. ) ;
#1219 = CARTESIAN_POINT ( 'NONE',  ( -2.399999999999999900, 2.857151826873827200, 7.975138498973393600 ) ) ;
#1220 = DIRECTION ( 'NONE',  ( -1.000000000000000000, -0.0000000000000000000, -0.0000000000000000000 ) ) ;
#1221 = ADVANCED_FACE ( 'NONE', ( #705 ), #596, .T. ) ;
#1222 = ORIENTED_EDGE ( 'NONE', *, *, #1621, .T. ) ;
#1223 = CARTESIAN_POINT ( 'NONE',  ( -2.802000000000000000, 0.9000000000000002400, -2.799999999999999800 ) ) ;
#1224 = ORIENTED_EDGE ( 'NONE', *, *, #1954, .T. ) ;
#1225 = AXIS2_PLACEMENT_3D ( 'NONE', #1312, #197, #1502 ) ;
#1226 = ORIENTED_EDGE ( 'NONE', *, *, #923, .F. ) ;
#1227 = AXIS2_PLACEMENT_3D ( 'NONE', #1886, #1332, #788 ) ;
#1228 = VECTOR ( 'NONE', #559, 1000.000000000000000 ) ;
#1229 = ORIENTED_EDGE ( 'NONE', *, *, #45, .F. ) ;
#1230 = VECTOR ( 'NONE', #1158, 1000.000000000000000 ) ;
#1231 = ADVANCED_FACE ( 'NONE', ( #144 ), #1994, .F. ) ;
#1232 = EDGE_LOOP ( 'NONE', ( #873, #685, #1820, #2313 ) ) ;
#1233 = ORIENTED_EDGE ( 'NONE', *, *, #1342, .F. ) ;
#1234 = CARTESIAN_POINT ( 'NONE',  ( -2.399999999999999900, 1.569421125070940000, 5.450718986853879700 ) ) ;
#1235 = EDGE_CURVE ( 'NONE', #2276, #2106, #88, .T. ) ;
#1236 = DIRECTION ( 'NONE',  ( 0.0000000000000000000, -0.08715574274765693100, -0.9961946980917456600 ) ) ;
#1237 = ORIENTED_EDGE ( 'NONE', *, *, #1650, .F. ) ;
#1238 = CYLINDRICAL_SURFACE ( 'NONE', #317, 0.4000000000000001900 ) ;
#1239 = DIRECTION ( 'NONE',  ( -1.000000000000000000, 0.0000000000000000000, 6.123233995736769700E-017 ) ) ;
#1240 = ORIENTED_EDGE ( 'NONE', *, *, #35, .T. ) ;
#1241 = AXIS2_PLACEMENT_3D ( 'NONE', #1636, #527, #1821 ) ;
#1242 = VECTOR ( 'NONE', #344, 1000.000000000000000 ) ;
#1243 = DIRECTION ( 'NONE',  ( 0.0000000000000000000, -1.000000000000000000, 0.0000000000000000000 ) ) ;
#1244 = ORIENTED_EDGE ( 'NONE', *, *, #89, .T. ) ;
#1245 = ORIENTED_EDGE ( 'NONE', *, *, #797, .T. ) ;
#1246 = CARTESIAN_POINT ( 'NONE',  ( -2.399999999999999900, 2.600000000000000500, 0.4000000000000000200 ) ) ;
#1247 = ORIENTED_EDGE ( 'NONE', *, *, #702, .F. ) ;
#1248 = DIRECTION ( 'NONE',  ( 0.0000000000000000000, 0.0000000000000000000, 1.000000000000000000 ) ) ;
#1249 = FILL_AREA_STYLE ('',( #1431 ) ) ;
#1250 = FACE_OUTER_BOUND ( 'NONE', #122, .T. ) ;
#1251 = CIRCLE ( 'NONE', #805, 0.2999999999999999300 ) ;
#1252 = ORIENTED_EDGE ( 'NONE', *, *, #2309, .T. ) ;
#1253 = AXIS2_PLACEMENT_3D ( 'NONE', #1729, #624, #1916 ) ;
#1254 = DIRECTION ( 'NONE',  ( -6.123233995736769700E-017, 0.0000000000000000000, -1.000000000000000000 ) ) ;
#1255 = FACE_OUTER_BOUND ( 'NONE', #1051, .T. ) ;
#1256 = ORIENTED_EDGE ( 'NONE', *, *, #870, .T. ) ;
#1257 = VECTOR ( 'NONE', #1065, 1000.000000000000000 ) ;
#1258 = EDGE_LOOP ( 'NONE', ( #692, #447, #2126, #2206 ) ) ;
#1259 = CARTESIAN_POINT ( 'NONE',  ( -2.802000000000000000, -2.600000000000000500, 0.1032433538952580000 ) ) ;
#1260 = VECTOR ( 'NONE', #1655, 1000.000000000000000 ) ;
#1261 = DIRECTION ( 'NONE',  ( 1.000000000000000000, 0.0000000000000000000, 0.0000000000000000000 ) ) ;
#1262 = CARTESIAN_POINT ( 'NONE',  ( -3.008000000000000900, 0.9000000000000002400, -2.799999999999999800 ) ) ;
#1263 = VERTEX_POINT ( 'NONE', #423 ) ;
#1264 = EDGE_CURVE ( 'NONE', #90, #2103, #1521, .T. ) ;
#1265 = DIRECTION ( 'NONE',  ( 0.0000000000000000000, -0.8524875902278965500, 0.5227474615026206400 ) ) ;
#1266 = AXIS2_PLACEMENT_3D ( 'NONE', #2373, #373, #1669 ) ;
#1267 = VECTOR ( 'NONE', #857, 1000.000000000000000 ) ;
#1268 = LINE ( 'NONE', #1747, #1708 ) ;
#1269 = EDGE_CURVE ( 'NONE', #394, #1882, #2056, .T. ) ;
#1270 = DIRECTION ( 'NONE',  ( 0.0000000000000000000, 0.0000000000000000000, 1.000000000000000000 ) ) ;
#1271 = VERTEX_POINT ( 'NONE', #1540 ) ;
#1272 = ORIENTED_EDGE ( 'NONE', *, *, #2183, .F. ) ;
#1273 = CARTESIAN_POINT ( 'NONE',  ( 2.399999999999999900, 1.569421125070940000, 5.450718986853879700 ) ) ;
#1274 = CARTESIAN_POINT ( 'NONE',  ( -3.008000000000000900, -0.9000000000000002400, -2.500000000000000000 ) ) ;
#1275 = DIRECTION ( 'NONE',  ( 0.0000000000000000000, -0.8524875902278965500, 0.5227474615026206400 ) ) ;
#1276 = VERTEX_POINT ( 'NONE', #2254 ) ;
#1277 = DIRECTION ( 'NONE',  ( -6.123233995736769700E-017, 0.0000000000000000000, 1.000000000000000000 ) ) ;
#1278 = CARTESIAN_POINT ( 'NONE',  ( 2.399999999999999900, 3.867554454428030000, 3.522356157794290800 ) ) ;
#1279 = EDGE_CURVE ( 'NONE', #759, #2316, #1082, .T. ) ;
#1280 = ORIENTED_EDGE ( 'NONE', *, *, #1600, .F. ) ;
#1281 = LINE ( 'NONE', #405, #1719 ) ;
#1282 = CARTESIAN_POINT ( 'NONE',  ( 2.802000000000000000, -0.5999999999999998700, -5.700000000000000200 ) ) ;
#1283 = DIRECTION ( 'NONE',  ( -1.000000000000000000, 0.0000000000000000000, -6.123233995736769700E-017 ) ) ;
#1284 = CARTESIAN_POINT ( 'NONE',  ( 2.400000000000000400, -2.600000000000000500, -0.002000000000000000000 ) ) ;
#1285 = EDGE_CURVE ( 'NONE', #492, #1271, #30, .T. ) ;
#1286 = AXIS2_PLACEMENT_3D ( 'NONE', #124, #315, #1243 ) ;
#1287 = DIRECTION ( 'NONE',  ( -1.000000000000000000, 0.0000000000000000000, 6.123233995736769700E-017 ) ) ;
#1288 = CARTESIAN_POINT ( 'NONE',  ( -2.399999999999999900, -2.600000000000000500, 0.0000000000000000000 ) ) ;
#1289 = LINE ( 'NONE', #1048, #808 ) ;
#1290 = DIRECTION ( 'NONE',  ( 0.0000000000000000000, -0.0000000000000000000, 1.000000000000000000 ) ) ;
#1291 = DIRECTION ( 'NONE',  ( -1.000000000000000000, 0.0000000000000000000, 0.0000000000000000000 ) ) ;
#1292 = ORIENTED_EDGE ( 'NONE', *, *, #1029, .T. ) ;
#1293 = EDGE_LOOP ( 'NONE', ( #796, #1962, #228, #1856 ) ) ;
#1294 = EDGE_CURVE ( 'NONE', #2229, #1932, #1947, .T. ) ;
#1295 = CARTESIAN_POINT ( 'NONE',  ( 2.399999999999999900, 3.867554454428030000, 3.522356157794290800 ) ) ;
#1296 = DIRECTION ( 'NONE',  ( 0.0000000000000000000, 0.5227474615026122000, 0.8524875902279017700 ) ) ;
#1297 = CARTESIAN_POINT ( 'NONE',  ( 2.399999999999999900, -2.600000000000001000, 0.8000000000000000400 ) ) ;
#1298 = VERTEX_POINT ( 'NONE', #820 ) ;
#1299 = VECTOR ( 'NONE', #826, 1000.000000000000000 ) ;
#1300 = LINE ( 'NONE', #1274, #1242 ) ;
#1301 = EDGE_CURVE ( 'NONE', #1705, #1117, #1892, .T. ) ;
#1302 = CARTESIAN_POINT ( 'NONE',  ( -2.399999999999999000, -2.562641301926070100, 8.263928034605969600 ) ) ;
#1303 = DIRECTION ( 'NONE',  ( 0.0000000000000000000, -1.000000000000000000, 0.0000000000000000000 ) ) ;
#1304 = CARTESIAN_POINT ( 'NONE',  ( -2.402000000000000100, 0.9000000000000002400, -2.500000000000000000 ) ) ;
#1305 = AXIS2_PLACEMENT_3D ( 'NONE', #1629, #517, #1813 ) ;
#1306 = ORIENTED_EDGE ( 'NONE', *, *, #280, .F. ) ;
#1307 = DIRECTION ( 'NONE',  ( 1.000000000000000000, -6.123233995736769700E-017, -7.498798913309289400E-033 ) ) ;
#1308 = ORIENTED_EDGE ( 'NONE', *, *, #89, .F. ) ;
#1309 = CARTESIAN_POINT ( 'NONE',  ( 2.399999999999999900, 3.396955758473397100, 0.8697245941981264200 ) ) ;
#1310 = ORIENTED_EDGE ( 'NONE', *, *, #2335, .T. ) ;
#1311 = MANIFOLD_SOLID_BREP ( '1', #1209 ) ;
#1312 = CARTESIAN_POINT ( 'NONE',  ( -2.399999999999999900, 2.600000000000000500, 0.8000000000000000400 ) ) ;
#1313 = DIRECTION ( 'NONE',  ( 0.0000000000000000000, 1.000000000000000000, 1.478457507934780100E-016 ) ) ;
#1314 = ORIENTED_EDGE ( 'NONE', *, *, #2340, .T. ) ;
#1315 = DIRECTION ( 'NONE',  ( 0.0000000000000000000, 0.0000000000000000000, -1.000000000000000000 ) ) ;
#1316 = FACE_OUTER_BOUND ( 'NONE', #2272, .T. ) ;
#1317 = LINE ( 'NONE', #2079, #833 ) ;
#1318 = CARTESIAN_POINT ( 'NONE',  ( -2.801999999999999600, 0.5999999999999998700, -5.700000000000000200 ) ) ;
#1319 = ORIENTED_EDGE ( 'NONE', *, *, #407, .F. ) ;
#1320 = ORIENTED_EDGE ( 'NONE', *, *, #1269, .T. ) ;
#1321 = AXIS2_PLACEMENT_3D ( 'NONE', #357, #1839, #738 ) ;
#1322 = DIRECTION ( 'NONE',  ( 0.0000000000000000000, 1.000000000000000000, -2.303929616531696000E-014 ) ) ;
#1323 = VECTOR ( 'NONE', #1609, 1000.000000000000000 ) ;
#1324 = DIRECTION ( 'NONE',  ( -0.0000000000000000000, -0.5227474615026199700, -0.8524875902278970000 ) ) ;
#1325 = ORIENTED_EDGE ( 'NONE', *, *, #2301, .F. ) ;
#1326 = CARTESIAN_POINT ( 'NONE',  ( 2.399999999999999900, -2.928564524977890200, 7.667186721446440400 ) ) ;
#1327 = DIRECTION ( 'NONE',  ( 0.0000000000000000000, -0.08715574274765795800, -0.9961946980917455500 ) ) ;
#1328 = ORIENTED_EDGE ( 'NONE', *, *, #1712, .F. ) ;
#1329 = AXIS2_PLACEMENT_3D ( 'NONE', #495, #1061, #2319 ) ;
#1330 = LINE ( 'NONE', #1098, #1382 ) ;
#1331 = PLANE ( 'NONE',  #331 ) ;
#1332 = DIRECTION ( 'NONE',  ( -1.000000000000000000, 0.0000000000000000000, 6.123233995736769700E-017 ) ) ;
#1333 = CARTESIAN_POINT ( 'NONE',  ( -2.402000000000000100, 0.9000000000000002400, -2.799999999999999800 ) ) ;
#1334 = ORIENTED_EDGE ( 'NONE', *, *, #908, .T. ) ;
#1335 = CIRCLE ( 'NONE', #1443, 0.4020000000000000200 ) ;
#1336 = DIRECTION ( 'NONE',  ( -0.0000000000000000000, -1.000000000000000000, -1.478457507934780100E-016 ) ) ;
#1337 = DIRECTION ( 'NONE',  ( 0.0000000000000000000, -0.08715574274765795800, 0.9961946980917455500 ) ) ;
#1338 = DIRECTION ( 'NONE',  ( 0.0000000000000000000, 0.0000000000000000000, -1.000000000000000000 ) ) ;
#1339 = DIRECTION ( 'NONE',  ( 0.0000000000000000000, 0.0000000000000000000, 1.000000000000000000 ) ) ;
#1340 = ORIENTED_EDGE ( 'NONE', *, *, #590, .F. ) ;
#1341 = DIRECTION ( 'NONE',  ( -1.000000000000000000, -6.123233995736769700E-017, -7.498798913309289400E-033 ) ) ;
#1342 = EDGE_CURVE ( 'NONE', #2094, #652, #2217, .T. ) ;
#1343 = VERTEX_POINT ( 'NONE', #2243 ) ;
#1344 = ORIENTED_EDGE ( 'NONE', *, *, #254, .T. ) ;
#1345 = DIRECTION ( 'NONE',  ( 1.000000000000000000, -0.0000000000000000000, -6.123233995736769700E-017 ) ) ;
#1346 = LINE ( 'NONE', #379, #861 ) ;
#1347 = ORIENTED_EDGE ( 'NONE', *, *, #421, .T. ) ;
#1348 = CARTESIAN_POINT ( 'NONE',  ( -3.008000000000000900, -0.5999999999999999800, -5.700000000000000200 ) ) ;
#1349 = CARTESIAN_POINT ( 'NONE',  ( -2.802000000000000000, 2.600000000000000500, 0.1032433538952580000 ) ) ;
#1350 = VECTOR ( 'NONE', #477, 1000.000000000000000 ) ;
#1351 = AXIS2_PLACEMENT_3D ( 'NONE', #316, #1613, #504 ) ;
#1352 = CARTESIAN_POINT ( 'NONE',  ( -2.802000000000000000, -0.9000000000000002400, -2.500000000000000000 ) ) ;
#1353 = VECTOR ( 'NONE', #199, 1000.000000000000000 ) ;
#1354 = CARTESIAN_POINT ( 'NONE',  ( 2.802000000000000000, -2.600000000000000500, 0.1032433538952580000 ) ) ;
#1355 = ORIENTED_EDGE ( 'NONE', *, *, #541, .F. ) ;
#1356 = CARTESIAN_POINT ( 'NONE',  ( -2.199999999999998800, 2.648092878658170300, 8.316158082239468300 ) ) ;
#1357 = DIRECTION ( 'NONE',  ( 0.0000000000000000000, -0.5226473705391422300, 0.8525489581651722900 ) ) ;
#1358 = ORIENTED_EDGE ( 'NONE', *, *, #807, .T. ) ;
#1359 = VERTEX_POINT ( 'NONE', #1907 ) ;
#1360 = DIRECTION ( 'NONE',  ( -0.0000000000000000000, 0.0000000000000000000, 1.000000000000000000 ) ) ;
#1361 = FACE_OUTER_BOUND ( 'NONE', #2048, .T. ) ;
#1362 = CIRCLE ( 'NONE', #1979, 0.2999999999999999300 ) ;
#1363 = CARTESIAN_POINT ( 'NONE',  ( -2.399999999999999900, 2.562733829909962200, 7.070388666265631400 ) ) ;
#1364 = CARTESIAN_POINT ( 'NONE',  ( -3.008000000000000900, 0.2999999999999999900, -5.700000000000000200 ) ) ;
#1365 = CARTESIAN_POINT ( 'NONE',  ( -2.802000000000000000, 2.600000000000000500, -6.000000000000000000 ) ) ;
#1366 = ORIENTED_EDGE ( 'NONE', *, *, #286, .F. ) ;
#1367 = ORIENTED_EDGE ( 'NONE', *, *, #1034, .F. ) ;
#1368 = ORIENTED_EDGE ( 'NONE', *, *, #872, .T. ) ;
#1369 = AXIS2_PLACEMENT_3D ( 'NONE', #2248, #802, #981 ) ;
#1370 = CARTESIAN_POINT ( 'NONE',  ( 2.401999999999999700, 2.600000000000000500, -6.000000000000000000 ) ) ;
#1371 = CARTESIAN_POINT ( 'NONE',  ( 2.399999999999999900, 2.857151826873828100, 7.975138498973393600 ) ) ;
#1372 = VERTEX_POINT ( 'NONE', #791 ) ;
#1373 = FACE_OUTER_BOUND ( 'NONE', #1232, .T. ) ;
#1374 = CARTESIAN_POINT ( 'NONE',  ( -2.807999999999999800, -2.600000000000000100, -2.200000000000000200 ) ) ;
#1375 = FACE_OUTER_BOUND ( 'NONE', #20, .T. ) ;
#1376 = ORIENTED_EDGE ( 'NONE', *, *, #1294, .F. ) ;
#1377 = LINE ( 'NONE', #1352, #1323 ) ;
#1378 = ORIENTED_EDGE ( 'NONE', *, *, #584, .T. ) ;
#1379 = CARTESIAN_POINT ( 'NONE',  ( -2.402000000000000100, -2.600000000000000500, -2.500000000000000000 ) ) ;
#1380 = EDGE_LOOP ( 'NONE', ( #2342, #799, #59, #216 ) ) ;
#1381 = EDGE_LOOP ( 'NONE', ( #612, #1727, #1967, #1927 ) ) ;
#1382 = VECTOR ( 'NONE', #2356, 1000.000000000000000 ) ;
#1383 = ADVANCED_FACE ( 'NONE', ( #1255 ), #2158, .T. ) ;
#1384 = DIRECTION ( 'NONE',  ( 0.0000000000000000000, 0.0000000000000000000, -1.000000000000000000 ) ) ;
#1385 = VERTEX_POINT ( 'NONE', #1717 ) ;
#1386 = CARTESIAN_POINT ( 'NONE',  ( -2.402000000000000100, -0.9000000000000002400, -2.799999999999999800 ) ) ;
#1387 = VECTOR ( 'NONE', #17, 1000.000000000000000 ) ;
#1388 = DIRECTION ( 'NONE',  ( 0.0000000000000000000, 0.8525489581651722900, 0.5226473705391422300 ) ) ;
#1389 = ADVANCED_FACE ( 'NONE', ( #1695 ), #1904, .F. ) ;
#1390 = CARTESIAN_POINT ( 'NONE',  ( -2.801999999999999600, 0.2999999999999999300, -6.000000000000000000 ) ) ;
#1391 = ADVANCED_FACE ( 'NONE', ( #800 ), #419, .T. ) ;
#1392 = DIRECTION ( 'NONE',  ( -1.000000000000000000, -0.0000000000000000000, -0.0000000000000000000 ) ) ;
#1393 = ORIENTED_EDGE ( 'NONE', *, *, #1301, .F. ) ;
#1394 = CARTESIAN_POINT ( 'NONE',  ( 2.401999999999999700, -0.5999999999999998700, -5.700000000000000200 ) ) ;
#1395 = AXIS2_PLACEMENT_3D ( 'NONE', #1507, #391, #1689 ) ;
#1396 = MECHANICAL_DESIGN_GEOMETRIC_PRESENTATION_REPRESENTATION (  '', ( #1124 ), #56 ) ;
#1397 = ORIENTED_EDGE ( 'NONE', *, *, #336, .F. ) ;
#1398 = DIRECTION ( 'NONE',  ( 0.0000000000000000000, 1.000000000000000000, 0.0000000000000000000 ) ) ;
#1399 = DIRECTION ( 'NONE',  ( -1.000000000000000000, 0.0000000000000000000, 6.123233995736769700E-017 ) ) ;
#1400 = ORIENTED_EDGE ( 'NONE', *, *, #856, .F. ) ;
#1401 = DIRECTION ( 'NONE',  ( -1.000000000000000000, 6.123233995736769700E-017, 7.498798913309289400E-033 ) ) ;
#1402 = EDGE_CURVE ( 'NONE', #247, #222, #266, .T. ) ;
#1403 = ADVANCED_FACE ( 'NONE', ( #1203 ), #2108, .T. ) ;
#1404 = DIRECTION ( 'NONE',  ( 1.224646799147350000E-016, -1.000000000000000000, -0.0000000000000000000 ) ) ;
#1405 = VECTOR ( 'NONE', #2116, 1000.000000000000000 ) ;
#1406 = FACE_OUTER_BOUND ( 'NONE', #549, .T. ) ;
#1407 = DIRECTION ( 'NONE',  ( 0.0000000000000000000, 0.0000000000000000000, 1.000000000000000000 ) ) ;
#1408 = ORIENTED_EDGE ( 'NONE', *, *, #92, .T. ) ;
#1409 = CARTESIAN_POINT ( 'NONE',  ( 2.399999999999999900, 3.024905566997130100, 4.229422528449456200 ) ) ;
#1410 = VERTEX_POINT ( 'NONE', #58 ) ;
#1411 = AXIS2_PLACEMENT_3D ( 'NONE', #1234, #115, #1419 ) ;
#1412 = ORIENTED_EDGE ( 'NONE', *, *, #604, .F. ) ;
#1413 = ADVANCED_FACE ( 'NONE', ( #211 ), #1152, .T. ) ;
#1414 = LINE ( 'NONE', #1495, #927 ) ;
#1415 = CYLINDRICAL_SURFACE ( 'NONE', #2001, 0.4000000000000001900 ) ;
#1416 = VERTEX_POINT ( 'NONE', #441 ) ;
#1417 = VERTEX_POINT ( 'NONE', #1732 ) ;
#1418 = ORIENTED_EDGE ( 'NONE', *, *, #1560, .F. ) ;
#1419 = DIRECTION ( 'NONE',  ( 0.0000000000000000000, 0.0000000000000000000, -1.000000000000000000 ) ) ;
#1420 = CARTESIAN_POINT ( 'NONE',  ( -2.399999999999998100, -2.998477879236701100, 0.8348622970990632300 ) ) ;
#1421 = ADVANCED_FACE ( 'NONE', ( #709 ), #825, .T. ) ;
#1422 = ORIENTED_EDGE ( 'NONE', *, *, #364, .T. ) ;
#1423 = AXIS2_PLACEMENT_3D ( 'NONE', #169, #1475, #362 ) ;
#1424 = CARTESIAN_POINT ( 'NONE',  ( -3.008000000000000900, -0.9000000000000002400, -2.799999999999999800 ) ) ;
#1425 = LINE ( 'NONE', #209, #1920 ) ;
#1426 = ORIENTED_EDGE ( 'NONE', *, *, #720, .F. ) ;
#1427 = FACE_OUTER_BOUND ( 'NONE', #1028, .T. ) ;
#1428 = EDGE_CURVE ( 'NONE', #1807, #161, #654, .T. ) ;
#1429 = EDGE_CURVE ( 'NONE', #1149, #439, #775, .T. ) ;
#1430 = ORIENTED_EDGE ( 'NONE', *, *, #325, .T. ) ;
#1431 = FILL_AREA_STYLE_COLOUR ( '', #789 ) ;
#1432 = VECTOR ( 'NONE', #2071, 1000.000000000000000 ) ;
#1433 = DIRECTION ( 'NONE',  ( 1.000000000000000000, 0.0000000000000000000, 0.0000000000000000000 ) ) ;
#1434 = EDGE_LOOP ( 'NONE', ( #508, #1101, #1135, #1564, #1778, #1024 ) ) ;
#1435 = DIRECTION ( 'NONE',  ( -1.000000000000000000, 0.0000000000000000000, 6.123233995736769700E-017 ) ) ;
#1436 = ORIENTED_EDGE ( 'NONE', *, *, #1004, .T. ) ;
#1437 = CYLINDRICAL_SURFACE ( 'NONE', #1286, 0.7999999999999999300 ) ;
#1438 = SURFACE_STYLE_USAGE ( .BOTH. , #136 ) ;
#1439 = AXIS2_PLACEMENT_3D ( 'NONE', #2017, #1106, #545 ) ;
#1440 = VECTOR ( 'NONE', #2031, 1000.000000000000000 ) ;
#1441 = DIRECTION ( 'NONE',  ( 0.0000000000000000000, 0.0000000000000000000, 1.000000000000000000 ) ) ;
#1442 = ORIENTED_EDGE ( 'NONE', *, *, #674, .T. ) ;
#1443 = AXIS2_PLACEMENT_3D ( 'NONE', #100, #1404, #294 ) ;
#1444 = FACE_OUTER_BOUND ( 'NONE', #87, .T. ) ;
#1445 = EDGE_CURVE ( 'NONE', #1162, #606, #849, .T. ) ;
#1446 = DIRECTION ( 'NONE',  ( 0.0000000000000000000, 1.000000000000000000, 0.0000000000000000000 ) ) ;
#1447 = CARTESIAN_POINT ( 'NONE',  ( 2.399999999999999900, 2.648092878658169000, 8.316158082239463000 ) ) ;
#1448 = ORIENTED_EDGE ( 'NONE', *, *, #682, .T. ) ;
#1449 = DIRECTION ( 'NONE',  ( -1.000000000000000000, 0.0000000000000000000, 6.123233995736769700E-017 ) ) ;
#1450 = EDGE_CURVE ( 'NONE', #2120, #90, #2233, .T. ) ;
#1451 = ORIENTED_EDGE ( 'NONE', *, *, #2234, .F. ) ;
#1452 = DIRECTION ( 'NONE',  ( 1.000000000000000000, 6.123233995736769700E-017, 7.498798913309289400E-033 ) ) ;
#1453 = VECTOR ( 'NONE', #1360, 1000.000000000000000 ) ;
#1454 = ORIENTED_EDGE ( 'NONE', *, *, #2293, .T. ) ;
#1455 = AXIS2_PLACEMENT_3D ( 'NONE', #1166, #614, #1903 ) ;
#1456 = DIRECTION ( 'NONE',  ( 0.0000000000000000000, 8.485060480320933600E-016, -1.000000000000000000 ) ) ;
#1457 = CYLINDRICAL_SURFACE ( 'NONE', #520, 0.2999999999999999300 ) ;
#1458 = DIRECTION ( 'NONE',  ( 1.000000000000000000, 0.0000000000000000000, 0.0000000000000000000 ) ) ;
#1459 = DIRECTION ( 'NONE',  ( 1.000000000000000000, 0.0000000000000000000, -0.0000000000000000000 ) ) ;
#1460 = FACE_OUTER_BOUND ( 'NONE', #1713, .T. ) ;
#1461 = EDGE_CURVE ( 'NONE', #485, #253, #793, .T. ) ;
#1462 = DIRECTION ( 'NONE',  ( -1.000000000000000000, 0.0000000000000000000, 0.0000000000000000000 ) ) ;
#1463 = DIRECTION ( 'NONE',  ( 1.000000000000000000, 0.0000000000000000000, 0.0000000000000000000 ) ) ;
#1464 = DIRECTION ( 'NONE',  ( 0.0000000000000000000, 1.000000000000000000, 0.0000000000000000000 ) ) ;
#1465 = ORIENTED_EDGE ( 'NONE', *, *, #203, .T. ) ;
#1466 = CARTESIAN_POINT ( 'NONE',  ( -2.802000000000000000, -2.600000000000000500, -0.001999999999999990100 ) ) ;
#1468 = VERTEX_POINT ( 'NONE', #645 ) ;
#1467 = DIRECTION ( 'NONE',  ( 0.0000000000000000000, 0.8524875902278970000, -0.5227474615026199700 ) ) ;
#1469 = DIRECTION ( 'NONE',  ( -1.000000000000000000, 0.0000000000000000000, 6.123233995736769700E-017 ) ) ;
#1470 =( GEOMETRIC_REPRESENTATION_CONTEXT ( 3 ) GLOBAL_UNCERTAINTY_ASSIGNED_CONTEXT ( ( #2144 ) ) GLOBAL_UNIT_ASSIGNED_CONTEXT ( ( #256, #695, #1981 ) ) REPRESENTATION_CONTEXT ( 'NONE', 'WORKASPACE' ) );
#1471 = DIRECTION ( 'NONE',  ( -1.000000000000000000, 0.0000000000000000000, 0.0000000000000000000 ) ) ;
#1472 = CIRCLE ( 'NONE', #1774, 1.099999999999999900 ) ;
#1473 = CYLINDRICAL_SURFACE ( 'NONE', #2067, 0.1999999999999999600 ) ;
#1474 = CARTESIAN_POINT ( 'NONE',  ( 2.399999999999999900, -2.562641301926070100, 8.263928034605969600 ) ) ;
#1475 = DIRECTION ( 'NONE',  ( -1.000000000000000000, -0.0000000000000000000, -0.0000000000000000000 ) ) ;
#1476 = DIRECTION ( 'NONE',  ( 1.000000000000000000, 0.0000000000000000000, -0.0000000000000000000 ) ) ;
#1477 = ORIENTED_EDGE ( 'NONE', *, *, #757, .F. ) ;
#1478 = ORIENTED_EDGE ( 'NONE', *, *, #1637, .F. ) ;
#1479 = CARTESIAN_POINT ( 'NONE',  ( 2.399999999999999900, 3.400000000000000800, 0.8000000000000000400 ) ) ;
#1480 = PLANE ( 'NONE',  #1570 ) ;
#1481 = DIRECTION ( 'NONE',  ( 0.0000000000000000000, 0.08715574274765677800, -0.9961946980917456600 ) ) ;
#1482 = DIRECTION ( 'NONE',  ( 0.0000000000000000000, 0.0000000000000000000, -1.000000000000000000 ) ) ;
#1483 = DIRECTION ( 'NONE',  ( 0.0000000000000000000, -1.000000000000000000, 0.0000000000000000000 ) ) ;
#1484 = ORIENTED_EDGE ( 'NONE', *, *, #1811, .F. ) ;
#1485 = DIRECTION ( 'NONE',  ( 0.0000000000000000000, 0.0000000000000000000, 1.000000000000000000 ) ) ;
#1486 = EDGE_CURVE ( 'NONE', #147, #889, #1268, .T. ) ;
#1487 = CIRCLE ( 'NONE', #1768, 1.099999999999999900 ) ;
#1488 = VERTEX_POINT ( 'NONE', #840 ) ;
#1489 = DIRECTION ( 'NONE',  ( -6.123233995736769700E-017, 0.0000000000000000000, 1.000000000000000000 ) ) ;
#1490 = CARTESIAN_POINT ( 'NONE',  ( 2.401999999999999700, 2.299999999999999800, -2.200000000000000600 ) ) ;
#1491 = EDGE_CURVE ( 'NONE', #145, #25, #722, .T. ) ;
#1492 = DIRECTION ( 'NONE',  ( 0.0000000000000000000, 0.0000000000000000000, 1.000000000000000000 ) ) ;
#1493 = AXIS2_PLACEMENT_3D ( 'NONE', #475, #1772, #665 ) ;
#1494 = ORIENTED_EDGE ( 'NONE', *, *, #1235, .F. ) ;
#1495 = CARTESIAN_POINT ( 'NONE',  ( 2.402000000000000100, 0.5999999999999998700, 0.1032433538952580000 ) ) ;
#1496 = DIRECTION ( 'NONE',  ( -0.0000000000000000000, 0.9961946980917455500, 0.08715574274765795800 ) ) ;
#1497 = LINE ( 'NONE', #974, #2027 ) ;
#1498 = ORIENTED_EDGE ( 'NONE', *, *, #1040, .F. ) ;
#1499 = CARTESIAN_POINT ( 'NONE',  ( -2.399999999999999900, 2.648092878658168600, 8.316158082239466500 ) ) ;
#1500 = ORIENTED_EDGE ( 'NONE', *, *, #989, .F. ) ;
#1501 = VECTOR ( 'NONE', #1972, 1000.000000000000000 ) ;
#1502 = DIRECTION ( 'NONE',  ( 0.0000000000000000000, 1.000000000000000000, 0.0000000000000000000 ) ) ;
#1503 = CARTESIAN_POINT ( 'NONE',  ( -2.802000000000000000, -2.600000000000000500, -2.200000000000000200 ) ) ;
#1504 = CARTESIAN_POINT ( 'NONE',  ( 2.399999999999999900, -3.024905566997151400, 4.229422528449479300 ) ) ;
#1505 = CARTESIAN_POINT ( 'NONE',  ( 2.401999999999999700, -2.299999999999999800, -2.200000000000000600 ) ) ;
#1506 = ORIENTED_EDGE ( 'NONE', *, *, #1491, .F. ) ;
#1507 = CARTESIAN_POINT ( 'NONE',  ( -2.399999999999999900, -2.928564524977890200, 7.667186721446440400 ) ) ;
#1508 = FACE_OUTER_BOUND ( 'NONE', #900, .T. ) ;
#1509 = DIRECTION ( 'NONE',  ( 0.0000000000000000000, -1.000000000000000000, -0.0000000000000000000 ) ) ;
#1510 = VERTEX_POINT ( 'NONE', #148 ) ;
#1511 = VERTEX_POINT ( 'NONE', #1020 ) ;
#1512 = CYLINDRICAL_SURFACE ( 'NONE', #1674, 0.2999999999999999300 ) ;
#1513 = DIRECTION ( 'NONE',  ( -1.000000000000000000, 0.0000000000000000000, 6.123233995736769700E-017 ) ) ;
#1514 = CARTESIAN_POINT ( 'NONE',  ( -2.399999999999999900, -2.771740286527106800, 7.922932998514809800 ) ) ;
#1515 = AXIS2_PLACEMENT_3D ( 'NONE', #1326, #401, #782 ) ;
#1516 = DIRECTION ( 'NONE',  ( -3.336006684570790000E-016, 1.000000000000000000, 0.0000000000000000000 ) ) ;
#1517 = DIRECTION ( 'NONE',  ( -0.0000000000000000000, 0.8525489581651721800, 0.5226473705391421200 ) ) ;
#1518 = EDGE_LOOP ( 'NONE', ( #1367, #1325, #2127, #1422 ) ) ;
#1519 = DIRECTION ( 'NONE',  ( 0.0000000000000000000, 0.0000000000000000000, 1.000000000000000000 ) ) ;
#1520 = DIRECTION ( 'NONE',  ( -1.224646799147350000E-016, 1.000000000000000000, 0.0000000000000000000 ) ) ;
#1521 = CIRCLE ( 'NONE', #1698, 0.2999999999999999300 ) ;
#1522 = ORIENTED_EDGE ( 'NONE', *, *, #1924, .T. ) ;
#1523 = AXIS2_PLACEMENT_3D ( 'NONE', #1855, #1496, #382 ) ;
#1524 = AXIS2_PLACEMENT_3D ( 'NONE', #215, #1520, #2148 ) ;
#1525 = CARTESIAN_POINT ( 'NONE',  ( -2.399999999999999900, -3.033207514770090100, 0.4379007464966219700 ) ) ;
#1526 = PLANE ( 'NONE',  #248 ) ;
#1527 = CARTESIAN_POINT ( 'NONE',  ( -2.402000000000000100, 2.299999999999999800, -2.500000000000000000 ) ) ;
#1528 = EDGE_CURVE ( 'NONE', #1932, #1151, #2121, .T. ) ;
#1529 = LINE ( 'NONE', #1207, #976 ) ;
#1530 = FILL_AREA_STYLE ('',( #1161 ) ) ;
#1531 = VECTOR ( 'NONE', #2167, 1000.000000000000000 ) ;
#1532 = DIRECTION ( 'NONE',  ( 0.0000000000000000000, -0.8524875902278965500, 0.5227474615026206400 ) ) ;
#1533 = DIRECTION ( 'NONE',  ( 0.0000000000000000000, -0.5226473705391422300, 0.8525489581651722900 ) ) ;
#1534 = ORIENTED_EDGE ( 'NONE', *, *, #2368, .F. ) ;
#1535 = DIRECTION ( 'NONE',  ( 0.0000000000000000000, -0.0000000000000000000, -1.000000000000000000 ) ) ;
#1536 = CARTESIAN_POINT ( 'NONE',  ( -2.807999999999999800, -2.299999999999999800, -2.200000000000000200 ) ) ;
#1537 = VECTOR ( 'NONE', #1659, 1000.000000000000000 ) ;
#1538 = ORIENTED_EDGE ( 'NONE', *, *, #848, .F. ) ;
#1539 = VECTOR ( 'NONE', #1464, 1000.000000000000000 ) ;
#1540 = CARTESIAN_POINT ( 'NONE',  ( 2.802000000000000000, -0.5999999999999999800, -2.800000000000000300 ) ) ;
#1541 = DIRECTION ( 'NONE',  ( 0.0000000000000000000, -0.0000000000000000000, -1.000000000000000000 ) ) ;
#1542 = EDGE_CURVE ( 'NONE', #307, #1271, #1214, .T. ) ;
#1543 = DIRECTION ( 'NONE',  ( -1.000000000000000000, 0.0000000000000000000, 6.123233995736769700E-017 ) ) ;
#1544 = AXIS2_PLACEMENT_3D ( 'NONE', #131, #1435, #1248 ) ;
#1545 = DIRECTION ( 'NONE',  ( 0.0000000000000000000, 0.8525489581651722900, 0.5226473705391422300 ) ) ;
#1546 = ORIENTED_EDGE ( 'NONE', *, *, #2151, .F. ) ;
#1547 = CARTESIAN_POINT ( 'NONE',  ( -2.402000000000000100, -0.2999999999999999900, -5.700000000000000200 ) ) ;
#1548 = VERTEX_POINT ( 'NONE', #333 ) ;
#1549 = VECTOR ( 'NONE', #571, 1000.000000000000000 ) ;
#1550 = VERTEX_POINT ( 'NONE', #1633 ) ;
#1551 = CARTESIAN_POINT ( 'NONE',  ( -2.399999999999999900, -3.170218165763806000, 3.461347137870927500 ) ) ;
#1552 = DIRECTION ( 'NONE',  ( 1.000000000000000000, 0.0000000000000000000, -0.0000000000000000000 ) ) ;
#1553 = ORIENTED_EDGE ( 'NONE', *, *, #2351, .T. ) ;
#1554 = VERTEX_POINT ( 'NONE', #717 ) ;
#1555 = EDGE_CURVE ( 'NONE', #247, #83, #2171, .T. ) ;
#1556 = LINE ( 'NONE', #2232, #1230 ) ;
#1557 = AXIS2_PLACEMENT_3D ( 'NONE', #1424, #1610, #1798 ) ;
#1558 = ORIENTED_EDGE ( 'NONE', *, *, #1756, .T. ) ;
#1559 = VECTOR ( 'NONE', #178, 1000.000000000000000 ) ;
#1560 = EDGE_CURVE ( 'NONE', #734, #1767, #669, .T. ) ;
#1561 = CARTESIAN_POINT ( 'NONE',  ( 2.802000000000000000, 0.9000000000000002400, -2.800000000000000300 ) ) ;
#1562 = DIRECTION ( 'NONE',  ( -1.000000000000000000, 6.123233995736769700E-017, 7.498798913309289400E-033 ) ) ;
#1563 = DIRECTION ( 'NONE',  ( -1.000000000000000000, 0.0000000000000000000, 6.123233995736769700E-017 ) ) ;
#1564 = ORIENTED_EDGE ( 'NONE', *, *, #2072, .F. ) ;
#1565 = VECTOR ( 'NONE', #1033, 1000.000000000000000 ) ;
#1566 = ORIENTED_EDGE ( 'NONE', *, *, #336, .T. ) ;
#1567 = EDGE_LOOP ( 'NONE', ( #801, #574, #133, #562 ) ) ;
#1568 = VECTOR ( 'NONE', #1064, 1000.000000000000000 ) ;
#1569 = CARTESIAN_POINT ( 'NONE',  ( 2.802000000000000500, 2.600000000000000500, 0.1032433538952580000 ) ) ;
#1570 = AXIS2_PLACEMENT_3D ( 'NONE', #2366, #1665, #553 ) ;
#1571 = ORIENTED_EDGE ( 'NONE', *, *, #1216, .F. ) ;
#1572 = AXIS2_PLACEMENT_3D ( 'NONE', #428, #52, #1723 ) ;
#1573 = CIRCLE ( 'NONE', #979, 0.1999999999999999600 ) ;
#1574 = DIRECTION ( 'NONE',  ( 0.0000000000000000000, 0.0000000000000000000, 1.000000000000000000 ) ) ;
#1575 = ORIENTED_EDGE ( 'NONE', *, *, #674, .F. ) ;
#1576 = ADVANCED_FACE ( 'NONE', ( #335 ), #611, .F. ) ;
#1577 = VECTOR ( 'NONE', #2070, 1000.000000000000000 ) ;
#1578 = EDGE_LOOP ( 'NONE', ( #1918, #721, #440, #1740 ) ) ;
#1579 = ORIENTED_EDGE ( 'NONE', *, *, #474, .T. ) ;
#1580 = ADVANCED_FACE ( 'NONE', ( #2068 ), #2009, .F. ) ;
#1581 = ORIENTED_EDGE ( 'NONE', *, *, #364, .F. ) ;
#1582 = CARTESIAN_POINT ( 'NONE',  ( -2.401999999999999700, -2.600000000000000500, -0.001999999999999984400 ) ) ;
#1583 = CARTESIAN_POINT ( 'NONE',  ( -2.801999999999999600, 2.600000000000000500, 0.1032433538952580000 ) ) ;
#1584 = CARTESIAN_POINT ( 'NONE',  ( -2.399999999999999900, -2.600000000000000500, 0.0000000000000000000 ) ) ;
#1585 = CARTESIAN_POINT ( 'NONE',  ( -2.399999999999999500, -2.600000000000000500, 0.3999999999999999700 ) ) ;
#1586 = CIRCLE ( 'NONE', #968, 1.099999999999999900 ) ;
#1587 = AXIS2_PLACEMENT_3D ( 'NONE', #877, #1239, #120 ) ;
#1588 = CARTESIAN_POINT ( 'NONE',  ( 2.802000000000000000, 2.600000000000000500, -0.001999999999999994400 ) ) ;
#1589 = ADVANCED_FACE ( 'NONE', ( #1096 ), #1044, .F. ) ;
#1590 = ORIENTED_EDGE ( 'NONE', *, *, #584, .F. ) ;
#1591 = CARTESIAN_POINT ( 'NONE',  ( -3.008000000000000900, 0.9000000000000002400, -2.500000000000000000 ) ) ;
#1592 = FACE_OUTER_BOUND ( 'NONE', #1823, .T. ) ;
#1593 = AXIS2_PLACEMENT_3D ( 'NONE', #1826, #725, #2169 ) ;
#1594 = VECTOR ( 'NONE', #1873, 1000.000000000000000 ) ;
#1595 = CARTESIAN_POINT ( 'NONE',  ( -2.402000000000000100, 0.5999999999999998700, 0.1032433538952580000 ) ) ;
#1596 = VERTEX_POINT ( 'NONE', #920 ) ;
#1597 = CARTESIAN_POINT ( 'NONE',  ( 2.399999999999999900, 2.562837982841649900, 8.263893345185550700 ) ) ;
#1598 = ADVANCED_FACE ( 'NONE', ( #1592 ), #48, .F. ) ;
#1599 = AXIS2_PLACEMENT_3D ( 'NONE', #1696, #588, #1880 ) ;
#1600 = EDGE_CURVE ( 'NONE', #161, #491, #1165, .T. ) ;
#1601 = ORIENTED_EDGE ( 'NONE', *, *, #2170, .T. ) ;
#1602 = CYLINDRICAL_SURFACE ( 'NONE', #1026, 0.7000000000000000700 ) ;
#1603 = ORIENTED_EDGE ( 'NONE', *, *, #1756, .F. ) ;
#1604 = ORIENTED_EDGE ( 'NONE', *, *, #75, .F. ) ;
#1605 = CIRCLE ( 'NONE', #389, 0.2999999999999999300 ) ;
#1606 = ADVANCED_FACE ( 'NONE', ( #1961 ), #2360, .F. ) ;
#1607 = ORIENTED_EDGE ( 'NONE', *, *, #1182, .T. ) ;
#1608 = VECTOR ( 'NONE', #1112, 1000.000000000000000 ) ;
#1609 = DIRECTION ( 'NONE',  ( 0.0000000000000000000, 1.000000000000000000, 1.478457507934780100E-016 ) ) ;
#1610 = DIRECTION ( 'NONE',  ( -1.000000000000000000, 0.0000000000000000000, 6.123233995736769700E-017 ) ) ;
#1611 = AXIS2_PLACEMENT_3D ( 'NONE', #1212, #93, #1398 ) ;
#1612 = VECTOR ( 'NONE', #2377, 1000.000000000000000 ) ;
#1613 = DIRECTION ( 'NONE',  ( -1.000000000000000000, -0.0000000000000000000, -0.0000000000000000000 ) ) ;
#1614 = LINE ( 'NONE', #1584, #1185 ) ;
#1615 = EDGE_CURVE ( 'NONE', #1942, #1760, #1472, .T. ) ;
#1616 = ORIENTED_EDGE ( 'NONE', *, *, #1528, .T. ) ;
#1617 = EDGE_LOOP ( 'NONE', ( #922, #1237, #2059, #1308, #568, #63 ) ) ;
#1618 = VECTOR ( 'NONE', #2250, 1000.000000000000000 ) ;
#1619 = CARTESIAN_POINT ( 'NONE',  ( -2.402000000000000100, 2.600000000000000500, 0.1032433538952580000 ) ) ;
#1620 = CARTESIAN_POINT ( 'NONE',  ( 2.399999999999999900, -2.928564524977890200, 7.667186721446440400 ) ) ;
#1621 = EDGE_CURVE ( 'NONE', #2344, #1872, #102, .T. ) ;
#1622 = ORIENTED_EDGE ( 'NONE', *, *, #2138, .F. ) ;
#1623 =( NAMED_UNIT ( * ) PLANE_ANGLE_UNIT ( ) SI_UNIT ( $, .RADIAN. ) );
#1624 = LINE ( 'NONE', #356, #2102 ) ;
#1625 = EDGE_LOOP ( 'NONE', ( #934, #891, #1787, #2005 ) ) ;
#1626 = FACE_OUTER_BOUND ( 'NONE', #2244, .T. ) ;
#1627 = EDGE_LOOP ( 'NONE', ( #1430, #167, #2082, #1607 ) ) ;
#1628 = VERTEX_POINT ( 'NONE', #550 ) ;
#1629 = CARTESIAN_POINT ( 'NONE',  ( -2.399999999999999900, -2.600000000000000500, 0.8000000000000000400 ) ) ;
#1630 = FACE_OUTER_BOUND ( 'NONE', #964, .T. ) ;
#1631 = DIRECTION ( 'NONE',  ( 1.000000000000000000, 0.0000000000000000000, 0.0000000000000000000 ) ) ;
#1632 = CARTESIAN_POINT ( 'NONE',  ( 2.402000000000000100, 2.600000000000000500, 0.1032433538952580000 ) ) ;
#1633 = CARTESIAN_POINT ( 'NONE',  ( -2.399999999999999900, 2.771896931057308900, 7.922873761919481300 ) ) ;
#1634 = VERTEX_POINT ( 'NONE', #1111 ) ;
#1635 = VECTOR ( 'NONE', #2023, 1000.000000000000000 ) ;
#1636 = CARTESIAN_POINT ( 'NONE',  ( 2.802000000000000000, 0.2999999999999999900, -5.700000000000000200 ) ) ;
#1637 = EDGE_CURVE ( 'NONE', #585, #460, #540, .T. ) ;
#1638 = AXIS2_PLACEMENT_3D ( 'NONE', #772, #2050, #956 ) ;
#1639 = EDGE_LOOP ( 'NONE', ( #675, #1922, #668, #1368 ) ) ;
#1640 = DIRECTION ( 'NONE',  ( -1.000000000000000000, -0.0000000000000000000, -0.0000000000000000000 ) ) ;
#1641 = DIRECTION ( 'NONE',  ( -0.0000000000000000000, -1.000000000000000000, -0.0000000000000000000 ) ) ;
#1642 = VERTEX_POINT ( 'NONE', #1668 ) ;
#1643 = VECTOR ( 'NONE', #524, 1000.000000000000000 ) ;
#1644 = DIRECTION ( 'NONE',  ( 1.000000000000000000, 9.052941273838511100E-033, -6.123233995736769700E-017 ) ) ;
#1645 = CARTESIAN_POINT ( 'NONE',  ( 2.399999999999999900, -3.024905566997151900, 4.229422528449480200 ) ) ;
#1646 = ORIENTED_EDGE ( 'NONE', *, *, #1867, .T. ) ;
#1647 = CARTESIAN_POINT ( 'NONE',  ( -2.399999999999999900, 3.867554454428030000, 3.522356157794290800 ) ) ;
#1648 = CARTESIAN_POINT ( 'NONE',  ( 2.399999999999999900, 1.569421125070940000, 5.450718986853879700 ) ) ;
#1649 = CARTESIAN_POINT ( 'NONE',  ( 2.802000000000000000, 2.600000000000000500, 0.1032433538952580000 ) ) ;
#1650 = EDGE_CURVE ( 'NONE', #889, #83, #2363, .T. ) ;
#1651 = ORIENTED_EDGE ( 'NONE', *, *, #41, .F. ) ;
#1652 = ORIENTED_EDGE ( 'NONE', *, *, #975, .F. ) ;
#1653 = CARTESIAN_POINT ( 'NONE',  ( 2.399999999999999900, -1.569421125071090100, 5.450718986853900100 ) ) ;
#1654 = CARTESIAN_POINT ( 'NONE',  ( -3.008000000000000900, 0.5999999999999999800, -5.700000000000000200 ) ) ;
#1655 = DIRECTION ( 'NONE',  ( -1.000000000000000000, -0.0000000000000000000, -0.0000000000000000000 ) ) ;
#1656 = ORIENTED_EDGE ( 'NONE', *, *, #723, .F. ) ;
#1657 = CYLINDRICAL_SURFACE ( 'NONE', #519, 1.899999999999999700 ) ;
#1658 = AXIS2_PLACEMENT_3D ( 'NONE', #1354, #992, #2258 ) ;
#1659 = DIRECTION ( 'NONE',  ( 0.0000000000000000000, 1.000000000000000000, 0.0000000000000000000 ) ) ;
#1660 = CARTESIAN_POINT ( 'NONE',  ( 2.402000000000000100, -2.600000000000000500, -0.001999999999999984400 ) ) ;
#1661 = CARTESIAN_POINT ( 'NONE',  ( 2.399999999999999900, 2.928691142219050000, 7.667109074469931500 ) ) ;
#1662 = ORIENTED_EDGE ( 'NONE', *, *, #1885, .F. ) ;
#1663 = FACE_OUTER_BOUND ( 'NONE', #781, .T. ) ;
#1664 = CARTESIAN_POINT ( 'NONE',  ( -2.399999999999999900, -2.771740286527105900, 7.411440444378069300 ) ) ;
#1665 = DIRECTION ( 'NONE',  ( 0.0000000000000000000, -0.5227474615026199700, -0.8524875902278970000 ) ) ;
#1666 = CARTESIAN_POINT ( 'NONE',  ( -2.399999999999999900, -2.600000000000000500, 0.4000000000000000200 ) ) ;
#1667 = ORIENTED_EDGE ( 'NONE', *, *, #752, .F. ) ;
#1668 = CARTESIAN_POINT ( 'NONE',  ( 2.399999999999999500, -2.771740286527115200, 3.426484840771866700 ) ) ;
#1669 = DIRECTION ( 'NONE',  ( 0.0000000000000000000, -0.0000000000000000000, 1.000000000000000000 ) ) ;
#1670 = DIRECTION ( 'NONE',  ( -1.000000000000000000, -0.0000000000000000000, 0.0000000000000000000 ) ) ;
#1672 = CIRCLE ( 'NONE', #2226, 0.4020000000000000200 ) ;
#1671 = CARTESIAN_POINT ( 'NONE',  ( 2.200000000000000200, 2.857151826873828500, 7.975138498973391800 ) ) ;
#1673 = DIRECTION ( 'NONE',  ( 0.0000000000000000000, 0.0000000000000000000, 1.000000000000000000 ) ) ;
#1674 = AXIS2_PLACEMENT_3D ( 'NONE', #239, #1543, #1722 ) ;
#1675 = LINE ( 'NONE', #2284, #690 ) ;
#1676 = CARTESIAN_POINT ( 'NONE',  ( -2.399999999999999900, 2.600000000000000500, 0.1032433538952580000 ) ) ;
#1677 = VERTEX_POINT ( 'NONE', #372 ) ;
#1678 = CARTESIAN_POINT ( 'NONE',  ( -2.802000000000000000, -0.6000000000000000900, -2.799999999999999800 ) ) ;
#1679 = CIRCLE ( 'NONE', #1812, 0.7000000000000000700 ) ;
#1680 = DIRECTION ( 'NONE',  ( 1.000000000000000000, 6.123233995736769700E-017, 7.498798913309289400E-033 ) ) ;
#1681 = DIRECTION ( 'NONE',  ( 0.0000000000000000000, -1.000000000000000000, -0.0000000000000000000 ) ) ;
#1682 = ORIENTED_EDGE ( 'NONE', *, *, #548, .F. ) ;
#1683 = DIRECTION ( 'NONE',  ( -1.000000000000000000, -0.0000000000000000000, -0.0000000000000000000 ) ) ;
#1684 = ORIENTED_EDGE ( 'NONE', *, *, #618, .T. ) ;
#1685 = CARTESIAN_POINT ( 'NONE',  ( 0.0000000000000000000, 0.0000000000000000000, 0.0000000000000000000 ) ) ;
#1686 = CARTESIAN_POINT ( 'NONE',  ( -2.802000000000000000, -2.600000000000000500, -0.001999999999999981000 ) ) ;
#1687 = DIRECTION ( 'NONE',  ( -1.000000000000000000, 0.0000000000000000000, 0.0000000000000000000 ) ) ;
#1688 = DIRECTION ( 'NONE',  ( 0.0000000000000000000, 0.0000000000000000000, 1.000000000000000000 ) ) ;
#1689 = DIRECTION ( 'NONE',  ( 0.0000000000000000000, 0.0000000000000000000, -1.000000000000000000 ) ) ;
#1690 = LINE ( 'NONE', #345, #1745 ) ;
#1691 = ORIENTED_EDGE ( 'NONE', *, *, #1078, .T. ) ;
#1692 = LINE ( 'NONE', #1878, #1198 ) ;
#1693 = CARTESIAN_POINT ( 'NONE',  ( -2.399999999999999900, -2.600000000000000500, 0.8000000000000000400 ) ) ;
#1694 = ORIENTED_EDGE ( 'NONE', *, *, #49, .T. ) ;
#1695 = FACE_OUTER_BOUND ( 'NONE', #1949, .T. ) ;
#1696 = CARTESIAN_POINT ( 'NONE',  ( -2.402000000000000100, 0.2999999999999999900, -5.700000000000000200 ) ) ;
#1697 = DIRECTION ( 'NONE',  ( -1.000000000000000000, 0.0000000000000000000, 6.123233995736769700E-017 ) ) ;
#1698 = AXIS2_PLACEMENT_3D ( 'NONE', #809, #2077, #990 ) ;
#1699 = CARTESIAN_POINT ( 'NONE',  ( 2.399999999999999900, -3.867554454428030000, 3.522356157794290800 ) ) ;
#1700 = FACE_OUTER_BOUND ( 'NONE', #438, .T. ) ;
#1701 = ORIENTED_EDGE ( 'NONE', *, *, #457, .F. ) ;
#1702 = DIRECTION ( 'NONE',  ( 0.0000000000000000000, 0.0000000000000000000, 1.000000000000000000 ) ) ;
#1703 = CIRCLE ( 'NONE', #1045, 0.2999999999999999300 ) ;
#1704 = CARTESIAN_POINT ( 'NONE',  ( 2.399999999999999900, -1.569421125071090100, 5.450718986853900100 ) ) ;
#1705 = VERTEX_POINT ( 'NONE', #2035 ) ;
#1706 = PLANE ( 'NONE',  #417 ) ;
#1707 = EDGE_CURVE ( 'NONE', #1488, #1410, #1414, .T. ) ;
#1708 = VECTOR ( 'NONE', #1934, 1000.000000000000000 ) ;
#1709 = CARTESIAN_POINT ( 'NONE',  ( 2.802000000000000000, 0.3000000000000000400, -6.000000000000000000 ) ) ;
#1710 = ORIENTED_EDGE ( 'NONE', *, *, #2128, .T. ) ;
#1711 = SURFACE_STYLE_USAGE ( .BOTH. , #412 ) ;
#1712 = EDGE_CURVE ( 'NONE', #677, #2372, #486, .T. ) ;
#1713 = EDGE_LOOP ( 'NONE', ( #46, #1575, #958, #707 ) ) ;
#1714 = DIRECTION ( 'NONE',  ( 1.000000000000000000, -0.0000000000000000000, -6.123233995736769700E-017 ) ) ;
#1715 = AXIS2_PLACEMENT_3D ( 'NONE', #1278, #1463, #2353 ) ;
#1716 = ORIENTED_EDGE ( 'NONE', *, *, #29, .F. ) ;
#1717 = CARTESIAN_POINT ( 'NONE',  ( 2.399999999999999900, 3.331323344244730800, 3.972307484574850300 ) ) ;
#1718 = ORIENTED_EDGE ( 'NONE', *, *, #1154, .F. ) ;
#1719 = VECTOR ( 'NONE', #2062, 1000.000000000000100 ) ;
#1720 = STYLED_ITEM ( 'NONE', ( #2166 ), #187 ) ;
#1721 = CARTESIAN_POINT ( 'NONE',  ( 2.802000000000000500, -2.600000000000000500, 0.1032433538952580000 ) ) ;
#1722 = DIRECTION ( 'NONE',  ( 0.0000000000000000000, 0.0000000000000000000, 1.000000000000000000 ) ) ;
#1723 = DIRECTION ( 'NONE',  ( 0.0000000000000000000, 0.0000000000000000000, -1.000000000000000000 ) ) ;
#1724 = VECTOR ( 'NONE', #2028, 1000.000000000000000 ) ;
#1725 = DIRECTION ( 'NONE',  ( -1.000000000000000000, 0.0000000000000000000, 6.123233995736769700E-017 ) ) ;
#1726 = DIRECTION ( 'NONE',  ( 0.0000000000000000000, 0.0000000000000000000, 1.000000000000000000 ) ) ;
#1727 = ORIENTED_EDGE ( 'NONE', *, *, #616, .T. ) ;
#1728 = EDGE_LOOP ( 'NONE', ( #1252, #578, #1691, #453, #2150, #1454 ) ) ;
#1729 = CARTESIAN_POINT ( 'NONE',  ( 2.200000000000000200, 2.648092878658170800, 8.316158082239463000 ) ) ;
#1730 = CARTESIAN_POINT ( 'NONE',  ( 2.200000000000000200, -2.818387578994431900, 8.420752273056750800 ) ) ;
#1731 = ORIENTED_EDGE ( 'NONE', *, *, #680, .T. ) ;
#1732 = CARTESIAN_POINT ( 'NONE',  ( -2.801999999999999600, 2.600000000000000500, -0.001999999999999990100 ) ) ;
#1733 = CARTESIAN_POINT ( 'NONE',  ( -2.399999999999999900, 2.998477879236702800, 0.8348622970990634600 ) ) ;
#1734 = LINE ( 'NONE', #1749, #310 ) ;
#1735 = VERTEX_POINT ( 'NONE', #200 ) ;
#1736 = DIRECTION ( 'NONE',  ( 1.000000000000000000, -0.0000000000000000000, -6.123233995736769700E-017 ) ) ;
#1737 = CIRCLE ( 'NONE', #1825, 2.299999999999999800 ) ;
#1738 = AXIS2_PLACEMENT_3D ( 'NONE', #2137, #1057, #2318 ) ;
#1739 = UNCERTAINTY_MEASURE_WITH_UNIT (LENGTH_MEASURE( 1.000000000000000100E-005 ), #605, 'distance_accuracy_value', 'NONE');
#1740 = ORIENTED_EDGE ( 'NONE', *, *, #773, .T. ) ;
#1741 = ORIENTED_EDGE ( 'NONE', *, *, #1959, .F. ) ;
#1742 = ORIENTED_EDGE ( 'NONE', *, *, #1402, .F. ) ;
#1743 = DIRECTION ( 'NONE',  ( 0.0000000000000000000, 0.0000000000000000000, 1.000000000000000000 ) ) ;
#1744 = DIRECTION ( 'NONE',  ( 0.0000000000000000000, -0.5226473705391421200, 0.8525489581651721800 ) ) ;
#1745 = VECTOR ( 'NONE', #1822, 1000.000000000000000 ) ;
#1746 = VECTOR ( 'NONE', #1683, 1000.000000000000000 ) ;
#1747 = CARTESIAN_POINT ( 'NONE',  ( -2.399999999999999000, -2.600000000000000500, 0.1032433538952580000 ) ) ;
#1748 = EDGE_LOOP ( 'NONE', ( #251, #1579, #828, #1978 ) ) ;
#1749 = CARTESIAN_POINT ( 'NONE',  ( 2.399999999999999900, 3.000000000000000900, 0.8000000000000000400 ) ) ;
#1750 = VECTOR ( 'NONE', #977, 1000.000000000000000 ) ;
#1751 = EDGE_CURVE ( 'NONE', #2382, #719, #987, .T. ) ;
#1752 = LINE ( 'NONE', #319, #1257 ) ;
#1753 = ORIENTED_EDGE ( 'NONE', *, *, #971, .F. ) ;
#1754 = ADVANCED_FACE ( 'NONE', ( #432 ), #874, .F. ) ;
#1755 = CIRCLE ( 'NONE', #1074, 0.001999999999999831800 ) ;
#1756 = EDGE_CURVE ( 'NONE', #638, #1359, #2310, .T. ) ;
#1757 = ADVANCED_FACE ( 'NONE', ( #2264 ), #997, .F. ) ;
#1758 = DIRECTION ( 'NONE',  ( 1.000000000000000000, 0.0000000000000000000, 0.0000000000000000000 ) ) ;
#1759 = CARTESIAN_POINT ( 'NONE',  ( 2.200000000000000200, -3.027486563595481100, 8.079757236965589200 ) ) ;
#1760 = VERTEX_POINT ( 'NONE', #1913 ) ;
#1761 = DIRECTION ( 'NONE',  ( 1.000000000000000000, 0.0000000000000000000, 0.0000000000000000000 ) ) ;
#1762 = CIRCLE ( 'NONE', #1423, 0.7000000000000000700 ) ;
#1763 = VECTOR ( 'NONE', #1928, 1000.000000000000000 ) ;
#1764 = DIRECTION ( 'NONE',  ( -1.000000000000000000, -0.0000000000000000000, 0.0000000000000000000 ) ) ;
#1765 = EDGE_CURVE ( 'NONE', #1062, #585, #1908, .T. ) ;
#1766 = DIRECTION ( 'NONE',  ( -6.123233995736769700E-017, 0.0000000000000000000, 1.000000000000000000 ) ) ;
#1767 = VERTEX_POINT ( 'NONE', #1733 ) ;
#1768 = AXIS2_PLACEMENT_3D ( 'NONE', #1699, #592, #1884 ) ;
#1769 = ADVANCED_FACE ( 'NONE', ( #1361 ), #1919, .T. ) ;
#1770 = ADVANCED_FACE ( 'NONE', ( #821 ), #2089, .T. ) ;
#1771 = ORIENTED_EDGE ( 'NONE', *, *, #813, .F. ) ;
#1772 = DIRECTION ( 'NONE',  ( -1.000000000000000000, 0.0000000000000000000, 6.123233995736769700E-017 ) ) ;
#1773 = CARTESIAN_POINT ( 'NONE',  ( -2.402000000000000100, 2.600000000000000500, -2.200000000000000200 ) ) ;
#1774 = AXIS2_PLACEMENT_3D ( 'NONE', #1295, #177, #1482 ) ;
#1775 = CARTESIAN_POINT ( 'NONE',  ( -3.008000000000000900, -0.2999999999999999300, -6.000000000000000000 ) ) ;
#1776 = VERTEX_POINT ( 'NONE', #1371 ) ;
#1777 = CARTESIAN_POINT ( 'NONE',  ( 2.399999999999999900, 2.771852294086596400, 7.411371756668094300 ) ) ;
#1778 = ORIENTED_EDGE ( 'NONE', *, *, #2351, .F. ) ;
#1779 = FACE_OUTER_BOUND ( 'NONE', #855, .T. ) ;
#1780 = EDGE_LOOP ( 'NONE', ( #365, #1256, #1522, #1245 ) ) ;
#1781 = ADVANCED_FACE ( 'NONE', ( #369 ), #1238, .F. ) ;
#1782 = LINE ( 'NONE', #1597, #2251 ) ;
#1783 = LINE ( 'NONE', #1504, #94 ) ;
#1784 = AXIS2_PLACEMENT_3D ( 'NONE', #126, #1433, #318 ) ;
#1785 = ORIENTED_EDGE ( 'NONE', *, *, #375, .F. ) ;
#1786 = ORIENTED_EDGE ( 'NONE', *, *, #1269, .F. ) ;
#1787 = ORIENTED_EDGE ( 'NONE', *, *, #366, .T. ) ;
#1788 = ADVANCED_FACE ( 'NONE', ( #2197 ), #252, .T. ) ;
#1789 = CIRCLE ( 'NONE', #573, 0.2999999999999999300 ) ;
#1790 = EDGE_CURVE ( 'NONE', #734, #2246, #1734, .T. ) ;
#1791 = CIRCLE ( 'NONE', #1941, 0.2999999999999999300 ) ;
#1792 = CARTESIAN_POINT ( 'NONE',  ( -2.399999999999999900, -3.400000000000000800, 0.8000000000000000400 ) ) ;
#1793 = ORIENTED_EDGE ( 'NONE', *, *, #532, .T. ) ;
#1794 = ORIENTED_EDGE ( 'NONE', *, *, #109, .F. ) ;
#1795 = CARTESIAN_POINT ( 'NONE',  ( 2.399999999999999900, 2.928691142219050000, 7.667109074469931500 ) ) ;
#1796 = ORIENTED_EDGE ( 'NONE', *, *, #29, .T. ) ;
#1797 = AXIS2_PLACEMENT_3D ( 'NONE', #1912, #430, #619 ) ;
#1798 = DIRECTION ( 'NONE',  ( 0.0000000000000000000, 0.0000000000000000000, 1.000000000000000000 ) ) ;
#1799 = VERTEX_POINT ( 'NONE', #636 ) ;
#1800 = VECTOR ( 'NONE', #1563, 1000.000000000000000 ) ;
#1801 = CYLINDRICAL_SURFACE ( 'NONE', #672, 1.099999999999999900 ) ;
#1802 = ORIENTED_EDGE ( 'NONE', *, *, #2345, .F. ) ;
#1803 = DIRECTION ( 'NONE',  ( 0.0000000000000000000, 2.478176394252581300E-015, -1.000000000000000000 ) ) ;
#1804 = CIRCLE ( 'NONE', #214, 0.7000000000000000700 ) ;
#1805 = ORIENTED_EDGE ( 'NONE', *, *, #856, .T. ) ;
#1806 = ORIENTED_EDGE ( 'NONE', *, *, #2332, .F. ) ;
#1807 = VERTEX_POINT ( 'NONE', #2277 ) ;
#1808 = AXIS2_PLACEMENT_3D ( 'NONE', #943, #2207, #1130 ) ;
#1809 = VECTOR ( 'NONE', #1644, 1000.000000000000000 ) ;
#1810 = DIRECTION ( 'NONE',  ( 1.000000000000000000, 0.0000000000000000000, 0.0000000000000000000 ) ) ;
#1811 = EDGE_CURVE ( 'NONE', #1385, #982, #750, .T. ) ;
#1812 = AXIS2_PLACEMENT_3D ( 'NONE', #1795, #688, #1975 ) ;
#1813 = DIRECTION ( 'NONE',  ( 0.0000000000000000000, -1.000000000000000000, 0.0000000000000000000 ) ) ;
#1814 = ORIENTED_EDGE ( 'NONE', *, *, #1899, .T. ) ;
#1815 = DIRECTION ( 'NONE',  ( 0.0000000000000000000, 0.0000000000000000000, 1.000000000000000000 ) ) ;
#1816 = CIRCLE ( 'NONE', #1493, 0.2999999999999999300 ) ;
#1817 = DIRECTION ( 'NONE',  ( -1.000000000000000000, -0.0000000000000000000, -0.0000000000000000000 ) ) ;
#1818 = PLANE ( 'NONE',  #1455 ) ;
#1819 = EDGE_CURVE ( 'NONE', #2348, #2020, #2142, .T. ) ;
#1820 = ORIENTED_EDGE ( 'NONE', *, *, #327, .T. ) ;
#1821 = DIRECTION ( 'NONE',  ( 0.0000000000000000000, 0.0000000000000000000, 1.000000000000000000 ) ) ;
#1822 = DIRECTION ( 'NONE',  ( -1.000000000000000000, -0.0000000000000000000, 0.0000000000000000000 ) ) ;
#1823 = EDGE_LOOP ( 'NONE', ( #995, #1163, #503, #1534 ) ) ;
#1824 = DIRECTION ( 'NONE',  ( -1.000000000000000000, -0.0000000000000000000, -0.0000000000000000000 ) ) ;
#1825 = AXIS2_PLACEMENT_3D ( 'NONE', #1653, #544, #1055 ) ;
#1826 = CARTESIAN_POINT ( 'NONE',  ( 2.399999999999999900, -3.867554454428030000, 3.522356157794290800 ) ) ;
#1827 = ORIENTED_EDGE ( 'NONE', *, *, #457, .T. ) ;
#1828 = CIRCLE ( 'NONE', #22, 0.4000000000000001900 ) ;
#1829 = ORIENTED_EDGE ( 'NONE', *, *, #883, .T. ) ;
#1830 = DIRECTION ( 'NONE',  ( -1.224646799147350000E-016, 1.000000000000000000, 0.0000000000000000000 ) ) ;
#1831 = AXIS2_PLACEMENT_3D ( 'NONE', #1648, #1834, #531 ) ;
#1832 = EDGE_CURVE ( 'NONE', #1642, #2344, #1675, .T. ) ;
#1833 = CARTESIAN_POINT ( 'NONE',  ( -2.399999999999999900, 2.771740286527115200, 3.426484840771866700 ) ) ;
#1834 = DIRECTION ( 'NONE',  ( 1.000000000000000000, 0.0000000000000000000, 0.0000000000000000000 ) ) ;
#1835 = VECTOR ( 'NONE', #673, 1000.000000000000000 ) ;
#1836 = LINE ( 'NONE', #945, #1353 ) ;
#1837 = VERTEX_POINT ( 'NONE', #456 ) ;
#1838 = CARTESIAN_POINT ( 'NONE',  ( -3.008000000000000900, -0.5999999999999999800, -2.800000000000000300 ) ) ;
#1839 = DIRECTION ( 'NONE',  ( 0.0000000000000000000, 0.5227474615026199700, 0.8524875902278970000 ) ) ;
#1840 = PRESENTATION_LAYER_ASSIGNMENT (  '', '', ( #1720 ) ) ;
#1841 = DIRECTION ( 'NONE',  ( -0.0000000000000000000, -0.0000000000000000000, -1.000000000000000000 ) ) ;
#1842 = AXIS2_PLACEMENT_3D ( 'NONE', #2007, #914, #2179 ) ;
#1843 = ORIENTED_EDGE ( 'NONE', *, *, #1450, .T. ) ;
#1844 = DIRECTION ( 'NONE',  ( 0.0000000000000000000, -0.5227474615026199700, -0.8524875902278970000 ) ) ;
#1845 = CARTESIAN_POINT ( 'NONE',  ( 2.400000000000000400, -2.600000000000000500, 0.3999999999999999700 ) ) ;
#1846 = DIRECTION ( 'NONE',  ( 1.000000000000000000, 0.0000000000000000000, 0.0000000000000000000 ) ) ;
#1847 = ORIENTED_EDGE ( 'NONE', *, *, #366, .F. ) ;
#1848 = VECTOR ( 'NONE', #1180, 1000.000000000000000 ) ;
#1849 = FACE_OUTER_BOUND ( 'NONE', #2036, .T. ) ;
#1850 = DIRECTION ( 'NONE',  ( 1.000000000000000000, -0.0000000000000000000, -6.123233995736769700E-017 ) ) ;
#1851 = DIRECTION ( 'NONE',  ( -3.336006684570790000E-016, 1.000000000000000000, 0.0000000000000000000 ) ) ;
#1852 = ORIENTED_EDGE ( 'NONE', *, *, #224, .F. ) ;
#1853 = DIRECTION ( 'NONE',  ( 1.000000000000000000, 0.0000000000000000000, 0.0000000000000000000 ) ) ;
#1854 = ORIENTED_EDGE ( 'NONE', *, *, #736, .F. ) ;
#1855 = CARTESIAN_POINT ( 'NONE',  ( 2.399999999999999900, 3.033207514770090100, 0.4379007464966219700 ) ) ;
#1856 = ORIENTED_EDGE ( 'NONE', *, *, #1115, .T. ) ;
#1857 = CARTESIAN_POINT ( 'NONE',  ( 2.399999999999999900, 2.562733829909966700, 7.070388666265629700 ) ) ;
#1858 = DIRECTION ( 'NONE',  ( -4.336808689942018500E-015, 0.8525489581651722900, 0.5226473705391422300 ) ) ;
#1859 = DIRECTION ( 'NONE',  ( 0.0000000000000000000, -0.08715574274765694500, 0.9961946980917456600 ) ) ;
#1860 = ORIENTED_EDGE ( 'NONE', *, *, #106, .T. ) ;
#1861 = DIRECTION ( 'NONE',  ( -0.0000000000000000000, -1.000000000000000000, -0.0000000000000000000 ) ) ;
#1862 = LINE ( 'NONE', #2090, #385 ) ;
#1863 = DIRECTION ( 'NONE',  ( -1.000000000000000000, 0.0000000000000000000, 6.123233995736769700E-017 ) ) ;
#1864 = FACE_OUTER_BOUND ( 'NONE', #1944, .T. ) ;
#1865 = DIRECTION ( 'NONE',  ( -0.0000000000000000000, -1.000000000000000000, -0.0000000000000000000 ) ) ;
#1866 = ORIENTED_EDGE ( 'NONE', *, *, #1461, .T. ) ;
#1867 = EDGE_CURVE ( 'NONE', #1416, #1142, #1789, .T. ) ;
#1868 = CARTESIAN_POINT ( 'NONE',  ( -2.399999999999999900, 2.562837982841650300, 8.263893345185550700 ) ) ;
#1869 = CIRCLE ( 'NONE', #259, 0.2999999999999999300 ) ;
#1870 = CARTESIAN_POINT ( 'NONE',  ( -2.399999999999999900, -3.000000000000000900, 0.8000000000000000400 ) ) ;
#1871 = ORIENTED_EDGE ( 'NONE', *, *, #887, .T. ) ;
#1872 = VERTEX_POINT ( 'NONE', #261 ) ;
#1873 = DIRECTION ( 'NONE',  ( 0.0000000000000000000, 1.000000000000000000, 0.0000000000000000000 ) ) ;
#1874 = DIRECTION ( 'NONE',  ( -1.224646799147350000E-016, 1.000000000000000000, 0.0000000000000000000 ) ) ;
#1875 = ORIENTED_EDGE ( 'NONE', *, *, #752, .T. ) ;
#1876 = CARTESIAN_POINT ( 'NONE',  ( 2.399999999999999900, 2.600000000000000500, 0.8000000000000000400 ) ) ;
#1877 = FACE_OUTER_BOUND ( 'NONE', #1627, .T. ) ;
#1878 = CARTESIAN_POINT ( 'NONE',  ( 2.399999999999999900, 2.771896931057310300, 7.922873761919479600 ) ) ;
#1879 = DIRECTION ( 'NONE',  ( 0.0000000000000000000, -1.000000000000000000, 8.131516293641279300E-016 ) ) ;
#1880 = DIRECTION ( 'NONE',  ( 0.0000000000000000000, 0.0000000000000000000, 1.000000000000000000 ) ) ;
#1881 = DIRECTION ( 'NONE',  ( 0.0000000000000000000, -1.000000000000000000, 0.0000000000000000000 ) ) ;
#1882 = VERTEX_POINT ( 'NONE', #1025 ) ;
#1883 = LINE ( 'NONE', #1144, #1387 ) ;
#1884 = DIRECTION ( 'NONE',  ( 0.0000000000000000000, 7.885106708985487700E-015, -1.000000000000000000 ) ) ;
#1885 = EDGE_CURVE ( 'NONE', #1343, #222, #2092, .T. ) ;
#1886 = CARTESIAN_POINT ( 'NONE',  ( -3.008000000000000900, 0.9000000000000002400, -2.799999999999999800 ) ) ;
#1887 = DIRECTION ( 'NONE',  ( -1.000000000000000000, -0.0000000000000000000, -0.0000000000000000000 ) ) ;
#1888 = EDGE_CURVE ( 'NONE', #889, #894, #1614, .T. ) ;
#1889 = ORIENTED_EDGE ( 'NONE', *, *, #2228, .F. ) ;
#1890 = EDGE_LOOP ( 'NONE', ( #473, #1190, #2330, #469, #1226, #137, #323, #383, #263, #1814, #1008, #1889, #1003, #1652, #50, #1181 ) ) ;
#1891 = AXIS2_PLACEMENT_3D ( 'NONE', #406, #1736, #630 ) ;
#1892 = CIRCLE ( 'NONE', #1909, 0.7999999999999999300 ) ;
#1893 = AXIS2_PLACEMENT_3D ( 'NONE', #815, #2080, #996 ) ;
#1894 = CARTESIAN_POINT ( 'NONE',  ( 2.802000000000000000, -2.600000000000000500, -6.000000000000000000 ) ) ;
#1895 = DIRECTION ( 'NONE',  ( 1.000000000000000000, -0.0000000000000000000, -6.123233995736769700E-017 ) ) ;
#1896 = DIRECTION ( 'NONE',  ( -1.000000000000000000, 0.0000000000000000000, 6.123233995736769700E-017 ) ) ;
#1897 = ORIENTED_EDGE ( 'NONE', *, *, #2014, .F. ) ;
#1898 =( NAMED_UNIT ( * ) PLANE_ANGLE_UNIT ( ) SI_UNIT ( $, .RADIAN. ) );
#1899 = EDGE_CURVE ( 'NONE', #1634, #1359, #191, .T. ) ;
#1900 = CIRCLE ( 'NONE', #581, 0.2999999999999999300 ) ;
#1901 = CARTESIAN_POINT ( 'NONE',  ( -2.402000000000000100, -2.600000000000000500, -2.500000000000000000 ) ) ;
#1902 = CYLINDRICAL_SURFACE ( 'NONE', #865, 0.001999999999999831800 ) ;
#1903 = DIRECTION ( 'NONE',  ( -6.123233995736769700E-017, 0.0000000000000000000, -1.000000000000000000 ) ) ;
#1904 = PLANE ( 'NONE',  #684 ) ;
#1905 = EDGE_LOOP ( 'NONE', ( #639, #615, #2221, #972 ) ) ;
#1906 = ORIENTED_EDGE ( 'NONE', *, *, #2072, .T. ) ;
#1907 = CARTESIAN_POINT ( 'NONE',  ( 2.399999999999999900, -2.998477879236702800, 0.8348622970990632300 ) ) ;
#1908 = LINE ( 'NONE', #60, #1299 ) ;
#1909 = AXIS2_PLACEMENT_3D ( 'NONE', #36, #1341, #225 ) ;
#1910 = LINE ( 'NONE', #1759, #875 ) ;
#1911 = DIRECTION ( 'NONE',  ( 1.000000000000000000, 0.0000000000000000000, 0.0000000000000000000 ) ) ;
#1912 = CARTESIAN_POINT ( 'NONE',  ( -2.200000000000000200, 6.162257095767731800, 2.583809253951030000 ) ) ;
#1913 = CARTESIAN_POINT ( 'NONE',  ( 2.399999999999999900, 3.024905566997127900, 4.229422528449452700 ) ) ;
#1914 = VERTEX_POINT ( 'NONE', #662 ) ;
#1915 = ORIENTED_EDGE ( 'NONE', *, *, #1105, .F. ) ;
#1916 = DIRECTION ( 'NONE',  ( 4.336808689942018500E-015, 0.8525489581651722900, 0.5226473705391422300 ) ) ;
#1917 = CARTESIAN_POINT ( 'NONE',  ( -3.008000000000000900, 0.5999999999999999800, -2.799999999999999800 ) ) ;
#1918 = ORIENTED_EDGE ( 'NONE', *, *, #1105, .T. ) ;
#1919 = PLANE ( 'NONE',  #2203 ) ;
#1920 = VECTOR ( 'NONE', #963, 1000.000000000000000 ) ;
#1921 = ORIENTED_EDGE ( 'NONE', *, *, #1285, .T. ) ;
#1922 = ORIENTED_EDGE ( 'NONE', *, *, #1751, .T. ) ;
#1923 = ORIENTED_EDGE ( 'NONE', *, *, #870, .F. ) ;
#1924 = EDGE_CURVE ( 'NONE', #1807, #643, #637, .T. ) ;
#1925 = LINE ( 'NONE', #424, #947 ) ;
#1926 = EDGE_CURVE ( 'NONE', #76, #1416, #2039, .T. ) ;
#1927 = ORIENTED_EDGE ( 'NONE', *, *, #2340, .F. ) ;
#1928 = DIRECTION ( 'NONE',  ( 1.000000000000000000, -0.0000000000000000000, -6.123233995736769700E-017 ) ) ;
#1929 = DIRECTION ( 'NONE',  ( 0.0000000000000000000, -1.000000000000000000, 0.0000000000000000000 ) ) ;
#1930 = EDGE_LOOP ( 'NONE', ( #998, #1771, #660, #1716 ) ) ;
#1931 = CIRCLE ( 'NONE', #1305, 0.7999999999999999300 ) ;
#1932 = VERTEX_POINT ( 'NONE', #670 ) ;
#1933 = LINE ( 'NONE', #1302, #1440 ) ;
#1934 = DIRECTION ( 'NONE',  ( -0.0000000000000000000, 0.0000000000000000000, -1.000000000000000000 ) ) ;
#1935 = CYLINDRICAL_SURFACE ( 'NONE', #1439, 0.4000000000000001900 ) ;
#1936 = ORIENTED_EDGE ( 'NONE', *, *, #666, .T. ) ;
#1937 = AXIS2_PLACEMENT_3D ( 'NONE', #745, #185, #1489 ) ;
#1939 = ADVANCED_FACE ( 'NONE', ( #74 ), #863, .T. ) ;
#1938 = CYLINDRICAL_SURFACE ( 'NONE', #1587, 0.2999999999999999300 ) ;
#1940 = ADVANCED_FACE ( 'NONE', ( #1068 ), #512, .T. ) ;
#1941 = AXIS2_PLACEMENT_3D ( 'NONE', #2117, #1036, #2285 ) ;
#1942 = VERTEX_POINT ( 'NONE', #926 ) ;
#1943 = CARTESIAN_POINT ( 'NONE',  ( -2.402000000000000100, -0.9000000000000002400, -2.500000000000000000 ) ) ;
#1944 = EDGE_LOOP ( 'NONE', ( #1684, #2333, #1196, #1984 ) ) ;
#1945 = DIRECTION ( 'NONE',  ( 0.0000000000000000000, 0.5226473705391422300, -0.8525489581651722900 ) ) ;
#1946 = ADVANCED_FACE ( 'NONE', ( #16 ), #1935, .F. ) ;
#1947 = LINE ( 'NONE', #246, #472 ) ;
#1948 = CARTESIAN_POINT ( 'NONE',  ( -2.401999999999999700, -0.5999999999999998700, -5.700000000000000200 ) ) ;
#1949 = EDGE_LOOP ( 'NONE', ( #193, #2324, #1651, #1742, #1344, #869 ) ) ;
#1950 = ADVANCED_FACE ( 'NONE', ( #1983 ), #1480, .T. ) ;
#1951 = LINE ( 'NONE', #860, #1350 ) ;
#1952 = LINE ( 'NONE', #769, #868 ) ;
#1953 = DIRECTION ( 'NONE',  ( 1.000000000000000000, -0.0000000000000000000, -6.123233995736769700E-017 ) ) ;
#1954 = EDGE_CURVE ( 'NONE', #2376, #147, #296, .T. ) ;
#1955 = DIRECTION ( 'NONE',  ( 1.000000000000000000, 0.0000000000000000000, 0.0000000000000000000 ) ) ;
#1956 = ADVANCED_FACE ( 'NONE', ( #1508 ), #937, .F. ) ;
#1957 = VERTEX_POINT ( 'NONE', #2196 ) ;
#1958 = AXIS2_PLACEMENT_3D ( 'NONE', #2012, #1102, #351 ) ;
#1959 = EDGE_CURVE ( 'NONE', #652, #2305, #1015, .T. ) ;
#1960 = EDGE_LOOP ( 'NONE', ( #314, #749, #1682, #697 ) ) ;
#1961 = FACE_OUTER_BOUND ( 'NONE', #1434, .T. ) ;
#1962 = ORIENTED_EDGE ( 'NONE', *, *, #813, .T. ) ;
#1963 = CIRCLE ( 'NONE', #2119, 0.4020000000000000200 ) ;
#1964 = MECHANICAL_DESIGN_GEOMETRIC_PRESENTATION_REPRESENTATION (  '', ( #1720 ), #2074 ) ;
#1965 = AXIS2_PLACEMENT_3D ( 'NONE', #742, #2191, #1113 ) ;
#1966 = ORIENTED_EDGE ( 'NONE', *, *, #1009, .T. ) ;
#1967 = ORIENTED_EDGE ( 'NONE', *, *, #2345, .T. ) ;
#1968 = ADVANCED_FACE ( 'NONE', ( #1630 ), #2032, .T. ) ;
#1969 = ORIENTED_EDGE ( 'NONE', *, *, #1600, .T. ) ;
#1970 = VECTOR ( 'NONE', #762, 1000.000000000000000 ) ;
#1971 = ORIENTED_EDGE ( 'NONE', *, *, #1182, .F. ) ;
#1972 = DIRECTION ( 'NONE',  ( -6.123233995736769700E-017, 0.0000000000000000000, -1.000000000000000000 ) ) ;
#1973 = ORIENTED_EDGE ( 'NONE', *, *, #92, .F. ) ;
#1974 = CYLINDRICAL_SURFACE ( 'NONE', #293, 0.7000000000000000700 ) ;
#1975 = DIRECTION ( 'NONE',  ( 0.0000000000000000000, 0.0000000000000000000, -1.000000000000000000 ) ) ;
#1976 = CARTESIAN_POINT ( 'NONE',  ( 2.399999999999999900, -2.600000000000001000, 0.8000000000000000400 ) ) ;
#1977 = CARTESIAN_POINT ( 'NONE',  ( 2.400000000000000800, -2.600000000000000500, 0.0000000000000000000 ) ) ;
#1978 = ORIENTED_EDGE ( 'NONE', *, *, #541, .T. ) ;
#1979 = AXIS2_PLACEMENT_3D ( 'NONE', #1386, #273, #1574 ) ;
#1980 = FACE_OUTER_BOUND ( 'NONE', #287, .T. ) ;
#1981 =( NAMED_UNIT ( * ) SI_UNIT ( $, .STERADIAN. ) SOLID_ANGLE_UNIT ( ) );
#1982 = ORIENTED_EDGE ( 'NONE', *, *, #1342, .T. ) ;
#1983 = FACE_OUTER_BOUND ( 'NONE', #1728, .T. ) ;
#1984 = ORIENTED_EDGE ( 'NONE', *, *, #82, .T. ) ;
#1985 = ORIENTED_EDGE ( 'NONE', *, *, #116, .F. ) ;
#1986 = FACE_OUTER_BOUND ( 'NONE', #1905, .T. ) ;
#1987 = DIRECTION ( 'NONE',  ( 1.000000000000000000, 0.0000000000000000000, 0.0000000000000000000 ) ) ;
#1988 = CARTESIAN_POINT ( 'NONE',  ( 2.200000000000000200, -3.027486563595478900, 8.079757236965592800 ) ) ;
#1989 = AXIS2_PLACEMENT_3D ( 'NONE', #1649, #921, #2184 ) ;
#1990 = CARTESIAN_POINT ( 'NONE',  ( -2.399999999999999900, -2.600000000000000500, -0.002000000000000000000 ) ) ;
#1991 = EDGE_CURVE ( 'NONE', #2022, #1372, #413, .T. ) ;
#1992 = EDGE_LOOP ( 'NONE', ( #1710, #713, #414, #312 ) ) ;
#1993 = DIRECTION ( 'NONE',  ( 0.0000000000000000000, -0.0000000000000000000, 1.000000000000000000 ) ) ;
#1994 = CYLINDRICAL_SURFACE ( 'NONE', #1369, 0.002000000000000000000 ) ;
#1995 = ORIENTED_EDGE ( 'NONE', *, *, #2098, .T. ) ;
#1996 = EDGE_CURVE ( 'NONE', #2025, #1075, #1346, .T. ) ;
#1997 = CARTESIAN_POINT ( 'NONE',  ( 2.399999999999999900, 3.431685394006780000, 0.4727630435956850000 ) ) ;
#1998 = FACE_OUTER_BOUND ( 'NONE', #2362, .T. ) ;
#1999 = CARTESIAN_POINT ( 'NONE',  ( -2.399999999999999900, 2.857151826873827200, 7.975138498973397100 ) ) ;
#2000 = AXIS2_PLACEMENT_3D ( 'NONE', #1005, #2271, #1187 ) ;
#2001 = AXIS2_PLACEMENT_3D ( 'NONE', #476, #101, #1881 ) ;
#2002 = CIRCLE ( 'NONE', #919, 0.2999999999999999300 ) ;
#2003 = CARTESIAN_POINT ( 'NONE',  ( -2.807999999999999800, 2.299999999999999800, -2.500000000000000000 ) ) ;
#2004 = CARTESIAN_POINT ( 'NONE',  ( -2.399999999999999900, -2.998477879236702800, 0.8348622970990632300 ) ) ;
#2005 = ORIENTED_EDGE ( 'NONE', *, *, #490, .F. ) ;
#2006 = EDGE_CURVE ( 'NONE', #1075, #1081, #909, .T. ) ;
#2007 = CARTESIAN_POINT ( 'NONE',  ( -2.399999999999999900, -1.569421125071090100, 5.450718986853900100 ) ) ;
#2008 = PLANE ( 'NONE',  #864 ) ;
#2009 = CYLINDRICAL_SURFACE ( 'NONE', #1715, 0.7000000000000000700 ) ;
#2010 = ORIENTED_EDGE ( 'NONE', *, *, #1615, .T. ) ;
#2011 = FACE_OUTER_BOUND ( 'NONE', #513, .T. ) ;
#2012 = CARTESIAN_POINT ( 'NONE',  ( 2.399999999999999900, 2.928691142219050000, 7.667109074469931500 ) ) ;
#2013 = PLANE ( 'NONE',  #1989 ) ;
#2014 = EDGE_CURVE ( 'NONE', #638, #2376, #1828, .T. ) ;
#2015 = VERTEX_POINT ( 'NONE', #766 ) ;
#2016 = DIRECTION ( 'NONE',  ( -1.000000000000000000, -0.0000000000000000000, -0.0000000000000000000 ) ) ;
#2017 = CARTESIAN_POINT ( 'NONE',  ( 2.399999999999999900, 2.600000000000000500, 0.8000000000000000400 ) ) ;
#2018 = CARTESIAN_POINT ( 'NONE',  ( -2.399999999999999900, 2.771740286527115700, 3.426484840771864000 ) ) ;
#2019 = CARTESIAN_POINT ( 'NONE',  ( 2.802000000000000500, -2.600000000000000500, -0.001999999999999997000 ) ) ;
#2020 = VERTEX_POINT ( 'NONE', #1514 ) ;
#2021 = LINE ( 'NONE', #2026, #1549 ) ;
#2022 = VERTEX_POINT ( 'NONE', #780 ) ;
#2023 = DIRECTION ( 'NONE',  ( 1.000000000000000000, 0.0000000000000000000, -0.0000000000000000000 ) ) ;
#2024 = ORIENTED_EDGE ( 'NONE', *, *, #824, .T. ) ;
#2025 = VERTEX_POINT ( 'NONE', #2045 ) ;
#2026 = CARTESIAN_POINT ( 'NONE',  ( 2.399999999999999900, -3.027486563595478400, 8.079757236965594600 ) ) ;
#2027 = VECTOR ( 'NONE', #610, 1000.000000000000000 ) ;
#2028 = DIRECTION ( 'NONE',  ( 1.000000000000000000, 0.0000000000000000000, 0.0000000000000000000 ) ) ;
#2029 = ORIENTED_EDGE ( 'NONE', *, *, #116, .T. ) ;
#2030 = LINE ( 'NONE', #2134, #1501 ) ;
#2031 = DIRECTION ( 'NONE',  ( 0.0000000000000000000, 0.8524875902278970000, -0.5227474615026199700 ) ) ;
#2032 = PLANE ( 'NONE',  #2286 ) ;
#2033 = CARTESIAN_POINT ( 'NONE',  ( -2.399999999999999900, 3.396955758473395400, 0.8697245941981263100 ) ) ;
#2034 = CARTESIAN_POINT ( 'NONE',  ( 2.399999999999999900, -2.600000000000000500, 0.4000000000000000200 ) ) ;
#2035 = CARTESIAN_POINT ( 'NONE',  ( 2.399999999999999900, 3.396955758473395800, 0.8697245941981263100 ) ) ;
#2036 = EDGE_LOOP ( 'NONE', ( #271, #451, #1546, #77 ) ) ;
#2037 = EDGE_CURVE ( 'NONE', #580, #985, #804, .T. ) ;
#2038 = LINE ( 'NONE', #1686, #1594 ) ;
#2039 = LINE ( 'NONE', #1777, #577 ) ;
#2040 = CARTESIAN_POINT ( 'NONE',  ( 2.802000000000000000, 2.600000000000000500, 0.1032433538952580000 ) ) ;
#2041 = ORIENTED_EDGE ( 'NONE', *, *, #1177, .F. ) ;
#2042 = ORIENTED_EDGE ( 'NONE', *, *, #896, .F. ) ;
#2043 = LINE ( 'NONE', #1170, #1618 ) ;
#2044 = CARTESIAN_POINT ( 'NONE',  ( -2.807999999999999800, 2.299999999999999800, -2.500000000000000000 ) ) ;
#2045 = CARTESIAN_POINT ( 'NONE',  ( 2.399999999999999900, -2.562641301926060800, 8.263928034605967800 ) ) ;
#2046 = DIRECTION ( 'NONE',  ( -1.000000000000000000, 0.0000000000000000000, 6.123233995736769700E-017 ) ) ;
#2047 = CARTESIAN_POINT ( 'NONE',  ( -2.399999999999999900, -3.431685394006780000, 0.4727630435956850000 ) ) ;
#2048 = EDGE_LOOP ( 'NONE', ( #2024, #99, #368, #1871 ) ) ;
#2049 = EDGE_LOOP ( 'NONE', ( #1240, #341, #1244, #1334 ) ) ;
#2050 = DIRECTION ( 'NONE',  ( 1.000000000000000000, 6.123233995736769700E-017, 7.498798913309289400E-033 ) ) ;
#2051 = CARTESIAN_POINT ( 'NONE',  ( 2.802000000000000000, -0.2999999999999999900, -5.700000000000000200 ) ) ;
#2052 = DIRECTION ( 'NONE',  ( 1.000000000000000000, 6.123233995736769700E-017, 7.498798913309289400E-033 ) ) ;
#2053 = FACE_OUTER_BOUND ( 'NONE', #1780, .T. ) ;
#2054 = CARTESIAN_POINT ( 'NONE',  ( -3.008000000000000900, 0.2999999999999999900, -5.700000000000000200 ) ) ;
#2055 = ORIENTED_EDGE ( 'NONE', *, *, #1004, .F. ) ;
#2056 = LINE ( 'NONE', #1721, #525 ) ;
#2057 = ORIENTED_EDGE ( 'NONE', *, *, #2357, .F. ) ;
#2058 = DIRECTION ( 'NONE',  ( -1.000000000000000000, -0.0000000000000000000, -0.0000000000000000000 ) ) ;
#2059 = ORIENTED_EDGE ( 'NONE', *, *, #1486, .F. ) ;
#2060 = ORIENTED_EDGE ( 'NONE', *, *, #421, .F. ) ;
#2061 = PLANE ( 'NONE',  #2107 ) ;
#2062 = DIRECTION ( 'NONE',  ( 0.0000000000000000000, -0.8525489581651721800, -0.5226473705391421200 ) ) ;
#2063 = ORIENTED_EDGE ( 'NONE', *, *, #250, .F. ) ;
#2064 = VECTOR ( 'NONE', #1859, 1000.000000000000000 ) ;
#2065 = CARTESIAN_POINT ( 'NONE',  ( -2.399999999999999500, -2.600000000000000500, 5.421010862427522200E-017 ) ) ;
#2066 = ORIENTED_EDGE ( 'NONE', *, *, #121, .T. ) ;
#2067 = AXIS2_PLACEMENT_3D ( 'NONE', #275, #1945, #1388 ) ;
#2068 = FACE_OUTER_BOUND ( 'NONE', #1380, .T. ) ;
#2069 = ORIENTED_EDGE ( 'NONE', *, *, #1445, .F. ) ;
#2070 = DIRECTION ( 'NONE',  ( -0.0000000000000000000, 1.000000000000000000, 0.0000000000000000000 ) ) ;
#2071 = DIRECTION ( 'NONE',  ( -0.0000000000000000000, -1.000000000000000000, -0.0000000000000000000 ) ) ;
#2072 = EDGE_CURVE ( 'NONE', #2282, #2025, #348, .T. ) ;
#2073 = DIRECTION ( 'NONE',  ( 0.0000000000000000000, -1.000000000000000000, 7.105744337023929800E-017 ) ) ;
#2074 =( GEOMETRIC_REPRESENTATION_CONTEXT ( 3 ) GLOBAL_UNCERTAINTY_ASSIGNED_CONTEXT ( ( #632 ) ) GLOBAL_UNIT_ASSIGNED_CONTEXT ( ( #324, #1623, #511 ) ) REPRESENTATION_CONTEXT ( 'NONE', 'WORKASPACE' ) );
#2075 = EDGE_LOOP ( 'NONE', ( #464, #731, #1971, #879 ) ) ;
#2076 = AXIS2_PLACEMENT_3D ( 'NONE', #415, #1714, #609 ) ;
#2077 = DIRECTION ( 'NONE',  ( -1.000000000000000000, 0.0000000000000000000, 6.123233995736769700E-017 ) ) ;
#2078 = LINE ( 'NONE', #2201, #1228 ) ;
#2079 = CARTESIAN_POINT ( 'NONE',  ( 2.399999999999999900, -2.771740286527110800, 7.922932998514809800 ) ) ;
#2080 = DIRECTION ( 'NONE',  ( 0.0000000000000000000, 1.000000000000000000, 0.0000000000000000000 ) ) ;
#2081 = VERTEX_POINT ( 'NONE', #2225 ) ;
#2082 = ORIENTED_EDGE ( 'NONE', *, *, #353, .T. ) ;
#2083 = LINE ( 'NONE', #396, #627 ) ;
#2084 = DIRECTION ( 'NONE',  ( 1.000000000000000000, -0.0000000000000000000, -6.123233995736769700E-017 ) ) ;
#2085 = ORIENTED_EDGE ( 'NONE', *, *, #851, .F. ) ;
#2086 = CARTESIAN_POINT ( 'NONE',  ( 2.399999999999999900, -3.400000000000001200, 0.8000000000000000400 ) ) ;
#2087 = CIRCLE ( 'NONE', #1411, 2.300000000000110000 ) ;
#2088 = DIRECTION ( 'NONE',  ( 0.0000000000000000000, 0.0000000000000000000, 1.000000000000000000 ) ) ;
#2089 = PLANE ( 'NONE',  #69 ) ;
#2090 = CARTESIAN_POINT ( 'NONE',  ( 2.802000000000000000, -0.9000000000000002400, -2.500000000000000400 ) ) ;
#2091 = LINE ( 'NONE', #1409, #1612 ) ;
#2092 = LINE ( 'NONE', #2292, #1132 ) ;
#2093 = ORIENTED_EDGE ( 'NONE', *, *, #474, .F. ) ;
#2094 = VERTEX_POINT ( 'NONE', #24 ) ;
#2095 = AXIS2_PLACEMENT_3D ( 'NONE', #1364, #1725, #1179 ) ;
#2096 = VECTOR ( 'NONE', #2315, 1000.000000000000100 ) ;
#2097 = DIRECTION ( 'NONE',  ( 0.0000000000000000000, 1.000000000000000000, 0.0000000000000000000 ) ) ;
#2098 = EDGE_CURVE ( 'NONE', #829, #1123, #1281, .T. ) ;
#2099 = ORIENTED_EDGE ( 'NONE', *, *, #302, .F. ) ;
#2100 = EDGE_CURVE ( 'NONE', #1081, #1149, #2182, .T. ) ;
#2101 = ADVANCED_FACE ( 'NONE', ( #240 ), #1657, .F. ) ;
#2102 = VECTOR ( 'NONE', #1467, 1000.000000000000000 ) ;
#2103 = VERTEX_POINT ( 'NONE', #1527 ) ;
#2104 = CIRCLE ( 'NONE', #2076, 0.2999999999999999300 ) ;
#2105 = ORIENTED_EDGE ( 'NONE', *, *, #1301, .T. ) ;
#2106 = VERTEX_POINT ( 'NONE', #1709 ) ;
#2107 = AXIS2_PLACEMENT_3D ( 'NONE', #220, #973, #2240 ) ;
#2108 = CYLINDRICAL_SURFACE ( 'NONE', #1797, 0.1999999999999999600 ) ;
#2109 = DIRECTION ( 'NONE',  ( 0.0000000000000000000, 0.0000000000000000000, -1.000000000000000000 ) ) ;
#2110 = ADVANCED_FACE ( 'NONE', ( #1174 ), #679, .T. ) ;
#2111 = ORIENTED_EDGE ( 'NONE', *, *, #2242, .T. ) ;
#2112 = CIRCLE ( 'NONE', #904, 0.2999999999999999300 ) ;
#2113 = ADVANCED_FACE ( 'NONE', ( #1779 ), #1104, .F. ) ;
#2114 = CARTESIAN_POINT ( 'NONE',  ( 2.399999999999999900, -2.771740286527105900, 7.411440444378069300 ) ) ;
#2115 = ORIENTED_EDGE ( 'NONE', *, *, #975, .T. ) ;
#2116 = DIRECTION ( 'NONE',  ( 0.0000000000000000000, 1.000000000000000000, 0.0000000000000000000 ) ) ;
#2117 = CARTESIAN_POINT ( 'NONE',  ( 2.401999999999999200, -0.2999999999999999900, -5.700000000000000200 ) ) ;
#2118 = AXIS2_PLACEMENT_3D ( 'NONE', #1091, #2349, #1275 ) ;
#2119 = AXIS2_PLACEMENT_3D ( 'NONE', #858, #2122, #1039 ) ;
#2120 = VERTEX_POINT ( 'NONE', #946 ) ;
#2121 = LINE ( 'NONE', #1569, #1643 ) ;
#2122 = DIRECTION ( 'NONE',  ( 0.0000000000000000000, 1.000000000000000000, 0.0000000000000000000 ) ) ;
#2123 = EDGE_LOOP ( 'NONE', ( #2314, #112, #2010, #1796 ) ) ;
#2124 = ADVANCED_FACE ( 'NONE', ( #2130 ), #1602, .T. ) ;
#2125 = DIRECTION ( 'NONE',  ( -1.000000000000000000, 0.0000000000000000000, 6.123233995736769700E-017 ) ) ;
#2126 = ORIENTED_EDGE ( 'NONE', *, *, #45, .T. ) ;
#2127 = ORIENTED_EDGE ( 'NONE', *, *, #1959, .T. ) ;
#2128 = EDGE_CURVE ( 'NONE', #894, #1108, #735, .T. ) ;
#2129 = ORIENTED_EDGE ( 'NONE', *, *, #1707, .F. ) ;
#2130 = FACE_OUTER_BOUND ( 'NONE', #1293, .T. ) ;
#2131 = ADVANCED_FACE ( 'NONE', ( #172 ), #932, .T. ) ;
#2132 = VERTEX_POINT ( 'NONE', #1114 ) ;
#2133 = VECTOR ( 'NONE', #1681, 1000.000000000000000 ) ;
#2134 = CARTESIAN_POINT ( 'NONE',  ( 2.402000000000000100, -0.5999999999999998700, 0.1032433538952580000 ) ) ;
#2135 = EDGE_CURVE ( 'NONE', #871, #1767, #1109, .T. ) ;
#2136 = ORIENTED_EDGE ( 'NONE', *, *, #680, .F. ) ;
#2137 = CARTESIAN_POINT ( 'NONE',  ( -2.399999999999999900, -1.569421125071090100, 5.450718986853900100 ) ) ;
#2138 = EDGE_CURVE ( 'NONE', #2372, #1511, #2078, .T. ) ;
#2139 = ORIENTED_EDGE ( 'NONE', *, *, #1264, .T. ) ;
#2140 = ADVANCED_FACE ( 'NONE', ( #622 ), #189, .F. ) ;
#2141 = PLANE ( 'NONE',  #1329 ) ;
#2142 = CIRCLE ( 'NONE', #195, 0.2999999999999999300 ) ;
#2143 = ORIENTED_EDGE ( 'NONE', *, *, #971, .T. ) ;
#2144 = UNCERTAINTY_MEASURE_WITH_UNIT (LENGTH_MEASURE( 1.000000000000000100E-005 ), #256, 'distance_accuracy_value', 'NONE');
#2145 = CIRCLE ( 'NONE', #1784, 1.899999999999999700 ) ;
#2146 = AXIS2_PLACEMENT_3D ( 'NONE', #1153, #26, #1492 ) ;
#2147 = DIRECTION ( 'NONE',  ( 0.0000000000000000000, -1.000000000000000000, 0.0000000000000000000 ) ) ;
#2148 = DIRECTION ( 'NONE',  ( -1.000000000000000000, 0.0000000000000000000, 0.0000000000000000000 ) ) ;
#2149 = ORIENTED_EDGE ( 'NONE', *, *, #1429, .F. ) ;
#2150 = ORIENTED_EDGE ( 'NONE', *, *, #2151, .T. ) ;
#2151 = EDGE_CURVE ( 'NONE', #606, #439, #2021, .T. ) ;
#2152 = APPLICATION_PROTOCOL_DEFINITION ( 'draft international standard', 'automotive_design', 1998, #2331 ) ;
#2153 = CYLINDRICAL_SURFACE ( 'NONE', #346, 0.2999999999999999300 ) ;
#2154 = EDGE_LOOP ( 'NONE', ( #1376, #1292, #593, #347, #125, #194 ) ) ;
#2155 = VECTOR ( 'NONE', #404, 1000.000000000000000 ) ;
#2156 = ORIENTED_EDGE ( 'NONE', *, *, #1264, .F. ) ;
#2157 = APPLICATION_CONTEXT ( 'automotive_design' ) ;
#2158 = CYLINDRICAL_SURFACE ( 'NONE', #454, 0.2999999999999999300 ) ;
#2159 = AXIS2_PLACEMENT_3D ( 'NONE', #15, #1324, #204 ) ;
#2160 = FACE_OUTER_BOUND ( 'NONE', #1054, .T. ) ;
#2161 = ORIENTED_EDGE ( 'NONE', *, *, #1751, .F. ) ;
#2162 = CARTESIAN_POINT ( 'NONE',  ( 2.399999999999999900, 2.600000000000000500, 0.8000000000000000400 ) ) ;
#2163 = VECTOR ( 'NONE', #1841, 1000.000000000000000 ) ;
#2164 = CARTESIAN_POINT ( 'NONE',  ( 2.401999999999999700, -0.2999999999999999300, -6.000000000000000000 ) ) ;
#2165 = CARTESIAN_POINT ( 'NONE',  ( 2.399999999999999900, 3.867554454428030000, 3.522356157794290800 ) ) ;
#2166 = PRESENTATION_STYLE_ASSIGNMENT (( #1438 ) ) ;
#2167 = DIRECTION ( 'NONE',  ( -0.0000000000000000000, 0.08715574274765795800, -0.9961946980917455500 ) ) ;
#2168 = ORIENTED_EDGE ( 'NONE', *, *, #1560, .T. ) ;
#2169 = DIRECTION ( 'NONE',  ( 0.0000000000000000000, 0.0000000000000000000, -1.000000000000000000 ) ) ;
#2170 = EDGE_CURVE ( 'NONE', #598, #1705, #555, .T. ) ;
#2171 = LINE ( 'NONE', #342, #158 ) ;
#2172 = CARTESIAN_POINT ( 'NONE',  ( 2.802000000000000000, -2.600000000000000500, -6.000000000000000000 ) ) ;
#2173 = ORIENTED_EDGE ( 'NONE', *, *, #41, .T. ) ;
#2174 = CARTESIAN_POINT ( 'NONE',  ( -2.402000000000000100, -2.600000000000000500, 0.1032433538952580000 ) ) ;
#2175 = DIRECTION ( 'NONE',  ( 1.000000000000000000, 6.123233995736769700E-017, 7.498798913309289400E-033 ) ) ;
#2176 = ORIENTED_EDGE ( 'NONE', *, *, #219, .T. ) ;
#2177 = ORIENTED_EDGE ( 'NONE', *, *, #618, .F. ) ;
#2178 = CARTESIAN_POINT ( 'NONE',  ( 2.802000000000000500, 2.299999999999999800, -2.500000000000000400 ) ) ;
#2179 = DIRECTION ( 'NONE',  ( 0.0000000000000000000, 0.0000000000000000000, -1.000000000000000000 ) ) ;
#2180 = CARTESIAN_POINT ( 'NONE',  ( -2.802000000000000000, -2.600000000000000500, 0.1032433538952580000 ) ) ;
#2181 = ORIENTED_EDGE ( 'NONE', *, *, #2301, .T. ) ;
#2182 = LINE ( 'NONE', #967, #300 ) ;
#2183 = EDGE_CURVE ( 'NONE', #2269, #2282, #61, .T. ) ;
#2184 = DIRECTION ( 'NONE',  ( -6.123233995736769700E-017, 0.0000000000000000000, -1.000000000000000000 ) ) ;
#2185 = EDGE_CURVE ( 'NONE', #642, #598, #1053, .T. ) ;
#2186 = LINE ( 'NONE', #384, #2133 ) ;
#2187 = CARTESIAN_POINT ( 'NONE',  ( 2.200000000000000200, 2.818602670291202800, 8.420687556347290900 ) ) ;
#2188 = CARTESIAN_POINT ( 'NONE',  ( 2.399999999999999900, -2.600000000000000500, 0.4000000000000000200 ) ) ;
#2189 = AXIS2_PLACEMENT_3D ( 'NONE', #783, #2052, #962 ) ;
#2190 = CARTESIAN_POINT ( 'NONE',  ( -2.399999999999999900, -3.000000000000000900, 0.8000000000000000400 ) ) ;
#2191 = DIRECTION ( 'NONE',  ( 0.0000000000000000000, -0.8524875902278970000, 0.5227474615026199700 ) ) ;
#2192 = CARTESIAN_POINT ( 'NONE',  ( 2.399999999999999900, 2.998477879236704200, 0.8348622970990640100 ) ) ;
#2193 = VERTEX_POINT ( 'NONE', #1137 ) ;
#2195 = ORIENTED_EDGE ( 'NONE', *, *, #488, .F. ) ;
#2194 = CARTESIAN_POINT ( 'NONE',  ( -2.399999999999999900, -2.771740286527115200, 3.426484840771866700 ) ) ;
#2196 = CARTESIAN_POINT ( 'NONE',  ( -2.802000000000000000, 0.9000000000000002400, -2.500000000000000000 ) ) ;
#2197 = FACE_OUTER_BOUND ( 'NONE', #817, .T. ) ;
#2198 = CARTESIAN_POINT ( 'NONE',  ( -2.399999999999999900, 2.771852294086589300, 7.411371756668091700 ) ) ;
#2199 = DIRECTION ( 'NONE',  ( 1.000000000000000000, 0.0000000000000000000, 0.0000000000000000000 ) ) ;
#2200 = LINE ( 'NONE', #536, #255 ) ;
#2201 = CARTESIAN_POINT ( 'NONE',  ( 2.402000000000000100, 2.600000000000000500, -2.500000000000000400 ) ) ;
#2202 = DIRECTION ( 'NONE',  ( -1.000000000000000000, 6.123233995736769700E-017, 7.498798913309289400E-033 ) ) ;
#2203 = AXIS2_PLACEMENT_3D ( 'NONE', #442, #1184, #67 ) ;
#2204 = ORIENTED_EDGE ( 'NONE', *, *, #659, .F. ) ;
#2205 = EDGE_LOOP ( 'NONE', ( #1827, #1355, #1921, #2307 ) ) ;
#2206 = ORIENTED_EDGE ( 'NONE', *, *, #2312, .F. ) ;
#2207 = DIRECTION ( 'NONE',  ( 1.743555121791920400E-016, -0.5226473705391422300, 0.8525489581651722900 ) ) ;
#2208 = EDGE_CURVE ( 'NONE', #598, #1510, #999, .T. ) ;
#2209 = CARTESIAN_POINT ( 'NONE',  ( -2.802000000000000000, -2.299999999999999800, -2.200000000000000200 ) ) ;
#2210 = AXIS2_PLACEMENT_3D ( 'NONE', #767, #2046, #952 ) ;
#2211 = DIRECTION ( 'NONE',  ( 6.123233995736769700E-017, -0.0000000000000000000, 1.000000000000000000 ) ) ;
#2212 = DIRECTION ( 'NONE',  ( 0.0000000000000000000, -1.000000000000000000, 0.0000000000000000000 ) ) ;
#2213 = CYLINDRICAL_SURFACE ( 'NONE', #2350, 0.7999999999999999300 ) ;
#2214 = CIRCLE ( 'NONE', #747, 0.4000000000000001900 ) ;
#2215 = DIRECTION ( 'NONE',  ( 1.000000000000000000, 0.0000000000000000000, 0.0000000000000000000 ) ) ;
#2216 = VERTEX_POINT ( 'NONE', #1318 ) ;
#2217 = LINE ( 'NONE', #969, #1750 ) ;
#2218 = PLANE ( 'NONE',  #600 ) ;
#2219 = CARTESIAN_POINT ( 'NONE',  ( -2.399999999999999900, 3.431685394006780000, 0.4727630435956850000 ) ) ;
#2220 = LINE ( 'NONE', #1073, #2278 ) ;
#2221 = ORIENTED_EDGE ( 'NONE', *, *, #10, .T. ) ;
#2222 = DIRECTION ( 'NONE',  ( 0.0000000000000000000, 0.0000000000000000000, 1.000000000000000000 ) ) ;
#2223 = CARTESIAN_POINT ( 'NONE',  ( -2.402000000000000100, -2.299999999999999800, -2.200000000000000200 ) ) ;
#2224 = LINE ( 'NONE', #2358, #1260 ) ;
#2225 = CARTESIAN_POINT ( 'NONE',  ( 2.399999999999999900, -3.170218165763806000, 3.461347137870927500 ) ) ;
#2226 = AXIS2_PLACEMENT_3D ( 'NONE', #566, #1861, #1315 ) ;
#2227 = CARTESIAN_POINT ( 'NONE',  ( 2.399999999999999900, 2.600000000000000500, 0.8000000000000000400 ) ) ;
#2228 = EDGE_CURVE ( 'NONE', #175, #1642, #1487, .T. ) ;
#2229 = VERTEX_POINT ( 'NONE', #202 ) ;
#2230 = LINE ( 'NONE', #1588, #1267 ) ;
#2231 = PLANE ( 'NONE',  #2239 ) ;
#2232 = CARTESIAN_POINT ( 'NONE',  ( -2.401999999999999700, -2.600000000000000500, -6.000000000000000000 ) ) ;
#2233 = LINE ( 'NONE', #1012, #1763 ) ;
#2234 = EDGE_CURVE ( 'NONE', #2316, #1914, #940, .T. ) ;
#2235 = ORIENTED_EDGE ( 'NONE', *, *, #291, .F. ) ;
#2236 = ORIENTED_EDGE ( 'NONE', *, *, #616, .F. ) ;
#2237 = EDGE_CURVE ( 'NONE', #1298, #1343, #1425, .T. ) ;
#2238 = AXIS2_PLACEMENT_3D ( 'NONE', #1086, #2343, #1265 ) ;
#2239 = AXIS2_PLACEMENT_3D ( 'NONE', #597, #31, #1337 ) ;
#2240 = DIRECTION ( 'NONE',  ( 0.0000000000000000000, -0.0000000000000000000, -1.000000000000000000 ) ) ;
#2241 = EDGE_LOOP ( 'NONE', ( #1805, #1854, #2085, #176 ) ) ;
#2242 = EDGE_CURVE ( 'NONE', #491, #1932, #497, .T. ) ;
#2243 = CARTESIAN_POINT ( 'NONE',  ( 2.400000000000000400, 2.600000000000000500, -8.406802001498930900E-017 ) ) ;
#2244 = EDGE_LOOP ( 'NONE', ( #1083, #2176, #1603, #925 ) ) ;
#2245 = VECTOR ( 'NONE', #2215, 1000.000000000000000 ) ;
#2246 = VERTEX_POINT ( 'NONE', #218 ) ;
#2247 = EDGE_CURVE ( 'NONE', #377, #1634, #2320, .T. ) ;
#2248 = CARTESIAN_POINT ( 'NONE',  ( -2.399999999999999900, -2.600000000000000500, -0.002000000000000000000 ) ) ;
#2249 = DIRECTION ( 'NONE',  ( 0.0000000000000000000, 1.000000000000000000, 0.0000000000000000000 ) ) ;
#2250 = DIRECTION ( 'NONE',  ( 1.000000000000000000, 0.0000000000000000000, 0.0000000000000000000 ) ) ;
#2251 = VECTOR ( 'NONE', #374, 1000.000000000000100 ) ;
#2252 = VECTOR ( 'NONE', #332, 1000.000000000000000 ) ;
#2253 = ORIENTED_EDGE ( 'NONE', *, *, #629, .F. ) ;
#2254 = CARTESIAN_POINT ( 'NONE',  ( 2.399999999999999900, -3.396955758473396300, 0.8697245941981262000 ) ) ;
#2255 = CARTESIAN_POINT ( 'NONE',  ( -2.802000000000000000, -0.9000000000000002400, -2.799999999999999800 ) ) ;
#2256 = EDGE_CURVE ( 'NONE', #307, #2329, #1862, .T. ) ;
#2257 = EDGE_LOOP ( 'NONE', ( #542, #1793, #2261, #1378 ) ) ;
#2258 = DIRECTION ( 'NONE',  ( 0.0000000000000000000, -7.105744337023929800E-017, 1.000000000000000000 ) ) ;
#2259 = EDGE_CURVE ( 'NONE', #1882, #677, #886, .T. ) ;
#2260 = CARTESIAN_POINT ( 'NONE',  ( 2.399999999999999900, -3.867554454428030000, 3.522356157794290800 ) ) ;
#2261 = ORIENTED_EDGE ( 'NONE', *, *, #2135, .F. ) ;
#2262 = CARTESIAN_POINT ( 'NONE',  ( -2.399999999999999900, -2.600000000000000500, 0.4000000000000000200 ) ) ;
#2263 = CARTESIAN_POINT ( 'NONE',  ( -2.399999999999999900, -2.998477879236704200, 0.8348622970990635700 ) ) ;
#2264 = FACE_OUTER_BOUND ( 'NONE', #2241, .T. ) ;
#2265 = VECTOR ( 'NONE', #1296, 1000.000000000000100 ) ;
#2266 = CARTESIAN_POINT ( 'NONE',  ( -2.401999999999999700, 0.5999999999999998700, -5.700000000000000200 ) ) ;
#2267 = ORIENTED_EDGE ( 'NONE', *, *, #1177, .T. ) ;
#2268 = EDGE_LOOP ( 'NONE', ( #409, #171, #79, #514 ) ) ;
#2269 = VERTEX_POINT ( 'NONE', #223 ) ;
#2270 = CARTESIAN_POINT ( 'NONE',  ( 2.399999999999999900, 3.027661618506861000, 8.079667973081219800 ) ) ;
#2271 = DIRECTION ( 'NONE',  ( -1.000000000000000000, 6.123233995736769700E-017, 7.498798913309289400E-033 ) ) ;
#2272 = EDGE_LOOP ( 'NONE', ( #1426, #1843, #2139, #1084 ) ) ;
#2273 = FACE_OUTER_BOUND ( 'NONE', #2123, .T. ) ;
#2274 = LINE ( 'NONE', #823, #1746 ) ;
#2275 = CARTESIAN_POINT ( 'NONE',  ( 2.200000000000000200, -2.856989045549901200, 7.975207744665069300 ) ) ;
#2276 = VERTEX_POINT ( 'NONE', #2296 ) ;
#2277 = CARTESIAN_POINT ( 'NONE',  ( 2.802000000000000000, 0.6000000000000000900, -2.800000000000000300 ) ) ;
#2278 = VECTOR ( 'NONE', #1254, 1000.000000000000000 ) ;
#2279 = ORIENTED_EDGE ( 'NONE', *, *, #339, .T. ) ;
#2280 = ADVANCED_FACE ( 'NONE', ( #1373 ), #2213, .T. ) ;
#2281 = ORIENTED_EDGE ( 'NONE', *, *, #557, .F. ) ;
#2282 = VERTEX_POINT ( 'NONE', #518 ) ;
#2283 = LINE ( 'NONE', #907, #1809 ) ;
#2284 = CARTESIAN_POINT ( 'NONE',  ( -2.399999999999999900, -2.771740286527115700, 3.426484840771864400 ) ) ;
#2285 = DIRECTION ( 'NONE',  ( 0.0000000000000000000, 0.0000000000000000000, 1.000000000000000000 ) ) ;
#2286 = AXIS2_PLACEMENT_3D ( 'NONE', #755, #4, #1313 ) ;
#2287 = ORIENTED_EDGE ( 'NONE', *, *, #2098, .F. ) ;
#2288 = EDGE_CURVE ( 'NONE', #1149, #1677, #320, .T. ) ;
#2290 = ADVANCED_FACE ( 'NONE', ( #2273 ), #768, .T. ) ;
#2289 = CIRCLE ( 'NONE', #1611, 0.7999999999999999300 ) ;
#2291 = ADVANCED_FACE ( 'NONE', ( #1316 ), #2153, .T. ) ;
#2292 = CARTESIAN_POINT ( 'NONE',  ( -2.399999999999999900, 2.600000000000000500, 0.0000000000000000000 ) ) ;
#2293 = EDGE_CURVE ( 'NONE', #439, #1799, #262, .T. ) ;
#2294 = DIRECTION ( 'NONE',  ( 0.0000000000000000000, -0.5226473705391445600, 0.8525489581651708400 ) ) ;
#2295 = ORIENTED_EDGE ( 'NONE', *, *, #2185, .T. ) ;
#2296 = CARTESIAN_POINT ( 'NONE',  ( 2.802000000000000000, -0.2999999999999999300, -6.000000000000000000 ) ) ;
#2297 = ADVANCED_FACE ( 'NONE', ( #1250 ), #529, .F. ) ;
#2298 = VECTOR ( 'NONE', #198, 1000.000000000000000 ) ;
#2299 = ORIENTED_EDGE ( 'NONE', *, *, #427, .T. ) ;
#2300 = EDGE_CURVE ( 'NONE', #1735, #698, #1690, .T. ) ;
#2301 = EDGE_CURVE ( 'NONE', #652, #1914, #1194, .T. ) ;
#2302 = CARTESIAN_POINT ( 'NONE',  ( -2.402000000000000100, -2.299999999999999800, -2.500000000000000000 ) ) ;
#2303 = VECTOR ( 'NONE', #1953, 1000.000000000000000 ) ;
#2304 = FACE_OUTER_BOUND ( 'NONE', #950, .T. ) ;
#2305 = VERTEX_POINT ( 'NONE', #1999 ) ;
#2306 = ADVANCED_FACE ( 'NONE', ( #832 ), #2008, .T. ) ;
#2307 = ORIENTED_EDGE ( 'NONE', *, *, #2312, .T. ) ;
#2308 = ORIENTED_EDGE ( 'NONE', *, *, #1127, .T. ) ;
#2309 = EDGE_CURVE ( 'NONE', #1799, #2020, #1624, .T. ) ;
#2310 = LINE ( 'NONE', #2263, #1848 ) ;
#2311 = CIRCLE ( 'NONE', #1842, 2.299999999999999800 ) ;
#2312 = EDGE_CURVE ( 'NONE', #1271, #1628, #703, .T. ) ;
#2313 = ORIENTED_EDGE ( 'NONE', *, *, #1885, .T. ) ;
#2314 = ORIENTED_EDGE ( 'NONE', *, *, #601, .T. ) ;
#2315 = DIRECTION ( 'NONE',  ( 0.0000000000000000000, 0.08715574274765693100, 0.9961946980917456600 ) ) ;
#2316 = VERTEX_POINT ( 'NONE', #2187 ) ;
#2317 = ADVANCED_FACE ( 'NONE', ( #2053 ), #924, .T. ) ;
#2318 = DIRECTION ( 'NONE',  ( 0.0000000000000000000, 0.0000000000000000000, -1.000000000000000000 ) ) ;
#2319 = DIRECTION ( 'NONE',  ( 0.0000000000000000000, 1.000000000000000000, 1.478457507934780100E-016 ) ) ;
#2320 = CIRCLE ( 'NONE', #2000, 0.4000000000000001900 ) ;
#2321 = AXIS2_PLACEMENT_3D ( 'NONE', #1202, #80, #1384 ) ;
#2322 = CIRCLE ( 'NONE', #1143, 0.7000000000000000700 ) ;
#2323 = CARTESIAN_POINT ( 'NONE',  ( -2.401999999999999700, 2.600000000000000500, -0.001999999999999984400 ) ) ;
#2324 = ORIENTED_EDGE ( 'NONE', *, *, #35, .F. ) ;
#2325 = CARTESIAN_POINT ( 'NONE',  ( 2.399999999999999900, 3.170218165763806000, 3.461347137870927500 ) ) ;
#2326 = DIRECTION ( 'NONE',  ( 0.0000000000000000000, -0.5227474615026142000, -0.8524875902279005500 ) ) ;
#2327 = AXIS2_PLACEMENT_3D ( 'NONE', #1088, #2346, #1270 ) ;
#2328 = VECTOR ( 'NONE', #1541, 1000.000000000000000 ) ;
#2329 = VERTEX_POINT ( 'NONE', #737 ) ;
#2330 = ORIENTED_EDGE ( 'NONE', *, *, #206, .F. ) ;
#2331 = APPLICATION_CONTEXT ( 'automotive_design' ) ;
#2332 = EDGE_CURVE ( 'NONE', #642, #1117, #648, .T. ) ;
#2333 = ORIENTED_EDGE ( 'NONE', *, *, #2170, .F. ) ;
#2334 = LINE ( 'NONE', #2188, #2163 ) ;
#2335 = EDGE_CURVE ( 'NONE', #499, #25, #1080, .T. ) ;
#2336 = VECTOR ( 'NONE', #184, 1000.000000000000000 ) ;
#2337 = EDGE_LOOP ( 'NONE', ( #1176, #1906, #2115, #402 ) ) ;
#2338 = VECTOR ( 'NONE', #691, 1000.000000000000000 ) ;
#2339 = CARTESIAN_POINT ( 'NONE',  ( -2.399999999999999900, 3.867554454428030000, 3.522356157794290800 ) ) ;
#2340 = EDGE_CURVE ( 'NONE', #2316, #2094, #86, .T. ) ;
#2341 = DIRECTION ( 'NONE',  ( 0.0000000000000000000, 1.000000000000000000, 0.0000000000000000000 ) ) ;
#2342 = ORIENTED_EDGE ( 'NONE', *, *, #1811, .T. ) ;
#2343 = DIRECTION ( 'NONE',  ( 1.743889025915150000E-016, -0.5227474615026199700, -0.8524875902278970000 ) ) ;
#2344 = VERTEX_POINT ( 'NONE', #2194 ) ;
#2345 = EDGE_CURVE ( 'NONE', #1776, #2094, #1573, .T. ) ;
#2346 = DIRECTION ( 'NONE',  ( -1.000000000000000000, 0.0000000000000000000, 6.123233995736769700E-017 ) ) ;
#2347 = SURFACE_STYLE_FILL_AREA ( #1530 ) ;
#2348 = VERTEX_POINT ( 'NONE', #1664 ) ;
#2349 = DIRECTION ( 'NONE',  ( 1.743889025915150000E-016, -0.5227474615026199700, -0.8524875902278970000 ) ) ;
#2350 = AXIS2_PLACEMENT_3D ( 'NONE', #2227, #141, #1446 ) ;
#2351 = EDGE_CURVE ( 'NONE', #1677, #2282, #1933, .T. ) ;
#2352 = CARTESIAN_POINT ( 'NONE',  ( 2.399999999999999900, 2.600000000000000500, -0.002000000000000000000 ) ) ;
#2353 = DIRECTION ( 'NONE',  ( 0.0000000000000000000, 0.0000000000000000000, -1.000000000000000000 ) ) ;
#2354 = LINE ( 'NONE', #1215, #1405 ) ;
#2355 = FACE_OUTER_BOUND ( 'NONE', #210, .T. ) ;
#2356 = DIRECTION ( 'NONE',  ( -1.000000000000000000, -0.0000000000000000000, -0.0000000000000000000 ) ) ;
#2357 = EDGE_CURVE ( 'NONE', #222, #642, #14, .T. ) ;
#2358 = CARTESIAN_POINT ( 'NONE',  ( 2.399999999999999900, 3.331323344244734300, 3.972307484574855600 ) ) ;
#2359 = ORIENTED_EDGE ( 'NONE', *, *, #634, .F. ) ;
#2360 = PLANE ( 'NONE',  #928 ) ;
#2361 = CARTESIAN_POINT ( 'NONE',  ( -3.008000000000000900, 0.3000000000000000400, -6.000000000000000000 ) ) ;
#2362 = EDGE_LOOP ( 'NONE', ( #1829, #1110, #44, #818 ) ) ;
#2363 = CIRCLE ( 'NONE', #426, 0.002000000000000000000 ) ;
#2364 = FACE_OUTER_BOUND ( 'NONE', #237, .T. ) ;
#2365 = DIRECTION ( 'NONE',  ( 0.0000000000000000000, 1.000000000000000000, 0.0000000000000000000 ) ) ;
#2366 = CARTESIAN_POINT ( 'NONE',  ( 2.399999999999999900, -2.771740286527110800, 7.922932998514809800 ) ) ;
#2367 = DIRECTION ( 'NONE',  ( -1.224646799147350000E-016, 1.000000000000000000, 0.0000000000000000000 ) ) ;
#2368 = EDGE_CURVE ( 'NONE', #1142, #1550, #510, .T. ) ;
#2369 = VERTEX_POINT ( 'NONE', #387 ) ;
#2370 = CARTESIAN_POINT ( 'NONE',  ( -3.008000000000000900, 0.9000000000000003600, -2.500000000000000000 ) ) ;
#2371 = CARTESIAN_POINT ( 'NONE',  ( 2.401999999999999700, 2.299999999999999800, -2.500000000000000400 ) ) ;
#2372 = VERTEX_POINT ( 'NONE', #575 ) ;
#2373 = CARTESIAN_POINT ( 'NONE',  ( -3.008000000000000900, 0.5999999999999999800, -5.700000000000000200 ) ) ;
#2374 = DIRECTION ( 'NONE',  ( 1.000000000000000000, -6.123233995736769700E-017, -7.498798913309289400E-033 ) ) ;
#2375 = CARTESIAN_POINT ( 'NONE',  ( 2.399999999999999900, 2.998477879236701100, 0.8348622970990636800 ) ) ;
#2376 = VERTEX_POINT ( 'NONE', #1870 ) ;
#2377 = DIRECTION ( 'NONE',  ( -1.000000000000000000, -0.0000000000000000000, -0.0000000000000000000 ) ) ;
#2378 = VECTOR ( 'NONE', #583, 1000.000000000000000 ) ;
#2379 = EDGE_CURVE ( 'NONE', #11, #2081, #458, .T. ) ;
#2380 = ORIENTED_EDGE ( 'NONE', *, *, #663, .T. ) ;
#2381 = CARTESIAN_POINT ( 'NONE',  ( -2.399999999999999900, -2.600000000000000500, 0.8000000000000000400 ) ) ;
#2382 = VERTEX_POINT ( 'NONE', #1128 ) ;
ENDSEC;
END-ISO-10303-21;
