ISO-10303-21;
HEADER;
FILE_DESCRIPTION (( 'STEP AP214' ),
    '1' );
FILE_NAME ('BK-6007.STEP',
    '2020-02-07T22:46:49',
    ( '' ),
    ( '' ),
    'SwSTEP 2.0',
    'SolidWorks 2017',
    '' );
FILE_SCHEMA (( 'AUTOMOTIVE_DESIGN' ));
ENDSEC;

DATA;
#1 = DIRECTION ( 'NONE',  ( -0.7372773368101284100, -0.6755902076156555800, 0.0000000000000000000 ) ) ;
#2 = CARTESIAN_POINT ( 'NONE',  ( -2.066231878785248300, 7.287678384782625000, -2.445000000000000300 ) ) ;
#3 = LINE ( 'NONE', #1385, #1835 ) ;
#4 = DIRECTION ( 'NONE',  ( 0.0000000000000000000, -0.0000000000000000000, -1.000000000000000000 ) ) ;
#5 = CYLINDRICAL_SURFACE ( 'NONE', #2556, 0.7000000000000000700 ) ;
#6 = CARTESIAN_POINT ( 'NONE',  ( -3.619999999999999200, 3.239999999999999300, -0.8399999999999996400 ) ) ;
#7 = LINE ( 'NONE', #1188, #2028 ) ;
#8 = CYLINDRICAL_SURFACE ( 'NONE', #181, 1.200000000000000600 ) ;
#9 = ORIENTED_EDGE ( 'NONE', *, *, #696, .T. ) ;
#10 = PLANE ( 'NONE',  #1646 ) ;
#11 = AXIS2_PLACEMENT_3D ( 'NONE', #1482, #454, #655 ) ;
#12 = CARTESIAN_POINT ( 'NONE',  ( 2.788151357317535600, 9.875733069645088200, 3.964999999999999900 ) ) ;
#13 = VERTEX_POINT ( 'NONE', #1934 ) ;
#14 = ORIENTED_EDGE ( 'NONE', *, *, #329, .T. ) ;
#15 = ORIENTED_EDGE ( 'NONE', *, *, #742, .T. ) ;
#16 = EDGE_CURVE ( 'NONE', #813, #386, #1230, .T. ) ;
#17 = LINE ( 'NONE', #785, #2487 ) ;
#18 = ORIENTED_EDGE ( 'NONE', *, *, #1814, .F. ) ;
#19 = DIRECTION ( 'NONE',  ( 1.000000000000000000, 0.0000000000000000000, 0.0000000000000000000 ) ) ;
#20 = CARTESIAN_POINT ( 'NONE',  ( 2.675856766822704000, 7.644829931293641900, -2.445000000000000300 ) ) ;
#21 = DIRECTION ( 'NONE',  ( -1.000000000000000000, 0.0000000000000000000, 0.0000000000000000000 ) ) ;
#22 = CARTESIAN_POINT ( 'NONE',  ( -0.7500000000000005600, 2.540000000000000500, -1.000000000000000000 ) ) ;
#23 = ORIENTED_EDGE ( 'NONE', *, *, #154, .F. ) ;
#24 = CARTESIAN_POINT ( 'NONE',  ( 1.589988852970481300, 10.13649271229480500, -3.964999999999999900 ) ) ;
#25 = CARTESIAN_POINT ( 'NONE',  ( 2.165896641714967400, 11.95946407615478100, -2.445000000000000300 ) ) ;
#26 = ORIENTED_EDGE ( 'NONE', *, *, #1823, .F. ) ;
#27 = AXIS2_PLACEMENT_3D ( 'NONE', #2624, #966, #2185 ) ;
#28 = DIRECTION ( 'NONE',  ( 0.0000000000000000000, 0.0000000000000000000, 1.000000000000000000 ) ) ;
#29 = VERTEX_POINT ( 'NONE', #2324 ) ;
#30 = EDGE_CURVE ( 'NONE', #2259, #2295, #126, .T. ) ;
#31 = DIRECTION ( 'NONE',  ( 0.0000000000000000000, 0.0000000000000000000, -1.000000000000000000 ) ) ;
#32 = LINE ( 'NONE', #1950, #1253 ) ;
#33 = DIRECTION ( 'NONE',  ( -1.000000000000000000, 0.0000000000000000000, 0.0000000000000000000 ) ) ;
#34 = VECTOR ( 'NONE', #1473, 1000.000000000000000 ) ;
#35 = CARTESIAN_POINT ( 'NONE',  ( 2.165896641714967400, 11.95946407615478100, 3.964999999999999900 ) ) ;
#36 = LINE ( 'NONE', #533, #2504 ) ;
#37 = CARTESIAN_POINT ( 'NONE',  ( 2.592383508831465700, 12.23912271123897500, 3.964999999999999900 ) ) ;
#38 = CYLINDRICAL_SURFACE ( 'NONE', #470, 1.200000000000000200 ) ;
#39 = VECTOR ( 'NONE', #1467, 1000.000000000000000 ) ;
#40 = LINE ( 'NONE', #993, #222 ) ;
#41 = EDGE_CURVE ( 'NONE', #13, #915, #1549, .T. ) ;
#42 = CARTESIAN_POINT ( 'NONE',  ( 1.079988852970481100, 10.13649271229480500, -3.964999999999999900 ) ) ;
#43 = AXIS2_PLACEMENT_3D ( 'NONE', #1322, #86, #715 ) ;
#44 = VERTEX_POINT ( 'NONE', #1333 ) ;
#45 = CARTESIAN_POINT ( 'NONE',  ( 2.750000000000001300, 13.64000000000000100, 3.964999999999999900 ) ) ;
#46 = AXIS2_PLACEMENT_3D ( 'NONE', #781, #770, #2214 ) ;
#47 = VECTOR ( 'NONE', #2643, 1000.000000000000000 ) ;
#48 = AXIS2_PLACEMENT_3D ( 'NONE', #1570, #743, #955 ) ;
#49 = DIRECTION ( 'NONE',  ( 0.8660254037844415900, -0.4999999999999948900, 0.0000000000000000000 ) ) ;
#50 = ORIENTED_EDGE ( 'NONE', *, *, #1553, .T. ) ;
#51 = DIRECTION ( 'NONE',  ( -0.4999999999999949500, -0.8660254037844415900, 0.0000000000000000000 ) ) ;
#53 = VERTEX_POINT ( 'NONE', #1706 ) ;
#52 = FILL_AREA_STYLE_COLOUR ( '', #254 ) ;
#54 = ORIENTED_EDGE ( 'NONE', *, *, #1685, .T. ) ;
#55 = EDGE_LOOP ( 'NONE', ( #1426, #1983, #472, #1078 ) ) ;
#56 = ORIENTED_EDGE ( 'NONE', *, *, #2237, .T. ) ;
#57 = ORIENTED_EDGE ( 'NONE', *, *, #882, .F. ) ;
#58 = CARTESIAN_POINT ( 'NONE',  ( -1.502540733435194600, 8.230484351844229000, 3.964999999999999900 ) ) ;
#59 = CARTESIAN_POINT ( 'NONE',  ( -2.640879505729962800, 12.83885354275742300, -2.445000000000000300 ) ) ;
#60 = EDGE_CURVE ( 'NONE', #1672, #529, #2507, .T. ) ;
#61 = CYLINDRICAL_SURFACE ( 'NONE', #1133, 4.310000000000001400 ) ;
#62 = LINE ( 'NONE', #223, #411 ) ;
#63 = DIRECTION ( 'NONE',  ( 1.000000000000000000, 0.0000000000000000000, 0.0000000000000000000 ) ) ;
#64 = VECTOR ( 'NONE', #1240, 1000.000000000000000 ) ;
#65 = LINE ( 'NONE', #1220, #670 ) ;
#66 = DIRECTION ( 'NONE',  ( -0.0000000000000000000, 0.0000000000000000000, -1.000000000000000000 ) ) ;
#67 = CARTESIAN_POINT ( 'NONE',  ( 5.589988852970480900, 10.13649271229480500, 3.964999999999999900 ) ) ;
#68 = ORIENTED_EDGE ( 'NONE', *, *, #2006, .F. ) ;
#69 = CARTESIAN_POINT ( 'NONE',  ( -4.319999999999999400, 3.239999999999999300, 3.964999999999999900 ) ) ;
#70 = VERTEX_POINT ( 'NONE', #1314 ) ;
#71 = VERTEX_POINT ( 'NONE', #297 ) ;
#72 = CARTESIAN_POINT ( 'NONE',  ( -5.589988852970477300, 10.13649271229480300, 3.964999999999999900 ) ) ;
#73 = ORIENTED_EDGE ( 'NONE', *, *, #1039, .F. ) ;
#74 = CIRCLE ( 'NONE', #722, 0.7000000000000000700 ) ;
#75 = EDGE_CURVE ( 'NONE', #1669, #321, #1906, .T. ) ;
#76 = CARTESIAN_POINT ( 'NONE',  ( -4.319999999999999400, 3.239999999999999300, -3.964999999999999900 ) ) ;
#77 = DIRECTION ( 'NONE',  ( 1.000000000000000000, -0.0000000000000000000, -0.0000000000000000000 ) ) ;
#78 = AXIS2_PLACEMENT_3D ( 'NONE', #857, #830, #435 ) ;
#79 = DIRECTION ( 'NONE',  ( -1.000000000000000000, 0.0000000000000000000, 0.0000000000000000000 ) ) ;
#80 = DIRECTION ( 'NONE',  ( 0.4226182617407037200, -0.9063077870366479400, 0.0000000000000000000 ) ) ;
#81 = DIRECTION ( 'NONE',  ( -0.7372773368101274100, 0.6755902076156565800, -0.0000000000000000000 ) ) ;
#82 = ORIENTED_EDGE ( 'NONE', *, *, #2022, .F. ) ;
#83 = EDGE_CURVE ( 'NONE', #2381, #111, #1060, .T. ) ;
#84 = ORIENTED_EDGE ( 'NONE', *, *, #475, .F. ) ;
#85 = CARTESIAN_POINT ( 'NONE',  ( 3.685000000000000900, 2.140147737193774700, -0.7900000000000000400 ) ) ;
#86 = DIRECTION ( 'NONE',  ( -0.0000000000000000000, -0.0000000000000000000, -1.000000000000000000 ) ) ;
#87 = VECTOR ( 'NONE', #478, 1000.000000000000000 ) ;
#88 = EDGE_CURVE ( 'NONE', #395, #2104, #1810, .T. ) ;
#89 = LINE ( 'NONE', #1925, #310 ) ;
#90 = CARTESIAN_POINT ( 'NONE',  ( -3.580000000000000500, 3.540000000000000500, -0.8399999999999999700 ) ) ;
#91 = CIRCLE ( 'NONE', #2003, 0.6999999999999996200 ) ;
#92 = CYLINDRICAL_SURFACE ( 'NONE', #1574, 4.509999999999999800 ) ;
#93 = CYLINDRICAL_SURFACE ( 'NONE', #306, 1.200000000000000200 ) ;
#94 = LINE ( 'NONE', #1753, #1876 ) ;
#95 = CARTESIAN_POINT ( 'NONE',  ( -3.266231878785248000, 7.287678384782625000, 3.964999999999999900 ) ) ;
#96 = ORIENTED_EDGE ( 'NONE', *, *, #1635, .T. ) ;
#97 = EDGE_CURVE ( 'NONE', #874, #984, #1682, .T. ) ;
#98 = CARTESIAN_POINT ( 'NONE',  ( -3.619999999999999200, 3.050000000000000300, -1.000000000000000000 ) ) ;
#99 = LINE ( 'NONE', #2634, #1550 ) ;
#100 = DIRECTION ( 'NONE',  ( 0.7768308841918402100, -0.6297092800377994700, 0.0000000000000000000 ) ) ;
#101 = ORIENTED_EDGE ( 'NONE', *, *, #1325, .T. ) ;
#102 = DIRECTION ( 'NONE',  ( -0.0000000000000000000, -0.0000000000000000000, -1.000000000000000000 ) ) ;
#103 = CARTESIAN_POINT ( 'NONE',  ( -3.969999999999995300, 2.633782217350890200, -0.7899999999999999200 ) ) ;
#104 = EDGE_CURVE ( 'NONE', #2050, #519, #1842, .T. ) ;
#105 = DIRECTION ( 'NONE',  ( 0.8660254037844415900, -0.4999999999999948900, 0.0000000000000000000 ) ) ;
#106 = CARTESIAN_POINT ( 'NONE',  ( -3.714999999999997600, 3.075455173280956100, 0.7900000000000000400 ) ) ;
#107 = VERTEX_POINT ( 'NONE', #1718 ) ;
#108 = ORIENTED_EDGE ( 'NONE', *, *, #814, .F. ) ;
#109 = ORIENTED_EDGE ( 'NONE', *, *, #2099, .F. ) ;
#110 = DIRECTION ( 'NONE',  ( -1.198013450260225700E-016, 1.000000000000000000, 0.0000000000000000000 ) ) ;
#111 = VERTEX_POINT ( 'NONE', #69 ) ;
#112 = ORIENTED_EDGE ( 'NONE', *, *, #1243, .T. ) ;
#113 = CARTESIAN_POINT ( 'NONE',  ( 2.207973516581067700, 4.735014486609868500, -2.494999999999999700 ) ) ;
#114 = CARTESIAN_POINT ( 'NONE',  ( -0.7500000000000005600, 2.540000000000000500, -0.8399999999999999700 ) ) ;
#115 = EDGE_CURVE ( 'NONE', #2157, #2140, #193, .T. ) ;
#116 = AXIS2_PLACEMENT_3D ( 'NONE', #2021, #167, #404 ) ;
#117 = FACE_OUTER_BOUND ( 'NONE', #2371, .T. ) ;
#118 = FILL_AREA_STYLE ('',( #520 ) ) ;
#119 = ADVANCED_FACE ( 'NONE', ( #1262 ), #1000, .F. ) ;
#120 = CARTESIAN_POINT ( 'NONE',  ( -4.254415450925652200, 3.535832783218492800, 3.964999999999999900 ) ) ;
#121 = LINE ( 'NONE', #2101, #1181 ) ;
#122 = DIRECTION ( 'NONE',  ( -0.4226182617407052100, 0.9063077870366473800, 0.0000000000000000000 ) ) ;
#123 = VECTOR ( 'NONE', #1887, 1000.000000000000000 ) ;
#124 = EDGE_CURVE ( 'NONE', #2104, #2299, #1352, .T. ) ;
#125 = FACE_OUTER_BOUND ( 'NONE', #195, .T. ) ;
#126 = LINE ( 'NONE', #290, #675 ) ;
#127 = DIRECTION ( 'NONE',  ( -0.0000000000000000000, -0.0000000000000000000, -1.000000000000000000 ) ) ;
#128 = ORIENTED_EDGE ( 'NONE', *, *, #1497, .T. ) ;
#129 = ORIENTED_EDGE ( 'NONE', *, *, #1814, .T. ) ;
#130 = DIRECTION ( 'NONE',  ( 0.9063077870366480500, -0.4226182617407037200, 0.0000000000000000000 ) ) ;
#131 = LINE ( 'NONE', #606, #2257 ) ;
#132 = ADVANCED_FACE ( 'NONE', ( #1740 ), #692, .F. ) ;
#133 = EDGE_CURVE ( 'NONE', #631, #530, #2580, .T. ) ;
#134 = CARTESIAN_POINT ( 'NONE',  ( 3.071151732819278100, 13.24381624906216200, -3.964999999999999900 ) ) ;
#135 = CARTESIAN_POINT ( 'NONE',  ( 0.7499999999999998900, 3.540000000000000500, 0.8399999999999999700 ) ) ;
#136 = ORIENTED_EDGE ( 'NONE', *, *, #859, .T. ) ;
#137 = CARTESIAN_POINT ( 'NONE',  ( -3.619999999999999200, 3.049999999999999800, 0.8400000000000000800 ) ) ;
#138 = AXIS2_PLACEMENT_3D ( 'NONE', #1196, #189, #1637 ) ;
#139 = CARTESIAN_POINT ( 'NONE',  ( 3.685000000000000900, 2.140147737193774700, 0.7900000000000000400 ) ) ;
#140 = EDGE_CURVE ( 'NONE', #1912, #2138, #288, .T. ) ;
#141 = CARTESIAN_POINT ( 'NONE',  ( 3.620000000000001900, 3.240000000000000200, 3.964999999999999900 ) ) ;
#142 = DIRECTION ( 'NONE',  ( -0.4226182617407037200, -0.9063077870366480500, 0.0000000000000000000 ) ) ;
#143 = ADVANCED_FACE ( 'NONE', ( #803 ), #1790, .F. ) ;
#144 = ORIENTED_EDGE ( 'NONE', *, *, #1065, .T. ) ;
#145 = ADVANCED_FACE ( 'NONE', ( #1961 ), #706, .F. ) ;
#146 = VERTEX_POINT ( 'NONE', #2581 ) ;
#147 = CARTESIAN_POINT ( 'NONE',  ( -3.002145400766924600, 12.50781434102575100, 3.964999999999999900 ) ) ;
#148 = LINE ( 'NONE', #1273, #2148 ) ;
#149 = AXIS2_PLACEMENT_3D ( 'NONE', #879, #488, #1898 ) ;
#150 = CIRCLE ( 'NONE', #2519, 4.509999999999999800 ) ;
#151 = LINE ( 'NONE', #367, #2542 ) ;
#152 = CIRCLE ( 'NONE', #2246, 1.200000000000000200 ) ;
#153 = LINE ( 'NONE', #2267, #1807 ) ;
#154 = EDGE_CURVE ( 'NONE', #1658, #1340, #1387, .T. ) ;
#155 = DIRECTION ( 'NONE',  ( -1.000000000000000000, 0.0000000000000000000, 0.0000000000000000000 ) ) ;
#156 = LINE ( 'NONE', #1818, #1905 ) ;
#157 = DIRECTION ( 'NONE',  ( -1.000000000000000000, -4.052812443339609100E-016, 0.0000000000000000000 ) ) ;
#158 = VECTOR ( 'NONE', #2318, 1000.000000000000000 ) ;
#159 = CARTESIAN_POINT ( 'NONE',  ( -3.174999999999999800, 0.0000000000000000000, -0.7900000000000000400 ) ) ;
#160 = ADVANCED_FACE ( 'NONE', ( #2029 ), #2599, .F. ) ;
#161 = ORIENTED_EDGE ( 'NONE', *, *, #852, .F. ) ;
#162 = CARTESIAN_POINT ( 'NONE',  ( 2.750000000000002200, 13.64000000000000100, -3.964999999999999900 ) ) ;
#163 = CARTESIAN_POINT ( 'NONE',  ( -5.589988852970477300, 10.13649271229480300, 3.964999999999999900 ) ) ;
#164 = VECTOR ( 'NONE', #1154, 1000.000000000000000 ) ;
#165 = ORIENTED_EDGE ( 'NONE', *, *, #625, .T. ) ;
#166 = ORIENTED_EDGE ( 'NONE', *, *, #1373, .T. ) ;
#167 = DIRECTION ( 'NONE',  ( 0.0000000000000000000, 0.0000000000000000000, 1.000000000000000000 ) ) ;
#168 = EDGE_CURVE ( 'NONE', #183, #1720, #2310, .T. ) ;
#170 = DIRECTION ( 'NONE',  ( -0.6297092800377995800, -0.7768308841918401000, 0.0000000000000000000 ) ) ;
#169 = AXIS2_PLACEMENT_3D ( 'NONE', #709, #523, #2334 ) ;
#171 = CARTESIAN_POINT ( 'NONE',  ( 5.589988852970480900, 10.13649271229480500, -3.964999999999999900 ) ) ;
#172 = DIRECTION ( 'NONE',  ( 1.000000000000000000, 0.0000000000000000000, 0.0000000000000000000 ) ) ;
#173 = AXIS2_PLACEMENT_3D ( 'NONE', #761, #366, #1170 ) ;
#174 = ADVANCED_FACE ( 'NONE', ( #1288 ), #1342, .F. ) ;
#175 = EDGE_LOOP ( 'NONE', ( #1532, #1641, #1601, #2161 ) ) ;
#176 = ORIENTED_EDGE ( 'NONE', *, *, #933, .F. ) ;
#177 = CARTESIAN_POINT ( 'NONE',  ( -0.7500000000000005600, 3.540000000000000500, -0.8399999999999999700 ) ) ;
#178 = ORIENTED_EDGE ( 'NONE', *, *, #2329, .F. ) ;
#179 = ORIENTED_EDGE ( 'NONE', *, *, #2151, .F. ) ;
#180 = DIRECTION ( 'NONE',  ( 0.0000000000000000000, 0.0000000000000000000, 1.000000000000000000 ) ) ;
#181 = AXIS2_PLACEMENT_3D ( 'NONE', #2317, #881, #2096 ) ;
#182 = DIRECTION ( 'NONE',  ( 0.0000000000000000000, 0.0000000000000000000, 1.000000000000000000 ) ) ;
#183 = VERTEX_POINT ( 'NONE', #2384 ) ;
#184 = DIRECTION ( 'NONE',  ( -1.000000000000000000, -0.0000000000000000000, -0.0000000000000000000 ) ) ;
#185 = DIRECTION ( 'NONE',  ( -0.0000000000000000000, -0.0000000000000000000, -1.000000000000000000 ) ) ;
#186 = EDGE_LOOP ( 'NONE', ( #2524, #563, #758, #2597, #1508, #1860, #1127 ) ) ;
#187 = DIRECTION ( 'NONE',  ( 0.0000000000000000000, -0.0000000000000000000, -1.000000000000000000 ) ) ;
#188 = CIRCLE ( 'NONE', #116, 1.079999999999979400 ) ;
#189 = DIRECTION ( 'NONE',  ( -0.0000000000000000000, -0.0000000000000000000, -1.000000000000000000 ) ) ;
#190 = DIRECTION ( 'NONE',  ( 1.000000000000000000, 0.0000000000000000000, 0.0000000000000000000 ) ) ;
#191 = LINE ( 'NONE', #1889, #1315 ) ;
#192 = VECTOR ( 'NONE', #2431, 1000.000000000000000 ) ;
#193 = LINE ( 'NONE', #1732, #2478 ) ;
#194 = EDGE_CURVE ( 'NONE', #2038, #1504, #1125, .T. ) ;
#195 = EDGE_LOOP ( 'NONE', ( #500, #1759, #628, #1397 ) ) ;
#196 = PLANE ( 'NONE',  #2121 ) ;
#197 = ORIENTED_EDGE ( 'NONE', *, *, #1197, .F. ) ;
#198 = ORIENTED_EDGE ( 'NONE', *, *, #1924, .T. ) ;
#199 = DIRECTION ( 'NONE',  ( -1.000000000000000000, 0.0000000000000000000, 0.0000000000000000000 ) ) ;
#200 = CARTESIAN_POINT ( 'NONE',  ( -0.7500000000000005600, 2.540000000000000500, 0.8399999999999999700 ) ) ;
#201 = DIRECTION ( 'NONE',  ( -1.000000000000000000, 0.0000000000000000000, 0.0000000000000000000 ) ) ;
#202 = VERTEX_POINT ( 'NONE', #518 ) ;
#203 = EDGE_LOOP ( 'NONE', ( #2598, #898, #947, #2601 ) ) ;
#204 = CARTESIAN_POINT ( 'NONE',  ( -3.174999999999999800, 0.0000000000000000000, 0.7900000000000000400 ) ) ;
#205 = AXIS2_PLACEMENT_3D ( 'NONE', #854, #1659, #1648 ) ;
#206 = DIRECTION ( 'NONE',  ( -0.0000000000000000000, 0.0000000000000000000, -1.000000000000000000 ) ) ;
#207 = ORIENTED_EDGE ( 'NONE', *, *, #97, .F. ) ;
#208 = EDGE_CURVE ( 'NONE', #1627, #1112, #1708, .T. ) ;
#209 = ORIENTED_EDGE ( 'NONE', *, *, #489, .T. ) ;
#210 = DIRECTION ( 'NONE',  ( 0.0000000000000000000, 0.0000000000000000000, 1.000000000000000000 ) ) ;
#211 = AXIS2_PLACEMENT_3D ( 'NONE', #67, #1091, #2529 ) ;
#212 = ORIENTED_EDGE ( 'NONE', *, *, #2260, .T. ) ;
#213 =( NAMED_UNIT ( * ) SI_UNIT ( $, .STERADIAN. ) SOLID_ANGLE_UNIT ( ) );
#214 = CARTESIAN_POINT ( 'NONE',  ( 3.620000000000001900, 3.240000000000000200, 3.964999999999999900 ) ) ;
#215 = VECTOR ( 'NONE', #1310, 1000.000000000000000 ) ;
#216 = VECTOR ( 'NONE', #1879, 1000.000000000000000 ) ;
#217 = EDGE_CURVE ( 'NONE', #1917, #530, #1420, .T. ) ;
#218 = CIRCLE ( 'NONE', #1509, 4.509999999999998900 ) ;
#219 = CIRCLE ( 'NONE', #2372, 4.000000000000000000 ) ;
#220 = PRESENTATION_STYLE_ASSIGNMENT (( #1546 ) ) ;
#221 = LINE ( 'NONE', #1452, #1677 ) ;
#222 = VECTOR ( 'NONE', #387, 1000.000000000000000 ) ;
#223 = CARTESIAN_POINT ( 'NONE',  ( 3.685000000000000900, 2.140147737193774700, -0.7900000000000000400 ) ) ;
#224 = AXIS2_PLACEMENT_3D ( 'NONE', #738, #948, #1967 ) ;
#225 = LINE ( 'NONE', #423, #1194 ) ;
#226 = ORIENTED_EDGE ( 'NONE', *, *, #2569, .F. ) ;
#227 = EDGE_CURVE ( 'NONE', #645, #2228, #1193, .T. ) ;
#228 = VECTOR ( 'NONE', #184, 1000.000000000000000 ) ;
#229 = CARTESIAN_POINT ( 'NONE',  ( 3.685000000000000900, 2.140147737193774700, 0.7900000000000000400 ) ) ;
#230 = ORIENTED_EDGE ( 'NONE', *, *, #1109, .T. ) ;
#231 = VERTEX_POINT ( 'NONE', #134 ) ;
#232 = CARTESIAN_POINT ( 'NONE',  ( 3.175000000000000300, 2.140147737193774700, -0.7900000000000000400 ) ) ;
#233 = CARTESIAN_POINT ( 'NONE',  ( -4.254999999999980400, 2.140147737193774700, 0.7900000000000000400 ) ) ;
#234 = CARTESIAN_POINT ( 'NONE',  ( 3.620000000000001900, 3.050000000000000700, 3.964999999999999900 ) ) ;
#235 = ORIENTED_EDGE ( 'NONE', *, *, #245, .T. ) ;
#236 = CARTESIAN_POINT ( 'NONE',  ( -5.589988852970477300, 10.13649271229480300, -3.964999999999999900 ) ) ;
#237 = ORIENTED_EDGE ( 'NONE', *, *, #140, .F. ) ;
#238 = AXIS2_PLACEMENT_3D ( 'NONE', #592, #2460, #1630 ) ;
#239 = CARTESIAN_POINT ( 'NONE',  ( 0.7499999999999997800, 3.050000000000000700, 3.964999999999999900 ) ) ;
#240 = ORIENTED_EDGE ( 'NONE', *, *, #1132, .F. ) ;
#241 = CARTESIAN_POINT ( 'NONE',  ( -3.969999999999995300, 2.633782217350890200, 0.8400000000000000800 ) ) ;
#242 = DIRECTION ( 'NONE',  ( 0.0000000000000000000, 0.0000000000000000000, 1.000000000000000000 ) ) ;
#243 = VERTEX_POINT ( 'NONE', #2163 ) ;
#244 = CARTESIAN_POINT ( 'NONE',  ( -3.266231878785248000, 7.287678384782625000, -2.445000000000000300 ) ) ;
#245 = EDGE_CURVE ( 'NONE', #605, #1762, #1621, .T. ) ;
#246 = ORIENTED_EDGE ( 'NONE', *, *, #2644, .F. ) ;
#247 = ORIENTED_EDGE ( 'NONE', *, *, #710, .F. ) ;
#248 = CARTESIAN_POINT ( 'NONE',  ( -3.580000000000000500, 3.309282032302752500, 0.8399999999999999700 ) ) ;
#249 = LINE ( 'NONE', #1444, #2305 ) ;
#250 = CARTESIAN_POINT ( 'NONE',  ( 2.640879505729960100, 6.996071784181550500, -2.494999999999999700 ) ) ;
#251 = CYLINDRICAL_SURFACE ( 'NONE', #863, 0.6899999999999996100 ) ;
#252 = VECTOR ( 'NONE', #752, 1000.000000000000000 ) ;
#253 = ORIENTED_EDGE ( 'NONE', *, *, #1988, .F. ) ;
#254 = COLOUR_RGB ( '',0.7921568627450980000, 0.8196078431372548800, 0.9333333333333333500 ) ;
#255 = VECTOR ( 'NONE', #928, 1000.000000000000000 ) ;
#256 = ORIENTED_EDGE ( 'NONE', *, *, #1250, .T. ) ;
#257 = EDGE_CURVE ( 'NONE', #622, #274, #94, .T. ) ;
#258 = DIRECTION ( 'NONE',  ( -1.000000000000000000, 0.0000000000000000000, 0.0000000000000000000 ) ) ;
#259 = ORIENTED_EDGE ( 'NONE', *, *, #97, .T. ) ;
#260 = ORIENTED_EDGE ( 'NONE', *, *, #1510, .T. ) ;
#261 = CARTESIAN_POINT ( 'NONE',  ( 3.175000000000000300, 2.140147737193774700, 0.7900000000000000400 ) ) ;
#262 = ORIENTED_EDGE ( 'NONE', *, *, #1377, .T. ) ;
#263 = EDGE_LOOP ( 'NONE', ( #2596, #2172, #2363, #2427, #2130, #2352, #1140 ) ) ;
#264 = DIRECTION ( 'NONE',  ( -1.000000000000000000, 0.0000000000000000000, 0.0000000000000000000 ) ) ;
#265 = CARTESIAN_POINT ( 'NONE',  ( -2.640879505729961400, 12.83885354275742300, -2.494999999999999700 ) ) ;
#266 = VERTEX_POINT ( 'NONE', #1956 ) ;
#267 = EDGE_CURVE ( 'NONE', #2034, #1072, #1320, .T. ) ;
#268 = ORIENTED_EDGE ( 'NONE', *, *, #2015, .T. ) ;
#269 = DIRECTION ( 'NONE',  ( 0.0000000000000000000, 0.0000000000000000000, 1.000000000000000000 ) ) ;
#270 = DIRECTION ( 'NONE',  ( -0.0000000000000000000, -0.0000000000000000000, -1.000000000000000000 ) ) ;
#271 = ORIENTED_EDGE ( 'NONE', *, *, #2644, .T. ) ;
#272 = VERTEX_POINT ( 'NONE', #1131 ) ;
#273 = DIRECTION ( 'NONE',  ( -1.000000000000000000, 0.0000000000000000000, -0.0000000000000000000 ) ) ;
#274 = VERTEX_POINT ( 'NONE', #2613 ) ;
#275 = DIRECTION ( 'NONE',  ( -0.0000000000000000000, -0.0000000000000000000, -1.000000000000000000 ) ) ;
#276 = AXIS2_PLACEMENT_3D ( 'NONE', #577, #1011, #1832 ) ;
#277 = ORIENTED_EDGE ( 'NONE', *, *, #2338, .F. ) ;
#278 = CARTESIAN_POINT ( 'NONE',  ( -5.589988852970477300, 10.13649271229480300, -3.964999999999999900 ) ) ;
#279 = EDGE_CURVE ( 'NONE', #107, #2459, #40, .T. ) ;
#280 = DIRECTION ( 'NONE',  ( -1.000000000000000000, 0.0000000000000000000, 0.0000000000000000000 ) ) ;
#281 = LINE ( 'NONE', #921, #995 ) ;
#282 = CARTESIAN_POINT ( 'NONE',  ( -0.7500000000000003300, 2.540000000000000500, 1.000000000000000000 ) ) ;
#283 = CYLINDRICAL_SURFACE ( 'NONE', #2102, 4.509999999999999800 ) ;
#284 = CYLINDRICAL_SURFACE ( 'NONE', #339, 1.079999999999979900 ) ;
#285 = CARTESIAN_POINT ( 'NONE',  ( 0.7499999999999998900, 3.540000000000000500, 0.8399999999999999700 ) ) ;
#286 = CYLINDRICAL_SURFACE ( 'NONE', #2060, 0.6999999999999996200 ) ;
#287 = CARTESIAN_POINT ( 'NONE',  ( 3.685000000000000900, 0.0000000000000000000, 0.7900000000000000400 ) ) ;
#288 = LINE ( 'NONE', #699, #2366 ) ;
#289 = LINE ( 'NONE', #1507, #2278 ) ;
#290 = CARTESIAN_POINT ( 'NONE',  ( -3.685000000000000900, 0.0000000000000000000, 0.7900000000000000400 ) ) ;
#291 = ORIENTED_EDGE ( 'NONE', *, *, #2635, .T. ) ;
#292 = PLANE ( 'NONE',  #2306 ) ;
#293 = AXIS2_PLACEMENT_3D ( 'NONE', #1539, #2370, #1148 ) ;
#294 = VECTOR ( 'NONE', #1868, 1000.000000000000000 ) ;
#295 = EDGE_CURVE ( 'NONE', #984, #2157, #451, .T. ) ;
#296 = ORIENTED_EDGE ( 'NONE', *, *, #1765, .F. ) ;
#297 = CARTESIAN_POINT ( 'NONE',  ( -3.175000000000000700, 2.140147737193774700, -0.7900000000000000400 ) ) ;
#298 = ORIENTED_EDGE ( 'NONE', *, *, #2323, .T. ) ;
#299 = DIRECTION ( 'NONE',  ( 0.0000000000000000000, 0.0000000000000000000, 1.000000000000000000 ) ) ;
#300 = ORIENTED_EDGE ( 'NONE', *, *, #1364, .T. ) ;
#301 = ORIENTED_EDGE ( 'NONE', *, *, #1752, .T. ) ;
#302 = DIRECTION ( 'NONE',  ( -1.000000000000000000, -5.990067251301128600E-017, 0.0000000000000000000 ) ) ;
#303 = EDGE_CURVE ( 'NONE', #631, #1912, #2281, .T. ) ;
#304 = ORIENTED_EDGE ( 'NONE', *, *, #2383, .F. ) ;
#305 =( LENGTH_UNIT ( ) NAMED_UNIT ( * ) SI_UNIT ( .MILLI., .METRE. ) );
#306 = AXIS2_PLACEMENT_3D ( 'NONE', #865, #2095, #1282 ) ;
#307 = CARTESIAN_POINT ( 'NONE',  ( -3.002145400766924600, 12.50781434102575100, -2.445000000000000300 ) ) ;
#308 = FACE_OUTER_BOUND ( 'NONE', #2552, .T. ) ;
#309 = EDGE_CURVE ( 'NONE', #231, #1636, #870, .T. ) ;
#310 = VECTOR ( 'NONE', #1502, 1000.000000000000000 ) ;
#311 = CARTESIAN_POINT ( 'NONE',  ( -3.619999999999999200, 2.540000000000000000, 3.964999999999999900 ) ) ;
#312 = DIRECTION ( 'NONE',  ( -0.0000000000000000000, -0.0000000000000000000, -1.000000000000000000 ) ) ;
#313 = FACE_OUTER_BOUND ( 'NONE', #2510, .T. ) ;
#314 =( NAMED_UNIT ( * ) SI_UNIT ( $, .STERADIAN. ) SOLID_ANGLE_UNIT ( ) );
#315 = VECTOR ( 'NONE', #127, 1000.000000000000000 ) ;
#316 = DIRECTION ( 'NONE',  ( -1.000000000000000000, -1.198013450260225700E-016, 0.0000000000000000000 ) ) ;
#317 = VECTOR ( 'NONE', #1741, 1000.000000000000000 ) ;
#318 = CARTESIAN_POINT ( 'NONE',  ( -4.848853022311029500, 2.261057297571672700, -2.494999999999999700 ) ) ;
#319 = VERTEX_POINT ( 'NONE', #597 ) ;
#320 = DIRECTION ( 'NONE',  ( -0.4999999999999944500, 0.8660254037844418200, -0.0000000000000000000 ) ) ;
#321 = VERTEX_POINT ( 'NONE', #980 ) ;
#322 = DIRECTION ( 'NONE',  ( -0.0000000000000000000, -0.0000000000000000000, -1.000000000000000000 ) ) ;
#323 = DIRECTION ( 'NONE',  ( 1.000000000000000000, -0.0000000000000000000, 0.0000000000000000000 ) ) ;
#324 = ORIENTED_EDGE ( 'NONE', *, *, #1186, .F. ) ;
#325 = CARTESIAN_POINT ( 'NONE',  ( -4.254999999999980400, 2.140147737193774700, -0.7900000000000000400 ) ) ;
#326 = CARTESIAN_POINT ( 'NONE',  ( 0.0000000000000000000, 0.0000000000000000000, 0.0000000000000000000 ) ) ;
#327 = EDGE_LOOP ( 'NONE', ( #918, #1334, #626, #1469, #2146, #683, #617, #1012, #880, #1587, #1139, #2658, #1134, #820, #1490, #1713, #884, #1248, #2457, #527 ) ) ;
#328 = DIRECTION ( 'NONE',  ( 1.000000000000000000, 0.0000000000000000000, 0.0000000000000000000 ) ) ;
#329 = EDGE_CURVE ( 'NONE', #631, #1839, #65, .T. ) ;
#330 = CARTESIAN_POINT ( 'NONE',  ( -3.002145400766924600, 12.50781434102575100, -2.445000000000000300 ) ) ;
#331 = ORIENTED_EDGE ( 'NONE', *, *, #1765, .T. ) ;
#332 = ADVANCED_FACE ( 'NONE', ( #1938 ), #778, .F. ) ;
#333 = EDGE_LOOP ( 'NONE', ( #468, #1202, #2035, #2565 ) ) ;
#334 = EDGE_LOOP ( 'NONE', ( #2169, #974, #2449, #166 ) ) ;
#335 = DIRECTION ( 'NONE',  ( -1.000000000000000000, 0.0000000000000000000, 0.0000000000000000000 ) ) ;
#336 = DIRECTION ( 'NONE',  ( -0.0000000000000000000, -0.0000000000000000000, -1.000000000000000000 ) ) ;
#337 = ORIENTED_EDGE ( 'NONE', *, *, #1831, .F. ) ;
#338 = CARTESIAN_POINT ( 'NONE',  ( -3.619999999999999200, 2.540000000000000000, 3.964999999999999900 ) ) ;
#339 = AXIS2_PLACEMENT_3D ( 'NONE', #413, #2464, #624 ) ;
#340 = EDGE_CURVE ( 'NONE', #2076, #402, #2339, .T. ) ;
#341 = ADVANCED_FACE ( 'NONE', ( #517 ), #2433, .F. ) ;
#342 = FACE_OUTER_BOUND ( 'NONE', #2198, .T. ) ;
#343 = FACE_OUTER_BOUND ( 'NONE', #1017, .T. ) ;
#344 = ADVANCED_FACE ( 'NONE', ( #2443 ), #1548, .T. ) ;
#345 = VECTOR ( 'NONE', #1561, 1000.000000000000000 ) ;
#346 = AXIS2_PLACEMENT_3D ( 'NONE', #553, #744, #1551 ) ;
#347 = FACE_OUTER_BOUND ( 'NONE', #175, .T. ) ;
#348 = DIRECTION ( 'NONE',  ( 1.000000000000000000, -4.052812443339609100E-016, 0.0000000000000000000 ) ) ;
#349 = ORIENTED_EDGE ( 'NONE', *, *, #1831, .T. ) ;
#350 = CIRCLE ( 'NONE', #2167, 4.310000000000001400 ) ;
#351 = ORIENTED_EDGE ( 'NONE', *, *, #355, .T. ) ;
#352 = CARTESIAN_POINT ( 'NONE',  ( -1.964757704823884700, 8.446019665331988300, -3.964999999999999900 ) ) ;
#353 = DIRECTION ( 'NONE',  ( 0.0000000000000000000, 0.0000000000000000000, 1.000000000000000000 ) ) ;
#354 = VECTOR ( 'NONE', #1124, 1000.000000000000000 ) ;
#355 = EDGE_CURVE ( 'NONE', #2645, #1942, #2089, .T. ) ;
#356 = DIRECTION ( 'NONE',  ( 0.4999999999999948900, -0.8660254037844415900, 0.0000000000000000000 ) ) ;
#357 = ADVANCED_FACE ( 'NONE', ( #2642 ), #2209, .F. ) ;
#358 = VERTEX_POINT ( 'NONE', #2413 ) ;
#359 = CARTESIAN_POINT ( 'NONE',  ( -3.619999999999999200, 3.049999999999999800, -3.964999999999999900 ) ) ;
#360 = AXIS2_PLACEMENT_3D ( 'NONE', #474, #2103, #1722 ) ;
#361 = ADVANCED_FACE ( 'NONE', ( #2477 ), #562, .T. ) ;
#362 = CARTESIAN_POINT ( 'NONE',  ( -3.619999999999999200, 3.239999999999999300, 3.964999999999999900 ) ) ;
#363 = CARTESIAN_POINT ( 'NONE',  ( -0.7500000000000005600, 3.540000000000000500, -1.000000000000000000 ) ) ;
#364 = EDGE_CURVE ( 'NONE', #402, #183, #932, .T. ) ;
#365 = ORIENTED_EDGE ( 'NONE', *, *, #208, .F. ) ;
#366 = DIRECTION ( 'NONE',  ( -0.0000000000000000000, -0.0000000000000000000, -1.000000000000000000 ) ) ;
#367 = CARTESIAN_POINT ( 'NONE',  ( -3.969999999999995300, 2.633782217350890200, 3.964999999999999900 ) ) ;
#368 = ORIENTED_EDGE ( 'NONE', *, *, #1918, .T. ) ;
#369 = DIRECTION ( 'NONE',  ( -0.0000000000000000000, -0.0000000000000000000, -1.000000000000000000 ) ) ;
#370 = VERTEX_POINT ( 'NONE', #1603 ) ;
#371 = VERTEX_POINT ( 'NONE', #2401 ) ;
#372 = CARTESIAN_POINT ( 'NONE',  ( 2.239492553632997000, 7.908811509149616700, -2.445000000000000300 ) ) ;
#373 = ADVANCED_FACE ( 'NONE', ( #125 ), #1819, .T. ) ;
#374 = CARTESIAN_POINT ( 'NONE',  ( -3.792198479536962100, 3.320297469730733500, 3.964999999999999900 ) ) ;
#375 = CARTESIAN_POINT ( 'NONE',  ( -3.002145400766924600, 12.50781434102575100, 3.964999999999999900 ) ) ;
#376 = FACE_OUTER_BOUND ( 'NONE', #2316, .T. ) ;
#377 = DIRECTION ( 'NONE',  ( -0.0000000000000000000, -0.0000000000000000000, -1.000000000000000000 ) ) ;
#378 = AXIS2_PLACEMENT_3D ( 'NONE', #2544, #685, #892 ) ;
#379 = DIRECTION ( 'NONE',  ( 1.000000000000000000, 0.0000000000000000000, 0.0000000000000000000 ) ) ;
#380 = FACE_OUTER_BOUND ( 'NONE', #2129, .T. ) ;
#381 = LINE ( 'NONE', #762, #1416 ) ;
#382 = EDGE_CURVE ( 'NONE', #1606, #546, #484, .T. ) ;
#383 = DIRECTION ( 'NONE',  ( -0.4226182617407039400, -0.9063077870366478300, 0.0000000000000000000 ) ) ;
#384 = FACE_OUTER_BOUND ( 'NONE', #1176, .T. ) ;
#385 = CIRCLE ( 'NONE', #1135, 3.999999999999999100 ) ;
#386 = VERTEX_POINT ( 'NONE', #2639 ) ;
#387 = DIRECTION ( 'NONE',  ( 0.0000000000000000000, 0.0000000000000000000, 1.000000000000000000 ) ) ;
#388 = CARTESIAN_POINT ( 'NONE',  ( 1.079988852970481100, 10.13649271229480500, -2.494999999999999700 ) ) ;
#389 = DIRECTION ( 'NONE',  ( 0.0000000000000000000, 0.0000000000000000000, 1.000000000000000000 ) ) ;
#390 = ORIENTED_EDGE ( 'NONE', *, *, #447, .F. ) ;
#391 = ADVANCED_FACE ( 'NONE', ( #1581 ), #286, .T. ) ;
#392 = ORIENTED_EDGE ( 'NONE', *, *, #2126, .F. ) ;
#393 = ORIENTED_EDGE ( 'NONE', *, *, #400, .T. ) ;
#394 = CARTESIAN_POINT ( 'NONE',  ( 0.7499999999999998900, 3.540000000000000500, -0.8399999999999999700 ) ) ;
#395 = VERTEX_POINT ( 'NONE', #2284 ) ;
#396 = EDGE_CURVE ( 'NONE', #107, #321, #2122, .T. ) ;
#397 = AXIS2_PLACEMENT_3D ( 'NONE', #1815, #1995, #1370 ) ;
#398 = ORIENTED_EDGE ( 'NONE', *, *, #538, .T. ) ;
#399 = DIRECTION ( 'NONE',  ( 0.0000000000000000000, 0.0000000000000000000, 1.000000000000000000 ) ) ;
#400 = EDGE_CURVE ( 'NONE', #1669, #486, #219, .T. ) ;
#401 = ORIENTED_EDGE ( 'NONE', *, *, #88, .F. ) ;
#402 = VERTEX_POINT ( 'NONE', #37 ) ;
#403 = EDGE_LOOP ( 'NONE', ( #537, #2238, #549, #823 ) ) ;
#404 = DIRECTION ( 'NONE',  ( -1.000000000000000000, 0.0000000000000000000, 0.0000000000000000000 ) ) ;
#405 = VERTEX_POINT ( 'NONE', #1475 ) ;
#406 = CARTESIAN_POINT ( 'NONE',  ( 3.714999999999998500, 3.075455173280954700, -0.7899999999999999200 ) ) ;
#407 = CARTESIAN_POINT ( 'NONE',  ( 3.792198479536965200, 3.320297469730733900, -3.964999999999999900 ) ) ;
#408 = CARTESIAN_POINT ( 'NONE',  ( -2.640879505729961000, 6.996071784181539000, -2.445000000000000300 ) ) ;
#409 = DIRECTION ( 'NONE',  ( -0.9063077870366479400, 0.4226182617407038300, 0.0000000000000000000 ) ) ;
#410 = DIRECTION ( 'NONE',  ( 0.0000000000000000000, 0.0000000000000000000, 1.000000000000000000 ) ) ;
#411 = VECTOR ( 'NONE', #1266, 1000.000000000000000 ) ;
#412 = DIRECTION ( 'NONE',  ( 0.0000000000000000000, 0.0000000000000000000, 1.000000000000000000 ) ) ;
#413 = CARTESIAN_POINT ( 'NONE',  ( 4.254999999999980400, 2.140147737193774700, 0.7900000000000000400 ) ) ;
#414 = STYLED_ITEM ( 'NONE', ( #2606 ), #1254 ) ;
#415 = LINE ( 'NONE', #408, #766 ) ;
#416 =( LENGTH_UNIT ( ) NAMED_UNIT ( * ) SI_UNIT ( .MILLI., .METRE. ) );
#417 = LINE ( 'NONE', #2027, #1121 ) ;
#418 = CYLINDRICAL_SURFACE ( 'NONE', #2471, 3.999999999999999100 ) ;
#419 = DIRECTION ( 'NONE',  ( -0.7372773368101274100, -0.6755902076156565800, 0.0000000000000000000 ) ) ;
#420 = EDGE_CURVE ( 'NONE', #2034, #2312, #2607, .T. ) ;
#421 = ORIENTED_EDGE ( 'NONE', *, *, #2205, .T. ) ;
#422 = FACE_OUTER_BOUND ( 'NONE', #745, .T. ) ;
#423 = CARTESIAN_POINT ( 'NONE',  ( 3.174999999999999800, 0.0000000000000000000, 0.7900000000000000400 ) ) ;
#424 = EDGE_LOOP ( 'NONE', ( #604, #1265, #634, #1212, #2134, #1700, #1686, #23 ) ) ;
#425 = CARTESIAN_POINT ( 'NONE',  ( -2.640879505729961000, 6.996071784181539000, -2.445000000000000300 ) ) ;
#426 = VERTEX_POINT ( 'NONE', #234 ) ;
#427 = ORIENTED_EDGE ( 'NONE', *, *, #400, .F. ) ;
#428 = CARTESIAN_POINT ( 'NONE',  ( -0.7500000000000005600, 3.540000000000000500, 0.8399999999999999700 ) ) ;
#429 = VECTOR ( 'NONE', #1994, 1000.000000000000000 ) ;
#430 = ORIENTED_EDGE ( 'NONE', *, *, #2141, .F. ) ;
#431 = DIRECTION ( 'NONE',  ( -1.000000000000000000, 0.0000000000000000000, -0.0000000000000000000 ) ) ;
#432 =( GEOMETRIC_REPRESENTATION_CONTEXT ( 3 ) GLOBAL_UNCERTAINTY_ASSIGNED_CONTEXT ( ( #2240 ) ) GLOBAL_UNIT_ASSIGNED_CONTEXT ( ( #719, #1769, #314 ) ) REPRESENTATION_CONTEXT ( 'NONE', 'WORKASPACE' ) );
#433 = CARTESIAN_POINT ( 'NONE',  ( -3.580000000000000500, 3.540000000000000500, 0.8399999999999999700 ) ) ;
#434 = EDGE_LOOP ( 'NONE', ( #503, #2586, #14, #2497 ) ) ;
#435 = DIRECTION ( 'NONE',  ( 1.000000000000000000, 0.0000000000000000000, 0.0000000000000000000 ) ) ;
#436 = EDGE_CURVE ( 'NONE', #1455, #1813, #1806, .T. ) ;
#437 = VERTEX_POINT ( 'NONE', #1046 ) ;
#438 = CARTESIAN_POINT ( 'NONE',  ( 3.714999999999998500, 3.075455173280954700, 3.964999999999999900 ) ) ;
#439 = EDGE_LOOP ( 'NONE', ( #639, #1566, #559, #2549, #1904, #2231, #2563, #1760, #2325, #1161, #465, #2594, #1978, #1004, #1274, #1647, #1440, #1429, #2616, #569, #1099, #469, #262, #2264, #818, #1393, #2462, #2662, #822, #582, #2386, #1111, #301, #908, #1141, #1130 ) ) ;
#440 = DIRECTION ( 'NONE',  ( 0.9063077870366472700, 0.4226182617407051600, -0.0000000000000000000 ) ) ;
#441 = CARTESIAN_POINT ( 'NONE',  ( -3.619999999999999200, 2.540000000000000000, 3.964999999999999900 ) ) ;
#442 = DIRECTION ( 'NONE',  ( 0.0000000000000000000, 0.0000000000000000000, 1.000000000000000000 ) ) ;
#443 = CARTESIAN_POINT ( 'NONE',  ( -3.580000000000000500, 2.540000000000000500, 0.8399999999999999700 ) ) ;
#444 = ORIENTED_EDGE ( 'NONE', *, *, #1368, .F. ) ;
#445 = VECTOR ( 'NONE', #514, 1000.000000000000000 ) ;
#446 = VECTOR ( 'NONE', #182, 1000.000000000000000 ) ;
#447 = EDGE_CURVE ( 'NONE', #1304, #1949, #1317, .T. ) ;
#448 = FACE_OUTER_BOUND ( 'NONE', #2314, .T. ) ;
#449 = AXIS2_PLACEMENT_3D ( 'NONE', #363, #574, #1398 ) ;
#450 = CIRCLE ( 'NONE', #2293, 4.509999999999999800 ) ;
#451 = LINE ( 'NONE', #2160, #773 ) ;
#452 = DIRECTION ( 'NONE',  ( -0.0000000000000000000, -0.0000000000000000000, -1.000000000000000000 ) ) ;
#453 = AXIS2_PLACEMENT_3D ( 'NONE', #2484, #28, #33 ) ;
#454 = DIRECTION ( 'NONE',  ( 0.0000000000000000000, 0.0000000000000000000, 1.000000000000000000 ) ) ;
#455 = ORIENTED_EDGE ( 'NONE', *, *, #1065, .F. ) ;
#456 = ORIENTED_EDGE ( 'NONE', *, *, #1377, .F. ) ;
#457 = AXIS2_PLACEMENT_3D ( 'NONE', #1916, #1116, #2554 ) ;
#458 = VECTOR ( 'NONE', #2600, 1000.000000000000000 ) ;
#459 = DIRECTION ( 'NONE',  ( 0.0000000000000000000, 1.000000000000000000, 0.0000000000000000000 ) ) ;
#460 = VERTEX_POINT ( 'NONE', #2294 ) ;
#461 = ORIENTED_EDGE ( 'NONE', *, *, #1628, .T. ) ;
#462 = CARTESIAN_POINT ( 'NONE',  ( -3.619999999999999200, 3.239999999999999300, 3.964999999999999900 ) ) ;
#463 = VERTEX_POINT ( 'NONE', #2079 ) ;
#464 = DIRECTION ( 'NONE',  ( -0.0000000000000000000, -0.0000000000000000000, -1.000000000000000000 ) ) ;
#465 = ORIENTED_EDGE ( 'NONE', *, *, #1935, .T. ) ;
#466 = ORIENTED_EDGE ( 'NONE', *, *, #2622, .T. ) ;
#467 = CARTESIAN_POINT ( 'NONE',  ( -3.619999999999999200, 3.239999999999999300, 0.8400000000000000800 ) ) ;
#468 = ORIENTED_EDGE ( 'NONE', *, *, #1477, .F. ) ;
#469 = ORIENTED_EDGE ( 'NONE', *, *, #910, .T. ) ;
#470 = AXIS2_PLACEMENT_3D ( 'NONE', #1095, #1287, #903 ) ;
#471 = DIRECTION ( 'NONE',  ( 0.6297092800377969100, -0.7768308841918423200, 0.0000000000000000000 ) ) ;
#472 = ORIENTED_EDGE ( 'NONE', *, *, #1803, .F. ) ;
#473 = CARTESIAN_POINT ( 'NONE',  ( -3.809999999999998700, 3.239999999999999300, -3.964999999999999900 ) ) ;
#474 = CARTESIAN_POINT ( 'NONE',  ( -3.002145400766924600, 12.50781434102575100, -2.445000000000000300 ) ) ;
#475 = EDGE_CURVE ( 'NONE', #2299, #874, #1258, .T. ) ;
#476 = ORIENTED_EDGE ( 'NONE', *, *, #797, .F. ) ;
#477 = DIRECTION ( 'NONE',  ( -1.198013450260225700E-016, 1.000000000000000000, 0.0000000000000000000 ) ) ;
#478 = DIRECTION ( 'NONE',  ( -0.0000000000000000000, -0.0000000000000000000, -1.000000000000000000 ) ) ;
#479 = DIRECTION ( 'NONE',  ( 0.0000000000000000000, 0.0000000000000000000, 1.000000000000000000 ) ) ;
#480 = LINE ( 'NONE', #2356, #1117 ) ;
#481 = DIRECTION ( 'NONE',  ( 1.000000000000000000, 0.0000000000000000000, 0.0000000000000000000 ) ) ;
#482 = CARTESIAN_POINT ( 'NONE',  ( 4.254999999999980400, 2.140147737193774700, -0.7900000000000000400 ) ) ;
#483 = VECTOR ( 'NONE', #1, 1000.000000000000000 ) ;
#484 = CIRCLE ( 'NONE', #2108, 0.7000000000000000700 ) ;
#485 = AXIS2_PLACEMENT_3D ( 'NONE', #1471, #409, #840 ) ;
#486 = VERTEX_POINT ( 'NONE', #1668 ) ;
#487 = CIRCLE ( 'NONE', #1711, 4.509999999999998900 ) ;
#488 = DIRECTION ( 'NONE',  ( 0.0000000000000000000, 0.0000000000000000000, 1.000000000000000000 ) ) ;
#489 = EDGE_CURVE ( 'NONE', #70, #146, #701, .T. ) ;
#490 = ORIENTED_EDGE ( 'NONE', *, *, #2360, .F. ) ;
#491 = CARTESIAN_POINT ( 'NONE',  ( 2.165896641714967400, 11.95946407615478100, -2.445000000000000300 ) ) ;
#492 = ORIENTED_EDGE ( 'NONE', *, *, #1533, .F. ) ;
#493 = LINE ( 'NONE', #550, #164 ) ;
#494 = EDGE_CURVE ( 'NONE', #875, #1751, #152, .T. ) ;
#495 = ORIENTED_EDGE ( 'NONE', *, *, #1316, .T. ) ;
#496 = ORIENTED_EDGE ( 'NONE', *, *, #1780, .T. ) ;
#497 = ADVANCED_BREP_SHAPE_REPRESENTATION ( 'BK-6007', ( #1254, #1492 ), #432 ) ;
#498 = CARTESIAN_POINT ( 'NONE',  ( -3.685000000000000900, 2.140147737193774700, 0.7900000000000000400 ) ) ;
#499 = CARTESIAN_POINT ( 'NONE',  ( -2.002145400766923300, 12.50781434102575100, -2.445000000000000300 ) ) ;
#500 = ORIENTED_EDGE ( 'NONE', *, *, #2116, .T. ) ;
#501 = EDGE_CURVE ( 'NONE', #2393, #319, #1937, .T. ) ;
#502 = CARTESIAN_POINT ( 'NONE',  ( -3.685000000000000900, 2.140147737193774700, 0.7900000000000000400 ) ) ;
#503 = ORIENTED_EDGE ( 'NONE', *, *, #217, .T. ) ;
#504 = AXIS2_PLACEMENT_3D ( 'NONE', #2558, #2321, #80 ) ;
#505 = VERTEX_POINT ( 'NONE', #22 ) ;
#506 = CARTESIAN_POINT ( 'NONE',  ( 3.685000000000000900, 2.140147737193774700, 0.7900000000000000400 ) ) ;
#507 = EDGE_CURVE ( 'NONE', #386, #463, #1993, .T. ) ;
#508 = ORIENTED_EDGE ( 'NONE', *, *, #420, .T. ) ;
#509 = VECTOR ( 'NONE', #1930, 1000.000000000000000 ) ;
#510 =( NAMED_UNIT ( * ) SI_UNIT ( $, .STERADIAN. ) SOLID_ANGLE_UNIT ( ) );
#511 = DIRECTION ( 'NONE',  ( 1.000000000000000000, 0.0000000000000000000, -0.0000000000000000000 ) ) ;
#512 = FACE_OUTER_BOUND ( 'NONE', #1168, .T. ) ;
#513 = LINE ( 'NONE', #994, #1257 ) ;
#514 = DIRECTION ( 'NONE',  ( -0.0000000000000000000, -0.0000000000000000000, -1.000000000000000000 ) ) ;
#515 = SURFACE_STYLE_FILL_AREA ( #118 ) ;
#516 = VECTOR ( 'NONE', #2573, 1000.000000000000100 ) ;
#517 = FACE_OUTER_BOUND ( 'NONE', #990, .T. ) ;
#518 = CARTESIAN_POINT ( 'NONE',  ( 0.7499999999999998900, 2.540000000000000500, -1.000000000000000000 ) ) ;
#519 = VERTEX_POINT ( 'NONE', #1446 ) ;
#520 = FILL_AREA_STYLE_COLOUR ( '', #2335 ) ;
#521 = VECTOR ( 'NONE', #383, 1000.000000000000100 ) ;
#522 = ORIENTED_EDGE ( 'NONE', *, *, #2287, .T. ) ;
#523 = DIRECTION ( 'NONE',  ( 0.0000000000000000000, 0.0000000000000000000, 1.000000000000000000 ) ) ;
#524 = EDGE_CURVE ( 'NONE', #463, #1784, #769, .T. ) ;
#525 = DIRECTION ( 'NONE',  ( -1.000000000000000000, 0.0000000000000000000, 0.0000000000000000000 ) ) ;
#526 = ORIENTED_EDGE ( 'NONE', *, *, #1115, .T. ) ;
#527 = ORIENTED_EDGE ( 'NONE', *, *, #826, .F. ) ;
#528 = ORIENTED_EDGE ( 'NONE', *, *, #1796, .T. ) ;
#529 = VERTEX_POINT ( 'NONE', #2538 ) ;
#530 = VERTEX_POINT ( 'NONE', #1290 ) ;
#531 = EDGE_LOOP ( 'NONE', ( #1821, #73, #2382, #260, #1855, #2345, #1521 ) ) ;
#532 = DIRECTION ( 'NONE',  ( -0.0000000000000000000, -0.0000000000000000000, -1.000000000000000000 ) ) ;
#533 = CARTESIAN_POINT ( 'NONE',  ( -3.580000000000000500, 2.540000000000000500, -0.8399999999999999700 ) ) ;
#534 = EDGE_CURVE ( 'NONE', #546, #622, #1383, .T. ) ;
#535 = ORIENTED_EDGE ( 'NONE', *, *, #1459, .F. ) ;
#536 = AXIS2_PLACEMENT_3D ( 'NONE', #2434, #2042, #1200 ) ;
#537 = ORIENTED_EDGE ( 'NONE', *, *, #1160, .F. ) ;
#538 = EDGE_CURVE ( 'NONE', #70, #967, #2183, .T. ) ;
#539 = DIRECTION ( 'NONE',  ( -0.0000000000000000000, -0.0000000000000000000, -1.000000000000000000 ) ) ;
#540 = FACE_OUTER_BOUND ( 'NONE', #1725, .T. ) ;
#541 = ADVANCED_FACE ( 'NONE', ( #964 ), #418, .F. ) ;
#542 = CARTESIAN_POINT ( 'NONE',  ( 0.7499999999999996700, 3.050000000000000700, 1.000000000000000000 ) ) ;
#543 = DIRECTION ( 'NONE',  ( -0.6297092800377995800, -0.7768308841918401000, 0.0000000000000000000 ) ) ;
#544 = PLANE ( 'NONE',  #1964 ) ;
#545 = LINE ( 'NONE', #2133, #2179 ) ;
#546 = VERTEX_POINT ( 'NONE', #76 ) ;
#547 = FACE_OUTER_BOUND ( 'NONE', #2579, .T. ) ;
#548 = CARTESIAN_POINT ( 'NONE',  ( -4.386636050922338500, 2.045521984083912500, -2.494999999999999700 ) ) ;
#549 = ORIENTED_EDGE ( 'NONE', *, *, #88, .T. ) ;
#550 = CARTESIAN_POINT ( 'NONE',  ( 3.580000000000000500, 3.309282032302752500, -0.8399999999999999700 ) ) ;
#551 = DIRECTION ( 'NONE',  ( -0.0000000000000000000, -0.0000000000000000000, 1.000000000000000000 ) ) ;
#552 = ORIENTED_EDGE ( 'NONE', *, *, #1364, .F. ) ;
#553 = CARTESIAN_POINT ( 'NONE',  ( 0.7499999999999996700, 3.540000000000000500, 1.000000000000000000 ) ) ;
#554 = ADVANCED_FACE ( 'NONE', ( #547 ), #8, .T. ) ;
#555 = AXIS2_PLACEMENT_3D ( 'NONE', #673, #199, #412 ) ;
#556 = CIRCLE ( 'NONE', #1602, 1.079999999999979400 ) ;
#557 = ADVANCED_FACE ( 'NONE', ( #2543 ), #835, .F. ) ;
#558 = AXIS2_PLACEMENT_3D ( 'NONE', #1671, #860, #2298 ) ;
#559 = ORIENTED_EDGE ( 'NONE', *, *, #1854, .T. ) ;
#560 = DIRECTION ( 'NONE',  ( -1.000000000000000000, 0.0000000000000000000, 0.0000000000000000000 ) ) ;
#561 = EDGE_CURVE ( 'NONE', #2299, #1910, #1451, .T. ) ;
#562 = PLANE ( 'NONE',  #1927 ) ;
#563 = ORIENTED_EDGE ( 'NONE', *, *, #1520, .F. ) ;
#564 = DIRECTION ( 'NONE',  ( 1.000000000000000000, 0.0000000000000000000, -0.0000000000000000000 ) ) ;
#565 = ADVANCED_FACE ( 'NONE', ( #2277 ), #1512, .F. ) ;
#566 = VERTEX_POINT ( 'NONE', #2508 ) ;
#567 = CARTESIAN_POINT ( 'NONE',  ( 3.792198479536965600, 3.320297469730734400, 3.964999999999999900 ) ) ;
#568 = CARTESIAN_POINT ( 'NONE',  ( -1.502540733435194600, 8.230484351844230800, -3.964999999999999900 ) ) ;
#569 = ORIENTED_EDGE ( 'NONE', *, *, #2224, .T. ) ;
#570 = AXIS2_PLACEMENT_3D ( 'NONE', #2032, #799, #2234 ) ;
#571 = EDGE_CURVE ( 'NONE', #2030, #2140, #2094, .T. ) ;
#572 = LINE ( 'NONE', #506, #445 ) ;
#573 = CARTESIAN_POINT ( 'NONE',  ( -2.178662534341271300, 6.780536470693779600, -2.494999999999999700 ) ) ;
#574 = DIRECTION ( 'NONE',  ( 0.0000000000000000000, 0.0000000000000000000, -1.000000000000000000 ) ) ;
#575 = VECTOR ( 'NONE', #1489, 1000.000000000000000 ) ;
#576 = VECTOR ( 'NONE', #680, 1000.000000000000000 ) ;
#577 = CARTESIAN_POINT ( 'NONE',  ( -0.7500000000000003300, 3.540000000000000500, 1.000000000000000000 ) ) ;
#578 = FACE_OUTER_BOUND ( 'NONE', #1562, .T. ) ;
#579 = DIRECTION ( 'NONE',  ( 1.000000000000000000, 0.0000000000000000000, 0.0000000000000000000 ) ) ;
#580 = VECTOR ( 'NONE', #1528, 1000.000000000000000 ) ;
#581 = ADVANCED_FACE ( 'NONE', ( #1094 ), #1102, .T. ) ;
#582 = ORIENTED_EDGE ( 'NONE', *, *, #1908, .T. ) ;
#583 = CARTESIAN_POINT ( 'NONE',  ( 4.254999999999980400, 2.140147737193774700, 0.7900000000000000400 ) ) ;
#584 = DIRECTION ( 'NONE',  ( -4.052812443339608200E-016, 1.000000000000000000, 0.0000000000000000000 ) ) ;
#585 = CIRCLE ( 'NONE', #1522, 0.5699999999999794100 ) ;
#586 = EDGE_CURVE ( 'NONE', #740, #505, #1007, .T. ) ;
#587 = AXIS2_PLACEMENT_3D ( 'NONE', #2589, #312, #1353 ) ;
#588 = DIRECTION ( 'NONE',  ( 1.000000000000000000, 0.0000000000000000000, 0.0000000000000000000 ) ) ;
#589 = EDGE_LOOP ( 'NONE', ( #1032, #2013, #1476, #2627 ) ) ;
#590 = AXIS2_PLACEMENT_3D ( 'NONE', #1223, #464, #481 ) ;
#591 = ORIENTED_EDGE ( 'NONE', *, *, #1553, .F. ) ;
#592 = CARTESIAN_POINT ( 'NONE',  ( -3.266231878785248000, 7.287678384782625000, 3.964999999999999900 ) ) ;
#593 = ADVANCED_FACE ( 'NONE', ( #1462 ), #907, .T. ) ;
#594 = ORIENTED_EDGE ( 'NONE', *, *, #1609, .F. ) ;
#595 = PLANE ( 'NONE',  #555 ) ;
#596 = CARTESIAN_POINT ( 'NONE',  ( -2.178662534341271300, 6.780536470693779600, -2.445000000000000300 ) ) ;
#597 = CARTESIAN_POINT ( 'NONE',  ( -2.640879505729961000, 6.996071784181540700, -2.445000000000000300 ) ) ;
#598 = DIRECTION ( 'NONE',  ( -0.0000000000000000000, -0.0000000000000000000, -1.000000000000000000 ) ) ;
#599 = EDGE_LOOP ( 'NONE', ( #324, #1104, #808, #490 ) ) ;
#600 = VERTEX_POINT ( 'NONE', #940 ) ;
#601 = ORIENTED_EDGE ( 'NONE', *, *, #1109, .F. ) ;
#602 = CARTESIAN_POINT ( 'NONE',  ( -2.207973516581075700, 4.735014486609864900, -2.494999999999999700 ) ) ;
#603 = ORIENTED_EDGE ( 'NONE', *, *, #1803, .T. ) ;
#604 = ORIENTED_EDGE ( 'NONE', *, *, #1597, .T. ) ;
#605 = VERTEX_POINT ( 'NONE', #2568 ) ;
#606 = CARTESIAN_POINT ( 'NONE',  ( -2.749999999999999100, 13.64000000000000100, 3.964999999999999900 ) ) ;
#607 = DIRECTION ( 'NONE',  ( 1.000000000000000000, 0.0000000000000000000, 0.0000000000000000000 ) ) ;
#608 = VECTOR ( 'NONE', #611, 1000.000000000000000 ) ;
#609 = EDGE_CURVE ( 'NONE', #1405, #1672, #977, .T. ) ;
#610 = LINE ( 'NONE', #664, #2215 ) ;
#611 = DIRECTION ( 'NONE',  ( -0.0000000000000000000, -0.0000000000000000000, -1.000000000000000000 ) ) ;
#612 = VECTOR ( 'NONE', #2115, 1000.000000000000000 ) ;
#613 = CARTESIAN_POINT ( 'NONE',  ( -3.071151732819275900, 13.24381624906216400, -3.964999999999999900 ) ) ;
#614 = EDGE_LOOP ( 'NONE', ( #603, #856, #246, #1067, #750, #2609 ) ) ;
#615 = DIRECTION ( 'NONE',  ( 0.0000000000000000000, 0.0000000000000000000, 1.000000000000000000 ) ) ;
#616 = DIRECTION ( 'NONE',  ( -0.0000000000000000000, 0.0000000000000000000, 1.000000000000000000 ) ) ;
#617 = ORIENTED_EDGE ( 'NONE', *, *, #1311, .F. ) ;
#618 = VERTEX_POINT ( 'NONE', #1542 ) ;
#619 = FACE_OUTER_BOUND ( 'NONE', #1697, .T. ) ;
#620 = CARTESIAN_POINT ( 'NONE',  ( -3.969999999999995300, 2.633782217350890200, -0.8399999999999996400 ) ) ;
#621 = DIRECTION ( 'NONE',  ( 0.0000000000000000000, 0.0000000000000000000, 1.000000000000000000 ) ) ;
#622 = VERTEX_POINT ( 'NONE', #1580 ) ;
#623 = CARTESIAN_POINT ( 'NONE',  ( 2.264868063956792600, 13.18340454864140200, -2.494999999999999700 ) ) ;
#624 = DIRECTION ( 'NONE',  ( -1.000000000000000000, 0.0000000000000000000, 0.0000000000000000000 ) ) ;
#625 = EDGE_CURVE ( 'NONE', #1441, #53, #1495, .T. ) ;
#626 = ORIENTED_EDGE ( 'NONE', *, *, #2532, .F. ) ;
#627 = CARTESIAN_POINT ( 'NONE',  ( 3.174999999999999800, 0.0000000000000000000, 0.7900000000000000400 ) ) ;
#628 = ORIENTED_EDGE ( 'NONE', *, *, #2539, .T. ) ;
#629 = DIRECTION ( 'NONE',  ( -0.0000000000000000000, 1.000000000000000000, -0.0000000000000000000 ) ) ;
#630 = ORIENTED_EDGE ( 'NONE', *, *, #2351, .F. ) ;
#631 = VERTEX_POINT ( 'NONE', #751 ) ;
#632 = EDGE_CURVE ( 'NONE', #985, #1499, #493, .T. ) ;
#633 = PLANE ( 'NONE',  #705 ) ;
#634 = ORIENTED_EDGE ( 'NONE', *, *, #1232, .F. ) ;
#635 = VECTOR ( 'NONE', #2059, 1000.000000000000000 ) ;
#636 = DIRECTION ( 'NONE',  ( 0.0000000000000000000, 0.0000000000000000000, 1.000000000000000000 ) ) ;
#637 = FACE_OUTER_BOUND ( 'NONE', #2191, .T. ) ;
#638 = CIRCLE ( 'NONE', #1294, 0.6999999999999992900 ) ;
#639 = ORIENTED_EDGE ( 'NONE', *, *, #691, .T. ) ;
#640 = CIRCLE ( 'NONE', #1746, 0.1899999999999996400 ) ;
#641 = EDGE_CURVE ( 'NONE', #71, #1912, #556, .T. ) ;
#642 = VECTOR ( 'NONE', #543, 1000.000000000000000 ) ;
#643 = EDGE_LOOP ( 'NONE', ( #1947, #2483, #253, #304, #1433, #2189, #815, #296, #1666, #1754, #1016, #1856 ) ) ;
#644 = CIRCLE ( 'NONE', #378, 0.6899999999999996100 ) ;
#645 = VERTEX_POINT ( 'NONE', #1783 ) ;
#646 = DIRECTION ( 'NONE',  ( 1.000000000000000000, 0.0000000000000000000, 0.0000000000000000000 ) ) ;
#647 = CARTESIAN_POINT ( 'NONE',  ( -2.675856766822704000, 7.644829931293641900, -2.445000000000000300 ) ) ;
#648 = VECTOR ( 'NONE', #629, 1000.000000000000000 ) ;
#649 = CARTESIAN_POINT ( 'NONE',  ( 3.969999999999996200, 2.633782217350890200, -0.8399999999999996400 ) ) ;
#650 = DIRECTION ( 'NONE',  ( 1.000000000000000000, 0.0000000000000000000, 0.0000000000000000000 ) ) ;
#651 = DIRECTION ( 'NONE',  ( -0.0000000000000000000, -0.0000000000000000000, -1.000000000000000000 ) ) ;
#652 = CARTESIAN_POINT ( 'NONE',  ( -0.7500000000000003300, 3.540000000000000500, 1.000000000000000000 ) ) ;
#653 = ORIENTED_EDGE ( 'NONE', *, *, #1955, .T. ) ;
#654 = CARTESIAN_POINT ( 'NONE',  ( -2.239492553632997000, 7.908811509149616700, 3.964999999999999900 ) ) ;
#655 = DIRECTION ( 'NONE',  ( 1.000000000000000000, 0.0000000000000000000, 0.0000000000000000000 ) ) ;
#656 = ORIENTED_EDGE ( 'NONE', *, *, #1083, .T. ) ;
#657 = EDGE_CURVE ( 'NONE', #687, #1839, #1747, .T. ) ;
#658 = VERTEX_POINT ( 'NONE', #2404 ) ;
#659 = ORIENTED_EDGE ( 'NONE', *, *, #759, .T. ) ;
#660 = VERTEX_POINT ( 'NONE', #1180 ) ;
#661 = VERTEX_POINT ( 'NONE', #1174 ) ;
#662 = ORIENTED_EDGE ( 'NONE', *, *, #303, .F. ) ;
#663 = DIRECTION ( 'NONE',  ( -1.000000000000000000, 0.0000000000000000000, 0.0000000000000000000 ) ) ;
#664 = CARTESIAN_POINT ( 'NONE',  ( -0.7500000000000003300, 2.540000000000000500, 1.000000000000000000 ) ) ;
#665 = CIRCLE ( 'NONE', #1229, 1.000000000000001300 ) ;
#666 = EDGE_CURVE ( 'NONE', #2106, #1618, #2410, .T. ) ;
#667 = VECTOR ( 'NONE', #81, 1000.000000000000000 ) ;
#668 = CARTESIAN_POINT ( 'NONE',  ( -2.640879505729962800, 12.83885354275742300, 3.964999999999999900 ) ) ;
#669 = VECTOR ( 'NONE', #2200, 1000.000000000000000 ) ;
#670 = VECTOR ( 'NONE', #1611, 1000.000000000000000 ) ;
#671 = DIRECTION ( 'NONE',  ( -0.4226182617407037200, 0.9063077870366479400, 0.0000000000000000000 ) ) ;
#672 = EDGE_CURVE ( 'NONE', #2528, #1304, #1881, .T. ) ;
#673 = CARTESIAN_POINT ( 'NONE',  ( -0.7500000000000005600, 3.540000000000000500, -0.8399999999999999700 ) ) ;
#674 = DIRECTION ( 'NONE',  ( 0.4226182617407036000, -0.9063077870366480500, -0.0000000000000000000 ) ) ;
#675 = VECTOR ( 'NONE', #676, 1000.000000000000000 ) ;
#676 = DIRECTION ( 'NONE',  ( 1.000000000000000000, 0.0000000000000000000, 0.0000000000000000000 ) ) ;
#677 = AXIS2_PLACEMENT_3D ( 'NONE', #2602, #100, #936 ) ;
#678 = VERTEX_POINT ( 'NONE', #359 ) ;
#679 = CIRCLE ( 'NONE', #46, 0.1900000000000000600 ) ;
#680 = DIRECTION ( 'NONE',  ( 0.4226182617407038300, 0.9063077870366479400, -0.0000000000000000000 ) ) ;
#681 = CARTESIAN_POINT ( 'NONE',  ( -1.011848642682464400, 9.875733069645088200, -2.445000000000000300 ) ) ;
#682 = CARTESIAN_POINT ( 'NONE',  ( 2.239492553632997000, 7.908811509149616700, -2.445000000000000300 ) ) ;
#683 = ORIENTED_EDGE ( 'NONE', *, *, #2628, .F. ) ;
#684 = EDGE_CURVE ( 'NONE', #370, #1653, #2617, .T. ) ;
#685 = DIRECTION ( 'NONE',  ( -0.0000000000000000000, -0.0000000000000000000, -1.000000000000000000 ) ) ;
#686 = AXIS2_PLACEMENT_3D ( 'NONE', #1357, #923, #1591 ) ;
#687 = VERTEX_POINT ( 'NONE', #137 ) ;
#688 = ORIENTED_EDGE ( 'NONE', *, *, #60, .T. ) ;
#689 = ORIENTED_EDGE ( 'NONE', *, *, #2420, .F. ) ;
#690 = ORIENTED_EDGE ( 'NONE', *, *, #666, .F. ) ;
#691 = EDGE_CURVE ( 'NONE', #658, #1460, #1523, .T. ) ;
#692 = PLANE ( 'NONE',  #1142 ) ;
#693 = ORIENTED_EDGE ( 'NONE', *, *, #217, .F. ) ;
#694 = DIRECTION ( 'NONE',  ( -0.6297092800377969100, 0.7768308841918423200, -0.0000000000000000000 ) ) ;
#695 = LINE ( 'NONE', #1303, #2274 ) ;
#696 = EDGE_CURVE ( 'NONE', #70, #678, #2583, .T. ) ;
#697 = DIRECTION ( 'NONE',  ( -0.0000000000000000000, 0.0000000000000000000, 1.000000000000000000 ) ) ;
#698 = FACE_OUTER_BOUND ( 'NONE', #1689, .T. ) ;
#699 = CARTESIAN_POINT ( 'NONE',  ( -3.714999999999997600, 3.075455173280956100, -0.7900000000000000400 ) ) ;
#700 = FACE_OUTER_BOUND ( 'NONE', #1969, .T. ) ;
#701 = CIRCLE ( 'NONE', #78, 0.1899999999999996400 ) ;
#702 = CYLINDRICAL_SURFACE ( 'NONE', #558, 4.310000000000001400 ) ;
#703 = DIRECTION ( 'NONE',  ( -0.0000000000000000000, -0.0000000000000000000, -1.000000000000000000 ) ) ;
#704 = LINE ( 'NONE', #374, #669 ) ;
#705 = AXIS2_PLACEMENT_3D ( 'NONE', #1463, #2505, #431 ) ;
#706 = CYLINDRICAL_SURFACE ( 'NONE', #1285, 0.4900000000000004400 ) ;
#707 = CYLINDRICAL_SURFACE ( 'NONE', #795, 0.1899999999999996400 ) ;
#708 = CARTESIAN_POINT ( 'NONE',  ( -3.792198479536962100, 3.320297469730733500, 3.964999999999999900 ) ) ;
#709 = CARTESIAN_POINT ( 'NONE',  ( 3.266231878785248000, 7.287678384782625000, -2.445000000000000300 ) ) ;
#710 = EDGE_CURVE ( 'NONE', #2393, #405, #17, .T. ) ;
#711 = ORIENTED_EDGE ( 'NONE', *, *, #1731, .F. ) ;
#712 = VECTOR ( 'NONE', #765, 1000.000000000000000 ) ;
#713 = APPLICATION_CONTEXT ( 'automotive_design' ) ;
#714 = ORIENTED_EDGE ( 'NONE', *, *, #2308, .F. ) ;
#715 = DIRECTION ( 'NONE',  ( -1.000000000000000000, 0.0000000000000000000, 0.0000000000000000000 ) ) ;
#716 = CARTESIAN_POINT ( 'NONE',  ( 2.788151357317535600, 9.875733069645088200, -2.445000000000000300 ) ) ;
#717 = ORIENTED_EDGE ( 'NONE', *, *, #950, .T. ) ;
#718 = EDGE_CURVE ( 'NONE', #875, #371, #1066, .T. ) ;
#719 =( LENGTH_UNIT ( ) NAMED_UNIT ( * ) SI_UNIT ( .MILLI., .METRE. ) );
#720 = ORIENTED_EDGE ( 'NONE', *, *, #625, .F. ) ;
#721 = CARTESIAN_POINT ( 'NONE',  ( -3.619999999999999200, 2.540000000000000000, 3.964999999999999900 ) ) ;
#722 = AXIS2_PLACEMENT_3D ( 'NONE', #6, #1431, #1443 ) ;
#723 = EDGE_LOOP ( 'NONE', ( #2291, #108, #331, #96 ) ) ;
#724 = CARTESIAN_POINT ( 'NONE',  ( 0.7499999999999998900, 2.540000000000000500, 0.8399999999999999700 ) ) ;
#725 = EDGE_CURVE ( 'NONE', #1112, #904, #2222, .T. ) ;
#726 = DIRECTION ( 'NONE',  ( 0.0000000000000000000, 0.0000000000000000000, 1.000000000000000000 ) ) ;
#727 = DIRECTION ( 'NONE',  ( 1.000000000000000000, 0.0000000000000000000, 0.0000000000000000000 ) ) ;
#728 = DIRECTION ( 'NONE',  ( 1.000000000000000000, 0.0000000000000000000, 0.0000000000000000000 ) ) ;
#729 = FACE_OUTER_BOUND ( 'NONE', #589, .T. ) ;
#730 = VECTOR ( 'NONE', #2270, 1000.000000000000000 ) ;
#731 = DIRECTION ( 'NONE',  ( -1.000000000000000000, 0.0000000000000000000, 0.0000000000000000000 ) ) ;
#732 = VECTOR ( 'NONE', #1979, 1000.000000000000200 ) ;
#733 = DIRECTION ( 'NONE',  ( -0.0000000000000000000, -0.0000000000000000000, 1.000000000000000000 ) ) ;
#734 = DIRECTION ( 'NONE',  ( -0.0000000000000000000, -0.0000000000000000000, -1.000000000000000000 ) ) ;
#735 = VERTEX_POINT ( 'NONE', #1203 ) ;
#736 = APPLICATION_PROTOCOL_DEFINITION ( 'draft international standard', 'automotive_design', 1998, #2153 ) ;
#737 = ADVANCED_FACE ( 'NONE', ( #935 ), #2553, .F. ) ;
#738 = CARTESIAN_POINT ( 'NONE',  ( -3.266231878785248000, 7.287678384782625000, 3.964999999999999900 ) ) ;
#739 = ORIENTED_EDGE ( 'NONE', *, *, #983, .T. ) ;
#740 = VERTEX_POINT ( 'NONE', #1006 ) ;
#741 = PLANE ( 'NONE',  #449 ) ;
#742 = EDGE_CURVE ( 'NONE', #2076, #661, #2286, .T. ) ;
#743 = DIRECTION ( 'NONE',  ( -0.8660254037844415900, -0.4999999999999948900, 0.0000000000000000000 ) ) ;
#744 = DIRECTION ( 'NONE',  ( 1.000000000000000000, -0.0000000000000000000, 1.355252715606879800E-015 ) ) ;
#745 = EDGE_LOOP ( 'NONE', ( #1525, #54, #2225, #1338 ) ) ;
#746 = DIRECTION ( 'NONE',  ( 0.0000000000000000000, 0.0000000000000000000, 1.000000000000000000 ) ) ;
#747 = ORIENTED_EDGE ( 'NONE', *, *, #2351, .T. ) ;
#748 = CARTESIAN_POINT ( 'NONE',  ( 3.002145400766924600, 12.50781434102575100, -2.445000000000000300 ) ) ;
#749 = ADVANCED_FACE ( 'NONE', ( #1391 ), #2437, .T. ) ;
#750 = ORIENTED_EDGE ( 'NONE', *, *, #657, .F. ) ;
#751 = CARTESIAN_POINT ( 'NONE',  ( -3.714999999999997600, 3.075455173280956100, 0.7899999999999999200 ) ) ;
#752 = DIRECTION ( 'NONE',  ( 0.0000000000000000000, 0.0000000000000000000, 1.000000000000000000 ) ) ;
#753 = CARTESIAN_POINT ( 'NONE',  ( 5.589988852970480900, 10.13649271229480500, 3.964999999999999900 ) ) ;
#754 = DIRECTION ( 'NONE',  ( 1.000000000000000000, 0.0000000000000000000, 0.0000000000000000000 ) ) ;
#755 = ORIENTED_EDGE ( 'NONE', *, *, #852, .T. ) ;
#756 = AXIS2_PLACEMENT_3D ( 'NONE', #2485, #1683, #1434 ) ;
#757 = ORIENTED_EDGE ( 'NONE', *, *, #2489, .F. ) ;
#758 = ORIENTED_EDGE ( 'NONE', *, *, #2480, .F. ) ;
#759 = EDGE_CURVE ( 'NONE', #661, #183, #1687, .T. ) ;
#760 = AXIS2_PLACEMENT_3D ( 'NONE', #1723, #1932, #1073 ) ;
#761 = CARTESIAN_POINT ( 'NONE',  ( 4.254999999999980400, 2.140147737193774700, 0.7900000000000000400 ) ) ;
#762 = CARTESIAN_POINT ( 'NONE',  ( 2.264868063956796200, 13.18340454864140900, -2.445000000000000300 ) ) ;
#763 = CARTESIAN_POINT ( 'NONE',  ( 0.7499999999999998900, 3.540000000000000500, -0.8399999999999999700 ) ) ;
#764 = LINE ( 'NONE', #1712, #2020 ) ;
#765 = DIRECTION ( 'NONE',  ( 1.000000000000000000, 0.0000000000000000000, 0.0000000000000000000 ) ) ;
#766 = VECTOR ( 'NONE', #1851, 1000.000000000000200 ) ;
#767 = ADVANCED_FACE ( 'NONE', ( #619 ), #2132, .F. ) ;
#768 = CYLINDRICAL_SURFACE ( 'NONE', #1596, 0.5699999999999798600 ) ;
#769 = LINE ( 'NONE', #2495, #1517 ) ;
#770 = DIRECTION ( 'NONE',  ( 0.0000000000000000000, 0.0000000000000000000, 1.000000000000000000 ) ) ;
#771 = FACE_OUTER_BOUND ( 'NONE', #1748, .T. ) ;
#772 = DIRECTION ( 'NONE',  ( 0.0000000000000000000, 0.0000000000000000000, 1.000000000000000000 ) ) ;
#773 = VECTOR ( 'NONE', #2009, 1000.000000000000000 ) ;
#774 = UNCERTAINTY_MEASURE_WITH_UNIT (LENGTH_MEASURE( 1.000000000000000100E-005 ), #416, 'distance_accuracy_value', 'NONE');
#775 = LINE ( 'NONE', #1278, #1321 ) ;
#776 = EDGE_CURVE ( 'NONE', #274, #2645, #2005, .T. ) ;
#777 = ORIENTED_EDGE ( 'NONE', *, *, #447, .T. ) ;
#778 = PLANE ( 'NONE',  #2296 ) ;
#779 = CIRCLE ( 'NONE', #1698, 1.200000000000000200 ) ;
#780 = ORIENTED_EDGE ( 'NONE', *, *, #832, .F. ) ;
#781 = CARTESIAN_POINT ( 'NONE',  ( 3.620000000000001900, 3.240000000000000200, 0.8400000000000000800 ) ) ;
#782 = EDGE_CURVE ( 'NONE', #904, #930, #1198, .T. ) ;
#783 = ADVANCED_FACE ( 'NONE', ( #1592 ), #2033, .F. ) ;
#784 = CARTESIAN_POINT ( 'NONE',  ( 2.264868063956796200, 13.18340454864140900, 3.964999999999999900 ) ) ;
#785 = CARTESIAN_POINT ( 'NONE',  ( -2.576231878785248500, 7.287678384782625000, -2.445000000000000300 ) ) ;
#786 = ORIENTED_EDGE ( 'NONE', *, *, #1874, .F. ) ;
#787 = ORIENTED_EDGE ( 'NONE', *, *, #2392, .F. ) ;
#788 = DIRECTION ( 'NONE',  ( -0.9063077870366473800, -0.4226182617407051600, 0.0000000000000000000 ) ) ;
#789 = DIRECTION ( 'NONE',  ( -1.000000000000000000, 0.0000000000000000000, 0.0000000000000000000 ) ) ;
#790 = VECTOR ( 'NONE', #2525, 1000.000000000000000 ) ;
#791 = PLANE ( 'NONE',  #276 ) ;
#792 = DIRECTION ( 'NONE',  ( 0.9063077870366480500, 0.4226182617407036000, -0.0000000000000000000 ) ) ;
#794 = VERTEX_POINT ( 'NONE', #573 ) ;
#793 = DIRECTION ( 'NONE',  ( -0.0000000000000000000, -0.0000000000000000000, 1.000000000000000000 ) ) ;
#795 = AXIS2_PLACEMENT_3D ( 'NONE', #1076, #2513, #258 ) ;
#796 = ADVANCED_FACE ( 'NONE', ( #1945 ), #2012, .F. ) ;
#797 = EDGE_CURVE ( 'NONE', #660, #2104, #679, .T. ) ;
#798 = CYLINDRICAL_SURFACE ( 'NONE', #1085, 4.000000000000000000 ) ;
#799 = DIRECTION ( 'NONE',  ( -0.0000000000000000000, -0.0000000000000000000, -1.000000000000000000 ) ) ;
#800 = VECTOR ( 'NONE', #1891, 1000.000000000000100 ) ;
#801 = FACE_OUTER_BOUND ( 'NONE', #334, .T. ) ;
#802 = VECTOR ( 'NONE', #1147, 1000.000000000000000 ) ;
#803 = FACE_OUTER_BOUND ( 'NONE', #2109, .T. ) ;
#804 = ORIENTED_EDGE ( 'NONE', *, *, #1228, .F. ) ;
#805 = DIRECTION ( 'NONE',  ( -0.0000000000000000000, -1.000000000000000000, -0.0000000000000000000 ) ) ;
#806 = ORIENTED_EDGE ( 'NONE', *, *, #672, .F. ) ;
#807 = EDGE_CURVE ( 'NONE', #1627, #1690, #131, .T. ) ;
#808 = ORIENTED_EDGE ( 'NONE', *, *, #814, .T. ) ;
#810 = CARTESIAN_POINT ( 'NONE',  ( 3.620000000000001900, 3.240000000000000200, -0.8399999999999996400 ) ) ;
#809 = AXIS2_PLACEMENT_3D ( 'NONE', #2071, #1472, #1850 ) ;
#811 = CARTESIAN_POINT ( 'NONE',  ( 3.620000000000001900, 3.240000000000000200, 0.8400000000000000800 ) ) ;
#812 = CARTESIAN_POINT ( 'NONE',  ( -2.239492553632997000, 7.908811509149616700, -2.445000000000000300 ) ) ;
#813 = VERTEX_POINT ( 'NONE', #982 ) ;
#814 = EDGE_CURVE ( 'NONE', #1244, #1909, #99, .T. ) ;
#815 = ORIENTED_EDGE ( 'NONE', *, *, #2323, .F. ) ;
#816 = DIRECTION ( 'NONE',  ( -0.0000000000000000000, -0.0000000000000000000, -1.000000000000000000 ) ) ;
#817 = AXIS2_PLACEMENT_3D ( 'NONE', #2173, #1544, #1761 ) ;
#818 = ORIENTED_EDGE ( 'NONE', *, *, #976, .T. ) ;
#819 = DIRECTION ( 'NONE',  ( 0.0000000000000000000, 0.0000000000000000000, 1.000000000000000000 ) ) ;
#820 = ORIENTED_EDGE ( 'NONE', *, *, #1955, .F. ) ;
#821 = DIRECTION ( 'NONE',  ( 1.000000000000000000, 0.0000000000000000000, 0.0000000000000000000 ) ) ;
#822 = ORIENTED_EDGE ( 'NONE', *, *, #2392, .T. ) ;
#823 = ORIENTED_EDGE ( 'NONE', *, *, #124, .T. ) ;
#824 = CARTESIAN_POINT ( 'NONE',  ( 1.502540733435198100, 8.230484351844234300, 3.964999999999999900 ) ) ;
#825 = ORIENTED_EDGE ( 'NONE', *, *, #16, .F. ) ;
#826 = EDGE_CURVE ( 'NONE', #930, #1606, #1128, .T. ) ;
#827 = CARTESIAN_POINT ( 'NONE',  ( -3.714999999999997600, 3.075455173280956100, 0.8400000000000000800 ) ) ;
#828 = AXIS2_PLACEMENT_3D ( 'NONE', #2416, #1182, #2619 ) ;
#829 = CARTESIAN_POINT ( 'NONE',  ( -1.964757704823884700, 8.446019665331988300, 3.964999999999999900 ) ) ;
#830 = DIRECTION ( 'NONE',  ( -0.0000000000000000000, -0.0000000000000000000, -1.000000000000000000 ) ) ;
#831 = CIRCLE ( 'NONE', #2289, 0.4900000000000004400 ) ;
#832 = EDGE_CURVE ( 'NONE', #1977, #605, #1717, .T. ) ;
#833 = LINE ( 'NONE', #829, #800 ) ;
#834 = VECTOR ( 'NONE', #1478, 1000.000000000000000 ) ;
#835 = CYLINDRICAL_SURFACE ( 'NONE', #211, 4.000000000000000000 ) ;
#836 = FACE_OUTER_BOUND ( 'NONE', #599, .T. ) ;
#837 = VECTOR ( 'NONE', #1535, 1000.000000000000000 ) ;
#838 = CARTESIAN_POINT ( 'NONE',  ( -3.685000000000000500, 2.140147737193774700, -0.7900000000000000400 ) ) ;
#839 = VECTOR ( 'NONE', #299, 1000.000000000000000 ) ;
#840 = DIRECTION ( 'NONE',  ( -0.4226182617407038300, -0.9063077870366479400, 0.0000000000000000000 ) ) ;
#841 = CARTESIAN_POINT ( 'NONE',  ( 3.714999999999997600, 3.075455173280956100, 0.7900000000000000400 ) ) ;
#842 = ORIENTED_EDGE ( 'NONE', *, *, #983, .F. ) ;
#843 = EDGE_CURVE ( 'NONE', #44, #1505, #2342, .T. ) ;
#844 = VERTEX_POINT ( 'NONE', #1838 ) ;
#845 = LINE ( 'NONE', #177, #1660 ) ;
#846 = DIRECTION ( 'NONE',  ( -0.0000000000000000000, -0.0000000000000000000, 1.000000000000000000 ) ) ;
#847 = ORIENTED_EDGE ( 'NONE', *, *, #295, .T. ) ;
#848 = ORIENTED_EDGE ( 'NONE', *, *, #1628, .F. ) ;
#849 = DIRECTION ( 'NONE',  ( 1.000000000000000000, -0.0000000000000000000, -0.0000000000000000000 ) ) ;
#850 = ORIENTED_EDGE ( 'NONE', *, *, #1277, .T. ) ;
#851 = DIRECTION ( 'NONE',  ( 0.0000000000000000000, -0.0000000000000000000, -1.000000000000000000 ) ) ;
#852 = EDGE_CURVE ( 'NONE', #2290, #2168, #74, .T. ) ;
#853 = ORIENTED_EDGE ( 'NONE', *, *, #1396, .F. ) ;
#854 = CARTESIAN_POINT ( 'NONE',  ( -5.589988852970477300, 10.13649271229480300, 3.964999999999999900 ) ) ;
#855 = DIRECTION ( 'NONE',  ( 0.0000000000000000000, 0.0000000000000000000, 1.000000000000000000 ) ) ;
#856 = ORIENTED_EDGE ( 'NONE', *, *, #1271, .T. ) ;
#857 = CARTESIAN_POINT ( 'NONE',  ( -3.619999999999999200, 3.239999999999999300, -0.8399999999999996400 ) ) ;
#858 = ORIENTED_EDGE ( 'NONE', *, *, #725, .T. ) ;
#859 = EDGE_CURVE ( 'NONE', #967, #740, #845, .T. ) ;
#860 = DIRECTION ( 'NONE',  ( 0.0000000000000000000, 0.0000000000000000000, 1.000000000000000000 ) ) ;
#861 = AXIS2_PLACEMENT_3D ( 'NONE', #171, #2220, #1019 ) ;
#862 = FACE_OUTER_BOUND ( 'NONE', #333, .T. ) ;
#863 = AXIS2_PLACEMENT_3D ( 'NONE', #2206, #2226, #1183 ) ;
#864 = VECTOR ( 'NONE', #584, 1000.000000000000000 ) ;
#865 = CARTESIAN_POINT ( 'NONE',  ( -3.266231878785248000, 7.287678384782625000, -2.445000000000000300 ) ) ;
#866 = LINE ( 'NONE', #428, #730 ) ;
#867 = CARTESIAN_POINT ( 'NONE',  ( -3.619999999999999200, 3.239999999999999300, -3.964999999999999900 ) ) ;
#868 = LINE ( 'NONE', #2379, #2442 ) ;
#869 = EDGE_CURVE ( 'NONE', #1504, #1880, #2193, .T. ) ;
#870 = LINE ( 'NONE', #162, #1157 ) ;
#871 = DIRECTION ( 'NONE',  ( -0.0000000000000000000, -0.0000000000000000000, -1.000000000000000000 ) ) ;
#872 = ORIENTED_EDGE ( 'NONE', *, *, #1160, .T. ) ;
#873 = DIRECTION ( 'NONE',  ( 0.4226182617407036000, -0.9063077870366480500, -0.0000000000000000000 ) ) ;
#874 = VERTEX_POINT ( 'NONE', #406 ) ;
#875 = VERTEX_POINT ( 'NONE', #596 ) ;
#876 = ORIENTED_EDGE ( 'NONE', *, *, #1635, .F. ) ;
#877 = ORIENTED_EDGE ( 'NONE', *, *, #2069, .T. ) ;
#878 = DIRECTION ( 'NONE',  ( 0.0000000000000000000, 0.0000000000000000000, 1.000000000000000000 ) ) ;
#879 = CARTESIAN_POINT ( 'NONE',  ( 3.002145400766924600, 12.50781434102575100, 3.964999999999999900 ) ) ;
#880 = ORIENTED_EDGE ( 'NONE', *, *, #1841, .F. ) ;
#881 = DIRECTION ( 'NONE',  ( 0.0000000000000000000, 0.0000000000000000000, 1.000000000000000000 ) ) ;
#882 = EDGE_CURVE ( 'NONE', #2030, #2520, #1324, .T. ) ;
#883 = DIRECTION ( 'NONE',  ( 0.0000000000000000000, 0.0000000000000000000, -1.000000000000000000 ) ) ;
#884 = ORIENTED_EDGE ( 'NONE', *, *, #257, .F. ) ;
#885 = ORIENTED_EDGE ( 'NONE', *, *, #710, .T. ) ;
#886 = CARTESIAN_POINT ( 'NONE',  ( -4.254999999999980400, 2.140147737193774700, 0.7900000000000000400 ) ) ;
#887 = DIRECTION ( 'NONE',  ( -0.0000000000000000000, -0.0000000000000000000, -1.000000000000000000 ) ) ;
#888 = ORIENTED_EDGE ( 'NONE', *, *, #420, .F. ) ;
#889 = ORIENTED_EDGE ( 'NONE', *, *, #759, .F. ) ;
#890 = DIRECTION ( 'NONE',  ( -0.0000000000000000000, -0.0000000000000000000, -1.000000000000000000 ) ) ;
#891 = VECTOR ( 'NONE', #51, 1000.000000000000000 ) ;
#892 = DIRECTION ( 'NONE',  ( 1.000000000000000000, 0.0000000000000000000, 0.0000000000000000000 ) ) ;
#893 = CIRCLE ( 'NONE', #2625, 4.310000000000001400 ) ;
#894 = VECTOR ( 'NONE', #1624, 1000.000000000000000 ) ;
#895 = VECTOR ( 'NONE', #1465, 1000.000000000000000 ) ;
#896 = DIRECTION ( 'NONE',  ( 1.000000000000000000, 0.0000000000000000000, 0.0000000000000000000 ) ) ;
#897 = EDGE_CURVE ( 'NONE', #735, #2050, #1103, .T. ) ;
#898 = ORIENTED_EDGE ( 'NONE', *, *, #1477, .T. ) ;
#899 = LINE ( 'NONE', #1146, #839 ) ;
#900 = AXIS2_PLACEMENT_3D ( 'NONE', #1283, #2105, #1496 ) ;
#901 = ORIENTED_EDGE ( 'NONE', *, *, #561, .F. ) ;
#902 = EDGE_LOOP ( 'NONE', ( #212, #1372, #850, #291, #2300, #522 ) ) ;
#903 = DIRECTION ( 'NONE',  ( 1.000000000000000000, 0.0000000000000000000, 0.0000000000000000000 ) ) ;
#904 = VERTEX_POINT ( 'NONE', #613 ) ;
#905 = VECTOR ( 'NONE', #2328, 1000.000000000000000 ) ;
#906 = DIRECTION ( 'NONE',  ( -0.0000000000000000000, 0.0000000000000000000, -1.000000000000000000 ) ) ;
#907 = PLANE ( 'NONE',  #1878 ) ;
#908 = ORIENTED_EDGE ( 'NONE', *, *, #364, .T. ) ;
#909 = DIRECTION ( 'NONE',  ( -0.4999999999999944500, -0.8660254037844418200, 0.0000000000000000000 ) ) ;
#910 = EDGE_CURVE ( 'NONE', #1505, #566, #1816, .T. ) ;
#911 = DIRECTION ( 'NONE',  ( -1.355252715606879800E-015, -8.118054908993692700E-032, 1.000000000000000000 ) ) ;
#912 = AXIS2_PLACEMENT_3D ( 'NONE', #1252, #1864, #2587 ) ;
#913 = ORIENTED_EDGE ( 'NONE', *, *, #1620, .T. ) ;
#914 = CARTESIAN_POINT ( 'NONE',  ( 3.714999999999998500, 3.075455173280954700, 0.8400000000000000800 ) ) ;
#915 = VERTEX_POINT ( 'NONE', #2444 ) ;
#916 = EDGE_CURVE ( 'NONE', #658, #1636, #1267, .T. ) ;
#917 = ORIENTED_EDGE ( 'NONE', *, *, #524, .F. ) ;
#918 = ORIENTED_EDGE ( 'NONE', *, *, #782, .F. ) ;
#919 = ORIENTED_EDGE ( 'NONE', *, *, #989, .F. ) ;
#920 = DIRECTION ( 'NONE',  ( -0.0000000000000000000, -1.000000000000000000, -0.0000000000000000000 ) ) ;
#921 = CARTESIAN_POINT ( 'NONE',  ( 3.071151732819278100, 13.24381624906216200, 3.964999999999999900 ) ) ;
#922 = PRODUCT ( 'BK-6007', 'BK-6007', '', ( #2572 ) ) ;
#923 = DIRECTION ( 'NONE',  ( 0.0000000000000000000, 0.0000000000000000000, 1.000000000000000000 ) ) ;
#924 = LINE ( 'NONE', #2216, #1900 ) ;
#925 = EDGE_CURVE ( 'NONE', #1302, #71, #1772, .T. ) ;
#926 = DIRECTION ( 'NONE',  ( 1.000000000000000000, 0.0000000000000000000, 0.0000000000000000000 ) ) ;
#927 = CIRCLE ( 'NONE', #1106, 0.6899999999999996100 ) ;
#928 = DIRECTION ( 'NONE',  ( 0.0000000000000000000, 0.0000000000000000000, 1.000000000000000000 ) ) ;
#929 = LINE ( 'NONE', #1859, #1870 ) ;
#930 = VERTEX_POINT ( 'NONE', #1480 ) ;
#931 = LINE ( 'NONE', #2421, #2309 ) ;
#932 = CIRCLE ( 'NONE', #1701, 0.4900000000000004400 ) ;
#933 = EDGE_CURVE ( 'NONE', #2630, #1269, #585, .T. ) ;
#934 = ORIENTED_EDGE ( 'NONE', *, *, #1676, .T. ) ;
#935 = FACE_OUTER_BOUND ( 'NONE', #723, .T. ) ;
#936 = DIRECTION ( 'NONE',  ( 0.6297092800377994700, 0.7768308841918402100, 0.0000000000000000000 ) ) ;
#937 = DIRECTION ( 'NONE',  ( 0.9063077870366479400, -0.4226182617407036600, 0.0000000000000000000 ) ) ;
#938 = ORIENTED_EDGE ( 'NONE', *, *, #925, .T. ) ;
#939 = ADVANCED_FACE ( 'NONE', ( #1037 ), #1050, .F. ) ;
#940 = CARTESIAN_POINT ( 'NONE',  ( 3.620000000000002800, 3.050000000000000700, -0.8399999999999996400 ) ) ;
#941 = DIRECTION ( 'NONE',  ( 1.000000000000000000, 1.198013450260225700E-016, 0.0000000000000000000 ) ) ;
#942 = DIRECTION ( 'NONE',  ( 0.0000000000000000000, 0.0000000000000000000, 1.000000000000000000 ) ) ;
#943 = ORIENTED_EDGE ( 'NONE', *, *, #227, .T. ) ;
#944 = EDGE_CURVE ( 'NONE', #371, #272, #779, .T. ) ;
#945 = AXIS2_PLACEMENT_3D ( 'NONE', #1654, #1643, #2040 ) ;
#946 = ORIENTED_EDGE ( 'NONE', *, *, #2511, .T. ) ;
#947 = ORIENTED_EDGE ( 'NONE', *, *, #2224, .F. ) ;
#948 = DIRECTION ( 'NONE',  ( -0.0000000000000000000, -0.0000000000000000000, -1.000000000000000000 ) ) ;
#949 = ORIENTED_EDGE ( 'NONE', *, *, #989, .T. ) ;
#950 = EDGE_CURVE ( 'NONE', #53, #2243, #1774, .T. ) ;
#951 = ORIENTED_EDGE ( 'NONE', *, *, #1506, .F. ) ;
#952 = DIRECTION ( 'NONE',  ( -0.0000000000000000000, -0.0000000000000000000, -1.000000000000000000 ) ) ;
#953 = ORIENTED_EDGE ( 'NONE', *, *, #657, .T. ) ;
#954 = EDGE_CURVE ( 'NONE', #1112, #2591, #385, .T. ) ;
#955 = DIRECTION ( 'NONE',  ( 0.4999999999999948900, -0.8660254037844415900, 0.0000000000000000000 ) ) ;
#956 = CARTESIAN_POINT ( 'NONE',  ( 2.264868063956792600, 13.18340454864140200, -2.494999999999999700 ) ) ;
#957 = DIRECTION ( 'NONE',  ( 1.000000000000000000, 0.0000000000000000000, 0.0000000000000000000 ) ) ;
#958 = ADVANCED_FACE ( 'NONE', ( #1256 ), #1107, .F. ) ;
#959 = FACE_OUTER_BOUND ( 'NONE', #2031, .T. ) ;
#960 = DIRECTION ( 'NONE',  ( 0.0000000000000000000, 0.0000000000000000000, 1.000000000000000000 ) ) ;
#961 = CIRCLE ( 'NONE', #2072, 4.000000000000000000 ) ;
#962 = EDGE_CURVE ( 'NONE', #370, #2076, #2275, .T. ) ;
#963 = FACE_OUTER_BOUND ( 'NONE', #1777, .T. ) ;
#964 = FACE_OUTER_BOUND ( 'NONE', #2522, .T. ) ;
#965 = CARTESIAN_POINT ( 'NONE',  ( 1.011848642682464400, 9.875733069645088200, -2.445000000000000300 ) ) ;
#966 = DIRECTION ( 'NONE',  ( 0.0000000000000000000, 0.0000000000000000000, 1.000000000000000000 ) ) ;
#967 = VERTEX_POINT ( 'NONE', #2547 ) ;
#968 = DIRECTION ( 'NONE',  ( -0.0000000000000000000, -0.0000000000000000000, -1.000000000000000000 ) ) ;
#969 = AXIS2_PLACEMENT_3D ( 'NONE', #2441, #1384, #1598 ) ;
#970 = LINE ( 'NONE', #438, #1388 ) ;
#971 = VERTEX_POINT ( 'NONE', #708 ) ;
#972 = ADVANCED_FACE ( 'NONE', ( #698 ), #1901, .F. ) ;
#973 = VERTEX_POINT ( 'NONE', #2085 ) ;
#974 = ORIENTED_EDGE ( 'NONE', *, *, #2022, .T. ) ;
#975 = CARTESIAN_POINT ( 'NONE',  ( 5.589988852970480900, 10.13649271229480500, 3.964999999999999900 ) ) ;
#976 = EDGE_CURVE ( 'NONE', #358, #2381, #833, .T. ) ;
#977 = LINE ( 'NONE', #1331, #2648 ) ;
#978 = ADVANCED_FACE ( 'NONE', ( #380 ), #2575, .T. ) ;
#979 = ORIENTED_EDGE ( 'NONE', *, *, #1785, .F. ) ;
#980 = CARTESIAN_POINT ( 'NONE',  ( -2.640879505729961400, 12.83885354275742300, -2.445000000000000300 ) ) ;
#981 = CARTESIAN_POINT ( 'NONE',  ( -3.619999999999999200, 3.239999999999999300, 3.964999999999999900 ) ) ;
#982 = CARTESIAN_POINT ( 'NONE',  ( 2.239492553632997000, 7.908811509149616700, 3.964999999999999900 ) ) ;
#983 = EDGE_CURVE ( 'NONE', #53, #202, #2057, .T. ) ;
#984 = VERTEX_POINT ( 'NONE', #232 ) ;
#985 = VERTEX_POINT ( 'NONE', #649 ) ;
#986 = ADVANCED_FACE ( 'NONE', ( #512 ), #2211, .T. ) ;
#987 = ADVANCED_FACE ( 'NONE', ( #343 ), #1511, .F. ) ;
#988 = ORIENTED_EDGE ( 'NONE', *, *, #561, .T. ) ;
#989 = EDGE_CURVE ( 'NONE', #2419, #2645, #89, .T. ) ;
#990 = EDGE_LOOP ( 'NONE', ( #176, #26, #1461, #1825, #207, #1485 ) ) ;
#991 = DIRECTION ( 'NONE',  ( -0.0000000000000000000, -0.0000000000000000000, -1.000000000000000000 ) ) ;
#992 = CARTESIAN_POINT ( 'NONE',  ( -3.175000000000000700, 2.140147737193774700, 0.7900000000000000400 ) ) ;
#993 = CARTESIAN_POINT ( 'NONE',  ( -2.264868063956796200, 13.18340454864140900, -2.445000000000000300 ) ) ;
#994 = CARTESIAN_POINT ( 'NONE',  ( 1.589988852970481300, 10.13649271229480500, 3.964999999999999900 ) ) ;
#995 = VECTOR ( 'NONE', #2559, 1000.000000000000000 ) ;
#996 = FACE_OUTER_BOUND ( 'NONE', #2304, .T. ) ;
#997 = LINE ( 'NONE', #2474, #1187 ) ;
#998 = CIRCLE ( 'NONE', #2256, 0.5699999999999794100 ) ;
#999 = DIRECTION ( 'NONE',  ( 0.0000000000000000000, 0.0000000000000000000, 1.000000000000000000 ) ) ;
#1000 = CYLINDRICAL_SURFACE ( 'NONE', #1010, 0.5699999999999794100 ) ;
#1001 = ADVANCED_FACE ( 'NONE', ( #2359 ), #2023, .T. ) ;
#1002 = EDGE_CURVE ( 'NONE', #2312, #813, #1515, .T. ) ;
#1003 = CARTESIAN_POINT ( 'NONE',  ( -3.809999999999998700, 3.239999999999999300, 3.964999999999999900 ) ) ;
#1004 = ORIENTED_EDGE ( 'NONE', *, *, #2188, .T. ) ;
#1005 = DIRECTION ( 'NONE',  ( -0.4226182617407037200, 0.9063077870366479400, 0.0000000000000000000 ) ) ;
#1006 = CARTESIAN_POINT ( 'NONE',  ( -0.7500000000000005600, 2.540000000000000500, -0.8399999999999999700 ) ) ;
#1007 = LINE ( 'NONE', #114, #354 ) ;
#1008 = CARTESIAN_POINT ( 'NONE',  ( -2.207973516581075700, 4.735014486609864900, -2.494999999999999700 ) ) ;
#1009 = ORIENTED_EDGE ( 'NONE', *, *, #2099, .T. ) ;
#1010 = AXIS2_PLACEMENT_3D ( 'NONE', #2144, #2541, #280 ) ;
#1011 = DIRECTION ( 'NONE',  ( 0.0000000000000000000, 0.0000000000000000000, 1.000000000000000000 ) ) ;
#1012 = ORIENTED_EDGE ( 'NONE', *, *, #2560, .F. ) ;
#1013 = DIRECTION ( 'NONE',  ( 4.052812443339609100E-016, 1.000000000000000000, 0.0000000000000000000 ) ) ;
#1014 = ORIENTED_EDGE ( 'NONE', *, *, #41, .F. ) ;
#1015 = ORIENTED_EDGE ( 'NONE', *, *, #586, .T. ) ;
#1016 = ORIENTED_EDGE ( 'NONE', *, *, #1047, .F. ) ;
#1017 = EDGE_LOOP ( 'NONE', ( #1195, #1897, #1040, #2131 ) ) ;
#1018 = CARTESIAN_POINT ( 'NONE',  ( 3.714999999999997600, 3.075455173280956100, 0.7900000000000000400 ) ) ;
#1019 = DIRECTION ( 'NONE',  ( 1.000000000000000000, 0.0000000000000000000, 0.0000000000000000000 ) ) ;
#1020 = ORIENTED_EDGE ( 'NONE', *, *, #194, .F. ) ;
#1021 = EDGE_CURVE ( 'NONE', #2341, #1436, #961, .T. ) ;
#1022 = CYLINDRICAL_SURFACE ( 'NONE', #397, 0.4900000000000004400 ) ;
#1023 = CIRCLE ( 'NONE', #43, 3.800000000000000300 ) ;
#1024 = DIRECTION ( 'NONE',  ( 1.000000000000000000, 0.0000000000000000000, 0.0000000000000000000 ) ) ;
#1025 = FACE_OUTER_BOUND ( 'NONE', #643, .T. ) ;
#1026 = VECTOR ( 'NONE', #419, 1000.000000000000000 ) ;
#1027 = DIRECTION ( 'NONE',  ( 0.0000000000000000000, 0.0000000000000000000, 1.000000000000000000 ) ) ;
#1028 = ORIENTED_EDGE ( 'NONE', *, *, #1311, .T. ) ;
#1029 = FACE_OUTER_BOUND ( 'NONE', #1656, .T. ) ;
#1030 = CARTESIAN_POINT ( 'NONE',  ( 0.7499999999999998900, 3.050000000000000700, -0.8399999999999999700 ) ) ;
#1031 = CARTESIAN_POINT ( 'NONE',  ( -3.685000000000000500, 2.140147737193774700, 0.7900000000000000400 ) ) ;
#1032 = ORIENTED_EDGE ( 'NONE', *, *, #1177, .T. ) ;
#1033 = EDGE_LOOP ( 'NONE', ( #235, #656, #591, #2196 ) ) ;
#1034 = AXIS2_PLACEMENT_3D ( 'NONE', #1494, #270, #896 ) ;
#1035 = ORIENTED_EDGE ( 'NONE', *, *, #1908, .F. ) ;
#1036 = DIRECTION ( 'NONE',  ( 1.000000000000000000, 5.990067251301128600E-017, 0.0000000000000000000 ) ) ;
#1037 = FACE_OUTER_BOUND ( 'NONE', #1498, .T. ) ;
#1038 = DIRECTION ( 'NONE',  ( -1.000000000000000000, 0.0000000000000000000, 0.0000000000000000000 ) ) ;
#1039 = EDGE_CURVE ( 'NONE', #1605, #1657, #1120, .T. ) ;
#1040 = ORIENTED_EDGE ( 'NONE', *, *, #1796, .F. ) ;
#1041 = CARTESIAN_POINT ( 'NONE',  ( -1.011848642682464400, 9.875733069645088200, 3.964999999999999900 ) ) ;
#1042 = AXIS2_PLACEMENT_3D ( 'NONE', #2018, #2241, #356 ) ;
#1043 = VERTEX_POINT ( 'NONE', #491 ) ;
#1045 = ORIENTED_EDGE ( 'NONE', *, *, #1620, .F. ) ;
#1044 = DIRECTION ( 'NONE',  ( -0.0000000000000000000, -0.0000000000000000000, -1.000000000000000000 ) ) ;
#1046 = CARTESIAN_POINT ( 'NONE',  ( -2.165896641714967400, 11.95946407615478100, -2.445000000000000300 ) ) ;
#1047 = EDGE_CURVE ( 'NONE', #319, #875, #415, .T. ) ;
#1048 = EDGE_LOOP ( 'NONE', ( #1136, #2629, #1565, #56 ) ) ;
#1049 = ORIENTED_EDGE ( 'NONE', *, *, #1396, .T. ) ;
#1050 = PLANE ( 'NONE',  #1556 ) ;
#1051 = CARTESIAN_POINT ( 'NONE',  ( -1.011848642682464400, 9.875733069645088200, 3.964999999999999900 ) ) ;
#1052 = AXIS2_PLACEMENT_3D ( 'NONE', #721, #110, #316 ) ;
#1053 = LINE ( 'NONE', #2255, #2396 ) ;
#1054 = EDGE_CURVE ( 'NONE', #2228, #2393, #927, .T. ) ;
#1055 = FACE_OUTER_BOUND ( 'NONE', #2388, .T. ) ;
#1056 = VECTOR ( 'NONE', #1798, 1000.000000000000000 ) ;
#1057 = DIRECTION ( 'NONE',  ( -0.0000000000000000000, -0.0000000000000000000, -1.000000000000000000 ) ) ;
#1058 = VECTOR ( 'NONE', #1068, 1000.000000000000000 ) ;
#1059 = PLANE ( 'NONE',  #485 ) ;
#1060 = CIRCLE ( 'NONE', #2664, 0.7000000000000000700 ) ;
#1061 = DIRECTION ( 'NONE',  ( 1.000000000000000000, 0.0000000000000000000, -0.0000000000000000000 ) ) ;
#1062 = CARTESIAN_POINT ( 'NONE',  ( 0.7499999999999998900, 3.540000000000000500, -1.000000000000000000 ) ) ;
#1063 = DIRECTION ( 'NONE',  ( -1.355252715606879800E-015, 0.0000000000000000000, -1.000000000000000000 ) ) ;
#1064 = ORIENTED_EDGE ( 'NONE', *, *, #2171, .F. ) ;
#1065 = EDGE_CURVE ( 'NONE', #844, #2341, #2475, .T. ) ;
#1066 = LINE ( 'NONE', #1625, #2068 ) ;
#1067 = ORIENTED_EDGE ( 'NONE', *, *, #1951, .F. ) ;
#1068 = DIRECTION ( 'NONE',  ( -0.0000000000000000000, -1.000000000000000000, -0.0000000000000000000 ) ) ;
#1069 = AXIS2_PLACEMENT_3D ( 'NONE', #1726, #2147, #1702 ) ;
#1070 = ORIENTED_EDGE ( 'NONE', *, *, #2653, .F. ) ;
#1071 = CARTESIAN_POINT ( 'NONE',  ( -1.011848642682464400, 9.875733069645088200, 3.964999999999999900 ) ) ;
#1072 = VERTEX_POINT ( 'NONE', #12 ) ;
#1073 = DIRECTION ( 'NONE',  ( 1.000000000000000000, 0.0000000000000000000, 0.0000000000000000000 ) ) ;
#1074 = EDGE_CURVE ( 'NONE', #2515, #1813, #150, .T. ) ;
#1075 = ORIENTED_EDGE ( 'NONE', *, *, #776, .T. ) ;
#1076 = CARTESIAN_POINT ( 'NONE',  ( -3.619999999999999200, 3.239999999999999300, 3.964999999999999900 ) ) ;
#1077 = ORIENTED_EDGE ( 'NONE', *, *, #2450, .F. ) ;
#1078 = ORIENTED_EDGE ( 'NONE', *, *, #60, .F. ) ;
#1079 = CARTESIAN_POINT ( 'NONE',  ( -3.714999999999997600, 3.075455173280956100, -0.7900000000000000400 ) ) ;
#1080 = ORIENTED_EDGE ( 'NONE', *, *, #538, .F. ) ;
#1081 = CARTESIAN_POINT ( 'NONE',  ( 5.589988852970480900, 10.13649271229480500, -3.964999999999999900 ) ) ;
#1082 = CLOSED_SHELL ( 'NONE', ( #972, #986, #1219, #978, #145, #1185, #2649, #344, #2406, #557, #373, #593, #2595, #1392, #391, #1175, #2632, #174, #749, #1569, #796, #1586, #958, #2236, #1204, #332, #1817, #541, #1800, #1984, #939, #783, #1422, #2618, #160, #1981, #581, #361, #1162, #2195, #2223, #1001, #737, #2605, #1376, #1172, #2390, #2394, #2024, #554, #767, #2207, #2439, #1600, #2178, #1367, #132, #1829, #565, #1363, #143, #1615, #1404, #2418, #1631, #119, #1999, #1158, #2197, #2621, #1787, #1583, #1770, #357, #987, #2181, #2378, #341 ) ) ;
#1083 = EDGE_CURVE ( 'NONE', #1762, #2038, #221, .T. ) ;
#1084 = CARTESIAN_POINT ( 'NONE',  ( 4.254415450925655800, 3.535832783218492800, -3.964999999999999900 ) ) ;
#1085 = AXIS2_PLACEMENT_3D ( 'NONE', #975, #539, #1786 ) ;
#1086 = DIRECTION ( 'NONE',  ( -0.0000000000000000000, -0.0000000000000000000, 1.000000000000000000 ) ) ;
#1087 = FACE_OUTER_BOUND ( 'NONE', #1973, .T. ) ;
#1088 = DIRECTION ( 'NONE',  ( -1.000000000000000000, 0.0000000000000000000, 0.0000000000000000000 ) ) ;
#1089 = EDGE_CURVE ( 'NONE', #2041, #1792, #1481, .T. ) ;
#1090 = LINE ( 'NONE', #647, #1575 ) ;
#1091 = DIRECTION ( 'NONE',  ( -0.0000000000000000000, -0.0000000000000000000, -1.000000000000000000 ) ) ;
#1092 = LINE ( 'NONE', #1268, #39 ) ;
#1093 = AXIS2_PLACEMENT_3D ( 'NONE', #1595, #1623, #2422 ) ;
#1094 = FACE_OUTER_BOUND ( 'NONE', #1530, .T. ) ;
#1095 = CARTESIAN_POINT ( 'NONE',  ( -3.266231878785248000, 7.287678384782625000, -2.445000000000000300 ) ) ;
#1096 = EDGE_LOOP ( 'NONE', ( #1913, #240, #2530, #2373 ) ) ;
#1097 = DIRECTION ( 'NONE',  ( -1.000000000000000000, 0.0000000000000000000, 0.0000000000000000000 ) ) ;
#1098 = DIRECTION ( 'NONE',  ( 1.000000000000000000, 0.0000000000000000000, 0.0000000000000000000 ) ) ;
#1099 = ORIENTED_EDGE ( 'NONE', *, *, #843, .T. ) ;
#1100 = CARTESIAN_POINT ( 'NONE',  ( 2.675856766822704000, 7.644829931293641900, -2.445000000000000300 ) ) ;
#1101 = ORIENTED_EDGE ( 'NONE', *, *, #1780, .F. ) ;
#1102 = PLANE ( 'NONE',  #1464 ) ;
#1103 = LINE ( 'NONE', #2432, #228 ) ;
#1104 = ORIENTED_EDGE ( 'NONE', *, *, #1670, .T. ) ;
#1105 = DIRECTION ( 'NONE',  ( 1.000000000000000000, 0.0000000000000000000, 0.0000000000000000000 ) ) ;
#1106 = AXIS2_PLACEMENT_3D ( 'NONE', #1409, #377, #588 ) ;
#1107 = PLANE ( 'NONE',  #504 ) ;
#1108 = CARTESIAN_POINT ( 'NONE',  ( 0.0000000000000000000, 0.0000000000000000000, -2.494999999999999700 ) ) ;
#1109 = EDGE_CURVE ( 'NONE', #1043, #1275, #2438, .T. ) ;
#1110 = DIRECTION ( 'NONE',  ( 1.000000000000000000, 0.0000000000000000000, 0.0000000000000000000 ) ) ;
#1111 = ORIENTED_EDGE ( 'NONE', *, *, #2420, .T. ) ;
#1112 = VERTEX_POINT ( 'NONE', #2262 ) ;
#1113 = EDGE_LOOP ( 'NONE', ( #136, #1015, #1064, #2626 ) ) ;
#1114 = ORIENTED_EDGE ( 'NONE', *, *, #2237, .F. ) ;
#1115 = EDGE_CURVE ( 'NONE', #2348, #107, #1346, .T. ) ;
#1116 = DIRECTION ( 'NONE',  ( 0.0000000000000000000, 0.0000000000000000000, 1.000000000000000000 ) ) ;
#1117 = VECTOR ( 'NONE', #1526, 1000.000000000000000 ) ;
#1118 = SURFACE_SIDE_STYLE ('',( #515 ) ) ;
#1119 = AXIS2_PLACEMENT_3D ( 'NONE', #2555, #1734, #2533 ) ;
#1120 = CIRCLE ( 'NONE', #2486, 4.509999999999999800 ) ;
#1121 = VECTOR ( 'NONE', #793, 1000.000000000000000 ) ;
#1122 = LINE ( 'NONE', #2136, #2218 ) ;
#1123 = EDGE_CURVE ( 'NONE', #486, #930, #1448, .T. ) ;
#1124 = DIRECTION ( 'NONE',  ( 0.0000000000000000000, 0.0000000000000000000, -1.000000000000000000 ) ) ;
#1125 = CIRCLE ( 'NONE', #1425, 0.6899999999999996100 ) ;
#1126 = CARTESIAN_POINT ( 'NONE',  ( -3.619999999999999200, 3.239999999999999300, 3.964999999999999900 ) ) ;
#1127 = ORIENTED_EDGE ( 'NONE', *, *, #1386, .F. ) ;
#1128 = LINE ( 'NONE', #352, #521 ) ;
#1129 = CARTESIAN_POINT ( 'NONE',  ( 3.685000000000000900, 0.0000000000000000000, -0.7900000000000000400 ) ) ;
#1130 = ORIENTED_EDGE ( 'NONE', *, *, #2053, .T. ) ;
#1131 = CARTESIAN_POINT ( 'NONE',  ( -2.066231878785248300, 7.287678384782625000, 3.964999999999999900 ) ) ;
#1132 = EDGE_CURVE ( 'NONE', #2038, #2651, #1959, .T. ) ;
#1133 = AXIS2_PLACEMENT_3D ( 'NONE', #1773, #353, #1169 ) ;
#1134 = ORIENTED_EDGE ( 'NONE', *, *, #1676, .F. ) ;
#1135 = AXIS2_PLACEMENT_3D ( 'NONE', #1954, #1538, #1097 ) ;
#1136 = ORIENTED_EDGE ( 'NONE', *, *, #1609, .T. ) ;
#1137 = CARTESIAN_POINT ( 'NONE',  ( 2.592383508831465700, 12.23912271123897500, -2.445000000000000300 ) ) ;
#1138 = DIRECTION ( 'NONE',  ( -1.000000000000000000, 0.0000000000000000000, 0.0000000000000000000 ) ) ;
#1139 = ORIENTED_EDGE ( 'NONE', *, *, #1559, .F. ) ;
#1140 = ORIENTED_EDGE ( 'NONE', *, *, #807, .F. ) ;
#1141 = ORIENTED_EDGE ( 'NONE', *, *, #168, .T. ) ;
#1142 = AXIS2_PLACEMENT_3D ( 'NONE', #90, #883, #273 ) ;
#1143 = CARTESIAN_POINT ( 'NONE',  ( -3.969999999999995300, 2.633782217350890200, 3.964999999999999900 ) ) ;
#1144 = CARTESIAN_POINT ( 'NONE',  ( 4.254999999999980400, 2.140147737193774700, 0.7900000000000000400 ) ) ;
#1145 = ORIENTED_EDGE ( 'NONE', *, *, #954, .F. ) ;
#1146 = CARTESIAN_POINT ( 'NONE',  ( 2.178662534341271300, 6.780536470693779600, -2.445000000000000300 ) ) ;
#1147 = DIRECTION ( 'NONE',  ( -0.0000000000000000000, -0.0000000000000000000, -1.000000000000000000 ) ) ;
#1148 = DIRECTION ( 'NONE',  ( -1.000000000000000000, 0.0000000000000000000, 0.0000000000000000000 ) ) ;
#1149 = LINE ( 'NONE', #1424, #608 ) ;
#1150 = CARTESIAN_POINT ( 'NONE',  ( 3.714999999999998500, 3.075455173280954700, -0.8399999999999996400 ) ) ;
#1151 = DIRECTION ( 'NONE',  ( 0.0000000000000000000, 0.0000000000000000000, 1.000000000000000000 ) ) ;
#1152 = CARTESIAN_POINT ( 'NONE',  ( -4.254415450925652200, 3.535832783218492800, -3.964999999999999900 ) ) ;
#1153 = CIRCLE ( 'NONE', #149, 1.000000000000001300 ) ;
#1154 = DIRECTION ( 'NONE',  ( -0.4999999999999949500, 0.8660254037844415900, -0.0000000000000000000 ) ) ;
#1155 = LINE ( 'NONE', #1808, #483 ) ;
#1156 = PRESENTATION_LAYER_ASSIGNMENT (  '', '', ( #1852 ) ) ;
#1157 = VECTOR ( 'NONE', #1632, 1000.000000000000000 ) ;
#1158 = ADVANCED_FACE ( 'NONE', ( #1055 ), #2091, .F. ) ;
#1159 = DIRECTION ( 'NONE',  ( -0.0000000000000000000, -0.0000000000000000000, -1.000000000000000000 ) ) ;
#1160 = EDGE_CURVE ( 'NONE', #1276, #2299, #1313, .T. ) ;
#1161 = ORIENTED_EDGE ( 'NONE', *, *, #1527, .T. ) ;
#1162 = ADVANCED_FACE ( 'NONE', ( #996 ), #1414, .F. ) ;
#1163 = ORIENTED_EDGE ( 'NONE', *, *, #2308, .T. ) ;
#1164 = CARTESIAN_POINT ( 'NONE',  ( -3.619999999999999200, 3.050000000000000300, 3.964999999999999900 ) ) ;
#1165 = ORIENTED_EDGE ( 'NONE', *, *, #725, .F. ) ;
#1166 = DIRECTION ( 'NONE',  ( 0.0000000000000000000, 0.0000000000000000000, 1.000000000000000000 ) ) ;
#1167 = VECTOR ( 'NONE', #788, 999.9999999999998900 ) ;
#1168 = EDGE_LOOP ( 'NONE', ( #1292, #2233, #689, #1291 ) ) ;
#1169 = DIRECTION ( 'NONE',  ( 1.000000000000000000, 0.0000000000000000000, 0.0000000000000000000 ) ) ;
#1170 = DIRECTION ( 'NONE',  ( 1.000000000000000000, 0.0000000000000000000, 0.0000000000000000000 ) ) ;
#1171 = DIRECTION ( 'NONE',  ( 0.0000000000000000000, 0.0000000000000000000, -1.000000000000000000 ) ) ;
#1172 = ADVANCED_FACE ( 'NONE', ( #1869 ), #2503, .T. ) ;
#1173 = AXIS2_PLACEMENT_3D ( 'NONE', #1362, #1375, #1552 ) ;
#1174 = CARTESIAN_POINT ( 'NONE',  ( 2.640879505729962800, 12.83885354275742300, -2.445000000000000300 ) ) ;
#1175 = ADVANCED_FACE ( 'NONE', ( #2332 ), #1875, .F. ) ;
#1176 = EDGE_LOOP ( 'NONE', ( #430, #368, #2567, #1861, #101, #128, #277 ) ) ;
#1177 = EDGE_CURVE ( 'NONE', #973, #71, #1381, .T. ) ;
#1178 = CARTESIAN_POINT ( 'NONE',  ( -2.675856766822704000, 7.644829931293641900, -2.445000000000000300 ) ) ;
#1179 = ORIENTED_EDGE ( 'NONE', *, *, #507, .F. ) ;
#1180 = CARTESIAN_POINT ( 'NONE',  ( 3.620000000000002800, 3.050000000000000700, 0.8400000000000000800 ) ) ;
#1181 = VECTOR ( 'NONE', #2518, 1000.000000000000200 ) ;
#1182 = DIRECTION ( 'NONE',  ( 0.0000000000000000000, 0.0000000000000000000, 1.000000000000000000 ) ) ;
#1183 = DIRECTION ( 'NONE',  ( 1.000000000000000000, 0.0000000000000000000, 0.0000000000000000000 ) ) ;
#1184 = VECTOR ( 'NONE', #320, 1000.000000000000200 ) ;
#1185 = ADVANCED_FACE ( 'NONE', ( #2637 ), #251, .F. ) ;
#1186 = EDGE_CURVE ( 'NONE', #1751, #272, #1543, .T. ) ;
#1187 = VECTOR ( 'NONE', #615, 1000.000000000000000 ) ;
#1188 = CARTESIAN_POINT ( 'NONE',  ( 3.969999999999996200, 2.633782217350890200, 3.964999999999999900 ) ) ;
#1189 = LINE ( 'NONE', #1709, #1812 ) ;
#1190 = CARTESIAN_POINT ( 'NONE',  ( 0.0000000000000000000, 0.0000000000000000000, -2.494999999999999700 ) ) ;
#1191 = CARTESIAN_POINT ( 'NONE',  ( -2.749999999999999100, 13.64000000000000100, 3.964999999999999900 ) ) ;
#1192 = FACE_OUTER_BOUND ( 'NONE', #424, .T. ) ;
#1193 = CIRCLE ( 'NONE', #2326, 4.310000000000001400 ) ;
#1194 = VECTOR ( 'NONE', #1863, 1000.000000000000000 ) ;
#1195 = ORIENTED_EDGE ( 'NONE', *, *, #115, .T. ) ;
#1196 = CARTESIAN_POINT ( 'NONE',  ( -3.002145400766924600, 12.50781434102575100, 3.964999999999999900 ) ) ;
#1197 = EDGE_CURVE ( 'NONE', #600, #266, #2084, .T. ) ;
#1198 = CIRCLE ( 'NONE', #2425, 3.999999999999999100 ) ;
#1199 = DIRECTION ( 'NONE',  ( 1.000000000000000000, 0.0000000000000000000, 0.0000000000000000000 ) ) ;
#1200 = DIRECTION ( 'NONE',  ( -1.000000000000000000, 0.0000000000000000000, 0.0000000000000000000 ) ) ;
#1201 = ORIENTED_EDGE ( 'NONE', *, *, #279, .T. ) ;
#1202 = ORIENTED_EDGE ( 'NONE', *, *, #1988, .T. ) ;
#1203 = CARTESIAN_POINT ( 'NONE',  ( 3.620000000000001900, 2.540000000000000500, 0.8400000000000000800 ) ) ;
#1204 = ADVANCED_FACE ( 'NONE', ( #1735 ), #283, .T. ) ;
#1205 = DIRECTION ( 'NONE',  ( -0.0000000000000000000, -0.0000000000000000000, -1.000000000000000000 ) ) ;
#1206 = EDGE_CURVE ( 'NONE', #321, #2591, #2540, .T. ) ;
#1207 = CARTESIAN_POINT ( 'NONE',  ( 3.002145400766924600, 12.50781434102575100, -2.445000000000000300 ) ) ;
#1208 = CARTESIAN_POINT ( 'NONE',  ( 5.589988852970480900, 10.13649271229480500, 3.964999999999999900 ) ) ;
#1209 = CARTESIAN_POINT ( 'NONE',  ( 3.174999999999999800, 0.0000000000000000000, 0.7900000000000000400 ) ) ;
#1210 = CARTESIAN_POINT ( 'NONE',  ( -3.619999999999999200, 2.540000000000000000, 3.964999999999999900 ) ) ;
#1211 = ORIENTED_EDGE ( 'NONE', *, *, #1716, .T. ) ;
#1212 = ORIENTED_EDGE ( 'NONE', *, *, #2407, .F. ) ;
#1213 = AXIS2_PLACEMENT_3D ( 'NONE', #1207, #180, #190 ) ;
#1214 = ORIENTED_EDGE ( 'NONE', *, *, #1206, .T. ) ;
#1215 = CARTESIAN_POINT ( 'NONE',  ( -3.619999999999999200, 3.239999999999999300, -3.964999999999999900 ) ) ;
#1216 = ORIENTED_EDGE ( 'NONE', *, *, #1341, .F. ) ;
#1217 = EDGE_CURVE ( 'NONE', #2047, #2348, #1804, .T. ) ;
#1218 = CARTESIAN_POINT ( 'NONE',  ( -3.685000000000000900, 0.0000000000000000000, 0.7900000000000000400 ) ) ;
#1219 = ADVANCED_FACE ( 'NONE', ( #637 ), #93, .T. ) ;
#1220 = CARTESIAN_POINT ( 'NONE',  ( -3.714999999999997600, 3.075455173280956100, 3.964999999999999900 ) ) ;
#1221 = DIRECTION ( 'NONE',  ( -1.000000000000000000, 0.0000000000000000000, 0.0000000000000000000 ) ) ;
#1222 = VECTOR ( 'NONE', #1590, 1000.000000000000000 ) ;
#1223 = CARTESIAN_POINT ( 'NONE',  ( 3.002145400766924600, 12.50781434102575100, -2.445000000000000300 ) ) ;
#1224 = FACE_OUTER_BOUND ( 'NONE', #614, .T. ) ;
#1225 = SURFACE_STYLE_FILL_AREA ( #1661 ) ;
#1226 = CARTESIAN_POINT ( 'NONE',  ( 1.589988852970481300, 10.13649271229480500, -2.494999999999999700 ) ) ;
#1227 = VECTOR ( 'NONE', #733, 1000.000000000000000 ) ;
#1228 = EDGE_CURVE ( 'NONE', #1504, #370, #893, .T. ) ;
#1229 = AXIS2_PLACEMENT_3D ( 'NONE', #1235, #410, #789 ) ;
#1230 = CIRCLE ( 'NONE', #457, 1.200000000000000200 ) ;
#1231 = CARTESIAN_POINT ( 'NONE',  ( 3.969999999999995300, 2.633782217350890200, 0.7900000000000000400 ) ) ;
#1232 = EDGE_CURVE ( 'NONE', #2551, #1830, #610, .T. ) ;
#1233 = ORIENTED_EDGE ( 'NONE', *, *, #666, .T. ) ;
#1234 = ORIENTED_EDGE ( 'NONE', *, *, #436, .F. ) ;
#1235 = CARTESIAN_POINT ( 'NONE',  ( -3.002145400766924600, 12.50781434102575100, -2.445000000000000300 ) ) ;
#1236 = ORIENTED_EDGE ( 'NONE', *, *, #2039, .T. ) ;
#1237 = ORIENTED_EDGE ( 'NONE', *, *, #124, .F. ) ;
#1238 = DIRECTION ( 'NONE',  ( 1.000000000000000000, 0.0000000000000000000, 0.0000000000000000000 ) ) ;
#1239 = DIRECTION ( 'NONE',  ( 1.000000000000000000, 0.0000000000000000000, 0.0000000000000000000 ) ) ;
#1240 = DIRECTION ( 'NONE',  ( 0.4226182617407036000, -0.9063077870366480500, 0.0000000000000000000 ) ) ;
#1241 = DIRECTION ( 'NONE',  ( 1.000000000000000000, 0.0000000000000000000, 0.0000000000000000000 ) ) ;
#1242 = ORIENTED_EDGE ( 'NONE', *, *, #2073, .T. ) ;
#1243 = EDGE_CURVE ( 'NONE', #1455, #605, #2506, .T. ) ;
#1244 = VERTEX_POINT ( 'NONE', #812 ) ;
#1245 = PLANE ( 'NONE',  #205 ) ;
#1246 = AXIS2_PLACEMENT_3D ( 'NONE', #2124, #2112, #479 ) ;
#1247 = CARTESIAN_POINT ( 'NONE',  ( -3.619999999999999200, 3.239999999999999300, -3.964999999999999900 ) ) ;
#1248 = ORIENTED_EDGE ( 'NONE', *, *, #534, .F. ) ;
#1249 = DIRECTION ( 'NONE',  ( -0.0000000000000000000, -0.0000000000000000000, -1.000000000000000000 ) ) ;
#1250 = EDGE_CURVE ( 'NONE', #1949, #243, #640, .T. ) ;
#1251 = DIRECTION ( 'NONE',  ( -0.0000000000000000000, -0.0000000000000000000, -1.000000000000000000 ) ) ;
#1252 = CARTESIAN_POINT ( 'NONE',  ( -3.619999999999999200, 3.239999999999999300, 3.964999999999999900 ) ) ;
#1253 = VECTOR ( 'NONE', #1330, 1000.000000000000000 ) ;
#1254 = MANIFOLD_SOLID_BREP ( 'Clip - Extrude 3', #1082 ) ;
#1255 = PLANE ( 'NONE',  #1308 ) ;
#1256 = FACE_OUTER_BOUND ( 'NONE', #1794, .T. ) ;
#1257 = VECTOR ( 'NONE', #1809, 1000.000000000000000 ) ;
#1258 = LINE ( 'NONE', #841, #1871 ) ;
#1259 = EDGE_LOOP ( 'NONE', ( #1610, #1329, #1077, #2564 ) ) ;
#1260 = EDGE_CURVE ( 'NONE', #146, #2290, #1092, .T. ) ;
#1261 = LINE ( 'NONE', #2208, #192 ) ;
#1262 = FACE_OUTER_BOUND ( 'NONE', #1048, .T. ) ;
#1263 = LINE ( 'NONE', #502, #1738 ) ;
#1264 = CARTESIAN_POINT ( 'NONE',  ( -0.7500000000000006700, 3.050000000000000300, 3.964999999999999900 ) ) ;
#1265 = ORIENTED_EDGE ( 'NONE', *, *, #1271, .F. ) ;
#1266 = DIRECTION ( 'NONE',  ( -0.0000000000000000000, 1.000000000000000000, -0.0000000000000000000 ) ) ;
#1267 = LINE ( 'NONE', #45, #2582 ) ;
#1268 = CARTESIAN_POINT ( 'NONE',  ( -3.580000000000000500, 3.309282032302752500, -0.8399999999999999700 ) ) ;
#1269 = VERTEX_POINT ( 'NONE', #2271 ) ;
#1270 = DIRECTION ( 'NONE',  ( 1.000000000000000000, 0.0000000000000000000, 0.0000000000000000000 ) ) ;
#1271 = EDGE_CURVE ( 'NONE', #1830, #2043, #1486, .T. ) ;
#1272 = EDGE_LOOP ( 'NONE', ( #1371, #2656, #492, #1211, #2092, #466, #2297, #688 ) ) ;
#1273 = CARTESIAN_POINT ( 'NONE',  ( 3.792198479536965600, 3.320297469730734400, -3.964999999999999900 ) ) ;
#1274 = ORIENTED_EDGE ( 'NONE', *, *, #2006, .T. ) ;
#1275 = VERTEX_POINT ( 'NONE', #35 ) ;
#1276 = VERTEX_POINT ( 'NONE', #1231 ) ;
#1277 = EDGE_CURVE ( 'NONE', #530, #2041, #998, .T. ) ;
#1278 = CARTESIAN_POINT ( 'NONE',  ( -0.7500000000000003300, 2.540000000000000500, 1.000000000000000000 ) ) ;
#1279 = AXIS2_PLACEMENT_3D ( 'NONE', #139, #335, #1567 ) ;
#1280 = CARTESIAN_POINT ( 'NONE',  ( -3.175000000000000700, 2.140147737193774700, 0.7900000000000000400 ) ) ;
#1281 = AXIS2_PLACEMENT_3D ( 'NONE', #1576, #2577, #2369 ) ;
#1282 = DIRECTION ( 'NONE',  ( 1.000000000000000000, 0.0000000000000000000, 0.0000000000000000000 ) ) ;
#1283 = CARTESIAN_POINT ( 'NONE',  ( -0.7500000000000003300, 3.540000000000000500, 1.000000000000000000 ) ) ;
#1284 = VECTOR ( 'NONE', #1608, 1000.000000000000000 ) ;
#1285 = AXIS2_PLACEMENT_3D ( 'NONE', #330, #1151, #1560 ) ;
#1286 = VECTOR ( 'NONE', #598, 1000.000000000000000 ) ;
#1287 = DIRECTION ( 'NONE',  ( 0.0000000000000000000, 0.0000000000000000000, 1.000000000000000000 ) ) ;
#1288 = FACE_OUTER_BOUND ( 'NONE', #1272, .T. ) ;
#1289 = DIRECTION ( 'NONE',  ( -0.0000000000000000000, -0.0000000000000000000, -1.000000000000000000 ) ) ;
#1290 = CARTESIAN_POINT ( 'NONE',  ( -3.969999999999995300, 2.633782217350890200, 0.7899999999999999200 ) ) ;
#1291 = ORIENTED_EDGE ( 'NONE', *, *, #869, .F. ) ;
#1292 = ORIENTED_EDGE ( 'NONE', *, *, #1228, .T. ) ;
#1293 = DIRECTION ( 'NONE',  ( -0.0000000000000000000, -0.0000000000000000000, -1.000000000000000000 ) ) ;
#1294 = AXIS2_PLACEMENT_3D ( 'NONE', #1688, #2070, #19 ) ;
#1295 = ORIENTED_EDGE ( 'NONE', *, *, #897, .T. ) ;
#1296 = CARTESIAN_POINT ( 'NONE',  ( 3.175000000000000300, 2.140147737193774700, 0.7900000000000000400 ) ) ;
#1297 = DIRECTION ( 'NONE',  ( -0.0000000000000000000, 0.0000000000000000000, 1.000000000000000000 ) ) ;
#1298 = EDGE_CURVE ( 'NONE', #463, #426, #1707, .T. ) ;
#1299 = CARTESIAN_POINT ( 'NONE',  ( 0.7499999999999996700, 2.540000000000000500, 1.000000000000000000 ) ) ;
#1300 = ORIENTED_EDGE ( 'NONE', *, *, #1716, .F. ) ;
#1301 = DIRECTION ( 'NONE',  ( -1.000000000000000000, -5.990067251301128600E-017, 0.0000000000000000000 ) ) ;
#1302 = VERTEX_POINT ( 'NONE', #992 ) ;
#1303 = CARTESIAN_POINT ( 'NONE',  ( -2.178662534341271300, 6.780536470693779600, -2.494999999999999700 ) ) ;
#1304 = VERTEX_POINT ( 'NONE', #1003 ) ;
#1305 = DIRECTION ( 'NONE',  ( 0.0000000000000000000, 0.0000000000000000000, 1.000000000000000000 ) ) ;
#1306 = ORIENTED_EDGE ( 'NONE', *, *, #586, .F. ) ;
#1307 = DIRECTION ( 'NONE',  ( -0.0000000000000000000, 0.0000000000000000000, -1.000000000000000000 ) ) ;
#1308 = AXIS2_PLACEMENT_3D ( 'NONE', #433, #442, #1061 ) ;
#1309 = DIRECTION ( 'NONE',  ( 0.0000000000000000000, 0.0000000000000000000, 1.000000000000000000 ) ) ;
#1310 = DIRECTION ( 'NONE',  ( -4.052812443339608200E-016, -1.000000000000000000, -0.0000000000000000000 ) ) ;
#1311 = EDGE_CURVE ( 'NONE', #266, #678, #1261, .T. ) ;
#1312 = VECTOR ( 'NONE', #694, 1000.000000000000000 ) ;
#1313 = LINE ( 'NONE', #1997, #1184 ) ;
#1314 = CARTESIAN_POINT ( 'NONE',  ( -3.619999999999999200, 3.049999999999999800, -0.8399999999999996400 ) ) ;
#1315 = VECTOR ( 'NONE', #849, 1000.000000000000000 ) ;
#1316 = EDGE_CURVE ( 'NONE', #2520, #1276, #2154, .T. ) ;
#1317 = LINE ( 'NONE', #2488, #2333 ) ;
#1318 = PLANE ( 'NONE',  #1119 ) ;
#1319 = VECTOR ( 'NONE', #887, 1000.000000000000000 ) ;
#1320 = LINE ( 'NONE', #716, #255 ) ;
#1321 = VECTOR ( 'NONE', #2100, 1000.000000000000000 ) ;
#1322 = CARTESIAN_POINT ( 'NONE',  ( -1.011848642682464400, 9.875733069645088200, 3.964999999999999900 ) ) ;
#1323 = ORIENTED_EDGE ( 'NONE', *, *, #1373, .F. ) ;
#1324 = LINE ( 'NONE', #1849, #648 ) ;
#1325 = EDGE_CURVE ( 'NONE', #971, #243, #704, .T. ) ;
#1326 = VERTEX_POINT ( 'NONE', #1594 ) ;
#1327 = ORIENTED_EDGE ( 'NONE', *, *, #1578, .F. ) ;
#1328 = PRESENTATION_LAYER_ASSIGNMENT (  '', '', ( #414 ) ) ;
#1329 = ORIENTED_EDGE ( 'NONE', *, *, #2407, .T. ) ;
#1330 = DIRECTION ( 'NONE',  ( 0.0000000000000000000, 0.0000000000000000000, 1.000000000000000000 ) ) ;
#1331 = CARTESIAN_POINT ( 'NONE',  ( -3.619999999999999200, 3.050000000000000300, 1.000000000000000000 ) ) ;
#1332 = EDGE_CURVE ( 'NONE', #1276, #395, #7, .T. ) ;
#1333 = CARTESIAN_POINT ( 'NONE',  ( -2.512145400766924400, 12.50781434102575100, 3.964999999999999900 ) ) ;
#1334 = ORIENTED_EDGE ( 'NONE', *, *, #1350, .F. ) ;
#1335 =( NAMED_UNIT ( * ) PLANE_ANGLE_UNIT ( ) SI_UNIT ( $, .RADIAN. ) );
#1336 = ORIENTED_EDGE ( 'NONE', *, *, #2653, .T. ) ;
#1337 = CARTESIAN_POINT ( 'NONE',  ( 1.502540733435198100, 8.230484351844234300, -2.494999999999999700 ) ) ;
#1338 = ORIENTED_EDGE ( 'NONE', *, *, #1785, .T. ) ;
#1339 = DIRECTION ( 'NONE',  ( 0.0000000000000000000, 0.0000000000000000000, 1.000000000000000000 ) ) ;
#1340 = VERTEX_POINT ( 'NONE', #2623 ) ;
#1341 = EDGE_CURVE ( 'NONE', #2259, #1691, #156, .T. ) ;
#1342 = PLANE ( 'NONE',  #817 ) ;
#1343 = ORIENTED_EDGE ( 'NONE', *, *, #1652, .F. ) ;
#1344 = LINE ( 'NONE', #1846, #1573 ) ;
#1345 = MECHANICAL_DESIGN_GEOMETRIC_PRESENTATION_REPRESENTATION (  '', ( #1852 ), #1985 ) ;
#1346 = LINE ( 'NONE', #2052, #2397 ) ;
#1347 = LINE ( 'NONE', #285, #2212 ) ;
#1348 = CARTESIAN_POINT ( 'NONE',  ( 2.640879505729962800, 12.83885354275742300, -2.445000000000000300 ) ) ;
#1349 = ORIENTED_EDGE ( 'NONE', *, *, #1442, .T. ) ;
#1350 = EDGE_CURVE ( 'NONE', #1690, #904, #931, .T. ) ;
#1351 = VECTOR ( 'NONE', #2051, 1000.000000000000000 ) ;
#1352 = LINE ( 'NONE', #1724, #837 ) ;
#1353 = DIRECTION ( 'NONE',  ( 1.000000000000000000, 0.0000000000000000000, 0.0000000000000000000 ) ) ;
#1354 = ORIENTED_EDGE ( 'NONE', *, *, #1886, .F. ) ;
#1355 = ORIENTED_EDGE ( 'NONE', *, *, #2151, .T. ) ;
#1356 = CARTESIAN_POINT ( 'NONE',  ( -3.619999999999999200, 2.540000000000000500, -0.8399999999999999700 ) ) ;
#1357 = CARTESIAN_POINT ( 'NONE',  ( -3.266231878785248000, 7.287678384782625000, -2.445000000000000300 ) ) ;
#1358 = CARTESIAN_POINT ( 'NONE',  ( 2.640879505729959700, 12.83885354275742000, -2.494999999999999700 ) ) ;
#1359 = ORIENTED_EDGE ( 'NONE', *, *, #1332, .F. ) ;
#1360 = PLANE ( 'NONE',  #48 ) ;
#1361 = CARTESIAN_POINT ( 'NONE',  ( 2.178662534341273100, 6.780536470693789400, -2.494999999999999700 ) ) ;
#1362 = CARTESIAN_POINT ( 'NONE',  ( -4.254999999999980400, 2.140147737193774700, -0.7900000000000000400 ) ) ;
#1363 = ADVANCED_FACE ( 'NONE', ( #2280 ), #791, .F. ) ;
#1364 = EDGE_CURVE ( 'NONE', #985, #1618, #1771, .T. ) ;
#1365 = AXIS2_PLACEMENT_3D ( 'NONE', #2614, #1962, #2194 ) ;
#1366 = CARTESIAN_POINT ( 'NONE',  ( -3.071151732819275900, 13.24381624906216400, 3.964999999999999900 ) ) ;
#1367 = ADVANCED_FACE ( 'NONE', ( #1547 ), #595, .F. ) ;
#1368 = EDGE_CURVE ( 'NONE', #2295, #973, #1650, .T. ) ;
#1369 = ORIENTED_EDGE ( 'NONE', *, *, #1578, .T. ) ;
#1370 = DIRECTION ( 'NONE',  ( 1.000000000000000000, 0.0000000000000000000, 0.0000000000000000000 ) ) ;
#1371 = ORIENTED_EDGE ( 'NONE', *, *, #2608, .T. ) ;
#1372 = ORIENTED_EDGE ( 'NONE', *, *, #133, .T. ) ;
#1373 = EDGE_CURVE ( 'NONE', #1605, #1436, #2249, .T. ) ;
#1374 = EDGE_LOOP ( 'NONE', ( #848, #1359, #1996, #2268, #300, #496, #1075, #919, #787, #1236 ) ) ;
#1375 = DIRECTION ( 'NONE',  ( -0.0000000000000000000, -0.0000000000000000000, -1.000000000000000000 ) ) ;
#1376 = ADVANCED_FACE ( 'NONE', ( #1025 ), #1745, .F. ) ;
#1377 = EDGE_CURVE ( 'NONE', #566, #405, #1739, .T. ) ;
#1378 = CARTESIAN_POINT ( 'NONE',  ( 4.254415450925655800, 3.535832783218492800, -3.964999999999999900 ) ) ;
#1379 = CIRCLE ( 'NONE', #1454, 3.800000000000000300 ) ;
#1380 = AXIS2_PLACEMENT_3D ( 'NONE', #602, #122, #2355 ) ;
#1381 = LINE ( 'NONE', #159, #864 ) ;
#1382 = CIRCLE ( 'NONE', #27, 1.000000000000001300 ) ;
#1383 = CIRCLE ( 'NONE', #2521, 0.7000000000000000700 ) ;
#1384 = DIRECTION ( 'NONE',  ( -0.6755902076156555800, 0.7372773368101284100, 0.0000000000000000000 ) ) ;
#1385 = CARTESIAN_POINT ( 'NONE',  ( -3.685000000000000900, 0.0000000000000000000, -0.7900000000000000400 ) ) ;
#1386 = EDGE_CURVE ( 'NONE', #2381, #1606, #2182, .T. ) ;
#1387 = LINE ( 'NONE', #311, #2403 ) ;
#1388 = VECTOR ( 'NONE', #1057, 1000.000000000000000 ) ;
#1389 = DIRECTION ( 'NONE',  ( -0.0000000000000000000, -0.0000000000000000000, -1.000000000000000000 ) ) ;
#1390 = ORIENTED_EDGE ( 'NONE', *, *, #2171, .T. ) ;
#1391 = FACE_OUTER_BOUND ( 'NONE', #1033, .T. ) ;
#1392 = ADVANCED_FACE ( 'NONE', ( #1192 ), #1958, .F. ) ;
#1393 = ORIENTED_EDGE ( 'NONE', *, *, #83, .T. ) ;
#1394 = ORIENTED_EDGE ( 'NONE', *, *, #2273, .F. ) ;
#1395 = DIRECTION ( 'NONE',  ( -0.0000000000000000000, -0.0000000000000000000, -1.000000000000000000 ) ) ;
#1396 = EDGE_CURVE ( 'NONE', #2168, #622, #2364, .T. ) ;
#1397 = ORIENTED_EDGE ( 'NONE', *, *, #632, .F. ) ;
#1398 = DIRECTION ( 'NONE',  ( -1.000000000000000000, 0.0000000000000000000, -0.0000000000000000000 ) ) ;
#1399 = DIRECTION ( 'NONE',  ( 0.0000000000000000000, 0.0000000000000000000, 1.000000000000000000 ) ) ;
#1400 = CARTESIAN_POINT ( 'NONE',  ( -3.619999999999999200, 3.050000000000000300, 0.8400000000000000800 ) ) ;
#1401 = DIRECTION ( 'NONE',  ( 0.0000000000000000000, 0.0000000000000000000, 1.000000000000000000 ) ) ;
#1402 = EDGE_CURVE ( 'NONE', #111, #1658, #2120, .T. ) ;
#1403 = ORIENTED_EDGE ( 'NONE', *, *, #1415, .T. ) ;
#1404 = ADVANCED_FACE ( 'NONE', ( #2088 ), #1360, .T. ) ;
#1405 = VERTEX_POINT ( 'NONE', #542 ) ;
#1406 = DIRECTION ( 'NONE',  ( -0.0000000000000000000, 0.0000000000000000000, 1.000000000000000000 ) ) ;
#1407 = CARTESIAN_POINT ( 'NONE',  ( -0.7500000000000003300, 3.050000000000000700, 1.000000000000000000 ) ) ;
#1408 = ORIENTED_EDGE ( 'NONE', *, *, #962, .F. ) ;
#1409 = CARTESIAN_POINT ( 'NONE',  ( -3.266231878785248000, 7.287678384782625000, -2.445000000000000300 ) ) ;
#1410 = DIRECTION ( 'NONE',  ( 1.000000000000000000, 0.0000000000000000000, 0.0000000000000000000 ) ) ;
#1411 = LINE ( 'NONE', #2180, #2502 ) ;
#1412 = DIRECTION ( 'NONE',  ( 0.0000000000000000000, 0.0000000000000000000, 1.000000000000000000 ) ) ;
#1413 = CARTESIAN_POINT ( 'NONE',  ( -4.254415450925652200, 3.535832783218492800, 3.964999999999999900 ) ) ;
#1414 = CYLINDRICAL_SURFACE ( 'NONE', #686, 0.6899999999999996100 ) ;
#1415 = EDGE_CURVE ( 'NONE', #1657, #1455, #450, .T. ) ;
#1416 = VECTOR ( 'NONE', #819, 1000.000000000000000 ) ;
#1417 = CARTESIAN_POINT ( 'NONE',  ( 2.592383508831465700, 12.23912271123897500, -2.445000000000000300 ) ) ;
#1418 = CARTESIAN_POINT ( 'NONE',  ( 5.589988852970480900, 10.13649271229480500, -2.494999999999999700 ) ) ;
#1419 = VECTOR ( 'NONE', #551, 1000.000000000000000 ) ;
#1420 = LINE ( 'NONE', #1143, #2250 ) ;
#1421 = AXIS2_PLACEMENT_3D ( 'NONE', #362, #1395, #2232 ) ;
#1422 = ADVANCED_FACE ( 'NONE', ( #384 ), #1059, .F. ) ;
#1423 = ORIENTED_EDGE ( 'NONE', *, *, #1894, .F. ) ;
#1424 = CARTESIAN_POINT ( 'NONE',  ( -4.319999999999999400, 3.239999999999999300, 3.964999999999999900 ) ) ;
#1425 = AXIS2_PLACEMENT_3D ( 'NONE', #1571, #1778, #2184 ) ;
#1426 = ORIENTED_EDGE ( 'NONE', *, *, #2450, .T. ) ;
#1427 = DIRECTION ( 'NONE',  ( 1.000000000000000000, 0.0000000000000000000, 0.0000000000000000000 ) ) ;
#1428 = CARTESIAN_POINT ( 'NONE',  ( -2.640879505729961400, 12.83885354275742300, -2.494999999999999700 ) ) ;
#1429 = ORIENTED_EDGE ( 'NONE', *, *, #208, .T. ) ;
#1430 = ORIENTED_EDGE ( 'NONE', *, *, #718, .F. ) ;
#1431 = DIRECTION ( 'NONE',  ( 0.0000000000000000000, 0.0000000000000000000, 1.000000000000000000 ) ) ;
#1432 = DIRECTION ( 'NONE',  ( -4.052812443339608200E-016, 1.000000000000000000, 0.0000000000000000000 ) ) ;
#1433 = ORIENTED_EDGE ( 'NONE', *, *, #396, .F. ) ;
#1434 = DIRECTION ( 'NONE',  ( 0.4226182617407039400, 0.9063077870366478300, 0.0000000000000000000 ) ) ;
#1436 = VERTEX_POINT ( 'NONE', #1358 ) ;
#1435 = DIRECTION ( 'NONE',  ( -0.0000000000000000000, -0.0000000000000000000, -1.000000000000000000 ) ) ;
#1437 = AXIS2_PLACEMENT_3D ( 'NONE', #248, #49, #2090 ) ;
#1438 = EDGE_LOOP ( 'NONE', ( #2499, #662, #1500, #938 ) ) ;
#1439 = DIRECTION ( 'NONE',  ( 0.0000000000000000000, 0.0000000000000000000, 1.000000000000000000 ) ) ;
#1440 = ORIENTED_EDGE ( 'NONE', *, *, #1645, .T. ) ;
#1441 = VERTEX_POINT ( 'NONE', #1788 ) ;
#1442 = EDGE_CURVE ( 'NONE', #2348, #1669, #1155, .T. ) ;
#1443 = DIRECTION ( 'NONE',  ( 1.000000000000000000, 0.0000000000000000000, 0.0000000000000000000 ) ) ;
#1444 = CARTESIAN_POINT ( 'NONE',  ( 2.640879505729959700, 12.83885354275742000, -2.494999999999999700 ) ) ;
#1445 = CARTESIAN_POINT ( 'NONE',  ( 2.178662534341271300, 6.780536470693779600, -2.445000000000000300 ) ) ;
#1446 = CARTESIAN_POINT ( 'NONE',  ( 0.7499999999999996700, 2.540000000000000500, 1.000000000000000000 ) ) ;
#1447 = VECTOR ( 'NONE', #2343, 1000.000000000000100 ) ;
#1448 = LINE ( 'NONE', #2119, #575 ) ;
#1449 = LINE ( 'NONE', #2650, #1286 ) ;
#1450 = DIRECTION ( 'NONE',  ( -1.000000000000000000, 0.0000000000000000000, 0.0000000000000000000 ) ) ;
#1451 = CIRCLE ( 'NONE', #760, 1.079999999999979400 ) ;
#1452 = CARTESIAN_POINT ( 'NONE',  ( 2.640879505729961000, 6.996071784181539000, -2.445000000000000300 ) ) ;
#1453 = PRODUCT_DEFINITION_CONTEXT ( 'detailed design', #2153, 'design' ) ;
#1454 = AXIS2_PLACEMENT_3D ( 'NONE', #1071, #2527, #2548 ) ;
#1455 = VERTEX_POINT ( 'NONE', #1337 ) ;
#1456 = DIRECTION ( 'NONE',  ( -0.0000000000000000000, -0.0000000000000000000, -1.000000000000000000 ) ) ;
#1457 = CIRCLE ( 'NONE', #2221, 0.7000000000000000700 ) ;
#1458 =( NAMED_UNIT ( * ) PLANE_ANGLE_UNIT ( ) SI_UNIT ( $, .RADIAN. ) );
#1459 = EDGE_CURVE ( 'NONE', #844, #1942, #868, .T. ) ;
#1460 = VERTEX_POINT ( 'NONE', #784 ) ;
#1461 = ORIENTED_EDGE ( 'NONE', *, *, #115, .F. ) ;
#1462 = FACE_OUTER_BOUND ( 'NONE', #434, .T. ) ;
#1463 = CARTESIAN_POINT ( 'NONE',  ( 0.7499999999999998900, 3.540000000000000500, -0.8399999999999999700 ) ) ;
#1464 = AXIS2_PLACEMENT_3D ( 'NONE', #1108, #697, #926 ) ;
#1465 = DIRECTION ( 'NONE',  ( -0.0000000000000000000, -0.0000000000000000000, -1.000000000000000000 ) ) ;
#1466 = PLANE ( 'NONE',  #756 ) ;
#1467 = DIRECTION ( 'NONE',  ( -0.4999999999999949500, -0.8660254037844415900, 0.0000000000000000000 ) ) ;
#1468 = CARTESIAN_POINT ( 'NONE',  ( -2.264868063956796200, 13.18340454864140900, -2.445000000000000300 ) ) ;
#1469 = ORIENTED_EDGE ( 'NONE', *, *, #1497, .F. ) ;
#1470 = EDGE_CURVE ( 'NONE', #1605, #618, #2641, .T. ) ;
#1471 = CARTESIAN_POINT ( 'NONE',  ( -1.502540733435194600, 8.230484351844229000, 3.964999999999999900 ) ) ;
#1472 = DIRECTION ( 'NONE',  ( -0.0000000000000000000, -0.0000000000000000000, -1.000000000000000000 ) ) ;
#1473 = DIRECTION ( 'NONE',  ( -0.0000000000000000000, -1.000000000000000000, -0.0000000000000000000 ) ) ;
#1474 = ORIENTED_EDGE ( 'NONE', *, *, #436, .T. ) ;
#1475 = CARTESIAN_POINT ( 'NONE',  ( -2.576231878785248500, 7.287678384782625000, 3.964999999999999900 ) ) ;
#1476 = ORIENTED_EDGE ( 'NONE', *, *, #2287, .F. ) ;
#1477 = EDGE_CURVE ( 'NONE', #29, #44, #1619, .T. ) ;
#1478 = DIRECTION ( 'NONE',  ( 0.0000000000000000000, 0.0000000000000000000, 1.000000000000000000 ) ) ;
#1479 = LINE ( 'NONE', #1914, #1931 ) ;
#1480 = CARTESIAN_POINT ( 'NONE',  ( -1.964757704823884700, 8.446019665331988300, -3.964999999999999900 ) ) ;
#1481 = LINE ( 'NONE', #1031, #1614 ) ;
#1482 = CARTESIAN_POINT ( 'NONE',  ( -1.011848642682464400, 9.875733069645088200, -2.445000000000000300 ) ) ;
#1483 = DIRECTION ( 'NONE',  ( 0.0000000000000000000, 0.0000000000000000000, 1.000000000000000000 ) ) ;
#1484 = LINE ( 'NONE', #2174, #1056 ) ;
#1485 = ORIENTED_EDGE ( 'NONE', *, *, #1944, .F. ) ;
#1486 = LINE ( 'NONE', #443, #2058 ) ;
#1487 = VECTOR ( 'NONE', #1005, 1000.000000000000200 ) ;
#1488 = PLANE ( 'NONE',  #1437 ) ;
#1489 = DIRECTION ( 'NONE',  ( -0.0000000000000000000, -0.0000000000000000000, -1.000000000000000000 ) ) ;
#1490 = ORIENTED_EDGE ( 'NONE', *, *, #355, .F. ) ;
#1491 = ORIENTED_EDGE ( 'NONE', *, *, #1874, .T. ) ;
#1492 = AXIS2_PLACEMENT_3D ( 'NONE', #326, #746, #1744 ) ;
#1493 = DIRECTION ( 'NONE',  ( -0.7768308841918423200, -0.6297092800377969100, 0.0000000000000000000 ) ) ;
#1494 = CARTESIAN_POINT ( 'NONE',  ( 5.589988852970480900, 10.13649271229480500, -3.964999999999999900 ) ) ;
#1495 = LINE ( 'NONE', #98, #1626 ) ;
#1496 = DIRECTION ( 'NONE',  ( 1.355252715606879800E-015, 0.0000000000000000000, 1.000000000000000000 ) ) ;
#1497 = EDGE_CURVE ( 'NONE', #243, #1743, #2361, .T. ) ;
#1498 = EDGE_LOOP ( 'NONE', ( #2266, #1607, #1563, #877 ) ) ;
#1499 = VERTEX_POINT ( 'NONE', #1150 ) ;
#1500 = ORIENTED_EDGE ( 'NONE', *, *, #2260, .F. ) ;
#1501 = DIRECTION ( 'NONE',  ( -1.000000000000000000, 0.0000000000000000000, 0.0000000000000000000 ) ) ;
#1502 = DIRECTION ( 'NONE',  ( -0.0000000000000000000, -0.0000000000000000000, -1.000000000000000000 ) ) ;
#1504 = VERTEX_POINT ( 'NONE', #1100 ) ;
#1503 = CARTESIAN_POINT ( 'NONE',  ( -5.589988852970477300, 10.13649271229480300, -2.494999999999999700 ) ) ;
#1505 = VERTEX_POINT ( 'NONE', #2465 ) ;
#1506 = EDGE_CURVE ( 'NONE', #1326, #2050, #1347, .T. ) ;
#1507 = CARTESIAN_POINT ( 'NONE',  ( -3.619999999999999200, 3.049999999999999800, 3.964999999999999900 ) ) ;
#1508 = ORIENTED_EDGE ( 'NONE', *, *, #1123, .T. ) ;
#1509 = AXIS2_PLACEMENT_3D ( 'NONE', #163, #2019, #1221 ) ;
#1510 = EDGE_CURVE ( 'NONE', #618, #1460, #381, .T. ) ;
#1511 = PLANE ( 'NONE',  #1246 ) ;
#1512 = PLANE ( 'NONE',  #900 ) ;
#1513 = CARTESIAN_POINT ( 'NONE',  ( 3.580000000000000500, 3.309282032302752500, 0.8399999999999999700 ) ) ;
#1514 = LINE ( 'NONE', #58, #509 ) ;
#1515 = LINE ( 'NONE', #682, #2149 ) ;
#1516 = CIRCLE ( 'NONE', #1920, 4.509999999999999800 ) ;
#1517 = VECTOR ( 'NONE', #2265, 1000.000000000000000 ) ;
#1518 = CARTESIAN_POINT ( 'NONE',  ( 1.964757704823889600, 8.446019665331990100, -3.964999999999999900 ) ) ;
#1519 = EDGE_LOOP ( 'NONE', ( #1327, #1049, #2663, #1101, #690, #1343, #786, #1306 ) ) ;
#1520 = EDGE_CURVE ( 'NONE', #319, #358, #2307, .T. ) ;
#1521 = ORIENTED_EDGE ( 'NONE', *, *, #1559, .T. ) ;
#1522 = AXIS2_PLACEMENT_3D ( 'NONE', #1888, #2301, #646 ) ;
#1523 = CIRCLE ( 'NONE', #2562, 4.509999999999999800 ) ;
#1524 = EDGE_LOOP ( 'NONE', ( #2162, #1165, #365, #2448 ) ) ;
#1525 = ORIENTED_EDGE ( 'NONE', *, *, #140, .T. ) ;
#1526 = DIRECTION ( 'NONE',  ( -0.0000000000000000000, -0.0000000000000000000, -1.000000000000000000 ) ) ;
#1527 = EDGE_CURVE ( 'NONE', #1304, #971, #1767, .T. ) ;
#1528 = DIRECTION ( 'NONE',  ( -0.4999999999999949500, 0.8660254037844415900, -0.0000000000000000000 ) ) ;
#1529 = CARTESIAN_POINT ( 'NONE',  ( -3.619999999999999200, 3.239999999999999300, -3.964999999999999900 ) ) ;
#1530 = EDGE_LOOP ( 'NONE', ( #780, #2367, #144, #2461, #1323, #1537, #1403, #112 ) ) ;
#1531 = ORIENTED_EDGE ( 'NONE', *, *, #1132, .T. ) ;
#1532 = ORIENTED_EDGE ( 'NONE', *, *, #684, .F. ) ;
#1533 = EDGE_CURVE ( 'NONE', #426, #2528, #2576, .T. ) ;
#1534 = ORIENTED_EDGE ( 'NONE', *, *, #1186, .T. ) ;
#1535 = DIRECTION ( 'NONE',  ( -0.0000000000000000000, -0.0000000000000000000, -1.000000000000000000 ) ) ;
#1536 = EDGE_LOOP ( 'NONE', ( #1242, #1564, #2660, #1965, #1349, #393 ) ) ;
#1537 = ORIENTED_EDGE ( 'NONE', *, *, #1039, .T. ) ;
#1538 = DIRECTION ( 'NONE',  ( -0.0000000000000000000, -0.0000000000000000000, -1.000000000000000000 ) ) ;
#1539 = CARTESIAN_POINT ( 'NONE',  ( -3.002145400766924600, 12.50781434102575100, 3.964999999999999900 ) ) ;
#1540 = EDGE_CURVE ( 'NONE', #13, #107, #1382, .T. ) ;
#1541 = LINE ( 'NONE', #2322, #891 ) ;
#1542 = CARTESIAN_POINT ( 'NONE',  ( 2.264868063956796200, 13.18340454864140900, -2.445000000000000300 ) ) ;
#1543 = LINE ( 'NONE', #2647, #446 ) ;
#1544 = DIRECTION ( 'NONE',  ( 5.990067251301128600E-017, -1.000000000000000000, 0.0000000000000000000 ) ) ;
#1545 = VECTOR ( 'NONE', #2242, 1000.000000000000000 ) ;
#1546 = SURFACE_STYLE_USAGE ( .BOTH. , #1118 ) ;
#1547 = FACE_OUTER_BOUND ( 'NONE', #1113, .T. ) ;
#1548 = CYLINDRICAL_SURFACE ( 'NONE', #1093, 0.7000000000000000700 ) ;
#1549 = LINE ( 'NONE', #499, #2251 ) ;
#1550 = VECTOR ( 'NONE', #1412, 1000.000000000000000 ) ;
#1551 = DIRECTION ( 'NONE',  ( 1.355252715606879800E-015, 0.0000000000000000000, -1.000000000000000000 ) ) ;
#1552 = DIRECTION ( 'NONE',  ( -1.000000000000000000, 0.0000000000000000000, 0.0000000000000000000 ) ) ;
#1553 = EDGE_CURVE ( 'NONE', #1977, #2038, #1484, .T. ) ;
#1554 = AXIS2_PLACEMENT_3D ( 'NONE', #1987, #772, #560 ) ;
#1555 = EDGE_LOOP ( 'NONE', ( #2190, #398, #946, #165, #717, #349, #1845, #1028 ) ) ;
#1556 = AXIS2_PLACEMENT_3D ( 'NONE', #2082, #1493, #471 ) ;
#1557 = ORIENTED_EDGE ( 'NONE', *, *, #1123, .F. ) ;
#1558 = CARTESIAN_POINT ( 'NONE',  ( 2.640879505729961400, 6.996071784181539000, -2.445000000000000300 ) ) ;
#1559 = EDGE_CURVE ( 'NONE', #1636, #2515, #1516, .T. ) ;
#1560 = DIRECTION ( 'NONE',  ( 1.000000000000000000, 0.0000000000000000000, 0.0000000000000000000 ) ) ;
#1561 = DIRECTION ( 'NONE',  ( -1.000000000000000000, -5.990067251301128600E-017, -0.0000000000000000000 ) ) ;
#1562 = EDGE_LOOP ( 'NONE', ( #1781, #777, #256, #1727 ) ) ;
#1563 = ORIENTED_EDGE ( 'NONE', *, *, #2053, .F. ) ;
#1564 = ORIENTED_EDGE ( 'NONE', *, *, #2126, .T. ) ;
#1565 = ORIENTED_EDGE ( 'NONE', *, *, #1277, .F. ) ;
#1566 = ORIENTED_EDGE ( 'NONE', *, *, #1886, .T. ) ;
#1567 = DIRECTION ( 'NONE',  ( 0.0000000000000000000, 0.0000000000000000000, 1.000000000000000000 ) ) ;
#1568 = DIRECTION ( 'NONE',  ( 0.0000000000000000000, 0.0000000000000000000, 1.000000000000000000 ) ) ;
#1569 = ADVANCED_FACE ( 'NONE', ( #801 ), #1779, .T. ) ;
#1570 = CARTESIAN_POINT ( 'NONE',  ( 3.580000000000000500, 3.309282032302752500, 0.8399999999999999700 ) ) ;
#1571 = CARTESIAN_POINT ( 'NONE',  ( 3.266231878785248000, 7.287678384782625000, -2.445000000000000300 ) ) ;
#1572 = CARTESIAN_POINT ( 'NONE',  ( 3.620000000000001900, 2.540000000000000500, -0.8399999999999996400 ) ) ;
#1573 = VECTOR ( 'NONE', #2261, 1000.000000000000000 ) ;
#1574 = AXIS2_PLACEMENT_3D ( 'NONE', #1895, #871, #1450 ) ;
#1575 = VECTOR ( 'NONE', #2083, 1000.000000000000000 ) ;
#1576 = CARTESIAN_POINT ( 'NONE',  ( -1.011848642682464400, 9.875733069645088200, -2.445000000000000300 ) ) ;
#1577 = PLANE ( 'NONE',  #1279 ) ;
#1578 = EDGE_CURVE ( 'NONE', #2168, #740, #36, .T. ) ;
#1579 = LINE ( 'NONE', #2636, #1351 ) ;
#1580 = CARTESIAN_POINT ( 'NONE',  ( -3.619999999999999200, 2.540000000000000000, -3.964999999999999900 ) ) ;
#1581 = FACE_OUTER_BOUND ( 'NONE', #1374, .T. ) ;
#1582 = CARTESIAN_POINT ( 'NONE',  ( -2.749999999999999100, 13.64000000000000100, 3.964999999999999900 ) ) ;
#1583 = ADVANCED_FACE ( 'NONE', ( #1992 ), #768, .F. ) ;
#1584 = ORIENTED_EDGE ( 'NONE', *, *, #104, .T. ) ;
#1585 = FACE_OUTER_BOUND ( 'NONE', #2046, .T. ) ;
#1586 = ADVANCED_FACE ( 'NONE', ( #2152 ), #2164, .F. ) ;
#1587 = ORIENTED_EDGE ( 'NONE', *, *, #1074, .F. ) ;
#1588 = ORIENTED_EDGE ( 'NONE', *, *, #1047, .T. ) ;
#1589 = ORIENTED_EDGE ( 'NONE', *, *, #2480, .T. ) ;
#1590 = DIRECTION ( 'NONE',  ( -0.0000000000000000000, -1.000000000000000000, -0.0000000000000000000 ) ) ;
#1591 = DIRECTION ( 'NONE',  ( 1.000000000000000000, 0.0000000000000000000, 0.0000000000000000000 ) ) ;
#1592 = FACE_OUTER_BOUND ( 'NONE', #1793, .T. ) ;
#1593 = ORIENTED_EDGE ( 'NONE', *, *, #797, .T. ) ;
#1594 = CARTESIAN_POINT ( 'NONE',  ( 0.7499999999999998900, 3.050000000000000700, 0.8399999999999999700 ) ) ;
#1595 = CARTESIAN_POINT ( 'NONE',  ( -3.619999999999999200, 3.239999999999999300, 3.964999999999999900 ) ) ;
#1596 = AXIS2_PLACEMENT_3D ( 'NONE', #1144, #734, #525 ) ;
#1597 = EDGE_CURVE ( 'NONE', #1658, #2043, #2025, .T. ) ;
#1598 = DIRECTION ( 'NONE',  ( -0.7372773368101284100, -0.6755902076156555800, 0.0000000000000000000 ) ) ;
#1599 = DIRECTION ( 'NONE',  ( 1.000000000000000000, 0.0000000000000000000, 0.0000000000000000000 ) ) ;
#1600 = ADVANCED_FACE ( 'NONE', ( #963 ), #2002, .F. ) ;
#1601 = ORIENTED_EDGE ( 'NONE', *, *, #340, .T. ) ;
#1602 = AXIS2_PLACEMENT_3D ( 'NONE', #325, #1166, #1811 ) ;
#1603 = CARTESIAN_POINT ( 'NONE',  ( 3.298151357317536700, 9.875733069645088200, -2.445000000000000300 ) ) ;
#1604 = CARTESIAN_POINT ( 'NONE',  ( 2.750000000000001300, 13.64000000000000100, -3.964999999999999900 ) ) ;
#1605 = VERTEX_POINT ( 'NONE', #956 ) ;
#1606 = VERTEX_POINT ( 'NONE', #1152 ) ;
#1607 = ORIENTED_EDGE ( 'NONE', *, *, #916, .F. ) ;
#1608 = DIRECTION ( 'NONE',  ( 0.4226182617407038300, 0.9063077870366479400, 0.0000000000000000000 ) ) ;
#1609 = EDGE_CURVE ( 'NONE', #2138, #1792, #1678, .T. ) ;
#1610 = ORIENTED_EDGE ( 'NONE', *, *, #2469, .T. ) ;
#1611 = DIRECTION ( 'NONE',  ( 0.0000000000000000000, 0.0000000000000000000, 1.000000000000000000 ) ) ;
#1612 = FACE_OUTER_BOUND ( 'NONE', #327, .T. ) ;
#1613 = AXIS2_PLACEMENT_3D ( 'NONE', #1418, #187, #2036 ) ;
#1614 = VECTOR ( 'NONE', #2453, 1000.000000000000000 ) ;
#1615 = ADVANCED_FACE ( 'NONE', ( #700 ), #544, .F. ) ;
#1616 = LINE ( 'NONE', #2640, #1545 ) ;
#1617 = VECTOR ( 'NONE', #31, 1000.000000000000000 ) ;
#1618 = VERTEX_POINT ( 'NONE', #1572 ) ;
#1619 = LINE ( 'NONE', #2349, #834 ) ;
#1620 = EDGE_CURVE ( 'NONE', #618, #1043, #2276, .T. ) ;
#1621 = LINE ( 'NONE', #1361, #1227 ) ;
#1622 = ORIENTED_EDGE ( 'NONE', *, *, #501, .T. ) ;
#1623 = DIRECTION ( 'NONE',  ( -0.0000000000000000000, -0.0000000000000000000, -1.000000000000000000 ) ) ;
#1624 = DIRECTION ( 'NONE',  ( -1.000000000000000000, -5.990067251301128600E-017, 0.0000000000000000000 ) ) ;
#1625 = CARTESIAN_POINT ( 'NONE',  ( -2.178662534341271300, 6.780536470693779600, -2.445000000000000300 ) ) ;
#1626 = VECTOR ( 'NONE', #1776, 1000.000000000000000 ) ;
#1627 = VERTEX_POINT ( 'NONE', #1191 ) ;
#1628 = EDGE_CURVE ( 'NONE', #395, #735, #91, .T. ) ;
#1629 = EDGE_LOOP ( 'NONE', ( #1045, #82, #1710, #1408, #804, #1020, #2110, #1638, #888, #2187 ) ) ;
#1630 = DIRECTION ( 'NONE',  ( 1.000000000000000000, 0.0000000000000000000, 0.0000000000000000000 ) ) ;
#1631 = ADVANCED_FACE ( 'NONE', ( #2440 ), #1805, .T. ) ;
#1632 = DIRECTION ( 'NONE',  ( -0.6297092800377969100, 0.7768308841918423200, -0.0000000000000000000 ) ) ;
#1633 = PRODUCT_DEFINITION_FORMATION_WITH_SPECIFIED_SOURCE ( 'ANY', '', #922, .NOT_KNOWN. ) ;
#1634 = ORIENTED_EDGE ( 'NONE', *, *, #382, .T. ) ;
#1635 = EDGE_CURVE ( 'NONE', #437, #1896, #1616, .T. ) ;
#1636 = VERTEX_POINT ( 'NONE', #1604 ) ;
#1637 = DIRECTION ( 'NONE',  ( -1.000000000000000000, 0.0000000000000000000, 0.0000000000000000000 ) ) ;
#1638 = ORIENTED_EDGE ( 'NONE', *, *, #2205, .F. ) ;
#1639 = CYLINDRICAL_SURFACE ( 'NONE', #1213, 0.4900000000000004400 ) ;
#1640 = CARTESIAN_POINT ( 'NONE',  ( -3.266231878785248000, 7.287678384782625000, -2.445000000000000300 ) ) ;
#1641 = ORIENTED_EDGE ( 'NONE', *, *, #962, .T. ) ;
#1642 = LINE ( 'NONE', #1857, #2114 ) ;
#1643 = DIRECTION ( 'NONE',  ( 0.0000000000000000000, 0.0000000000000000000, 1.000000000000000000 ) ) ;
#1644 = DIRECTION ( 'NONE',  ( 0.0000000000000000000, 0.0000000000000000000, 1.000000000000000000 ) ) ;
#1645 = EDGE_CURVE ( 'NONE', #2459, #1627, #218, .T. ) ;
#1646 = AXIS2_PLACEMENT_3D ( 'NONE', #2491, #206, #21 ) ;
#1647 = ORIENTED_EDGE ( 'NONE', *, *, #1731, .T. ) ;
#1648 = DIRECTION ( 'NONE',  ( -1.000000000000000000, 0.0000000000000000000, 0.0000000000000000000 ) ) ;
#1649 = CARTESIAN_POINT ( 'NONE',  ( 5.589988852970480900, 10.13649271229480500, -2.494999999999999700 ) ) ;
#1650 = LINE ( 'NONE', #2142, #315 ) ;
#1651 = VECTOR ( 'NONE', #2125, 1000.000000000000000 ) ;
#1652 = EDGE_CURVE ( 'NONE', #202, #2106, #417, .T. ) ;
#1653 = VERTEX_POINT ( 'NONE', #2248 ) ;
#1654 = CARTESIAN_POINT ( 'NONE',  ( 3.620000000000001900, 3.240000000000000200, -0.8399999999999996400 ) ) ;
#1655 = AXIS2_PLACEMENT_3D ( 'NONE', #1797, #2229, #1833 ) ;
#1656 = EDGE_LOOP ( 'NONE', ( #747, #1233, #552, #1970, #714, #337 ) ) ;
#1657 = VERTEX_POINT ( 'NONE', #388 ) ;
#1658 = VERTEX_POINT ( 'NONE', #1210 ) ;
#1659 = DIRECTION ( 'NONE',  ( -0.0000000000000000000, 0.0000000000000000000, -1.000000000000000000 ) ) ;
#1660 = VECTOR ( 'NONE', #805, 1000.000000000000000 ) ;
#1661 = FILL_AREA_STYLE ('',( #52 ) ) ;
#1662 = DIRECTION ( 'NONE',  ( -0.0000000000000000000, -0.0000000000000000000, -1.000000000000000000 ) ) ;
#1663 = EDGE_LOOP ( 'NONE', ( #2165, #2376, #1474, #2067, #917, #1179, #1070 ) ) ;
#1664 = EDGE_CURVE ( 'NONE', #2341, #2517, #513, .T. ) ;
#1665 = AXIS2_PLACEMENT_3D ( 'NONE', #1757, #1568, #1775 ) ;
#1666 = ORIENTED_EDGE ( 'NONE', *, *, #1670, .F. ) ;
#1667 = ORIENTED_EDGE ( 'NONE', *, *, #910, .F. ) ;
#1668 = CARTESIAN_POINT ( 'NONE',  ( -1.964757704823884700, 8.446019665331988300, -2.494999999999999700 ) ) ;
#1669 = VERTEX_POINT ( 'NONE', #1428 ) ;
#1670 = EDGE_CURVE ( 'NONE', #1751, #1244, #1837, .T. ) ;
#1671 = CARTESIAN_POINT ( 'NONE',  ( -1.011848642682464400, 9.875733069645088200, -2.445000000000000300 ) ) ;
#1672 = VERTEX_POINT ( 'NONE', #1407 ) ;
#1673 = DIRECTION ( 'NONE',  ( 1.000000000000000000, 0.0000000000000000000, 0.0000000000000000000 ) ) ;
#1674 = DIRECTION ( 'NONE',  ( -0.0000000000000000000, -0.0000000000000000000, -1.000000000000000000 ) ) ;
#1675 = CIRCLE ( 'NONE', #293, 1.000000000000001300 ) ;
#1676 = EDGE_CURVE ( 'NONE', #2517, #231, #1902, .T. ) ;
#1677 = VECTOR ( 'NONE', #440, 1000.000000000000200 ) ;
#1678 = CIRCLE ( 'NONE', #1173, 0.5699999999999794100 ) ;
#1679 = CARTESIAN_POINT ( 'NONE',  ( -3.619999999999999200, 3.049999999999999800, 3.964999999999999900 ) ) ;
#1680 = FACE_OUTER_BOUND ( 'NONE', #263, .T. ) ;
#1681 = AXIS2_PLACEMENT_3D ( 'NONE', #72, #1293, #1501 ) ;
#1682 = CIRCLE ( 'NONE', #2429, 1.079999999999979400 ) ;
#1683 = DIRECTION ( 'NONE',  ( 0.9063077870366479400, -0.4226182617407039900, 0.0000000000000000000 ) ) ;
#1684 = SURFACE_STYLE_USAGE ( .BOTH. , #2455 ) ;
#1685 = EDGE_CURVE ( 'NONE', #2138, #2290, #151, .T. ) ;
#1686 = ORIENTED_EDGE ( 'NONE', *, *, #2039, .F. ) ;
#1687 = LINE ( 'NONE', #1348, #429 ) ;
#1688 = CARTESIAN_POINT ( 'NONE',  ( 3.620000000000001900, 3.240000000000000200, 3.964999999999999900 ) ) ;
#1689 = EDGE_LOOP ( 'NONE', ( #198, #2066, #1699, #601 ) ) ;
#1690 = VERTEX_POINT ( 'NONE', #1834 ) ;
#1691 = VERTEX_POINT ( 'NONE', #2454 ) ;
#1692 = EDGE_CURVE ( 'NONE', #660, #1326, #2086, .T. ) ;
#1693 = AXIS2_PLACEMENT_3D ( 'NONE', #1795, #157, #2007 ) ;
#1694 = CARTESIAN_POINT ( 'NONE',  ( -3.685000000000000900, 0.0000000000000000000, 0.7900000000000000400 ) ) ;
#1695 = ORIENTED_EDGE ( 'NONE', *, *, #1918, .F. ) ;
#1696 = ORIENTED_EDGE ( 'NONE', *, *, #267, .F. ) ;
#1697 = EDGE_LOOP ( 'NONE', ( #1696, #508, #2062, #1820 ) ) ;
#1698 = AXIS2_PLACEMENT_3D ( 'NONE', #95, #1309, #2139 ) ;
#1699 = ORIENTED_EDGE ( 'NONE', *, *, #1854, .F. ) ;
#1700 = ORIENTED_EDGE ( 'NONE', *, *, #897, .F. ) ;
#1701 = AXIS2_PLACEMENT_3D ( 'NONE', #2001, #2201, #579 ) ;
#1702 = DIRECTION ( 'NONE',  ( 1.000000000000000000, 0.0000000000000000000, 0.0000000000000000000 ) ) ;
#1703 = CIRCLE ( 'NONE', #1554, 1.200000000000000200 ) ;
#1704 = LINE ( 'NONE', #2566, #667 ) ;
#1705 = DIRECTION ( 'NONE',  ( 1.000000000000000000, 0.0000000000000000000, 0.0000000000000000000 ) ) ;
#1706 = CARTESIAN_POINT ( 'NONE',  ( 0.7499999999999998900, 3.050000000000000700, -1.000000000000000000 ) ) ;
#1707 = CIRCLE ( 'NONE', #2661, 0.1900000000000000600 ) ;
#1708 = LINE ( 'NONE', #1582, #642 ) ;
#1709 = CARTESIAN_POINT ( 'NONE',  ( -3.619999999999999200, 3.050000000000000300, 0.8400000000000000800 ) ) ;
#1710 = ORIENTED_EDGE ( 'NONE', *, *, #742, .F. ) ;
#1711 = AXIS2_PLACEMENT_3D ( 'NONE', #236, #269, #79 ) ;
#1712 = CARTESIAN_POINT ( 'NONE',  ( -3.685000000000000900, 2.140147737193774700, -0.7900000000000000400 ) ) ;
#1713 = ORIENTED_EDGE ( 'NONE', *, *, #776, .F. ) ;
#1714 = ORIENTED_EDGE ( 'NONE', *, *, #1089, .T. ) ;
#1715 = CARTESIAN_POINT ( 'NONE',  ( 3.685000000000000900, 0.0000000000000000000, 0.7900000000000000400 ) ) ;
#1716 = EDGE_CURVE ( 'NONE', #426, #660, #1449, .T. ) ;
#1717 = LINE ( 'NONE', #1008, #1167 ) ;
#1718 = CARTESIAN_POINT ( 'NONE',  ( -2.264868063956796200, 13.18340454864140900, -2.445000000000000300 ) ) ;
#1719 = ORIENTED_EDGE ( 'NONE', *, *, #1664, .F. ) ;
#1720 = VERTEX_POINT ( 'NONE', #2655 ) ;
#1721 = DIRECTION ( 'NONE',  ( -1.000000000000000000, 0.0000000000000000000, 0.0000000000000000000 ) ) ;
#1722 = DIRECTION ( 'NONE',  ( 1.000000000000000000, 0.0000000000000000000, 0.0000000000000000000 ) ) ;
#1723 = CARTESIAN_POINT ( 'NONE',  ( 4.254999999999980400, 2.140147737193774700, 0.7900000000000000400 ) ) ;
#1724 = CARTESIAN_POINT ( 'NONE',  ( 3.714999999999998500, 3.075455173280954700, 3.964999999999999900 ) ) ;
#1725 = EDGE_LOOP ( 'NONE', ( #1719, #455, #2426, #653 ) ) ;
#1726 = CARTESIAN_POINT ( 'NONE',  ( 3.620000000000001900, 3.240000000000000200, -3.964999999999999900 ) ) ;
#1727 = ORIENTED_EDGE ( 'NONE', *, *, #1325, .F. ) ;
#1728 = CARTESIAN_POINT ( 'NONE',  ( -1.011848642682464400, 9.875733069645088200, -2.445000000000000300 ) ) ;
#1729 = EDGE_LOOP ( 'NONE', ( #2098, #2545, #934, #2107, #2204, #889, #1394 ) ) ;
#1730 = CARTESIAN_POINT ( 'NONE',  ( -3.685000000000000500, 2.140147737193774700, 0.7900000000000000400 ) ) ;
#1731 = EDGE_CURVE ( 'NONE', #915, #2459, #1936, .T. ) ;
#1732 = CARTESIAN_POINT ( 'NONE',  ( 3.685000000000000900, 0.0000000000000000000, -0.7900000000000000400 ) ) ;
#1733 = CIRCLE ( 'NONE', #2362, 3.800000000000000300 ) ;
#1734 = DIRECTION ( 'NONE',  ( 5.990067251301128600E-017, -1.000000000000000000, 0.0000000000000000000 ) ) ;
#1735 = FACE_OUTER_BOUND ( 'NONE', #531, .T. ) ;
#1736 = CIRCLE ( 'NONE', #2320, 3.800000000000000300 ) ;
#1737 = CARTESIAN_POINT ( 'NONE',  ( 2.750000000000002200, 13.64000000000000100, 3.964999999999999900 ) ) ;
#1738 = VECTOR ( 'NONE', #2523, 1000.000000000000000 ) ;
#1739 = CIRCLE ( 'NONE', #224, 0.6899999999999996100 ) ;
#1740 = FACE_OUTER_BOUND ( 'NONE', #1755, .T. ) ;
#1741 = DIRECTION ( 'NONE',  ( -1.355252715606879800E-015, -8.118054908993692700E-032, -1.000000000000000000 ) ) ;
#1742 = EDGE_CURVE ( 'NONE', #2651, #1880, #1960, .T. ) ;
#1743 = VERTEX_POINT ( 'NONE', #568 ) ;
#1744 = DIRECTION ( 'NONE',  ( 1.000000000000000000, 0.0000000000000000000, 0.0000000000000000000 ) ) ;
#1745 = PLANE ( 'NONE',  #1890 ) ;
#1746 = AXIS2_PLACEMENT_3D ( 'NONE', #1247, #1044, #2045 ) ;
#1747 = CIRCLE ( 'NONE', #2145, 0.1899999999999996400 ) ;
#1748 = EDGE_LOOP ( 'NONE', ( #2482, #1911, #15, #659 ) ) ;
#1749 = CARTESIAN_POINT ( 'NONE',  ( 0.7499999999999998900, 2.540000000000000500, -0.8399999999999999700 ) ) ;
#1750 = ORIENTED_EDGE ( 'NONE', *, *, #2015, .F. ) ;
#1751 = VERTEX_POINT ( 'NONE', #2 ) ;
#1752 = EDGE_CURVE ( 'NONE', #1653, #402, #2476, .T. ) ;
#1753 = CARTESIAN_POINT ( 'NONE',  ( -3.619999999999999200, 2.540000000000000000, -3.964999999999999900 ) ) ;
#1754 = ORIENTED_EDGE ( 'NONE', *, *, #494, .F. ) ;
#1755 = EDGE_LOOP ( 'NONE', ( #1080, #209, #2000, #755, #1369, #2219 ) ) ;
#1756 = CARTESIAN_POINT ( 'NONE',  ( 3.174999999999999800, 0.0000000000000000000, 0.7900000000000000400 ) ) ;
#1757 = CARTESIAN_POINT ( 'NONE',  ( 3.002145400766924600, 12.50781434102575100, -2.445000000000000300 ) ) ;
#1758 = EDGE_LOOP ( 'NONE', ( #2498, #885, #456, #18 ) ) ;
#1759 = ORIENTED_EDGE ( 'NONE', *, *, #1944, .T. ) ;
#1760 = ORIENTED_EDGE ( 'NONE', *, *, #1533, .T. ) ;
#1761 = DIRECTION ( 'NONE',  ( 1.000000000000000000, 5.990067251301128600E-017, 0.0000000000000000000 ) ) ;
#1762 = VERTEX_POINT ( 'NONE', #1445 ) ;
#1763 = CARTESIAN_POINT ( 'NONE',  ( 2.640879505729961400, 6.996071784181539000, 3.964999999999999900 ) ) ;
#1764 = PLANE ( 'NONE',  #2604 ) ;
#1765 = EDGE_CURVE ( 'NONE', #1244, #437, #1736, .T. ) ;
#1766 = CIRCLE ( 'NONE', #238, 1.200000000000000200 ) ;
#1767 = CIRCLE ( 'NONE', #587, 0.1899999999999996400 ) ;
#1768 = EDGE_LOOP ( 'NONE', ( #1354, #1885, #913, #230 ) ) ;
#1769 =( NAMED_UNIT ( * ) PLANE_ANGLE_UNIT ( ) SI_UNIT ( $, .RADIAN. ) );
#1770 = ADVANCED_FACE ( 'NONE', ( #448 ), #284, .T. ) ;
#1771 = CIRCLE ( 'NONE', #2331, 0.6999999999999996200 ) ;
#1772 = LINE ( 'NONE', #1280, #895 ) ;
#1773 = CARTESIAN_POINT ( 'NONE',  ( 1.011848642682464400, 9.875733069645088200, -2.445000000000000300 ) ) ;
#1774 = LINE ( 'NONE', #239, #790 ) ;
#1775 = DIRECTION ( 'NONE',  ( 1.000000000000000000, 0.0000000000000000000, 0.0000000000000000000 ) ) ;
#1776 = DIRECTION ( 'NONE',  ( 1.000000000000000000, 5.990067251301128600E-017, 0.0000000000000000000 ) ) ;
#1777 = EDGE_LOOP ( 'NONE', ( #739, #2319, #630, #2494 ) ) ;
#1778 = DIRECTION ( 'NONE',  ( -0.0000000000000000000, -0.0000000000000000000, -1.000000000000000000 ) ) ;
#1779 = PLANE ( 'NONE',  #1365 ) ;
#1780 = EDGE_CURVE ( 'NONE', #1618, #274, #929, .T. ) ;
#1781 = ORIENTED_EDGE ( 'NONE', *, *, #1527, .F. ) ;
#1782 = AXIS2_PLACEMENT_3D ( 'NONE', #2010, #1844, #607 ) ;
#1783 = CARTESIAN_POINT ( 'NONE',  ( -2.592383508831465700, 12.23912271123897500, -2.445000000000000300 ) ) ;
#1784 = VERTEX_POINT ( 'NONE', #407 ) ;
#1785 = EDGE_CURVE ( 'NONE', #146, #1912, #997, .T. ) ;
#1786 = DIRECTION ( 'NONE',  ( -1.000000000000000000, 0.0000000000000000000, 0.0000000000000000000 ) ) ;
#1787 = ADVANCED_FACE ( 'NONE', ( #313 ), #10, .T. ) ;
#1788 = CARTESIAN_POINT ( 'NONE',  ( -0.7500000000000005600, 3.050000000000000300, -1.000000000000000000 ) ) ;
#1789 = AXIS2_PLACEMENT_3D ( 'NONE', #1209, #348, #1013 ) ;
#1790 = PLANE ( 'NONE',  #346 ) ;
#1791 = DIRECTION ( 'NONE',  ( -0.0000000000000000000, -0.0000000000000000000, -1.000000000000000000 ) ) ;
#1792 = VERTEX_POINT ( 'NONE', #838 ) ;
#1793 = EDGE_LOOP ( 'NONE', ( #390, #806, #1953, #953, #2561, #1843, #979, #1929, #9, #1893 ) ) ;
#1794 = EDGE_LOOP ( 'NONE', ( #50, #1531, #1035, #949, #351, #535, #1847 ) ) ;
#1795 = CARTESIAN_POINT ( 'NONE',  ( -3.174999999999999800, 0.0000000000000000000, 0.7900000000000000400 ) ) ;
#1796 = EDGE_CURVE ( 'NONE', #2451, #2030, #191, .T. ) ;
#1797 = CARTESIAN_POINT ( 'NONE',  ( 4.254999999999980400, 2.140147737193774700, -0.7900000000000000400 ) ) ;
#1798 = DIRECTION ( 'NONE',  ( -0.0000000000000000000, -0.0000000000000000000, 1.000000000000000000 ) ) ;
#1799 = CARTESIAN_POINT ( 'NONE',  ( -3.619999999999999200, 3.239999999999999300, 0.8400000000000000800 ) ) ;
#1800 = ADVANCED_FACE ( 'NONE', ( #2638 ), #1466, .F. ) ;
#1801 = VECTOR ( 'NONE', #1339, 1000.000000000000000 ) ;
#1802 = DIRECTION ( 'NONE',  ( -0.4226182617407037700, 0.9063077870366479400, 0.0000000000000000000 ) ) ;
#1803 = EDGE_CURVE ( 'NONE', #529, #1830, #866, .T. ) ;
#1804 = CIRCLE ( 'NONE', #2387, 4.509999999999999800 ) ;
#1805 = CYLINDRICAL_SURFACE ( 'NONE', #536, 1.079999999999979400 ) ;
#1806 = LINE ( 'NONE', #824, #2399 ) ;
#1807 = VECTOR ( 'NONE', #2481, 1000.000000000000000 ) ;
#1808 = CARTESIAN_POINT ( 'NONE',  ( -7.600354759886160500, 8.294331760606173300, -2.494999999999999700 ) ) ;
#1809 = DIRECTION ( 'NONE',  ( -0.0000000000000000000, -0.0000000000000000000, -1.000000000000000000 ) ) ;
#1810 = LINE ( 'NONE', #1513, #580 ) ;
#1811 = DIRECTION ( 'NONE',  ( -1.000000000000000000, 0.0000000000000000000, 0.0000000000000000000 ) ) ;
#1812 = VECTOR ( 'NONE', #1301, 1000.000000000000000 ) ;
#1813 = VERTEX_POINT ( 'NONE', #2063 ) ;
#1814 = EDGE_CURVE ( 'NONE', #2228, #566, #1090, .T. ) ;
#1815 = CARTESIAN_POINT ( 'NONE',  ( -3.002145400766924600, 12.50781434102575100, -2.445000000000000300 ) ) ;
#1816 = CIRCLE ( 'NONE', #453, 4.310000000000001400 ) ;
#1817 = ADVANCED_FACE ( 'NONE', ( #1990 ), #1245, .F. ) ;
#1818 = CARTESIAN_POINT ( 'NONE',  ( -3.685000000000000900, 0.0000000000000000000, 0.7900000000000000400 ) ) ;
#1819 = PLANE ( 'NONE',  #1042 ) ;
#1820 = ORIENTED_EDGE ( 'NONE', *, *, #2055, .F. ) ;
#1821 = ORIENTED_EDGE ( 'NONE', *, *, #2501, .F. ) ;
#1822 = DIRECTION ( 'NONE',  ( 0.0000000000000000000, 0.0000000000000000000, 1.000000000000000000 ) ) ;
#1823 = EDGE_CURVE ( 'NONE', #2140, #2630, #62, .T. ) ;
#1824 = CARTESIAN_POINT ( 'NONE',  ( -5.589988852970477300, 10.13649271229480300, -3.964999999999999900 ) ) ;
#1825 = ORIENTED_EDGE ( 'NONE', *, *, #295, .F. ) ;
#1826 = CARTESIAN_POINT ( 'NONE',  ( -3.714999999999997600, 3.075455173280956100, 0.7900000000000000400 ) ) ;
#1827 = DIRECTION ( 'NONE',  ( -1.000000000000000000, 0.0000000000000000000, 0.0000000000000000000 ) ) ;
#1828 = EDGE_LOOP ( 'NONE', ( #2612, #2415, #2078, #526 ) ) ;
#1829 = ADVANCED_FACE ( 'NONE', ( #1224 ), #1255, .F. ) ;
#1830 = VERTEX_POINT ( 'NONE', #200 ) ;
#1831 = EDGE_CURVE ( 'NONE', #2243, #600, #1053, .T. ) ;
#1832 = DIRECTION ( 'NONE',  ( 1.000000000000000000, 0.0000000000000000000, -0.0000000000000000000 ) ) ;
#1833 = DIRECTION ( 'NONE',  ( 1.000000000000000000, 0.0000000000000000000, -0.0000000000000000000 ) ) ;
#1834 = CARTESIAN_POINT ( 'NONE',  ( -2.749999999999999100, 13.64000000000000100, -3.964999999999999900 ) ) ;
#1835 = VECTOR ( 'NONE', #1599, 1000.000000000000000 ) ;
#1836 = AXIS2_PLACEMENT_3D ( 'NONE', #1728, #1976, #1427 ) ;
#1837 = CIRCLE ( 'NONE', #2570, 1.200000000000000200 ) ;
#1838 = CARTESIAN_POINT ( 'NONE',  ( 1.964757704823889100, 8.446019665331990100, -2.494999999999999700 ) ) ;
#1839 = VERTEX_POINT ( 'NONE', #827 ) ;
#1840 = DIRECTION ( 'NONE',  ( -0.0000000000000000000, -0.0000000000000000000, 1.000000000000000000 ) ) ;
#1841 = EDGE_CURVE ( 'NONE', #1813, #1784, #148, .T. ) ;
#1842 = LINE ( 'NONE', #1299, #158 ) ;
#1843 = ORIENTED_EDGE ( 'NONE', *, *, #303, .T. ) ;
#1844 = DIRECTION ( 'NONE',  ( 0.0000000000000000000, 0.0000000000000000000, 1.000000000000000000 ) ) ;
#1845 = ORIENTED_EDGE ( 'NONE', *, *, #1197, .T. ) ;
#1846 = CARTESIAN_POINT ( 'NONE',  ( -3.969999999999995300, 2.633782217350890200, 0.7900000000000000400 ) ) ;
#1847 = ORIENTED_EDGE ( 'NONE', *, *, #2199, .F. ) ;
#1848 = EDGE_LOOP ( 'NONE', ( #1588, #1695, #392, #1589 ) ) ;
#1849 = CARTESIAN_POINT ( 'NONE',  ( 3.685000000000000900, 2.140147737193774700, 0.7900000000000000400 ) ) ;
#1850 = DIRECTION ( 'NONE',  ( -1.000000000000000000, 0.0000000000000000000, 0.0000000000000000000 ) ) ;
#1851 = DIRECTION ( 'NONE',  ( 0.9063077870366472700, -0.4226182617407051600, 0.0000000000000000000 ) ) ;
#1852 = STYLED_ITEM ( 'NONE', ( #220 ), #497 ) ;
#1853 = ORIENTED_EDGE ( 'NONE', *, *, #1894, .T. ) ;
#1854 = EDGE_CURVE ( 'NONE', #1275, #1072, #1379, .T. ) ;
#1855 = ORIENTED_EDGE ( 'NONE', *, *, #691, .F. ) ;
#1856 = ORIENTED_EDGE ( 'NONE', *, *, #501, .F. ) ;
#1857 = CARTESIAN_POINT ( 'NONE',  ( -1.502540733435194600, 8.230484351844230800, 3.964999999999999900 ) ) ;
#1858 = ORIENTED_EDGE ( 'NONE', *, *, #2635, .F. ) ;
#1860 = ORIENTED_EDGE ( 'NONE', *, *, #826, .T. ) ;
#1859 = CARTESIAN_POINT ( 'NONE',  ( 3.620000000000001900, 2.540000000000000500, 3.964999999999999900 ) ) ;
#1861 = ORIENTED_EDGE ( 'NONE', *, *, #1935, .F. ) ;
#1862 = DIRECTION ( 'NONE',  ( 1.000000000000000000, 0.0000000000000000000, 0.0000000000000000000 ) ) ;
#1863 = DIRECTION ( 'NONE',  ( -0.0000000000000000000, -0.0000000000000000000, -1.000000000000000000 ) ) ;
#1864 = DIRECTION ( 'NONE',  ( 0.0000000000000000000, 0.0000000000000000000, 1.000000000000000000 ) ) ;
#1865 = LINE ( 'NONE', #1737, #1312 ) ;
#1867 = DIRECTION ( 'NONE',  ( -1.000000000000000000, 0.0000000000000000000, 0.0000000000000000000 ) ) ;
#1866 = AXIS2_PLACEMENT_3D ( 'NONE', #2395, #142, #937 ) ;
#1868 = DIRECTION ( 'NONE',  ( 0.0000000000000000000, 0.0000000000000000000, 1.000000000000000000 ) ) ;
#1869 = FACE_OUTER_BOUND ( 'NONE', #1768, .T. ) ;
#1870 = VECTOR ( 'NONE', #1456, 1000.000000000000000 ) ;
#1871 = VECTOR ( 'NONE', #1249, 1000.000000000000000 ) ;
#1872 = CARTESIAN_POINT ( 'NONE',  ( -1.011848642682464400, 9.875733069645088200, -2.445000000000000300 ) ) ;
#1873 = FACE_OUTER_BOUND ( 'NONE', #902, .T. ) ;
#1874 = EDGE_CURVE ( 'NONE', #505, #202, #545, .T. ) ;
#1875 = CYLINDRICAL_SURFACE ( 'NONE', #2203, 0.1900000000000000600 ) ;
#1876 = VECTOR ( 'NONE', #941, 1000.000000000000000 ) ;
#1877 = LINE ( 'NONE', #1264, #1617 ) ;
#1878 = AXIS2_PLACEMENT_3D ( 'NONE', #2358, #105, #2337 ) ;
#1879 = DIRECTION ( 'NONE',  ( 0.0000000000000000000, 0.0000000000000000000, 1.000000000000000000 ) ) ;
#1880 = VERTEX_POINT ( 'NONE', #2536 ) ;
#1881 = CIRCLE ( 'NONE', #2411, 0.1899999999999996400 ) ;
#1882 = DIRECTION ( 'NONE',  ( 0.0000000000000000000, 0.0000000000000000000, 1.000000000000000000 ) ) ;
#1883 = DIRECTION ( 'NONE',  ( -0.0000000000000000000, -0.0000000000000000000, -1.000000000000000000 ) ) ;
#1884 = ORIENTED_EDGE ( 'NONE', *, *, #944, .F. ) ;
#1885 = ORIENTED_EDGE ( 'NONE', *, *, #1510, .F. ) ;
#1886 = EDGE_CURVE ( 'NONE', #1460, #1275, #1153, .T. ) ;
#1887 = DIRECTION ( 'NONE',  ( -0.0000000000000000000, -0.0000000000000000000, -1.000000000000000000 ) ) ;
#1888 = CARTESIAN_POINT ( 'NONE',  ( 4.254999999999980400, 2.140147737193774700, -0.7900000000000000400 ) ) ;
#1889 = CARTESIAN_POINT ( 'NONE',  ( 3.685000000000000900, 0.0000000000000000000, 0.7900000000000000400 ) ) ;
#1890 = AXIS2_PLACEMENT_3D ( 'NONE', #2177, #2365, #511 ) ;
#1891 = DIRECTION ( 'NONE',  ( -0.4226182617407039400, -0.9063077870366478300, 0.0000000000000000000 ) ) ;
#1892 = ORIENTED_EDGE ( 'NONE', *, *, #1506, .T. ) ;
#1893 = ORIENTED_EDGE ( 'NONE', *, *, #2628, .T. ) ;
#1894 = EDGE_CURVE ( 'NONE', #1792, #1691, #764, .T. ) ;
#1895 = CARTESIAN_POINT ( 'NONE',  ( 5.589988852970480900, 10.13649271229480500, 3.964999999999999900 ) ) ;
#1896 = VERTEX_POINT ( 'NONE', #2302 ) ;
#1897 = ORIENTED_EDGE ( 'NONE', *, *, #571, .F. ) ;
#1898 = DIRECTION ( 'NONE',  ( 1.000000000000000000, 0.0000000000000000000, 0.0000000000000000000 ) ) ;
#1899 = CARTESIAN_POINT ( 'NONE',  ( -5.589988852970477300, 10.13649271229480300, 3.964999999999999900 ) ) ;
#1900 = VECTOR ( 'NONE', #1432, 1000.000000000000000 ) ;
#1901 = CYLINDRICAL_SURFACE ( 'NONE', #1968, 3.800000000000000300 ) ;
#1902 = CIRCLE ( 'NONE', #861, 4.000000000000000000 ) ;
#1903 = DIRECTION ( 'NONE',  ( 1.000000000000000000, 0.0000000000000000000, 0.0000000000000000000 ) ) ;
#1904 = ORIENTED_EDGE ( 'NONE', *, *, #16, .T. ) ;
#1905 = VECTOR ( 'NONE', #1389, 1000.000000000000000 ) ;
#1906 = LINE ( 'NONE', #265, #612 ) ;
#1907 = DIRECTION ( 'NONE',  ( -0.0000000000000000000, -0.0000000000000000000, -1.000000000000000000 ) ) ;
#1908 = EDGE_CURVE ( 'NONE', #2419, #2651, #1479, .T. ) ;
#1909 = VERTEX_POINT ( 'NONE', #654 ) ;
#1910 = VERTEX_POINT ( 'NONE', #261 ) ;
#1911 = ORIENTED_EDGE ( 'NONE', *, *, #340, .F. ) ;
#1912 = VERTEX_POINT ( 'NONE', #1079 ) ;
#1913 = ORIENTED_EDGE ( 'NONE', *, *, #1742, .F. ) ;
#1914 = CARTESIAN_POINT ( 'NONE',  ( 4.254415450925655800, 3.535832783218492800, 3.964999999999999900 ) ) ;
#1915 = ORIENTED_EDGE ( 'NONE', *, *, #571, .T. ) ;
#1916 = CARTESIAN_POINT ( 'NONE',  ( 3.266231878785248000, 7.287678384782625000, 3.964999999999999900 ) ) ;
#1917 = VERTEX_POINT ( 'NONE', #241 ) ;
#1918 = EDGE_CURVE ( 'NONE', #794, #875, #695, .T. ) ;
#1919 = CARTESIAN_POINT ( 'NONE',  ( -3.619999999999999200, 2.540000000000000000, 3.964999999999999900 ) ) ;
#1920 = AXIS2_PLACEMENT_3D ( 'NONE', #2375, #942, #754 ) ;
#1921 = ORIENTED_EDGE ( 'NONE', *, *, #1002, .F. ) ;
#1922 = ORIENTED_EDGE ( 'NONE', *, *, #534, .T. ) ;
#1923 = PLANE ( 'NONE',  #2137 ) ;
#1924 = EDGE_CURVE ( 'NONE', #1043, #2034, #1733, .T. ) ;
#1925 = CARTESIAN_POINT ( 'NONE',  ( 4.254415450925655800, 3.535832783218492800, 3.964999999999999900 ) ) ;
#1926 = ORIENTED_EDGE ( 'NONE', *, *, #2329, .T. ) ;
#1927 = AXIS2_PLACEMENT_3D ( 'NONE', #1190, #1406, #1199 ) ;
#1928 = PLANE ( 'NONE',  #2037 ) ;
#1929 = ORIENTED_EDGE ( 'NONE', *, *, #489, .F. ) ;
#1930 = DIRECTION ( 'NONE',  ( 0.4226182617407038300, 0.9063077870366479400, -0.0000000000000000000 ) ) ;
#1931 = VECTOR ( 'NONE', #671, 1000.000000000000200 ) ;
#1932 = DIRECTION ( 'NONE',  ( 0.0000000000000000000, 0.0000000000000000000, 1.000000000000000000 ) ) ;
#1933 = VECTOR ( 'NONE', #1644, 1000.000000000000000 ) ;
#1934 = CARTESIAN_POINT ( 'NONE',  ( -2.002145400766923300, 12.50781434102575100, -2.445000000000000300 ) ) ;
#1935 = EDGE_CURVE ( 'NONE', #971, #371, #1514, .T. ) ;
#1936 = CIRCLE ( 'NONE', #2402, 1.000000000000001300 ) ;
#1937 = CIRCLE ( 'NONE', #2008, 0.6899999999999996100 ) ;
#1938 = FACE_OUTER_BOUND ( 'NONE', #1663, .T. ) ;
#1939 = AXIS2_PLACEMENT_3D ( 'NONE', #1694, #459, #2590 ) ;
#1940 = CIRCLE ( 'NONE', #1069, 0.1900000000000000600 ) ;
#1941 = CARTESIAN_POINT ( 'NONE',  ( -1.502540733435193700, 8.230484351844230800, -2.494999999999999700 ) ) ;
#1942 = VERTEX_POINT ( 'NONE', #1518 ) ;
#1943 = ORIENTED_EDGE ( 'NONE', *, *, #1298, .F. ) ;
#1944 = EDGE_CURVE ( 'NONE', #1269, #874, #121, .T. ) ;
#1945 = FACE_OUTER_BOUND ( 'NONE', #1828, .T. ) ;
#1946 = DIRECTION ( 'NONE',  ( 1.000000000000000000, 0.0000000000000000000, 0.0000000000000000000 ) ) ;
#1947 = ORIENTED_EDGE ( 'NONE', *, *, #1054, .F. ) ;
#1948 = ORIENTED_EDGE ( 'NONE', *, *, #1402, .F. ) ;
#1949 = VERTEX_POINT ( 'NONE', #473 ) ;
#1950 = CARTESIAN_POINT ( 'NONE',  ( -2.592383508831465700, 12.23912271123897500, -2.445000000000000300 ) ) ;
#1951 = EDGE_CURVE ( 'NONE', #1839, #1917, #1541, .T. ) ;
#1952 = ORIENTED_EDGE ( 'NONE', *, *, #1963, .F. ) ;
#1953 = ORIENTED_EDGE ( 'NONE', *, *, #2593, .T. ) ;
#1954 = CARTESIAN_POINT ( 'NONE',  ( -5.589988852970477300, 10.13649271229480300, 3.964999999999999900 ) ) ;
#1955 = EDGE_CURVE ( 'NONE', #1942, #2517, #2210, .T. ) ;
#1956 = CARTESIAN_POINT ( 'NONE',  ( 3.620000000000001900, 3.050000000000000700, -3.964999999999999900 ) ) ;
#1957 = FACE_OUTER_BOUND ( 'NONE', #1629, .T. ) ;
#1958 = PLANE ( 'NONE',  #1052 ) ;
#1959 = LINE ( 'NONE', #2472, #216 ) ;
#1960 = CIRCLE ( 'NONE', #809, 0.6899999999999996100 ) ;
#1961 = FACE_OUTER_BOUND ( 'NONE', #203, .T. ) ;
#1962 = DIRECTION ( 'NONE',  ( -0.6755902076156529200, -0.7372773368101307500, 0.0000000000000000000 ) ) ;
#1963 = EDGE_CURVE ( 'NONE', #1910, #984, #2081, .T. ) ;
#1964 = AXIS2_PLACEMENT_3D ( 'NONE', #135, #1980, #2385 ) ;
#1965 = ORIENTED_EDGE ( 'NONE', *, *, #1217, .T. ) ;
#1966 = DIRECTION ( 'NONE',  ( -0.0000000000000000000, -0.0000000000000000000, -1.000000000000000000 ) ) ;
#1967 = DIRECTION ( 'NONE',  ( 1.000000000000000000, 0.0000000000000000000, 0.0000000000000000000 ) ) ;
#1968 = AXIS2_PLACEMENT_3D ( 'NONE', #2283, #242, #2263 ) ;
#1969 = EDGE_LOOP ( 'NONE', ( #2557, #1593, #401, #461, #1295, #951 ) ) ;
#1970 = ORIENTED_EDGE ( 'NONE', *, *, #632, .T. ) ;
#1971 = DIRECTION ( 'NONE',  ( -1.000000000000000000, 0.0000000000000000000, 0.0000000000000000000 ) ) ;
#1972 = ORIENTED_EDGE ( 'NONE', *, *, #641, .F. ) ;
#1973 = EDGE_LOOP ( 'NONE', ( #495, #872, #988, #268, #528, #2509 ) ) ;
#1974 = DIRECTION ( 'NONE',  ( 1.000000000000000000, 0.0000000000000000000, 0.0000000000000000000 ) ) ;
#1975 = EDGE_LOOP ( 'NONE', ( #476, #1300, #1943, #2445, #2303, #197, #1163, #2166, #84, #1237 ) ) ;
#1976 = DIRECTION ( 'NONE',  ( 0.0000000000000000000, 0.0000000000000000000, 1.000000000000000000 ) ) ;
#1977 = VERTEX_POINT ( 'NONE', #250 ) ;
#1978 = ORIENTED_EDGE ( 'NONE', *, *, #2360, .T. ) ;
#1979 = DIRECTION ( 'NONE',  ( -0.4999999999999944500, -0.8660254037844418200, 0.0000000000000000000 ) ) ;
#1980 = DIRECTION ( 'NONE',  ( 0.0000000000000000000, 0.0000000000000000000, 1.000000000000000000 ) ) ;
#1981 = ADVANCED_FACE ( 'NONE', ( #1612 ), #1923, .T. ) ;
#1982 = CARTESIAN_POINT ( 'NONE',  ( 0.7499999999999998900, 2.540000000000000500, -0.8399999999999999700 ) ) ;
#1983 = ORIENTED_EDGE ( 'NONE', *, *, #1232, .T. ) ;
#1984 = ADVANCED_FACE ( 'NONE', ( #959 ), #5, .T. ) ;
#1985 =( GEOMETRIC_REPRESENTATION_CONTEXT ( 3 ) GLOBAL_UNCERTAINTY_ASSIGNED_CONTEXT ( ( #2202 ) ) GLOBAL_UNIT_ASSIGNED_CONTEXT ( ( #305, #1335, #510 ) ) REPRESENTATION_CONTEXT ( 'NONE', 'WORKASPACE' ) );
#1986 = CARTESIAN_POINT ( 'NONE',  ( 7.600354759886142700, 8.294331760606215900, -2.494999999999999700 ) ) ;
#1987 = CARTESIAN_POINT ( 'NONE',  ( 3.266231878785248000, 7.287678384782625000, -2.445000000000000300 ) ) ;
#1988 = EDGE_CURVE ( 'NONE', #29, #645, #831, .T. ) ;
#1989 = CARTESIAN_POINT ( 'NONE',  ( -1.502540733435194600, 8.230484351844229000, -3.964999999999999900 ) ) ;
#1990 = FACE_OUTER_BOUND ( 'NONE', #439, .T. ) ;
#1991 = CIRCLE ( 'NONE', #570, 0.4900000000000004400 ) ;
#1992 = FACE_OUTER_BOUND ( 'NONE', #2463, .T. ) ;
#1993 = LINE ( 'NONE', #2065, #2061 ) ;
#1994 = DIRECTION ( 'NONE',  ( 0.0000000000000000000, 0.0000000000000000000, 1.000000000000000000 ) ) ;
#1995 = DIRECTION ( 'NONE',  ( 0.0000000000000000000, 0.0000000000000000000, 1.000000000000000000 ) ) ;
#1996 = ORIENTED_EDGE ( 'NONE', *, *, #2344, .T. ) ;
#1997 = CARTESIAN_POINT ( 'NONE',  ( 3.714999999999997600, 3.075455173280956100, 0.7900000000000000400 ) ) ;
#1998 = LINE ( 'NONE', #2288, #2479 ) ;
#1999 = ADVANCED_FACE ( 'NONE', ( #342 ), #1764, .F. ) ;
#2000 = ORIENTED_EDGE ( 'NONE', *, *, #1260, .T. ) ;
#2001 = CARTESIAN_POINT ( 'NONE',  ( 3.002145400766924600, 12.50781434102575100, 3.964999999999999900 ) ) ;
#2002 = PLANE ( 'NONE',  #2269 ) ;
#2003 = AXIS2_PLACEMENT_3D ( 'NONE', #811, #2414, #2447 ) ;
#2004 = CARTESIAN_POINT ( 'NONE',  ( 3.298151357317536700, 9.875733069645088200, -2.445000000000000300 ) ) ;
#2005 = CIRCLE ( 'NONE', #828, 0.6999999999999992900 ) ;
#2006 = EDGE_CURVE ( 'NONE', #1896, #915, #1675, .T. ) ;
#2007 = DIRECTION ( 'NONE',  ( 4.052812443339609100E-016, -1.000000000000000000, 0.0000000000000000000 ) ) ;
#2008 = AXIS2_PLACEMENT_3D ( 'NONE', #2500, #1662, #1862 ) ;
#2009 = DIRECTION ( 'NONE',  ( -4.052812443339608200E-016, -1.000000000000000000, -0.0000000000000000000 ) ) ;
#2010 = CARTESIAN_POINT ( 'NONE',  ( 3.002145400766924600, 12.50781434102575100, -2.445000000000000300 ) ) ;
#2011 = ORIENTED_EDGE ( 'NONE', *, *, #1074, .T. ) ;
#2012 = PLANE ( 'NONE',  #969 ) ;
#2013 = ORIENTED_EDGE ( 'NONE', *, *, #925, .F. ) ;
#2014 = DIRECTION ( 'NONE',  ( -1.000000000000000000, 0.0000000000000000000, 0.0000000000000000000 ) ) ;
#2015 = EDGE_CURVE ( 'NONE', #1910, #2451, #2117, .T. ) ;
#2016 = EDGE_LOOP ( 'NONE', ( #1948, #1926, #1922, #853, #161, #2127, #1114, #693, #271, #2408 ) ) ;
#2017 = DIRECTION ( 'NONE',  ( 0.0000000000000000000, 0.0000000000000000000, 1.000000000000000000 ) ) ;
#2018 = CARTESIAN_POINT ( 'NONE',  ( 3.580000000000000500, 3.309282032302752500, 0.8399999999999999700 ) ) ;
#2019 = DIRECTION ( 'NONE',  ( 0.0000000000000000000, 0.0000000000000000000, 1.000000000000000000 ) ) ;
#2020 = VECTOR ( 'NONE', #2093, 1000.000000000000000 ) ;
#2021 = CARTESIAN_POINT ( 'NONE',  ( -4.254999999999980400, 2.140147737193774700, 0.7900000000000000400 ) ) ;
#2022 = EDGE_CURVE ( 'NONE', #661, #618, #1704, .T. ) ;
#2023 = CYLINDRICAL_SURFACE ( 'NONE', #360, 1.000000000000001300 ) ;
#2024 = ADVANCED_FACE ( 'NONE', ( #2633 ), #2537, .F. ) ;
#2025 = LINE ( 'NONE', #338, #2398 ) ;
#2026 = DIRECTION ( 'NONE',  ( -0.0000000000000000000, -0.0000000000000000000, -1.000000000000000000 ) ) ;
#2027 = CARTESIAN_POINT ( 'NONE',  ( 0.7499999999999998900, 2.540000000000000500, -0.8399999999999999700 ) ) ;
#2028 = VECTOR ( 'NONE', #2017, 1000.000000000000000 ) ;
#2029 = FACE_OUTER_BOUND ( 'NONE', #1524, .T. ) ;
#2030 = VERTEX_POINT ( 'NONE', #287 ) ;
#2031 = EDGE_LOOP ( 'NONE', ( #178, #2659, #2512, #1634 ) ) ;
#2032 = CARTESIAN_POINT ( 'NONE',  ( -3.002145400766924600, 12.50781434102575100, -2.445000000000000300 ) ) ;
#2033 = CYLINDRICAL_SURFACE ( 'NONE', #1421, 0.1899999999999996400 ) ;
#2034 = VERTEX_POINT ( 'NONE', #2585 ) ;
#2035 = ORIENTED_EDGE ( 'NONE', *, *, #2087, .T. ) ;
#2036 = DIRECTION ( 'NONE',  ( 1.000000000000000000, 0.0000000000000000000, 0.0000000000000000000 ) ) ;
#2037 = AXIS2_PLACEMENT_3D ( 'NONE', #1919, #477, #2118 ) ;
#2038 = VERTEX_POINT ( 'NONE', #1558 ) ;
#2039 = EDGE_CURVE ( 'NONE', #1340, #735, #480, .T. ) ;
#2040 = DIRECTION ( 'NONE',  ( -1.000000000000000000, 0.0000000000000000000, 0.0000000000000000000 ) ) ;
#2041 = VERTEX_POINT ( 'NONE', #1730 ) ;
#2042 = DIRECTION ( 'NONE',  ( -0.0000000000000000000, -0.0000000000000000000, -1.000000000000000000 ) ) ;
#2043 = VERTEX_POINT ( 'NONE', #2350 ) ;
#2044 = CARTESIAN_POINT ( 'NONE',  ( 5.589988852970480900, 10.13649271229480500, -2.494999999999999700 ) ) ;
#2046 = EDGE_LOOP ( 'NONE', ( #2466, #2075, #2011, #1234 ) ) ;
#2045 = DIRECTION ( 'NONE',  ( 1.000000000000000000, 0.0000000000000000000, 0.0000000000000000000 ) ) ;
#2047 = VERTEX_POINT ( 'NONE', #1941 ) ;
#2048 = ORIENTED_EDGE ( 'NONE', *, *, #782, .T. ) ;
#2049 = ORIENTED_EDGE ( 'NONE', *, *, #41, .T. ) ;
#2050 = VERTEX_POINT ( 'NONE', #724 ) ;
#2051 = DIRECTION ( 'NONE',  ( -0.0000000000000000000, -0.0000000000000000000, -1.000000000000000000 ) ) ;
#2052 = CARTESIAN_POINT ( 'NONE',  ( -2.264868063956796200, 13.18340454864140900, -2.494999999999999700 ) ) ;
#2053 = EDGE_CURVE ( 'NONE', #1720, #658, #1865, .T. ) ;
#2054 = CARTESIAN_POINT ( 'NONE',  ( -5.589988852970477300, 10.13649271229480300, -2.494999999999999700 ) ) ;
#2055 = EDGE_CURVE ( 'NONE', #1072, #813, #1023, .T. ) ;
#2056 = VECTOR ( 'NONE', #130, 999.9999999999998900 ) ;
#2057 = LINE ( 'NONE', #1062, #34 ) ;
#2058 = VECTOR ( 'NONE', #2077, 1000.000000000000000 ) ;
#2059 = DIRECTION ( 'NONE',  ( -0.0000000000000000000, -1.000000000000000000, -0.0000000000000000000 ) ) ;
#2060 = AXIS2_PLACEMENT_3D ( 'NONE', #214, #651, #1038 ) ;
#2061 = VECTOR ( 'NONE', #674, 1000.000000000000100 ) ;
#2062 = ORIENTED_EDGE ( 'NONE', *, *, #1002, .T. ) ;
#2063 = CARTESIAN_POINT ( 'NONE',  ( 1.502540733435198100, 8.230484351844234300, -3.964999999999999900 ) ) ;
#2064 = FACE_OUTER_BOUND ( 'NONE', #1555, .T. ) ;
#2065 = CARTESIAN_POINT ( 'NONE',  ( 3.792198479536965600, 3.320297469730734400, 3.964999999999999900 ) ) ;
#2066 = ORIENTED_EDGE ( 'NONE', *, *, #267, .T. ) ;
#2067 = ORIENTED_EDGE ( 'NONE', *, *, #1841, .T. ) ;
#2068 = VECTOR ( 'NONE', #1439, 1000.000000000000000 ) ;
#2069 = EDGE_CURVE ( 'NONE', #1720, #231, #281, .T. ) ;
#2070 = DIRECTION ( 'NONE',  ( 0.0000000000000000000, 0.0000000000000000000, 1.000000000000000000 ) ) ;
#2071 = CARTESIAN_POINT ( 'NONE',  ( 3.266231878785248000, 7.287678384782625000, 3.964999999999999900 ) ) ;
#2072 = AXIS2_PLACEMENT_3D ( 'NONE', #1649, #4, #172 ) ;
#2073 = EDGE_CURVE ( 'NONE', #486, #460, #2330, .T. ) ;
#2074 = ORIENTED_EDGE ( 'NONE', *, *, #30, .F. ) ;
#2075 = ORIENTED_EDGE ( 'NONE', *, *, #2501, .T. ) ;
#2076 = VERTEX_POINT ( 'NONE', #1137 ) ;
#2077 = DIRECTION ( 'NONE',  ( -1.000000000000000000, -0.0000000000000000000, -0.0000000000000000000 ) ) ;
#2078 = ORIENTED_EDGE ( 'NONE', *, *, #1442, .F. ) ;
#2079 = CARTESIAN_POINT ( 'NONE',  ( 3.792198479536965200, 3.320297469730733900, 3.964999999999999900 ) ) ;
#2080 = CARTESIAN_POINT ( 'NONE',  ( 4.254415450925655800, 3.535832783218492800, 3.964999999999999900 ) ) ;
#2081 = LINE ( 'NONE', #1296, #87 ) ;
#2082 = CARTESIAN_POINT ( 'NONE',  ( 2.750000000000002200, 13.64000000000000100, 3.964999999999999900 ) ) ;
#2083 = DIRECTION ( 'NONE',  ( 0.0000000000000000000, 0.0000000000000000000, 1.000000000000000000 ) ) ;
#2084 = LINE ( 'NONE', #2430, #1319 ) ;
#2085 = CARTESIAN_POINT ( 'NONE',  ( -3.174999999999999800, 0.0000000000000000000, -0.7900000000000000400 ) ) ;
#2086 = LINE ( 'NONE', #1400, #894 ) ;
#2087 = EDGE_CURVE ( 'NONE', #645, #1505, #32, .T. ) ;
#2088 = FACE_OUTER_BOUND ( 'NONE', #403, .T. ) ;
#2089 = LINE ( 'NONE', #1378, #1487 ) ;
#2090 = DIRECTION ( 'NONE',  ( 0.4999999999999948900, 0.8660254037844415900, 0.0000000000000000000 ) ) ;
#2091 = PLANE ( 'NONE',  #1939 ) ;
#2092 = ORIENTED_EDGE ( 'NONE', *, *, #1692, .T. ) ;
#2093 = DIRECTION ( 'NONE',  ( 0.0000000000000000000, -1.000000000000000000, 0.0000000000000000000 ) ) ;
#2094 = LINE ( 'NONE', #1715, #905 ) ;
#2095 = DIRECTION ( 'NONE',  ( 0.0000000000000000000, 0.0000000000000000000, 1.000000000000000000 ) ) ;
#2096 = DIRECTION ( 'NONE',  ( 1.000000000000000000, 0.0000000000000000000, 0.0000000000000000000 ) ) ;
#2097 = ORIENTED_EDGE ( 'NONE', *, *, #75, .T. ) ;
#2098 = ORIENTED_EDGE ( 'NONE', *, *, #1021, .F. ) ;
#2099 = EDGE_CURVE ( 'NONE', #2520, #2630, #572, .T. ) ;
#2100 = DIRECTION ( 'NONE',  ( -1.000000000000000000, -0.0000000000000000000, -0.0000000000000000000 ) ) ;
#2101 = CARTESIAN_POINT ( 'NONE',  ( 3.714999999999997600, 3.075455173280956100, -0.7900000000000000400 ) ) ;
#2102 = AXIS2_PLACEMENT_3D ( 'NONE', #1208, #2235, #1971 ) ;
#2103 = DIRECTION ( 'NONE',  ( 0.0000000000000000000, 0.0000000000000000000, 1.000000000000000000 ) ) ;
#2104 = VERTEX_POINT ( 'NONE', #914 ) ;
#2105 = DIRECTION ( 'NONE',  ( -1.000000000000000000, 0.0000000000000000000, 1.355252715606879800E-015 ) ) ;
#2106 = VERTEX_POINT ( 'NONE', #1749 ) ;
#2107 = ORIENTED_EDGE ( 'NONE', *, *, #2069, .F. ) ;
#2108 = AXIS2_PLACEMENT_3D ( 'NONE', #1215, #2496, #1110 ) ;
#2109 = EDGE_LOOP ( 'NONE', ( #1892, #1584, #2391, #2252 ) ) ;
#2110 = ORIENTED_EDGE ( 'NONE', *, *, #1083, .F. ) ;
#2111 = ORIENTED_EDGE ( 'NONE', *, *, #1177, .F. ) ;
#2112 = DIRECTION ( 'NONE',  ( 0.0000000000000000000, 1.000000000000000000, -0.0000000000000000000 ) ) ;
#2113 = CARTESIAN_POINT ( 'NONE',  ( -3.619999999999999200, 3.050000000000000300, -0.8399999999999996400 ) ) ;
#2114 = VECTOR ( 'NONE', #816, 1000.000000000000000 ) ;
#2115 = DIRECTION ( 'NONE',  ( -0.0000000000000000000, -0.0000000000000000000, 1.000000000000000000 ) ) ;
#2116 = EDGE_CURVE ( 'NONE', #985, #1269, #2571, .T. ) ;
#2117 = LINE ( 'NONE', #1756, #215 ) ;
#2118 = DIRECTION ( 'NONE',  ( -1.000000000000000000, -1.198013450260225700E-016, 0.0000000000000000000 ) ) ;
#2119 = CARTESIAN_POINT ( 'NONE',  ( -1.964757704823884700, 8.446019665331988300, 3.964999999999999900 ) ) ;
#2120 = CIRCLE ( 'NONE', #912, 0.7000000000000000700 ) ;
#2121 = AXIS2_PLACEMENT_3D ( 'NONE', #583, #999, #2428 ) ;
#2122 = LINE ( 'NONE', #1468, #1026 ) ;
#2123 = SHAPE_DEFINITION_REPRESENTATION ( #2615, #497 ) ;
#2124 = CARTESIAN_POINT ( 'NONE',  ( 3.685000000000000900, 0.0000000000000000000, 0.7900000000000000400 ) ) ;
#2125 = DIRECTION ( 'NONE',  ( 1.000000000000000000, 5.990067251301128600E-017, 0.0000000000000000000 ) ) ;
#2126 = EDGE_CURVE ( 'NONE', #460, #794, #2603, .T. ) ;
#2127 = ORIENTED_EDGE ( 'NONE', *, *, #1685, .F. ) ;
#2128 = DIRECTION ( 'NONE',  ( 1.000000000000000000, 0.0000000000000000000, 0.0000000000000000000 ) ) ;
#2129 = EDGE_LOOP ( 'NONE', ( #298, #2049, #68, #876 ) ) ;
#2130 = ORIENTED_EDGE ( 'NONE', *, *, #2338, .T. ) ;
#2131 = ORIENTED_EDGE ( 'NONE', *, *, #2489, .T. ) ;
#2132 = CYLINDRICAL_SURFACE ( 'NONE', #1281, 3.800000000000000300 ) ;
#2133 = CARTESIAN_POINT ( 'NONE',  ( -0.7500000000000005600, 2.540000000000000500, -1.000000000000000000 ) ) ;
#2134 = ORIENTED_EDGE ( 'NONE', *, *, #104, .F. ) ;
#2135 = DIRECTION ( 'NONE',  ( 0.0000000000000000000, 0.0000000000000000000, 1.000000000000000000 ) ) ;
#2136 = CARTESIAN_POINT ( 'NONE',  ( 0.7499999999999954500, 3.050000000000000700, 3.965000000000005600 ) ) ;
#2137 = AXIS2_PLACEMENT_3D ( 'NONE', #278, #66, #1721 ) ;
#2138 = VERTEX_POINT ( 'NONE', #103 ) ;
#2139 = DIRECTION ( 'NONE',  ( 1.000000000000000000, 0.0000000000000000000, 0.0000000000000000000 ) ) ;
#2140 = VERTEX_POINT ( 'NONE', #1129 ) ;
#2141 = EDGE_CURVE ( 'NONE', #794, #2047, #2473, .T. ) ;
#2142 = CARTESIAN_POINT ( 'NONE',  ( -3.174999999999999800, 0.0000000000000000000, 0.7900000000000000400 ) ) ;
#2143 = EDGE_LOOP ( 'NONE', ( #1014, #2458, #1201, #711 ) ) ;
#2144 = CARTESIAN_POINT ( 'NONE',  ( -4.254999999999980400, 2.140147737193774700, 0.7900000000000000400 ) ) ;
#2145 = AXIS2_PLACEMENT_3D ( 'NONE', #1799, #968, #957 ) ;
#2146 = ORIENTED_EDGE ( 'NONE', *, *, #1250, .F. ) ;
#2147 = DIRECTION ( 'NONE',  ( -0.0000000000000000000, -0.0000000000000000000, -1.000000000000000000 ) ) ;
#2148 = VECTOR ( 'NONE', #873, 1000.000000000000100 ) ;
#2149 = VECTOR ( 'NONE', #2315, 1000.000000000000000 ) ;
#2150 = DIRECTION ( 'NONE',  ( 0.0000000000000000000, 0.0000000000000000000, 1.000000000000000000 ) ) ;
#2151 = EDGE_CURVE ( 'NONE', #1691, #973, #3, .T. ) ;
#2152 = FACE_OUTER_BOUND ( 'NONE', #1848, .T. ) ;
#2153 = APPLICATION_CONTEXT ( 'automotive_design' ) ;
#2154 = CIRCLE ( 'NONE', #173, 0.5699999999999794100 ) ;
#2155 = VECTOR ( 'NONE', #2446, 1000.000000000000000 ) ;
#2156 = DIRECTION ( 'NONE',  ( -0.0000000000000000000, -0.0000000000000000000, -1.000000000000000000 ) ) ;
#2157 = VERTEX_POINT ( 'NONE', #2192 ) ;
#2158 = AXIS2_PLACEMENT_3D ( 'NONE', #1872, #1674, #2272 ) ;
#2159 = VECTOR ( 'NONE', #369, 1000.000000000000000 ) ;
#2160 = CARTESIAN_POINT ( 'NONE',  ( 3.174999999999999800, 0.0000000000000000000, -0.7900000000000000400 ) ) ;
#2161 = ORIENTED_EDGE ( 'NONE', *, *, #1752, .F. ) ;
#2162 = ORIENTED_EDGE ( 'NONE', *, *, #1350, .T. ) ;
#2163 = CARTESIAN_POINT ( 'NONE',  ( -3.792198479536962100, 3.320297469730733500, -3.964999999999999900 ) ) ;
#2164 = PLANE ( 'NONE',  #1866 ) ;
#2165 = ORIENTED_EDGE ( 'NONE', *, *, #245, .F. ) ;
#2166 = ORIENTED_EDGE ( 'NONE', *, *, #2539, .F. ) ;
#2167 = AXIS2_PLACEMENT_3D ( 'NONE', #1041, #210, #1903 ) ;
#2168 = VERTEX_POINT ( 'NONE', #1356 ) ;
#2169 = ORIENTED_EDGE ( 'NONE', *, *, #2273, .T. ) ;
#2170 = DIRECTION ( 'NONE',  ( 1.000000000000000000, 0.0000000000000000000, -0.0000000000000000000 ) ) ;
#2171 = EDGE_CURVE ( 'NONE', #1441, #505, #2175, .T. ) ;
#2172 = ORIENTED_EDGE ( 'NONE', *, *, #279, .F. ) ;
#2173 = CARTESIAN_POINT ( 'NONE',  ( -3.619999999999999200, 3.050000000000000300, 3.964999999999999900 ) ) ;
#2174 = CARTESIAN_POINT ( 'NONE',  ( 2.640879505729960100, 6.996071784181550500, -2.494999999999999700 ) ) ;
#2175 = LINE ( 'NONE', #2620, #1222 ) ;
#2176 = APPLICATION_PROTOCOL_DEFINITION ( 'draft international standard', 'automotive_design', 1998, #713 ) ;
#2177 = CARTESIAN_POINT ( 'NONE',  ( -3.266231878785248000, 7.287678384782625000, -2.445000000000000300 ) ) ;
#2178 = ADVANCED_FACE ( 'NONE', ( #376 ), #741, .F. ) ;
#2179 = VECTOR ( 'NONE', #1098, 1000.000000000000000 ) ;
#2180 = CARTESIAN_POINT ( 'NONE',  ( 4.848853022311032200, 2.261057297571672700, -2.494999999999999700 ) ) ;
#2181 = ADVANCED_FACE ( 'NONE', ( #117 ), #1577, .F. ) ;
#2182 = LINE ( 'NONE', #120, #802 ) ;
#2183 = LINE ( 'NONE', #2113, #1651 ) ;
#2184 = DIRECTION ( 'NONE',  ( -1.000000000000000000, 0.0000000000000000000, 0.0000000000000000000 ) ) ;
#2185 = DIRECTION ( 'NONE',  ( -1.000000000000000000, 0.0000000000000000000, 0.0000000000000000000 ) ) ;
#2186 = AXIS2_PLACEMENT_3D ( 'NONE', #2417, #952, #328 ) ;
#2187 = ORIENTED_EDGE ( 'NONE', *, *, #1924, .F. ) ;
#2188 = EDGE_CURVE ( 'NONE', #1909, #1896, #2245, .T. ) ;
#2189 = ORIENTED_EDGE ( 'NONE', *, *, #1540, .F. ) ;
#2190 = ORIENTED_EDGE ( 'NONE', *, *, #696, .F. ) ;
#2191 = EDGE_LOOP ( 'NONE', ( #2526, #1534, #1884, #1430 ) ) ;
#2192 = CARTESIAN_POINT ( 'NONE',  ( 3.174999999999999800, 0.0000000000000000000, -0.7900000000000000400 ) ) ;
#2193 = LINE ( 'NONE', #20, #294 ) ;
#2194 = DIRECTION ( 'NONE',  ( 0.7372773368101307500, -0.6755902076156529200, 0.0000000000000000000 ) ) ;
#2195 = ADVANCED_FACE ( 'NONE', ( #308 ), #61, .T. ) ;
#2196 = ORIENTED_EDGE ( 'NONE', *, *, #832, .T. ) ;
#2197 = ADVANCED_FACE ( 'NONE', ( #729 ), #2409, .F. ) ;
#2198 = EDGE_LOOP ( 'NONE', ( #1853, #1216, #1858, #1714 ) ) ;
#2199 = EDGE_CURVE ( 'NONE', #1977, #844, #1411, .T. ) ;
#2200 = DIRECTION ( 'NONE',  ( -0.0000000000000000000, -0.0000000000000000000, -1.000000000000000000 ) ) ;
#2201 = DIRECTION ( 'NONE',  ( -0.0000000000000000000, -0.0000000000000000000, -1.000000000000000000 ) ) ;
#2202 = UNCERTAINTY_MEASURE_WITH_UNIT (LENGTH_MEASURE( 1.000000000000000100E-005 ), #305, 'distance_accuracy_value', 'NONE');
#2203 = AXIS2_PLACEMENT_3D ( 'NONE', #141, #336, #1138 ) ;
#2204 = ORIENTED_EDGE ( 'NONE', *, *, #168, .F. ) ;
#2205 = EDGE_CURVE ( 'NONE', #2312, #1762, #1703, .T. ) ;
#2206 = CARTESIAN_POINT ( 'NONE',  ( -3.266231878785248000, 7.287678384782625000, -2.445000000000000300 ) ) ;
#2207 = ADVANCED_FACE ( 'NONE', ( #1957 ), #2592, .F. ) ;
#2208 = CARTESIAN_POINT ( 'NONE',  ( -3.619999999999999200, 3.050000000000000300, -3.964999999999999900 ) ) ;
#2209 = PLANE ( 'NONE',  #1789 ) ;
#2210 = CIRCLE ( 'NONE', #1034, 4.000000000000000000 ) ;
#2211 = CYLINDRICAL_SURFACE ( 'NONE', #11, 4.310000000000001400 ) ;
#2212 = VECTOR ( 'NONE', #920, 1000.000000000000000 ) ;
#2213 = CYLINDRICAL_SURFACE ( 'NONE', #1681, 4.509999999999998900 ) ;
#2214 = DIRECTION ( 'NONE',  ( -1.000000000000000000, 0.0000000000000000000, 0.0000000000000000000 ) ) ;
#2215 = VECTOR ( 'NONE', #1063, 1000.000000000000000 ) ;
#2216 = CARTESIAN_POINT ( 'NONE',  ( -3.174999999999999800, 0.0000000000000000000, 0.7900000000000000400 ) ) ;
#2217 = VECTOR ( 'NONE', #1399, 1000.000000000000000 ) ;
#2218 = VECTOR ( 'NONE', #911, 1000.000000000000000 ) ;
#2219 = ORIENTED_EDGE ( 'NONE', *, *, #859, .F. ) ;
#2220 = DIRECTION ( 'NONE',  ( -0.0000000000000000000, -0.0000000000000000000, -1.000000000000000000 ) ) ;
#2221 = AXIS2_PLACEMENT_3D ( 'NONE', #467, #878, #63 ) ;
#2222 = LINE ( 'NONE', #1366, #47 ) ;
#2223 = ADVANCED_FACE ( 'NONE', ( #862 ), #1022, .F. ) ;
#2224 = EDGE_CURVE ( 'NONE', #2591, #44, #2435, .T. ) ;
#2225 = ORIENTED_EDGE ( 'NONE', *, *, #1260, .F. ) ;
#2226 = DIRECTION ( 'NONE',  ( 0.0000000000000000000, 0.0000000000000000000, 1.000000000000000000 ) ) ;
#2227 = CARTESIAN_POINT ( 'NONE',  ( 3.620000000000001900, 3.240000000000000200, 3.964999999999999900 ) ) ;
#2228 = VERTEX_POINT ( 'NONE', #1178 ) ;
#2229 = DIRECTION ( 'NONE',  ( 0.0000000000000000000, 0.0000000000000000000, 1.000000000000000000 ) ) ;
#2230 = DIRECTION ( 'NONE',  ( 0.0000000000000000000, 0.0000000000000000000, 1.000000000000000000 ) ) ;
#2231 = ORIENTED_EDGE ( 'NONE', *, *, #507, .T. ) ;
#2232 = DIRECTION ( 'NONE',  ( -1.000000000000000000, 0.0000000000000000000, 0.0000000000000000000 ) ) ;
#2233 = ORIENTED_EDGE ( 'NONE', *, *, #684, .T. ) ;
#2234 = DIRECTION ( 'NONE',  ( -1.000000000000000000, 0.0000000000000000000, 0.0000000000000000000 ) ) ;
#2235 = DIRECTION ( 'NONE',  ( -0.0000000000000000000, -0.0000000000000000000, -1.000000000000000000 ) ) ;
#2236 = ADVANCED_FACE ( 'NONE', ( #540 ), #798, .F. ) ;
#2237 = EDGE_CURVE ( 'NONE', #530, #2138, #1344, .T. ) ;
#2238 = ORIENTED_EDGE ( 'NONE', *, *, #1332, .T. ) ;
#2239 = AXIS2_PLACEMENT_3D ( 'NONE', #1051, #636, #1024 ) ;
#2240 = UNCERTAINTY_MEASURE_WITH_UNIT (LENGTH_MEASURE( 1.000000000000000100E-005 ), #719, 'distance_accuracy_value', 'NONE');
#2241 = DIRECTION ( 'NONE',  ( -0.8660254037844415900, -0.4999999999999948900, 0.0000000000000000000 ) ) ;
#2242 = DIRECTION ( 'NONE',  ( 0.0000000000000000000, 0.0000000000000000000, 1.000000000000000000 ) ) ;
#2243 = VERTEX_POINT ( 'NONE', #1030 ) ;
#2244 = MECHANICAL_DESIGN_GEOMETRIC_PRESENTATION_REPRESENTATION (  '', ( #414 ), #2368 ) ;
#2245 = CIRCLE ( 'NONE', #2186, 3.800000000000000300 ) ;
#2246 = AXIS2_PLACEMENT_3D ( 'NONE', #244, #1027, #1241 ) ;
#2247 = LINE ( 'NONE', #394, #635 ) ;
#2248 = CARTESIAN_POINT ( 'NONE',  ( 3.298151357317536700, 9.875733069645088200, 3.964999999999999900 ) ) ;
#2249 = LINE ( 'NONE', #1986, #516 ) ;
#2250 = VECTOR ( 'NONE', #532, 1000.000000000000000 ) ;
#2251 = VECTOR ( 'NONE', #2135, 1000.000000000000000 ) ;
#2252 = ORIENTED_EDGE ( 'NONE', *, *, #2622, .F. ) ;
#2253 = ORIENTED_EDGE ( 'NONE', *, *, #1520, .T. ) ;
#2254 = ORIENTED_EDGE ( 'NONE', *, *, #1963, .T. ) ;
#2255 = CARTESIAN_POINT ( 'NONE',  ( -3.619999999999999200, 3.050000000000000300, -0.8399999999999996400 ) ) ;
#2256 = AXIS2_PLACEMENT_3D ( 'NONE', #233, #1435, #201 ) ;
#2257 = VECTOR ( 'NONE', #991, 1000.000000000000000 ) ;
#2258 = PRODUCT_DEFINITION ( 'UNKNOWN', '', #1633, #1453 ) ;
#2259 = VERTEX_POINT ( 'NONE', #1218 ) ;
#2260 = EDGE_CURVE ( 'NONE', #1302, #631, #188, .T. ) ;
#2261 = DIRECTION ( 'NONE',  ( -0.0000000000000000000, -0.0000000000000000000, -1.000000000000000000 ) ) ;
#2262 = CARTESIAN_POINT ( 'NONE',  ( -3.071151732819275900, 13.24381624906216400, 3.964999999999999900 ) ) ;
#2263 = DIRECTION ( 'NONE',  ( 1.000000000000000000, 0.0000000000000000000, 0.0000000000000000000 ) ) ;
#2264 = ORIENTED_EDGE ( 'NONE', *, *, #2569, .T. ) ;
#2265 = DIRECTION ( 'NONE',  ( -0.0000000000000000000, -0.0000000000000000000, -1.000000000000000000 ) ) ;
#2266 = ORIENTED_EDGE ( 'NONE', *, *, #309, .T. ) ;
#2267 = CARTESIAN_POINT ( 'NONE',  ( 0.7499999999999996700, 3.540000000000000500, 1.000000000000000000 ) ) ;
#2268 = ORIENTED_EDGE ( 'NONE', *, *, #2116, .F. ) ;
#2269 = AXIS2_PLACEMENT_3D ( 'NONE', #763, #323, #1171 ) ;
#2270 = DIRECTION ( 'NONE',  ( -0.0000000000000000000, -1.000000000000000000, -0.0000000000000000000 ) ) ;
#2271 = CARTESIAN_POINT ( 'NONE',  ( 3.969999999999995300, 2.633782217350890200, -0.7900000000000000400 ) ) ;
#2272 = DIRECTION ( 'NONE',  ( -1.000000000000000000, 0.0000000000000000000, 0.0000000000000000000 ) ) ;
#2273 = EDGE_CURVE ( 'NONE', #1436, #661, #249, .T. ) ;
#2274 = VECTOR ( 'NONE', #2313, 1000.000000000000000 ) ;
#2275 = CIRCLE ( 'NONE', #1836, 4.310000000000001400 ) ;
#2276 = CIRCLE ( 'NONE', #1782, 1.000000000000001300 ) ;
#2277 = FACE_OUTER_BOUND ( 'NONE', #55, .T. ) ;
#2278 = VECTOR ( 'NONE', #703, 1000.000000000000000 ) ;
#2279 = DIRECTION ( 'NONE',  ( 1.000000000000000000, 0.0000000000000000000, 0.0000000000000000000 ) ) ;
#2280 = FACE_OUTER_BOUND ( 'NONE', #1259, .T. ) ;
#2281 = LINE ( 'NONE', #1826, #2155 ) ;
#2282 = DIRECTION ( 'NONE',  ( -0.0000000000000000000, -0.0000000000000000000, -1.000000000000000000 ) ) ;
#2283 = CARTESIAN_POINT ( 'NONE',  ( -1.011848642682464400, 9.875733069645088200, -2.445000000000000300 ) ) ;
#2284 = CARTESIAN_POINT ( 'NONE',  ( 3.969999999999996200, 2.633782217350890200, 0.8400000000000000800 ) ) ;
#2285 = ORIENTED_EDGE ( 'NONE', *, *, #1823, .T. ) ;
#2286 = CIRCLE ( 'NONE', #590, 0.4900000000000004400 ) ;
#2287 = EDGE_CURVE ( 'NONE', #2295, #1302, #924, .T. ) ;
#2288 = CARTESIAN_POINT ( 'NONE',  ( -2.640879505729961000, 6.996071784181540700, -2.494999999999999700 ) ) ;
#2289 = AXIS2_PLACEMENT_3D ( 'NONE', #307, #2156, #731 ) ;
#2290 = VERTEX_POINT ( 'NONE', #620 ) ;
#2291 = ORIENTED_EDGE ( 'NONE', *, *, #2188, .F. ) ;
#2292 = CARTESIAN_POINT ( 'NONE',  ( 1.011848642682464400, 9.875733069645088200, -2.445000000000000300 ) ) ;
#2293 = AXIS2_PLACEMENT_3D ( 'NONE', #2436, #2657, #1239 ) ;
#2294 = CARTESIAN_POINT ( 'NONE',  ( -2.640879505729961000, 6.996071784181540700, -2.494999999999999700 ) ) ;
#2295 = VERTEX_POINT ( 'NONE', #204 ) ;
#2296 = AXIS2_PLACEMENT_3D ( 'NONE', #567, #792, #2631 ) ;
#2297 = ORIENTED_EDGE ( 'NONE', *, *, #609, .T. ) ;
#2298 = DIRECTION ( 'NONE',  ( 1.000000000000000000, 0.0000000000000000000, 0.0000000000000000000 ) ) ;
#2299 = VERTEX_POINT ( 'NONE', #1018 ) ;
#2300 = ORIENTED_EDGE ( 'NONE', *, *, #30, .T. ) ;
#2301 = DIRECTION ( 'NONE',  ( -0.0000000000000000000, -0.0000000000000000000, -1.000000000000000000 ) ) ;
#2302 = CARTESIAN_POINT ( 'NONE',  ( -2.165896641714967400, 11.95946407615478100, 3.964999999999999900 ) ) ;
#2303 = ORIENTED_EDGE ( 'NONE', *, *, #2560, .T. ) ;
#2304 = EDGE_LOOP ( 'NONE', ( #247, #1622, #2253, #226 ) ) ;
#2305 = VECTOR ( 'NONE', #1840, 1000.000000000000000 ) ;
#2306 = AXIS2_PLACEMENT_3D ( 'NONE', #886, #1307, #2311 ) ;
#2307 = LINE ( 'NONE', #425, #252 ) ;
#2308 = EDGE_CURVE ( 'NONE', #600, #1499, #2357, .T. ) ;
#2309 = VECTOR ( 'NONE', #170, 1000.000000000000000 ) ;
#2310 = CIRCLE ( 'NONE', #2611, 4.000000000000000000 ) ;
#2311 = DIRECTION ( 'NONE',  ( -1.000000000000000000, 0.0000000000000000000, 0.0000000000000000000 ) ) ;
#2312 = VERTEX_POINT ( 'NONE', #372 ) ;
#2313 = DIRECTION ( 'NONE',  ( -0.0000000000000000000, -0.0000000000000000000, 1.000000000000000000 ) ) ;
#2314 = EDGE_LOOP ( 'NONE', ( #259, #1952, #901, #2652 ) ) ;
#2315 = DIRECTION ( 'NONE',  ( 0.0000000000000000000, 0.0000000000000000000, 1.000000000000000000 ) ) ;
#2316 = EDGE_LOOP ( 'NONE', ( #1390, #1491, #842, #720 ) ) ;
#2317 = CARTESIAN_POINT ( 'NONE',  ( 3.266231878785248000, 7.287678384782625000, -2.445000000000000300 ) ) ;
#2318 = DIRECTION ( 'NONE',  ( -1.355252715606879800E-015, -0.0000000000000000000, 1.000000000000000000 ) ) ;
#2319 = ORIENTED_EDGE ( 'NONE', *, *, #1652, .T. ) ;
#2320 = AXIS2_PLACEMENT_3D ( 'NONE', #2292, #2282, #1238 ) ;
#2321 = DIRECTION ( 'NONE',  ( -0.9063077870366480500, -0.4226182617407037700, 0.0000000000000000000 ) ) ;
#2322 = CARTESIAN_POINT ( 'NONE',  ( -3.580000000000000500, 3.309282032302752500, 0.8399999999999999700 ) ) ;
#2323 = EDGE_CURVE ( 'NONE', #437, #13, #665, .T. ) ;
#2324 = CARTESIAN_POINT ( 'NONE',  ( -2.512145400766924400, 12.50781434102575100, -2.445000000000000300 ) ) ;
#2325 = ORIENTED_EDGE ( 'NONE', *, *, #672, .T. ) ;
#2326 = AXIS2_PLACEMENT_3D ( 'NONE', #965, #726, #2374 ) ;
#2327 = ORIENTED_EDGE ( 'NONE', *, *, #1341, .T. ) ;
#2328 = DIRECTION ( 'NONE',  ( -0.0000000000000000000, -0.0000000000000000000, -1.000000000000000000 ) ) ;
#2329 = EDGE_CURVE ( 'NONE', #111, #546, #1149, .T. ) ;
#2330 = LINE ( 'NONE', #318, #1447 ) ;
#2331 = AXIS2_PLACEMENT_3D ( 'NONE', #810, #1289, #1867 ) ;
#2332 = FACE_OUTER_BOUND ( 'NONE', #1975, .T. ) ;
#2333 = VECTOR ( 'NONE', #1883, 1000.000000000000000 ) ;
#2334 = DIRECTION ( 'NONE',  ( 1.000000000000000000, 0.0000000000000000000, 0.0000000000000000000 ) ) ;
#2335 = COLOUR_RGB ( '',0.7921568627450980000, 0.8196078431372548800, 0.9333333333333333500 ) ;
#2336 = VECTOR ( 'NONE', #1483, 1000.000000000000000 ) ;
#2337 = DIRECTION ( 'NONE',  ( 0.4999999999999948900, 0.8660254037844415900, 0.0000000000000000000 ) ) ;
#2338 = EDGE_CURVE ( 'NONE', #2047, #1743, #1642, .T. ) ;
#2339 = LINE ( 'NONE', #1417, #2217 ) ;
#2340 = LINE ( 'NONE', #652, #1058 ) ;
#2341 = VERTEX_POINT ( 'NONE', #1226 ) ;
#2342 = CIRCLE ( 'NONE', #138, 0.4900000000000004400 ) ;
#2343 = DIRECTION ( 'NONE',  ( -0.4226182617407039400, -0.9063077870366478300, 0.0000000000000000000 ) ) ;
#2344 = EDGE_CURVE ( 'NONE', #1276, #1269, #1579, .T. ) ;
#2345 = ORIENTED_EDGE ( 'NONE', *, *, #916, .T. ) ;
#2346 = CARTESIAN_POINT ( 'NONE',  ( -0.7499999999999963400, 3.050000000000000300, 3.964999999999996300 ) ) ;
#2347 = PRODUCT_RELATED_PRODUCT_CATEGORY ( 'part', '', ( #922 ) ) ;
#2348 = VERTEX_POINT ( 'NONE', #2452 ) ;
#2349 = CARTESIAN_POINT ( 'NONE',  ( -2.512145400766924400, 12.50781434102575100, -2.445000000000000300 ) ) ;
#2350 = CARTESIAN_POINT ( 'NONE',  ( -3.619999999999999200, 2.540000000000000500, 0.8399999999999999700 ) ) ;
#2351 = EDGE_CURVE ( 'NONE', #2243, #2106, #2247, .T. ) ;
#2352 = ORIENTED_EDGE ( 'NONE', *, *, #2532, .T. ) ;
#2353 = ORIENTED_EDGE ( 'NONE', *, *, #933, .T. ) ;
#2354 = ORIENTED_EDGE ( 'NONE', *, *, #2087, .F. ) ;
#2355 = DIRECTION ( 'NONE',  ( -0.9063077870366472700, -0.4226182617407051600, 0.0000000000000000000 ) ) ;
#2356 = CARTESIAN_POINT ( 'NONE',  ( 3.620000000000001900, 2.540000000000000500, 3.964999999999999900 ) ) ;
#2357 = CIRCLE ( 'NONE', #945, 0.1900000000000000600 ) ;
#2358 = CARTESIAN_POINT ( 'NONE',  ( -3.580000000000000500, 3.309282032302752500, 0.8399999999999999700 ) ) ;
#2359 = FACE_OUTER_BOUND ( 'NONE', #2143, .T. ) ;
#2360 = EDGE_CURVE ( 'NONE', #272, #1909, #1766, .T. ) ;
#2361 = LINE ( 'NONE', #1989, #576 ) ;
#2362 = AXIS2_PLACEMENT_3D ( 'NONE', #681, #452, #1088 ) ;
#2363 = ORIENTED_EDGE ( 'NONE', *, *, #1115, .F. ) ;
#2364 = LINE ( 'NONE', #441, #123 ) ;
#2365 = DIRECTION ( 'NONE',  ( 0.0000000000000000000, 0.0000000000000000000, 1.000000000000000000 ) ) ;
#2366 = VECTOR ( 'NONE', #909, 1000.000000000000200 ) ;
#2367 = ORIENTED_EDGE ( 'NONE', *, *, #2199, .T. ) ;
#2368 =( GEOMETRIC_REPRESENTATION_CONTEXT ( 3 ) GLOBAL_UNCERTAINTY_ASSIGNED_CONTEXT ( ( #774 ) ) GLOBAL_UNIT_ASSIGNED_CONTEXT ( ( #416, #1458, #213 ) ) REPRESENTATION_CONTEXT ( 'NONE', 'WORKASPACE' ) );
#2369 = DIRECTION ( 'NONE',  ( 1.000000000000000000, 0.0000000000000000000, 0.0000000000000000000 ) ) ;
#2370 = DIRECTION ( 'NONE',  ( 0.0000000000000000000, 0.0000000000000000000, 1.000000000000000000 ) ) ;
#2371 = EDGE_LOOP ( 'NONE', ( #2285, #109, #57, #1915 ) ) ;
#2372 = AXIS2_PLACEMENT_3D ( 'NONE', #2054, #851, #1270 ) ;
#2373 = ORIENTED_EDGE ( 'NONE', *, *, #869, .T. ) ;
#2374 = DIRECTION ( 'NONE',  ( -1.000000000000000000, 0.0000000000000000000, 0.0000000000000000000 ) ) ;
#2375 = CARTESIAN_POINT ( 'NONE',  ( 5.589988852970480900, 10.13649271229480500, -3.964999999999999900 ) ) ;
#2376 = ORIENTED_EDGE ( 'NONE', *, *, #1243, .F. ) ;
#2377 = CARTESIAN_POINT ( 'NONE',  ( 1.011848642682464400, 9.875733069645088200, -2.445000000000000300 ) ) ;
#2378 = ADVANCED_FACE ( 'NONE', ( #1087 ), #196, .T. ) ;
#2379 = CARTESIAN_POINT ( 'NONE',  ( 1.964757704823889600, 8.446019665331990100, 3.964999999999999900 ) ) ;
#2380 = ORIENTED_EDGE ( 'NONE', *, *, #1316, .F. ) ;
#2381 = VERTEX_POINT ( 'NONE', #1413 ) ;
#2382 = ORIENTED_EDGE ( 'NONE', *, *, #1470, .T. ) ;
#2383 = EDGE_CURVE ( 'NONE', #321, #29, #1991, .T. ) ;
#2384 = CARTESIAN_POINT ( 'NONE',  ( 2.640879505729960600, 12.83885354275742000, 3.964999999999999900 ) ) ;
#2385 = DIRECTION ( 'NONE',  ( 1.000000000000000000, 0.0000000000000000000, -0.0000000000000000000 ) ) ;
#2386 = ORIENTED_EDGE ( 'NONE', *, *, #1742, .T. ) ;
#2387 = AXIS2_PLACEMENT_3D ( 'NONE', #1503, #1297, #650 ) ;
#2388 = EDGE_LOOP ( 'NONE', ( #1355, #444, #2074, #2327 ) ) ;
#2389 = ORIENTED_EDGE ( 'NONE', *, *, #2344, .F. ) ;
#2390 = ADVANCED_FACE ( 'NONE', ( #771 ), #1639, .F. ) ;
#2391 = ORIENTED_EDGE ( 'NONE', *, *, #2469, .F. ) ;
#2392 = EDGE_CURVE ( 'NONE', #1340, #2419, #638, .T. ) ;
#2393 = VERTEX_POINT ( 'NONE', #2646 ) ;
#2394 = ADVANCED_FACE ( 'NONE', ( #347 ), #702, .T. ) ;
#2395 = CARTESIAN_POINT ( 'NONE',  ( 2.207973516581067700, 4.735014486609868500, -2.494999999999999700 ) ) ;
#2396 = VECTOR ( 'NONE', #1036, 1000.000000000000000 ) ;
#2397 = VECTOR ( 'NONE', #1086, 1000.000000000000000 ) ;
#2398 = VECTOR ( 'NONE', #1791, 1000.000000000000000 ) ;
#2399 = VECTOR ( 'NONE', #2468, 1000.000000000000000 ) ;
#2400 = FACE_OUTER_BOUND ( 'NONE', #1519, .T. ) ;
#2401 = CARTESIAN_POINT ( 'NONE',  ( -2.178662534341271300, 6.780536470693779600, 3.964999999999999900 ) ) ;
#2402 = AXIS2_PLACEMENT_3D ( 'NONE', #375, #2230, #1827 ) ;
#2403 = VECTOR ( 'NONE', #2588, 1000.000000000000000 ) ;
#2404 = CARTESIAN_POINT ( 'NONE',  ( 2.750000000000001300, 13.64000000000000100, 3.964999999999999900 ) ) ;
#2405 = VECTOR ( 'NONE', #1251, 1000.000000000000000 ) ;
#2406 = ADVANCED_FACE ( 'NONE', ( #1585 ), #92, .T. ) ;
#2407 = EDGE_CURVE ( 'NONE', #519, #2551, #775, .T. ) ;
#2408 = ORIENTED_EDGE ( 'NONE', *, *, #1597, .F. ) ;
#2409 = PLANE ( 'NONE',  #1693 ) ;
#2410 = LINE ( 'NONE', #1982, #712 ) ;
#2411 = AXIS2_PLACEMENT_3D ( 'NONE', #981, #1966, #728 ) ;
#2412 = DIRECTION ( 'NONE',  ( 1.000000000000000000, 0.0000000000000000000, 0.0000000000000000000 ) ) ;
#2413 = CARTESIAN_POINT ( 'NONE',  ( -2.640879505729961000, 6.996071784181539000, 3.964999999999999900 ) ) ;
#2414 = DIRECTION ( 'NONE',  ( -0.0000000000000000000, -0.0000000000000000000, -1.000000000000000000 ) ) ;
#2415 = ORIENTED_EDGE ( 'NONE', *, *, #75, .F. ) ;
#2416 = CARTESIAN_POINT ( 'NONE',  ( 3.620000000000001900, 3.240000000000000200, -3.964999999999999900 ) ) ;
#2417 = CARTESIAN_POINT ( 'NONE',  ( 1.011848642682464400, 9.875733069645088200, 3.964999999999999900 ) ) ;
#2418 = ADVANCED_FACE ( 'NONE', ( #422 ), #1488, .T. ) ;
#2419 = VERTEX_POINT ( 'NONE', #2080 ) ;
#2420 = EDGE_CURVE ( 'NONE', #1880, #1653, #350, .T. ) ;
#2421 = CARTESIAN_POINT ( 'NONE',  ( -2.749999999999999100, 13.64000000000000100, -3.964999999999999900 ) ) ;
#2422 = DIRECTION ( 'NONE',  ( -1.000000000000000000, 0.0000000000000000000, 0.0000000000000000000 ) ) ;
#2423 = DIRECTION ( 'NONE',  ( 1.000000000000000000, 0.0000000000000000000, 0.0000000000000000000 ) ) ;
#2424 = CARTESIAN_POINT ( 'NONE',  ( -3.619999999999999200, 3.049999999999999800, 3.964999999999999900 ) ) ;
#2425 = AXIS2_PLACEMENT_3D ( 'NONE', #1824, #1205, #155 ) ;
#2426 = ORIENTED_EDGE ( 'NONE', *, *, #1459, .T. ) ;
#2427 = ORIENTED_EDGE ( 'NONE', *, *, #1217, .F. ) ;
#2428 = DIRECTION ( 'NONE',  ( 1.000000000000000000, 0.0000000000000000000, -0.0000000000000000000 ) ) ;
#2429 = AXIS2_PLACEMENT_3D ( 'NONE', #482, #2531, #2128 ) ;
#2430 = CARTESIAN_POINT ( 'NONE',  ( 3.620000000000001900, 3.050000000000000700, 3.964999999999999900 ) ) ;
#2431 = DIRECTION ( 'NONE',  ( -1.000000000000000000, -5.990067251301128600E-017, -0.0000000000000000000 ) ) ;
#2432 = CARTESIAN_POINT ( 'NONE',  ( 0.7499999999999998900, 2.540000000000000500, 0.8399999999999999700 ) ) ;
#2433 = PLANE ( 'NONE',  #1655 ) ;
#2434 = CARTESIAN_POINT ( 'NONE',  ( -4.254999999999980400, 2.140147737193774700, 0.7900000000000000400 ) ) ;
#2435 = CIRCLE ( 'NONE', #2514, 0.4900000000000004400 ) ;
#2436 = CARTESIAN_POINT ( 'NONE',  ( 5.589988852970480900, 10.13649271229480500, -2.494999999999999700 ) ) ;
#2437 = PLANE ( 'NONE',  #1380 ) ;
#2438 = LINE ( 'NONE', #25, #1933 ) ;
#2439 = ADVANCED_FACE ( 'NONE', ( #1029 ), #633, .F. ) ;
#2440 = FACE_OUTER_BOUND ( 'NONE', #1438, .T. ) ;
#2441 = CARTESIAN_POINT ( 'NONE',  ( -7.600354759886160500, 8.294331760606173300, -2.494999999999999700 ) ) ;
#2442 = VECTOR ( 'NONE', #102, 1000.000000000000000 ) ;
#2443 = FACE_OUTER_BOUND ( 'NONE', #2016, .T. ) ;
#2444 = CARTESIAN_POINT ( 'NONE',  ( -2.002145400766923300, 12.50781434102575100, 3.964999999999999900 ) ) ;
#2445 = ORIENTED_EDGE ( 'NONE', *, *, #524, .T. ) ;
#2446 = DIRECTION ( 'NONE',  ( -0.0000000000000000000, -0.0000000000000000000, -1.000000000000000000 ) ) ;
#2447 = DIRECTION ( 'NONE',  ( -1.000000000000000000, 0.0000000000000000000, 0.0000000000000000000 ) ) ;
#2448 = ORIENTED_EDGE ( 'NONE', *, *, #807, .T. ) ;
#2449 = ORIENTED_EDGE ( 'NONE', *, *, #1470, .F. ) ;
#2450 = EDGE_CURVE ( 'NONE', #1672, #2551, #2340, .T. ) ;
#2451 = VERTEX_POINT ( 'NONE', #627 ) ;
#2452 = CARTESIAN_POINT ( 'NONE',  ( -2.264868063956796200, 13.18340454864140900, -2.494999999999999700 ) ) ;
#2453 = DIRECTION ( 'NONE',  ( -0.0000000000000000000, -0.0000000000000000000, -1.000000000000000000 ) ) ;
#2454 = CARTESIAN_POINT ( 'NONE',  ( -3.685000000000000900, 0.0000000000000000000, -0.7900000000000000400 ) ) ;
#2455 = SURFACE_SIDE_STYLE ('',( #1225 ) ) ;
#2456 = CARTESIAN_POINT ( 'NONE',  ( 5.589988852970480900, 10.13649271229480500, 3.964999999999999900 ) ) ;
#2457 = ORIENTED_EDGE ( 'NONE', *, *, #382, .F. ) ;
#2458 = ORIENTED_EDGE ( 'NONE', *, *, #1540, .T. ) ;
#2459 = VERTEX_POINT ( 'NONE', #2470 ) ;
#2460 = DIRECTION ( 'NONE',  ( 0.0000000000000000000, 0.0000000000000000000, 1.000000000000000000 ) ) ;
#2461 = ORIENTED_EDGE ( 'NONE', *, *, #1021, .T. ) ;
#2462 = ORIENTED_EDGE ( 'NONE', *, *, #1402, .T. ) ;
#2463 = EDGE_LOOP ( 'NONE', ( #2353, #2389, #2380, #1009 ) ) ;
#2464 = DIRECTION ( 'NONE',  ( -0.0000000000000000000, -0.0000000000000000000, -1.000000000000000000 ) ) ;
#2465 = CARTESIAN_POINT ( 'NONE',  ( -2.592383508831465700, 12.23912271123897500, 3.964999999999999900 ) ) ;
#2466 = ORIENTED_EDGE ( 'NONE', *, *, #1415, .F. ) ;
#2467 = DIRECTION ( 'NONE',  ( 1.000000000000000000, 0.0000000000000000000, 0.0000000000000000000 ) ) ;
#2468 = DIRECTION ( 'NONE',  ( -0.0000000000000000000, -0.0000000000000000000, -1.000000000000000000 ) ) ;
#2469 = EDGE_CURVE ( 'NONE', #1405, #519, #153, .T. ) ;
#2470 = CARTESIAN_POINT ( 'NONE',  ( -2.264868063956796200, 13.18340454864140900, 3.964999999999999900 ) ) ;
#2471 = AXIS2_PLACEMENT_3D ( 'NONE', #1899, #890, #264 ) ;
#2472 = CARTESIAN_POINT ( 'NONE',  ( 2.640879505729961400, 6.996071784181539000, -2.445000000000000300 ) ) ;
#2473 = LINE ( 'NONE', #548, #1284 ) ;
#2474 = CARTESIAN_POINT ( 'NONE',  ( -3.714999999999997600, 3.075455173280956100, 3.964999999999999900 ) ) ;
#2475 = CIRCLE ( 'NONE', #1613, 4.000000000000000000 ) ;
#2476 = CIRCLE ( 'NONE', #2239, 4.310000000000001400 ) ;
#2477 = FACE_OUTER_BOUND ( 'NONE', #1536, .T. ) ;
#2478 = VECTOR ( 'NONE', #77, 1000.000000000000000 ) ;
#2479 = VECTOR ( 'NONE', #846, 1000.000000000000000 ) ;
#2480 = EDGE_CURVE ( 'NONE', #460, #319, #1998, .T. ) ;
#2481 = DIRECTION ( 'NONE',  ( -0.0000000000000000000, -1.000000000000000000, -0.0000000000000000000 ) ) ;
#2482 = ORIENTED_EDGE ( 'NONE', *, *, #364, .F. ) ;
#2483 = ORIENTED_EDGE ( 'NONE', *, *, #227, .F. ) ;
#2484 = CARTESIAN_POINT ( 'NONE',  ( 1.011848642682464400, 9.875733069645088200, 3.964999999999999900 ) ) ;
#2485 = CARTESIAN_POINT ( 'NONE',  ( -1.964757704823884700, 8.446019665331988300, 3.964999999999999900 ) ) ;
#2486 = AXIS2_PLACEMENT_3D ( 'NONE', #2044, #616, #821 ) ;
#2487 = VECTOR ( 'NONE', #389, 1000.000000000000000 ) ;
#2488 = CARTESIAN_POINT ( 'NONE',  ( -3.809999999999998700, 3.239999999999999300, 3.964999999999999900 ) ) ;
#2489 = EDGE_CURVE ( 'NONE', #2451, #2157, #225, .T. ) ;
#2490 = CARTESIAN_POINT ( 'NONE',  ( 1.079988852970481100, 10.13649271229480500, 3.964999999999999900 ) ) ;
#2491 = CARTESIAN_POINT ( 'NONE',  ( -4.254999999999980400, 2.140147737193774700, -0.7900000000000000400 ) ) ;
#2492 = CARTESIAN_POINT ( 'NONE',  ( -3.002145400766924600, 12.50781434102575100, -2.445000000000000300 ) ) ;
#2494 = ORIENTED_EDGE ( 'NONE', *, *, #950, .F. ) ;
#2493 = CARTESIAN_POINT ( 'NONE',  ( -1.011848642682464400, 9.875733069645088200, -2.445000000000000300 ) ) ;
#2495 = CARTESIAN_POINT ( 'NONE',  ( 3.792198479536965200, 3.320297469730733900, 3.964999999999999900 ) ) ;
#2496 = DIRECTION ( 'NONE',  ( 0.0000000000000000000, 0.0000000000000000000, 1.000000000000000000 ) ) ;
#2497 = ORIENTED_EDGE ( 'NONE', *, *, #1951, .T. ) ;
#2498 = ORIENTED_EDGE ( 'NONE', *, *, #1054, .T. ) ;
#2499 = ORIENTED_EDGE ( 'NONE', *, *, #641, .T. ) ;
#2500 = CARTESIAN_POINT ( 'NONE',  ( -3.266231878785248000, 7.287678384782625000, -2.445000000000000300 ) ) ;
#2501 = EDGE_CURVE ( 'NONE', #1657, #2515, #2610, .T. ) ;
#2502 = VECTOR ( 'NONE', #1802, 1000.000000000000000 ) ;
#2503 = CYLINDRICAL_SURFACE ( 'NONE', #1665, 1.000000000000001300 ) ;
#2504 = VECTOR ( 'NONE', #727, 1000.000000000000000 ) ;
#2505 = DIRECTION ( 'NONE',  ( 0.0000000000000000000, 0.0000000000000000000, -1.000000000000000000 ) ) ;
#2506 = LINE ( 'NONE', #2550, #64 ) ;
#2507 = LINE ( 'NONE', #2346, #317 ) ;
#2508 = CARTESIAN_POINT ( 'NONE',  ( -2.675856766822704000, 7.644829931293641900, 3.964999999999999900 ) ) ;
#2509 = ORIENTED_EDGE ( 'NONE', *, *, #882, .T. ) ;
#2510 = EDGE_LOOP ( 'NONE', ( #1972, #2111, #179, #1423, #594, #237 ) ) ;
#2511 = EDGE_CURVE ( 'NONE', #967, #1441, #1877, .T. ) ;
#2512 = ORIENTED_EDGE ( 'NONE', *, *, #1386, .T. ) ;
#2513 = DIRECTION ( 'NONE',  ( -0.0000000000000000000, -0.0000000000000000000, -1.000000000000000000 ) ) ;
#2514 = AXIS2_PLACEMENT_3D ( 'NONE', #147, #1159, #2014 ) ;
#2515 = VERTEX_POINT ( 'NONE', #42 ) ;
#2516 = DIRECTION ( 'NONE',  ( -0.0000000000000000000, -0.0000000000000000000, -1.000000000000000000 ) ) ;
#2517 = VERTEX_POINT ( 'NONE', #24 ) ;
#2518 = DIRECTION ( 'NONE',  ( -0.4999999999999944500, 0.8660254037844418200, -0.0000000000000000000 ) ) ;
#2519 = AXIS2_PLACEMENT_3D ( 'NONE', #1081, #621, #2279 ) ;
#2520 = VERTEX_POINT ( 'NONE', #229 ) ;
#2521 = AXIS2_PLACEMENT_3D ( 'NONE', #867, #1305, #1705 ) ;
#2522 = EDGE_LOOP ( 'NONE', ( #427, #2097, #1214, #1145, #858, #2048, #1557 ) ) ;
#2523 = DIRECTION ( 'NONE',  ( 0.0000000000000000000, -1.000000000000000000, 0.0000000000000000000 ) ) ;
#2524 = ORIENTED_EDGE ( 'NONE', *, *, #976, .F. ) ;
#2525 = DIRECTION ( 'NONE',  ( 0.0000000000000000000, 0.0000000000000000000, 1.000000000000000000 ) ) ;
#2526 = ORIENTED_EDGE ( 'NONE', *, *, #494, .T. ) ;
#2528 = VERTEX_POINT ( 'NONE', #1679 ) ;
#2527 = DIRECTION ( 'NONE',  ( -0.0000000000000000000, -0.0000000000000000000, -1.000000000000000000 ) ) ;
#2529 = DIRECTION ( 'NONE',  ( -1.000000000000000000, 0.0000000000000000000, 0.0000000000000000000 ) ) ;
#2530 = ORIENTED_EDGE ( 'NONE', *, *, #194, .T. ) ;
#2531 = DIRECTION ( 'NONE',  ( 0.0000000000000000000, 0.0000000000000000000, 1.000000000000000000 ) ) ;
#2532 = EDGE_CURVE ( 'NONE', #1743, #1690, #487, .T. ) ;
#2533 = DIRECTION ( 'NONE',  ( 1.000000000000000000, 5.990067251301128600E-017, 0.0000000000000000000 ) ) ;
#2534 = AXIS2_PLACEMENT_3D ( 'NONE', #2377, #1401, #379 ) ;
#2535 = AXIS2_PLACEMENT_3D ( 'NONE', #1529, #275, #1105 ) ;
#2536 = CARTESIAN_POINT ( 'NONE',  ( 2.675856766822704000, 7.644829931293641900, 3.964999999999999900 ) ) ;
#2537 = CYLINDRICAL_SURFACE ( 'NONE', #169, 0.6899999999999996100 ) ;
#2538 = CARTESIAN_POINT ( 'NONE',  ( -0.7500000000000005600, 3.050000000000000300, 0.8399999999999999700 ) ) ;
#2539 = EDGE_CURVE ( 'NONE', #874, #1499, #970, .T. ) ;
#2540 = LINE ( 'NONE', #59, #2336 ) ;
#2541 = DIRECTION ( 'NONE',  ( -0.0000000000000000000, -0.0000000000000000000, -1.000000000000000000 ) ) ;
#2542 = VECTOR ( 'NONE', #185, 1000.000000000000000 ) ;
#2543 = FACE_OUTER_BOUND ( 'NONE', #1729, .T. ) ;
#2544 = CARTESIAN_POINT ( 'NONE',  ( -3.266231878785248000, 7.287678384782625000, 3.964999999999999900 ) ) ;
#2545 = ORIENTED_EDGE ( 'NONE', *, *, #1664, .T. ) ;
#2546 = CIRCLE ( 'NONE', #2535, 0.1899999999999996400 ) ;
#2547 = CARTESIAN_POINT ( 'NONE',  ( -0.7500000000000005600, 3.050000000000000300, -0.8399999999999999700 ) ) ;
#2548 = DIRECTION ( 'NONE',  ( -1.000000000000000000, 0.0000000000000000000, 0.0000000000000000000 ) ) ;
#2549 = ORIENTED_EDGE ( 'NONE', *, *, #2055, .T. ) ;
#2550 = CARTESIAN_POINT ( 'NONE',  ( 4.386636050922343000, 2.045521984083913400, -2.494999999999999700 ) ) ;
#2551 = VERTEX_POINT ( 'NONE', #282 ) ;
#2552 = EDGE_LOOP ( 'NONE', ( #1667, #2354, #943, #129 ) ) ;
#2553 = CYLINDRICAL_SURFACE ( 'NONE', #2534, 3.800000000000000300 ) ;
#2554 = DIRECTION ( 'NONE',  ( -1.000000000000000000, 0.0000000000000000000, 0.0000000000000000000 ) ) ;
#2555 = CARTESIAN_POINT ( 'NONE',  ( -3.619999999999999200, 3.050000000000000300, 3.964999999999999900 ) ) ;
#2556 = AXIS2_PLACEMENT_3D ( 'NONE', #462, #1907, #663 ) ;
#2557 = ORIENTED_EDGE ( 'NONE', *, *, #1692, .F. ) ;
#2558 = CARTESIAN_POINT ( 'NONE',  ( 4.254415450925655800, 3.535832783218492800, 3.964999999999999900 ) ) ;
#2559 = DIRECTION ( 'NONE',  ( -0.0000000000000000000, -0.0000000000000000000, -1.000000000000000000 ) ) ;
#2560 = EDGE_CURVE ( 'NONE', #1784, #266, #1940, .T. ) ;
#2561 = ORIENTED_EDGE ( 'NONE', *, *, #329, .F. ) ;
#2562 = AXIS2_PLACEMENT_3D ( 'NONE', #2456, #1822, #1410 ) ;
#2563 = ORIENTED_EDGE ( 'NONE', *, *, #1298, .T. ) ;
#2564 = ORIENTED_EDGE ( 'NONE', *, *, #609, .F. ) ;
#2565 = ORIENTED_EDGE ( 'NONE', *, *, #843, .F. ) ;
#2566 = CARTESIAN_POINT ( 'NONE',  ( 2.264868063956796200, 13.18340454864140900, -2.445000000000000300 ) ) ;
#2567 = ORIENTED_EDGE ( 'NONE', *, *, #718, .T. ) ;
#2568 = CARTESIAN_POINT ( 'NONE',  ( 2.178662534341273100, 6.780536470693789400, -2.494999999999999700 ) ) ;
#2569 = EDGE_CURVE ( 'NONE', #405, #358, #644, .T. ) ;
#2570 = AXIS2_PLACEMENT_3D ( 'NONE', #1640, #399, #2423 ) ;
#2571 = LINE ( 'NONE', #2578, #1801 ) ;
#2572 = PRODUCT_CONTEXT ( 'NONE', #713, 'mechanical' ) ;
#2573 = DIRECTION ( 'NONE',  ( 0.7372773368101307500, -0.6755902076156529200, 0.0000000000000000000 ) ) ;
#2574 = AXIS2_PLACEMENT_3D ( 'NONE', #2492, #855, #1673 ) ;
#2575 = CYLINDRICAL_SURFACE ( 'NONE', #2574, 1.000000000000001300 ) ;
#2576 = LINE ( 'NONE', #1164, #345 ) ;
#2577 = DIRECTION ( 'NONE',  ( 0.0000000000000000000, 0.0000000000000000000, 1.000000000000000000 ) ) ;
#2578 = CARTESIAN_POINT ( 'NONE',  ( 3.969999999999996200, 2.633782217350890200, 3.964999999999999900 ) ) ;
#2579 = EDGE_LOOP ( 'NONE', ( #825, #1921, #421, #1336 ) ) ;
#2580 = LINE ( 'NONE', #106, #732 ) ;
#2581 = CARTESIAN_POINT ( 'NONE',  ( -3.714999999999997600, 3.075455173280956100, -0.8399999999999996400 ) ) ;
#2582 = VECTOR ( 'NONE', #2516, 1000.000000000000000 ) ;
#2583 = LINE ( 'NONE', #2424, #2159 ) ;
#2584 = EDGE_LOOP ( 'NONE', ( #847, #757, #1750, #2254 ) ) ;
#2585 = CARTESIAN_POINT ( 'NONE',  ( 2.788151357317535600, 9.875733069645088200, -2.445000000000000300 ) ) ;
#2586 = ORIENTED_EDGE ( 'NONE', *, *, #133, .F. ) ;
#2587 = DIRECTION ( 'NONE',  ( 1.000000000000000000, 0.0000000000000000000, 0.0000000000000000000 ) ) ;
#2588 = DIRECTION ( 'NONE',  ( 1.000000000000000000, 1.198013450260225700E-016, 0.0000000000000000000 ) ) ;
#2589 = CARTESIAN_POINT ( 'NONE',  ( -3.619999999999999200, 3.239999999999999300, 3.964999999999999900 ) ) ;
#2590 = DIRECTION ( 'NONE',  ( 0.0000000000000000000, -0.0000000000000000000, 1.000000000000000000 ) ) ;
#2591 = VERTEX_POINT ( 'NONE', #668 ) ;
#2592 = PLANE ( 'NONE',  #2654 ) ;
#2593 = EDGE_CURVE ( 'NONE', #2528, #687, #289, .T. ) ;
#2594 = ORIENTED_EDGE ( 'NONE', *, *, #944, .T. ) ;
#2595 = ADVANCED_FACE ( 'NONE', ( #2400 ), #1928, .F. ) ;
#2596 = ORIENTED_EDGE ( 'NONE', *, *, #1645, .F. ) ;
#2597 = ORIENTED_EDGE ( 'NONE', *, *, #2073, .F. ) ;
#2598 = ORIENTED_EDGE ( 'NONE', *, *, #2383, .T. ) ;
#2599 = PLANE ( 'NONE',  #677 ) ;
#2600 = DIRECTION ( 'NONE',  ( 0.0000000000000000000, 0.0000000000000000000, 1.000000000000000000 ) ) ;
#2601 = ORIENTED_EDGE ( 'NONE', *, *, #1206, .F. ) ;
#2602 = CARTESIAN_POINT ( 'NONE',  ( -2.749999999999999100, 13.64000000000000100, 3.964999999999999900 ) ) ;
#2603 = LINE ( 'NONE', #113, #2056 ) ;
#2604 = AXIS2_PLACEMENT_3D ( 'NONE', #498, #2170, #906 ) ;
#2605 = ADVANCED_FACE ( 'NONE', ( #836 ), #38, .T. ) ;
#2606 = PRESENTATION_STYLE_ASSIGNMENT (( #1684 ) ) ;
#2607 = CIRCLE ( 'NONE', #2158, 3.800000000000000300 ) ;
#2608 = EDGE_CURVE ( 'NONE', #529, #687, #1189, .T. ) ;
#2609 = ORIENTED_EDGE ( 'NONE', *, *, #2608, .F. ) ;
#2610 = LINE ( 'NONE', #2490, #2405 ) ;
#2611 = AXIS2_PLACEMENT_3D ( 'NONE', #753, #322, #1974 ) ;
#2612 = ORIENTED_EDGE ( 'NONE', *, *, #396, .T. ) ;
#2613 = CARTESIAN_POINT ( 'NONE',  ( 3.620000000000001900, 2.540000000000000500, -3.964999999999999900 ) ) ;
#2614 = CARTESIAN_POINT ( 'NONE',  ( 7.600354759886142700, 8.294331760606215900, -2.494999999999999700 ) ) ;
#2615 = PRODUCT_DEFINITION_SHAPE ( 'NONE', 'NONE',  #2258 ) ;
#2616 = ORIENTED_EDGE ( 'NONE', *, *, #954, .T. ) ;
#2617 = LINE ( 'NONE', #2004, #458 ) ;
#2618 = ADVANCED_FACE ( 'NONE', ( #1680 ), #2213, .T. ) ;
#2619 = DIRECTION ( 'NONE',  ( 1.000000000000000000, 0.0000000000000000000, 0.0000000000000000000 ) ) ;
#2620 = CARTESIAN_POINT ( 'NONE',  ( -0.7500000000000005600, 3.540000000000000500, -1.000000000000000000 ) ) ;
#2621 = ADVANCED_FACE ( 'NONE', ( #1873 ), #292, .F. ) ;
#2622 = EDGE_CURVE ( 'NONE', #1326, #1405, #1122, .T. ) ;
#2623 = CARTESIAN_POINT ( 'NONE',  ( 3.620000000000001900, 2.540000000000000500, 3.964999999999999900 ) ) ;
#2624 = CARTESIAN_POINT ( 'NONE',  ( -3.002145400766924600, 12.50781434102575100, -2.445000000000000300 ) ) ;
#2625 = AXIS2_PLACEMENT_3D ( 'NONE', #2493, #1882, #2467 ) ;
#2626 = ORIENTED_EDGE ( 'NONE', *, *, #2511, .F. ) ;
#2627 = ORIENTED_EDGE ( 'NONE', *, *, #1368, .T. ) ;
#2628 = EDGE_CURVE ( 'NONE', #678, #1949, #2546, .T. ) ;
#2629 = ORIENTED_EDGE ( 'NONE', *, *, #1089, .F. ) ;
#2630 = VERTEX_POINT ( 'NONE', #85 ) ;
#2631 = DIRECTION ( 'NONE',  ( -0.4226182617407036000, 0.9063077870366480500, 0.0000000000000000000 ) ) ;
#2632 = ADVANCED_FACE ( 'NONE', ( #2064 ), #1318, .F. ) ;
#2633 = FACE_OUTER_BOUND ( 'NONE', #1096, .T. ) ;
#2634 = CARTESIAN_POINT ( 'NONE',  ( -2.239492553632997000, 7.908811509149616700, -2.445000000000000300 ) ) ;
#2635 = EDGE_CURVE ( 'NONE', #2041, #2259, #1263, .T. ) ;
#2636 = CARTESIAN_POINT ( 'NONE',  ( 3.969999999999995300, 2.633782217350890200, 0.7900000000000000400 ) ) ;
#2637 = FACE_OUTER_BOUND ( 'NONE', #1758, .T. ) ;
#2638 = FACE_OUTER_BOUND ( 'NONE', #186, .T. ) ;
#2639 = CARTESIAN_POINT ( 'NONE',  ( 2.178662534341273100, 6.780536470693789400, 3.964999999999999900 ) ) ;
#2640 = CARTESIAN_POINT ( 'NONE',  ( -2.165896641714967400, 11.95946407615478100, -2.445000000000000300 ) ) ;
#2641 = LINE ( 'NONE', #623, #1419 ) ;
#2642 = FACE_OUTER_BOUND ( 'NONE', #2584, .T. ) ;
#2643 = DIRECTION ( 'NONE',  ( -0.0000000000000000000, -0.0000000000000000000, -1.000000000000000000 ) ) ;
#2644 = EDGE_CURVE ( 'NONE', #1917, #2043, #1457, .T. ) ;
#2645 = VERTEX_POINT ( 'NONE', #1084 ) ;
#2646 = CARTESIAN_POINT ( 'NONE',  ( -2.576231878785248500, 7.287678384782625000, -2.445000000000000300 ) ) ;
#2647 = CARTESIAN_POINT ( 'NONE',  ( -2.066231878785248300, 7.287678384782625000, -2.445000000000000300 ) ) ;
#2648 = VECTOR ( 'NONE', #302, 1000.000000000000000 ) ;
#2649 = ADVANCED_FACE ( 'NONE', ( #578 ), #707, .F. ) ;
#2650 = CARTESIAN_POINT ( 'NONE',  ( 3.620000000000001900, 3.050000000000000700, 3.964999999999999900 ) ) ;
#2651 = VERTEX_POINT ( 'NONE', #1763 ) ;
#2652 = ORIENTED_EDGE ( 'NONE', *, *, #475, .T. ) ;
#2653 = EDGE_CURVE ( 'NONE', #1762, #386, #899, .T. ) ;
#2654 = AXIS2_PLACEMENT_3D ( 'NONE', #748, #960, #564 ) ;
#2655 = CARTESIAN_POINT ( 'NONE',  ( 3.071151732819278100, 13.24381624906216200, 3.964999999999999900 ) ) ;
#2656 = ORIENTED_EDGE ( 'NONE', *, *, #2593, .F. ) ;
#2657 = DIRECTION ( 'NONE',  ( -0.0000000000000000000, 0.0000000000000000000, 1.000000000000000000 ) ) ;
#2658 = ORIENTED_EDGE ( 'NONE', *, *, #309, .F. ) ;
#2659 = ORIENTED_EDGE ( 'NONE', *, *, #83, .F. ) ;
#2660 = ORIENTED_EDGE ( 'NONE', *, *, #2141, .T. ) ;
#2661 = AXIS2_PLACEMENT_3D ( 'NONE', #2227, #2026, #2412 ) ;
#2662 = ORIENTED_EDGE ( 'NONE', *, *, #154, .T. ) ;
#2663 = ORIENTED_EDGE ( 'NONE', *, *, #257, .T. ) ;
#2664 = AXIS2_PLACEMENT_3D ( 'NONE', #1126, #2150, #1946 ) ;
ENDSEC;
END-ISO-10303-21;
