ISO-10303-21;
HEADER;
/****************************************************************
 * Generated by software with PDElib inside                     *
 * PDElib Version v7.0, created Thu 05/02/2013 16:22:51.38      *
 * International Technegroup Inc. (www.iti-global.com)          *
 ****************************************************************/
FILE_DESCRIPTION(('STEP AP203'),'2;1');
FILE_NAME('4010_ASSY.stp','2015-06-04T21:10:22',(''),(''),'2013.1.116','THINKDESIGN','');
FILE_SCHEMA(('CONFIG_CONTROL_DESIGN'));
ENDSEC;
DATA;
#2=CARTESIAN_POINT('',(0.0,19.199999999999999,0.0));
#3=CARTESIAN_POINT('',(-19.199999999999999,19.199999999999999,1.175661E-015));
#4=CARTESIAN_POINT('',(-19.199999999999999,0.0,1.175661E-015));
#5=CARTESIAN_POINT('',(-19.199999999999999,-19.199999999999999,1.175661E-015));
#6=CARTESIAN_POINT('',(0.0,-19.199999999999999,0.0));
#7=CARTESIAN_POINT('',(19.199999999999999,-19.199999999999999,-1.175661E-015));
#8=CARTESIAN_POINT('',(19.199999999999999,0.0,-1.175661E-015));
#9=CARTESIAN_POINT('',(19.199999999999999,19.199999999999999,-1.175661E-015));
#10=CARTESIAN_POINT('',(0.0,19.199999999999999,0.0));
#11=CARTESIAN_POINT('',(2.755455E-016,19.0,4.500000000000000));
#12=CARTESIAN_POINT('',(-19.0,19.0,4.500000000000001));
#13=CARTESIAN_POINT('',(-19.0,0.0,4.500000000000001));
#14=CARTESIAN_POINT('',(-19.0,-19.0,4.500000000000001));
#15=CARTESIAN_POINT('',(2.755455E-016,-19.0,4.500000000000000));
#16=CARTESIAN_POINT('',(19.0,-19.0,4.499999999999999));
#17=CARTESIAN_POINT('',(19.0,0.0,4.499999999999999));
#18=CARTESIAN_POINT('',(19.0,19.0,4.499999999999999));
#19=CARTESIAN_POINT('',(2.755455E-016,19.0,4.500000000000000));
#27=(BOUNDED_SURFACE()B_SPLINE_SURFACE(2,1,((#2,#11),(#3,#12),(#4,#13),(#5,#14),(#6,#15),(#7,#16),(#8,#17),(#9,#18),(#10,#19)),.UNSPECIFIED.,.T.,.F.,.U.)B_SPLINE_SURFACE_WITH_KNOTS((3,2,2,2,3),(2,2),(0.0,0.250000000000000,0.500000000000000,0.750000000000000,1.0),(-4.504442251822083,0.0),.UNSPECIFIED.)GEOMETRIC_REPRESENTATION_ITEM()RATIONAL_B_SPLINE_SURFACE(((1.0,1.0),(0.707106781186548,0.707106781186548),(1.0,1.0),(0.707106781186548,0.707106781186548),(1.0,1.0),(0.707106781186548,0.707106781186548),(1.0,1.0),(0.707106781186548,0.707106781186548),(1.0,1.0)))REPRESENTATION_ITEM('')SURFACE());
#28=CARTESIAN_POINT('',(0.0,19.199999999999999,0.0));
#29=VERTEX_POINT('',#28);
#30=CARTESIAN_POINT('',(2.755455E-016,19.0,4.500000000000000));
#31=VERTEX_POINT('',#30);
#32=CARTESIAN_POINT('',(0.0,19.199999999999999,0.0));
#33=DIRECTION('',(6.117195E-017,-0.044400613620720,0.999013806466209));
#34=VECTOR('',#33,4.504442251822083);
#35=LINE('',#32,#34);
#36=EDGE_CURVE('',#29,#31,#35,.T.);
#37=ORIENTED_EDGE('',*,*,#36,.F.);
#38=CARTESIAN_POINT('',(7.311251617179281,17.537214313131731,4.495093799878524));
#39=VERTEX_POINT('',#38);
#40=CARTESIAN_POINT('',(7.311251617179486,17.537214313132203,4.495093799878732));
#41=CARTESIAN_POINT('',(6.961765549181289,17.704719268394847,4.042269066182196));
#42=CARTESIAN_POINT('',(6.237633777929002,18.023152144212105,3.181433146637534));
#43=CARTESIAN_POINT('',(5.196148827136232,18.393019412635358,2.181551996468864));
#44=CARTESIAN_POINT('',(4.195770464594535,18.678940408345401,1.408607109330400));
#45=CARTESIAN_POINT('',(3.094396263640475,18.932036924297087,0.724398321263889));
#46=CARTESIAN_POINT('',(1.877188989358141,19.113635761080292,0.233472875046627));
#47=CARTESIAN_POINT('',(0.760965790379038,19.189338149026852,0.028822728378739));
#48=CARTESIAN_POINT('',(0.222092269186834,19.199999999999999,2.617208E-016));
#49=CARTESIAN_POINT('',(2.351244E-015,19.199999999999999,-1.439722E-031));
#50=B_SPLINE_CURVE_WITH_KNOTS('',3,(#40,#41,#42,#43,#44,#45,#46,#47,#48,#49),.UNSPECIFIED.,.F.,.U.,(4,1,1,1,1,1,1,4),(0.0,1.788741274528709,3.502515372788398,4.463193941472388,5.673291864112908,7.458341662885223,8.407815654553140,9.074433907108167),.UNSPECIFIED.);
#51=EDGE_CURVE('',#39,#29,#50,.T.);
#52=ORIENTED_EDGE('',*,*,#51,.F.);
#53=CARTESIAN_POINT('',(9.372561173559365,16.641391091473963,2.267199054665352));
#54=VERTEX_POINT('',#53);
#55=CARTESIAN_POINT('',(9.372523206200203,16.641475030846074,2.267111176473343));
#56=CARTESIAN_POINT('',(9.088539811710152,16.788037863605737,2.529798552763825));
#57=CARTESIAN_POINT('',(8.378639832711077,17.128261385524404,3.236456547505657));
#58=CARTESIAN_POINT('',(7.707000212693227,17.395620876871689,4.009261468000932));
#59=CARTESIAN_POINT('',(7.311251617179485,17.537214313132203,4.495093799878731));
#60=B_SPLINE_CURVE_WITH_KNOTS('',3,(#55,#56,#57,#58,#59),.UNSPECIFIED.,.F.,.U.,(4,1,4),(14.707919161139870,15.949175970141269,17.877309836943407),.UNSPECIFIED.);
#61=EDGE_CURVE('',#54,#39,#60,.T.);
#62=ORIENTED_EDGE('',*,*,#61,.F.);
#63=CARTESIAN_POINT('',(9.757909808418791,16.401195563856032,2.600000000000001));
#64=VERTEX_POINT('',#63);
#65=CARTESIAN_POINT('',(9.757909808418795,16.401195563856032,2.600000000000001));
#66=CARTESIAN_POINT('',(9.710025492123469,16.431838151849050,2.558353759209187));
#67=CARTESIAN_POINT('',(9.582141782750664,16.512872740138341,2.447429668647399));
#68=CARTESIAN_POINT('',(9.453334736646704,16.592366636083643,2.336453978787829));
#69=CARTESIAN_POINT('',(9.372528040139878,16.641412179712663,2.267151468011927));
#70=B_SPLINE_CURVE_WITH_KNOTS('',3,(#65,#66,#67,#68,#69),.UNSPECIFIED.,.F.,.U.,(4,1,4),(0.0,0.211416027176227,0.563045842711948),.UNSPECIFIED.);
#71=EDGE_CURVE('',#64,#54,#70,.T.);
#72=ORIENTED_EDGE('',*,*,#71,.F.);
#73=CARTESIAN_POINT('',(10.604263736795136,15.867123568989371,2.600000000000001));
#74=VERTEX_POINT('',#73);
#75=CARTESIAN_POINT('',(1.592041E-016,0.0,2.600000000000001));
#76=DIRECTION('',(6.123234E-017,1.396182E-016,1.0));
#77=DIRECTION('',(-8.549147E-033,1.0,-1.396182E-016));
#78=AXIS2_PLACEMENT_3D('',#75,#76,#77);
#79=CIRCLE('',#78,19.084444444444443);
#80=EDGE_CURVE('',#74,#64,#79,.T.);
#81=ORIENTED_EDGE('',*,*,#80,.F.);
#82=CARTESIAN_POINT('',(10.634686568138303,15.919817458585838,1.233903001756035));
#83=VERTEX_POINT('',#82);
#84=CARTESIAN_POINT('',(10.634685233153448,15.919818501009779,1.233900183484178));
#85=DIRECTION('',(-0.022246812231722,-0.038535062326122,0.999009573686383));
#86=VECTOR('',#85,1.367454179117487);
#87=LINE('',#84,#86);
#88=EDGE_CURVE('',#83,#74,#87,.T.);
#89=ORIENTED_EDGE('',*,*,#88,.F.);
#90=CARTESIAN_POINT('',(17.537214313132377,7.311251617179322,4.495093799864711));
#91=VERTEX_POINT('',#90);
#92=CARTESIAN_POINT('',(17.537214313137163,7.311251617181547,4.495093799866823));
#93=CARTESIAN_POINT('',(17.365364815383195,7.791564823584350,3.905447525075992));
#94=CARTESIAN_POINT('',(16.998568265749235,8.694972257128953,2.879684688678254));
#95=CARTESIAN_POINT('',(16.334815321772929,9.975776653854020,1.700155038127342));
#96=CARTESIAN_POINT('',(15.660406405711933,11.057001880131295,0.922502059475874));
#97=CARTESIAN_POINT('',(14.981976946455470,11.995879267195676,0.424640735339674));
#98=CARTESIAN_POINT('',(14.223889663734525,12.906303019195246,0.133440736515473));
#99=CARTESIAN_POINT('',(13.402750728491334,13.760408637589258,0.070423009053737));
#100=CARTESIAN_POINT('',(12.496532114522438,14.579513496107660,0.236946006575796));
#101=CARTESIAN_POINT('',(11.594751122339099,15.283439232013798,0.615157807626807));
#102=CARTESIAN_POINT('',(10.960409868076612,15.713403542793179,1.005836192160291));
#103=CARTESIAN_POINT('',(10.660569282966048,15.903504176548063,1.215610475800680));
#104=CARTESIAN_POINT('',(10.634687123307735,15.919815648099457,1.233905401365748));
#105=B_SPLINE_CURVE_WITH_KNOTS('',3,(#92,#93,#94,#95,#96,#97,#98,#99,#100,#101,#102,#103,#104),.UNSPECIFIED.,.F.,.U.,(4,1,1,1,1,1,1,1,1,1,4),(0.0,2.340770368645437,4.233982161825451,5.574576210967737,6.807298756884510,8.003689567328541,9.218086959036267,10.347522907291415,11.685086312112205,12.815208938661559,12.922147071848046),.UNSPECIFIED.);
#106=EDGE_CURVE('',#91,#83,#105,.T.);
#107=ORIENTED_EDGE('',*,*,#106,.F.);
#108=CARTESIAN_POINT('',(19.199999999999999,0.0,7.053694E-015));
#109=VERTEX_POINT('',#108);
#110=CARTESIAN_POINT('',(19.199999999999999,-1.763433E-015,2.939016E-015));
#111=CARTESIAN_POINT('',(19.199999999999999,0.330817359435679,2.752306E-015));
#112=CARTESIAN_POINT('',(19.178763290330114,1.047473933947265,0.057410286076489));
#113=CARTESIAN_POINT('',(19.081663398907125,2.087100459953772,0.319905400962148));
#114=CARTESIAN_POINT('',(18.918434503891721,3.127168987892198,0.761170441754500));
#115=CARTESIAN_POINT('',(18.667407022909732,4.271478508016382,1.439785901505797));
#116=CARTESIAN_POINT('',(18.223585875359664,5.753787933863849,2.639590364803735));
#117=CARTESIAN_POINT('',(17.806134806832240,6.750169911871469,3.768107241449267));
#118=CARTESIAN_POINT('',(17.537214313134768,7.311251617180437,4.495093799865766));
#119=B_SPLINE_CURVE_WITH_KNOTS('',3,(#110,#111,#112,#113,#114,#115,#116,#117,#118),.UNSPECIFIED.,.F.,.U.,(4,1,1,1,1,1,4),(0.0,0.993559269962875,2.148167020960645,3.217274595597560,4.409207677853953,6.200367201467800,9.074363990302093),.UNSPECIFIED.);
#120=EDGE_CURVE('',#109,#91,#119,.T.);
#121=ORIENTED_EDGE('',*,*,#120,.F.);
#122=CARTESIAN_POINT('',(17.537214313131596,-7.311251617179260,4.495093799881523));
#123=VERTEX_POINT('',#122);
#124=CARTESIAN_POINT('',(17.537214313131649,-7.311251617179277,4.495093799881546));
#125=CARTESIAN_POINT('',(17.704719268394108,-6.961765549181467,4.042269066185510));
#126=CARTESIAN_POINT('',(18.023152346850342,-6.237636140103150,3.181432598834551));
#127=CARTESIAN_POINT('',(18.393018862259098,-5.196142411398292,2.181553484329440));
#128=CARTESIAN_POINT('',(18.678941598853267,-4.195784342397772,1.408603890969207));
#129=CARTESIAN_POINT('',(18.923562357224469,-3.131165354490453,0.747308052930401));
#130=CARTESIAN_POINT('',(19.104590781848493,-1.944137768222406,0.257924631148441));
#131=CARTESIAN_POINT('',(19.187071923554704,-0.831691822582598,0.034949131889099));
#132=CARTESIAN_POINT('',(19.199999999999999,-0.248625597771138,3.079339E-015));
#133=CARTESIAN_POINT('',(19.199999999999999,-1.763433E-015,2.939016E-015));
#134=B_SPLINE_CURVE_WITH_KNOTS('',3,(#124,#125,#126,#127,#128,#129,#130,#131,#132,#133),.UNSPECIFIED.,.F.,.U.,(4,1,1,1,1,1,1,4),(0.0,1.788741274526716,3.502515372786113,4.463193941469653,5.673291864109314,7.325992838500145,8.328072798308888,9.074431302305692),.UNSPECIFIED.);
#135=EDGE_CURVE('',#123,#109,#134,.T.);
#136=ORIENTED_EDGE('',*,*,#135,.F.);
#137=CARTESIAN_POINT('',(10.634686568138303,-15.919817458585836,1.233903001756027));
#138=VERTEX_POINT('',#137);
#139=CARTESIAN_POINT('',(10.634686421354889,-15.919817937252882,1.233902367344946));
#140=CARTESIAN_POINT('',(10.784617823453921,-15.825329208914853,1.127920479910616));
#141=CARTESIAN_POINT('',(11.236606575665219,-15.530624665847990,0.827262589187194));
#142=CARTESIAN_POINT('',(11.997019184999100,-14.981153798976820,0.424035210486939));
#143=CARTESIAN_POINT('',(12.910039781711740,-14.220713184655578,0.132369722216880));
#144=CARTESIAN_POINT('',(13.766383398930163,-13.396687730707676,0.070591678142774));
#145=CARTESIAN_POINT('',(14.586301301399038,-12.488444747666287,0.239430193898644));
#146=CARTESIAN_POINT('',(15.289868699914173,-11.585958359037807,0.619675383894494));
#147=CARTESIAN_POINT('',(15.902067058280078,-10.681476133235014,1.178392953543539));
#148=CARTESIAN_POINT('',(16.505802406431094,-9.663615403202506,1.970017646689615));
#149=CARTESIAN_POINT('',(17.072102330922760,-8.519930892895863,3.073721779850700));
#150=CARTESIAN_POINT('',(17.396421052967451,-7.704763749092587,4.012007014895113));
#151=CARTESIAN_POINT('',(17.537214313131702,-7.311251617179295,4.495093799881568));
#152=B_SPLINE_CURVE_WITH_KNOTS('',3,(#139,#140,#141,#142,#143,#144,#145,#146,#147,#148,#149,#150,#151),.UNSPECIFIED.,.F.,.U.,(4,1,1,1,1,1,1,1,1,1,4),(4.955116780692429,5.574576210954926,6.807298756864192,8.008270207105626,9.228439651933876,10.357906829882634,11.696682062036988,12.828444355159167,14.029940203856308,15.960083915561700,17.877309765915136),.UNSPECIFIED.);
#153=EDGE_CURVE('',#138,#123,#152,.T.);
#154=ORIENTED_EDGE('',*,*,#153,.F.);
#155=CARTESIAN_POINT('',(10.628760649488477,-15.909553466402816,1.499999999999999));
#156=VERTEX_POINT('',#155);
#157=CARTESIAN_POINT('',(10.628760649488473,-15.909553466402812,1.499999999999999));
#158=DIRECTION('',(0.022221159883360,-0.038551901283360,-0.999009494930292));
#159=VECTOR('',#158,0.266375103610184);
#160=LINE('',#157,#159);
#161=EDGE_CURVE('',#156,#138,#160,.T.);
#162=ORIENTED_EDGE('',*,*,#161,.F.);
#163=CARTESIAN_POINT('',(9.324897106526571,-16.651195563856032,2.600000000000001));
#164=VERTEX_POINT('',#163);
#165=CARTESIAN_POINT('',(9.324897106526571,-16.651195563856035,2.600000000000001));
#166=CARTESIAN_POINT('',(9.632061654065582,-16.492087967367880,2.346584860326469));
#167=CARTESIAN_POINT('',(10.069869557047999,-16.250021734074032,1.979781879747014));
#168=CARTESIAN_POINT('',(10.497744385330405,-15.991037663745834,1.613084041943641));
#169=CARTESIAN_POINT('',(10.628760649488473,-15.909553466402816,1.499999999999999));
#170=B_SPLINE_CURVE_WITH_KNOTS('',3,(#165,#166,#167,#168,#169),.UNSPECIFIED.,.F.,.U.,(4,1,4),(0.0,1.286552455020318,1.860439639794582),.UNSPECIFIED.);
#171=EDGE_CURVE('',#164,#156,#170,.T.);
#172=ORIENTED_EDGE('',*,*,#171,.F.);
#173=CARTESIAN_POINT('',(9.023324135289879,-16.816528812527906,2.600000000000005));
#174=VERTEX_POINT('',#173);
#175=CARTESIAN_POINT('',(1.592041E-016,0.0,2.600000000000001));
#176=DIRECTION('',(6.123234E-017,1.396182E-016,1.0));
#177=DIRECTION('',(-8.549147E-033,1.0,-1.396182E-016));
#178=AXIS2_PLACEMENT_3D('',#175,#176,#177);
#179=CIRCLE('',#178,19.084444444444443);
#180=EDGE_CURVE('',#174,#164,#179,.T.);
#181=ORIENTED_EDGE('',*,*,#180,.F.);
#182=CARTESIAN_POINT('',(7.311251617179448,-17.537214313131908,4.495093799873394));
#183=VERTEX_POINT('',#182);
#184=CARTESIAN_POINT('',(7.311251617179913,-17.537214313133127,4.495093799873915));
#185=CARTESIAN_POINT('',(7.791564823581078,-17.365364815379735,3.905447525085113));
#186=CARTESIAN_POINT('',(8.358320570612499,-17.135253717989031,3.261931746658869));
#187=CARTESIAN_POINT('',(8.952384082870081,-16.851091570967803,2.669537307892989));
#188=CARTESIAN_POINT('',(9.023315116219075,-16.816547497597305,2.599981522882393));
#189=B_SPLINE_CURVE_WITH_KNOTS('',3,(#184,#185,#186,#187,#188),.UNSPECIFIED.,.F.,.U.,(4,1,4),(0.0,2.340770368637662,2.656203074622643),.UNSPECIFIED.);
#190=EDGE_CURVE('',#183,#174,#189,.T.);
#191=ORIENTED_EDGE('',*,*,#190,.F.);
#192=CARTESIAN_POINT('',(0.0,-19.199999999999999,0.0));
#193=VERTEX_POINT('',#192);
#194=CARTESIAN_POINT('',(-1.175622E-015,-19.199999999999999,7.198609E-032));
#195=CARTESIAN_POINT('',(0.330817359440061,-19.199999999999999,1.642439E-017));
#196=CARTESIAN_POINT('',(1.047473933956072,-19.178763290329691,0.057410286077612));
#197=CARTESIAN_POINT('',(2.087100459967393,-19.081663398905455,0.319905400966703));
#198=CARTESIAN_POINT('',(3.127168987905169,-18.918434503889266,0.761170441761061));
#199=CARTESIAN_POINT('',(4.271478508028195,-18.667407022906556,1.439785901514535));
#200=CARTESIAN_POINT('',(5.753787933872931,-18.223585875356637,2.639590364810839));
#201=CARTESIAN_POINT('',(6.750169911872448,-17.806134806829892,3.768107241459329));
#202=CARTESIAN_POINT('',(7.311251617179915,-17.537214313133127,4.495093799873916));
#203=B_SPLINE_CURVE_WITH_KNOTS('',3,(#194,#195,#196,#197,#198,#199,#200,#201,#202),.UNSPECIFIED.,.F.,.U.,(4,1,1,1,1,1,4),(0.0,0.993559269976065,2.148167020973936,3.217274595614027,4.409207677869192,6.200367201481711,9.074363990308953),.UNSPECIFIED.);
#204=EDGE_CURVE('',#193,#183,#203,.T.);
#205=ORIENTED_EDGE('',*,*,#204,.F.);
#206=CARTESIAN_POINT('',(-7.311251617179451,-17.537214313131905,4.495093799873403));
#207=VERTEX_POINT('',#206);
#208=CARTESIAN_POINT('',(-7.311251617179917,-17.537214313133124,4.495093799873925));
#209=CARTESIAN_POINT('',(-6.961765549181345,-17.704719268395948,4.042269066176894));
#210=CARTESIAN_POINT('',(-6.237636140095760,-18.023152346852619,3.181432598829987));
#211=CARTESIAN_POINT('',(-5.196142411391001,-18.393018862261549,2.181553484322593));
#212=CARTESIAN_POINT('',(-4.195784342388449,-18.678941598855673,1.408603890962735));
#213=CARTESIAN_POINT('',(-3.131165354478312,-18.923562357226906,0.747308052923910));
#214=CARTESIAN_POINT('',(-1.944137768207857,-19.104590781850220,0.257924631143732));
#215=CARTESIAN_POINT('',(-0.831691822571757,-19.187071923555095,0.034949131888038));
#216=CARTESIAN_POINT('',(-0.248625597766082,-19.199999999999999,-1.234374E-017));
#217=CARTESIAN_POINT('',(-1.175622E-015,-19.199999999999999,7.198609E-032));
#218=B_SPLINE_CURVE_WITH_KNOTS('',3,(#208,#209,#210,#211,#212,#213,#214,#215,#216,#217),.UNSPECIFIED.,.F.,.U.,(4,1,1,1,1,1,1,4),(0.0,1.788741274530429,3.502515372790479,4.463193941475024,5.673291864116756,7.325992838511624,8.328072798318249,9.074431302299855),.UNSPECIFIED.);
#219=EDGE_CURVE('',#207,#193,#218,.T.);
#220=ORIENTED_EDGE('',*,*,#219,.F.);
#221=CARTESIAN_POINT('',(-17.537214313131603,-7.311251617179240,4.495093799881546));
#222=VERTEX_POINT('',#221);
#223=CARTESIAN_POINT('',(-17.537214313131656,-7.311251617179261,4.495093799881567));
#224=CARTESIAN_POINT('',(-17.365364815378566,-7.791564823579584,3.905447525093792));
#225=CARTESIAN_POINT('',(-16.998568206005324,-8.694972302453172,2.879684716238886));
#226=CARTESIAN_POINT('',(-16.334815467962240,-9.975776542917963,1.700154970747535));
#227=CARTESIAN_POINT('',(-15.660406045564788,-11.057002153390028,0.922502225546323));
#228=CARTESIAN_POINT('',(-14.981153799007936,-11.997019185003332,0.424035210492627));
#229=CARTESIAN_POINT('',(-14.220713184661449,-12.910039781694115,0.132369722219377));
#230=CARTESIAN_POINT('',(-13.396687730721148,-13.766383398919956,0.070591678141985));
#231=CARTESIAN_POINT('',(-12.488444747677519,-14.586301301387849,0.239430193894860));
#232=CARTESIAN_POINT('',(-11.585958359052681,-15.289868699907716,0.619675383887886));
#233=CARTESIAN_POINT('',(-10.681476133245294,-15.902067058266928,1.178392953534272));
#234=CARTESIAN_POINT('',(-9.663615403223561,-16.505802406440178,1.970017646678647));
#235=CARTESIAN_POINT('',(-8.519930892902858,-17.072102330912525,3.073721779842794));
#236=CARTESIAN_POINT('',(-7.704763749095331,-17.396421052968108,4.012007014884869));
#237=CARTESIAN_POINT('',(-7.311251617179918,-17.537214313133120,4.495093799873925));
#238=B_SPLINE_CURVE_WITH_KNOTS('',3,(#223,#224,#225,#226,#227,#228,#229,#230,#231,#232,#233,#234,#235,#236,#237),.UNSPECIFIED.,.F.,.U.,(4,1,1,1,1,1,1,1,1,1,1,1,4),(0.0,2.340770368633856,4.233982161810680,5.574576210947622,6.807298756851826,8.008270207093691,9.228439651924283,10.357906829873434,11.696682062026154,12.828444355145994,14.029940203844617,15.960083915551962,17.877309765915495),.UNSPECIFIED.);
#239=EDGE_CURVE('',#222,#207,#238,.T.);
#240=ORIENTED_EDGE('',*,*,#239,.F.);
#241=CARTESIAN_POINT('',(-18.884468887897178,-3.250000000000000,0.852991432921494));
#242=VERTEX_POINT('',#241);
#243=CARTESIAN_POINT('',(-18.884469358702265,-3.250000766632438,0.852990160169808));
#244=CARTESIAN_POINT('',(-18.828659850538266,-3.534751162174303,1.003862864995017));
#245=CARTESIAN_POINT('',(-18.654564576315657,-4.313135404951114,1.474503545828067));
#246=CARTESIAN_POINT('',(-18.226152990163790,-5.747460767333978,2.632650551733193));
#247=CARTESIAN_POINT('',(-17.807417188454579,-6.747494322296091,3.764640513468236));
#248=CARTESIAN_POINT('',(-17.537214313131702,-7.311251617179285,4.495093799881590));
#249=B_SPLINE_CURVE_WITH_KNOTS('',3,(#243,#244,#245,#246,#247,#248),.UNSPECIFIED.,.F.,.U.,(4,1,1,4),(3.412857475437615,4.394012593555094,6.186621467596235,9.074363266506170),.UNSPECIFIED.);
#250=EDGE_CURVE('',#242,#222,#249,.T.);
#251=ORIENTED_EDGE('',*,*,#250,.F.);
#252=CARTESIAN_POINT('',(-18.805677859441449,-3.250000000000000,2.600000000000002));
#253=VERTEX_POINT('',#252);
#254=CARTESIAN_POINT('',(-18.884468973568708,-3.249998998710909,0.852993354286147));
#255=DIRECTION('',(0.045054838879414,-0.000000572563532,0.998984515141863));
#256=VECTOR('',#255,1.748782507870774);
#257=LINE('',#254,#256);
#258=EDGE_CURVE('',#242,#253,#257,.T.);
#259=ORIENTED_EDGE('',*,*,#258,.T.);
#260=CARTESIAN_POINT('',(-18.805677859441449,3.250000000000000,2.600000000000001));
#261=VERTEX_POINT('',#260);
#262=CARTESIAN_POINT('',(1.592041E-016,0.0,2.600000000000001));
#263=DIRECTION('',(6.123234E-017,1.396182E-016,1.0));
#264=DIRECTION('',(-8.549147E-033,1.0,-1.396182E-016));
#265=AXIS2_PLACEMENT_3D('',#262,#263,#264);
#266=CIRCLE('',#265,19.084444444444443);
#267=EDGE_CURVE('',#261,#253,#266,.T.);
#268=ORIENTED_EDGE('',*,*,#267,.F.);
#269=CARTESIAN_POINT('',(-18.884468887897178,3.250000000000000,0.852991432921488));
#270=VERTEX_POINT('',#269);
#271=CARTESIAN_POINT('',(-18.805677859441445,3.250000000000000,2.600000000000002));
#272=DIRECTION('',(-0.045054703582135,0.000000215171065,-0.998984521243988));
#273=VECTOR('',#272,1.748785143579882);
#274=LINE('',#271,#273);
#275=EDGE_CURVE('',#261,#270,#274,.T.);
#276=ORIENTED_EDGE('',*,*,#275,.T.);
#277=CARTESIAN_POINT('',(-17.537214313132381,7.311251617179311,4.495093799864727));
#278=VERTEX_POINT('',#277);
#279=CARTESIAN_POINT('',(-17.537214313134768,7.311251617180428,4.495093799865781));
#280=CARTESIAN_POINT('',(-17.704719268398236,6.961765549180498,4.042269066167012));
#281=CARTESIAN_POINT('',(-18.023157623437339,6.237622953786097,3.181418334369490));
#282=CARTESIAN_POINT('',(-18.413704858989629,5.137888573715057,2.125631968777425));
#283=CARTESIAN_POINT('',(-18.695459534979776,4.131694970406366,1.363950107347269));
#284=CARTESIAN_POINT('',(-18.830517885278724,3.525417159737128,0.998839944417777));
#285=CARTESIAN_POINT('',(-18.884469692240149,3.250001309062818,0.852989258499813));
#286=B_SPLINE_CURVE_WITH_KNOTS('',3,(#279,#280,#281,#282,#283,#284,#285),.UNSPECIFIED.,.F.,.U.,(4,1,1,1,4),(0.0,1.788741274537197,3.502515372798217,4.712998866552136,5.661505722717374),.UNSPECIFIED.);
#287=EDGE_CURVE('',#278,#270,#286,.T.);
#288=ORIENTED_EDGE('',*,*,#287,.F.);
#289=CARTESIAN_POINT('',(-7.311251617179278,17.537214313131731,4.495093799878533));
#290=VERTEX_POINT('',#289);
#291=CARTESIAN_POINT('',(-7.311251617179485,17.537214313132203,4.495093799878740));
#292=CARTESIAN_POINT('',(-7.791564823580233,17.365364815378964,3.905447525090441));
#293=CARTESIAN_POINT('',(-8.694972257117195,16.998568265757104,2.879684688687691));
#294=CARTESIAN_POINT('',(-9.975776653837997,16.334815321780045,1.700155038140783));
#295=CARTESIAN_POINT('',(-11.057001880112063,15.660406405727811,0.922502059489170));
#296=CARTESIAN_POINT('',(-11.995879267171055,14.981976946473566,0.424640735350432));
#297=CARTESIAN_POINT('',(-12.906303019169993,14.223889663757387,0.133440736520427));
#298=CARTESIAN_POINT('',(-13.760408637566897,13.402750728514556,0.070423009052236));
#299=CARTESIAN_POINT('',(-14.579513496087571,12.496532114545786,0.236946006568547));
#300=CARTESIAN_POINT('',(-15.283439231996823,11.594751122365130,0.615157807613856));
#301=CARTESIAN_POINT('',(-15.896393553166304,10.690438361626438,1.172106368187623));
#302=CARTESIAN_POINT('',(-16.501315884067917,9.672012374296060,1.962542597120718));
#303=CARTESIAN_POINT('',(-17.070052798654689,8.524866895619642,3.068204124098630));
#304=CARTESIAN_POINT('',(-17.395620876875007,7.707000212699879,4.009261467983386));
#305=CARTESIAN_POINT('',(-17.537214313137159,7.311251617181544,4.495093799866837));
#306=B_SPLINE_CURVE_WITH_KNOTS('',3,(#291,#292,#293,#294,#295,#296,#297,#298,#299,#300,#301,#302,#303,#304,#305),.UNSPECIFIED.,.F.,.U.,(4,1,1,1,1,1,1,1,1,1,1,1,4),(0.0,2.340770368635929,4.233982161813346,5.574576210951309,6.807298756857478,8.003689567302441,9.218086959014508,10.347522907270450,11.685086312088307,12.815208938632974,14.017890348232475,15.949175970119354,17.877309836943468),.UNSPECIFIED.);
#307=EDGE_CURVE('',#290,#278,#306,.T.);
#308=ORIENTED_EDGE('',*,*,#307,.F.);
#309=CARTESIAN_POINT('',(0.0,19.199999999999999,0.0));
#310=CARTESIAN_POINT('',(-0.260575612305057,19.199999999999999,-1.109816E-016));
#311=CARTESIAN_POINT('',(-0.894465448678232,19.185268323088568,0.039824897501152));
#312=CARTESIAN_POINT('',(-1.844283498238818,19.109413702915081,0.244886581354869));
#313=CARTESIAN_POINT('',(-2.796108679301788,18.974991631494397,0.608276658965275));
#314=CARTESIAN_POINT('',(-3.933865634403105,18.752474855651258,1.209817667751488));
#315=CARTESIAN_POINT('',(-5.130536855185564,18.422262735265146,2.102497023070433));
#316=CARTESIAN_POINT('',(-6.329230093153771,17.984074087758046,3.287074860218371));
#317=CARTESIAN_POINT('',(-6.999773138030149,17.686502635307768,4.091515024390246));
#318=CARTESIAN_POINT('',(-7.311251617179486,17.537214313132203,4.495093799878740));
#319=B_SPLINE_CURVE_WITH_KNOTS('',3,(#309,#310,#311,#312,#313,#314,#315,#316,#317,#318),.UNSPECIFIED.,.F.,.U.,(4,1,1,1,1,1,1,4),(0.0,0.782283501609232,1.900610030308899,2.912653644825677,3.857527551910993,5.811939892655934,7.480370064852420,9.074448989345450),.UNSPECIFIED.);
#320=EDGE_CURVE('',#29,#290,#319,.T.);
#321=ORIENTED_EDGE('',*,*,#320,.F.);
#322=ORIENTED_EDGE('',*,*,#36,.T.);
#323=CARTESIAN_POINT('',(2.755455E-016,-19.0,4.500000000000000));
#324=VERTEX_POINT('',#323);
#325=CARTESIAN_POINT('',(2.755455E-016,0.0,4.500000000000000));
#326=DIRECTION('',(6.123234E-017,0.0,1.0));
#327=DIRECTION('',(0.0,1.0,0.0));
#328=AXIS2_PLACEMENT_3D('',#325,#326,#327);
#329=CIRCLE('',#328,19.0);
#330=EDGE_CURVE('',#31,#324,#329,.T.);
#331=ORIENTED_EDGE('',*,*,#330,.T.);
#332=CARTESIAN_POINT('',(2.755455E-016,0.0,4.500000000000000));
#333=DIRECTION('',(6.123234E-017,0.0,1.0));
#334=DIRECTION('',(0.0,1.0,0.0));
#335=AXIS2_PLACEMENT_3D('',#332,#333,#334);
#336=CIRCLE('',#335,19.0);
#337=EDGE_CURVE('',#324,#31,#336,.T.);
#338=ORIENTED_EDGE('',*,*,#337,.T.);
#339=EDGE_LOOP('',(#37,#52,#62,#72,#81,#89,#107,#121,#136,#154,#162,#172,#181,#191,#205,#220,#240,#251,#259,#268,#276,#288,#308,#321,#322,#331,#338));
#340=FACE_OUTER_BOUND('',#339,.T.);
#341=ADVANCED_FACE('',(#340),#27,.F.);
#342=CARTESIAN_POINT('',(-19.066470445874991,2.260465601723574,0.0));
#343=CARTESIAN_POINT('',(-19.334464711261006,-1.800926E-009,1.640992E-017));
#344=CARTESIAN_POINT('',(-19.066470445453881,-2.260465605275501,3.236492E-017));
#345=CARTESIAN_POINT('',(-18.978199748235490,2.250000483063009,2.000000025621638));
#346=CARTESIAN_POINT('',(-19.244953299414011,-1.792588E-009,2.000000025621638));
#347=CARTESIAN_POINT('',(-18.978199747816333,-2.250000486598492,2.000000025621638));
#355=(BOUNDED_SURFACE()B_SPLINE_SURFACE(2,1,((#342,#345),(#343,#346),(#344,#347)),.UNSPECIFIED.,.F.,.F.,.U.)B_SPLINE_SURFACE_WITH_KNOTS((3,3),(2,2),(0.0,1.0),(-4.504442251822083,-2.502467892032005),.UNSPECIFIED.)GEOMETRIC_REPRESENTATION_ITEM()RATIONAL_B_SPLINE_SURFACE(((1.0,1.0),(0.993045335711690,0.993045335711690),(1.0,1.0)))REPRESENTATION_ITEM('')SURFACE());
#356=CARTESIAN_POINT('',(-19.049500356488572,2.250000000000000,0.406853402561303));
#357=VERTEX_POINT('',#356);
#358=CARTESIAN_POINT('',(-18.978199806652750,2.250000000000000,2.000000000000001));
#359=VERTEX_POINT('',#358);
#360=CARTESIAN_POINT('',(-19.049500320790102,2.249992803815342,0.406873192373962));
#361=DIRECTION('',(0.044710322379990,0.000004512502327,0.998999993519677));
#362=VECTOR('',#361,1.594721539499850);
#363=LINE('',#360,#362);
#364=EDGE_CURVE('',#357,#359,#363,.T.);
#365=ORIENTED_EDGE('',*,*,#364,.T.);
#366=CARTESIAN_POINT('',(-18.978199806652750,-2.250000000000000,2.000000000000001));
#367=VERTEX_POINT('',#366);
#368=CARTESIAN_POINT('',(1.224647E-016,0.0,2.0));
#369=DIRECTION('',(6.123234E-017,2.323723E-017,1.0));
#370=DIRECTION('',(-1.422870E-033,1.0,-2.323723E-017));
#371=AXIS2_PLACEMENT_3D('',#368,#369,#370);
#372=CIRCLE('',#371,19.111111111111111);
#373=EDGE_CURVE('',#359,#367,#372,.T.);
#374=ORIENTED_EDGE('',*,*,#373,.T.);
#375=CARTESIAN_POINT('',(-19.049500356488572,-2.250000000000000,0.406853402561310));
#376=VERTEX_POINT('',#375);
#377=CARTESIAN_POINT('',(-18.978199806652754,-2.249999999999999,2.000000000000001));
#378=DIRECTION('',(-0.044709822194585,0.000000269324372,-0.999000015915543));
#379=VECTOR('',#378,1.594740130311550);
#380=LINE('',#377,#379);
#381=EDGE_CURVE('',#367,#376,#380,.T.);
#382=ORIENTED_EDGE('',*,*,#381,.T.);
#383=CARTESIAN_POINT('',(-19.199999999999999,4.440892E-015,-7.053694E-015));
#384=VERTEX_POINT('',#383);
#385=CARTESIAN_POINT('',(-19.199999999999999,3.252346E-015,-2.939016E-015));
#386=CARTESIAN_POINT('',(-19.199999999999999,-0.326503949704614,-2.777690E-015));
#387=CARTESIAN_POINT('',(-19.179177979802660,-1.038654202566653,0.056289234763795));
#388=CARTESIAN_POINT('',(-19.110163356489927,-1.783772287046080,0.242860004409187));
#389=CARTESIAN_POINT('',(-19.056596995805680,-2.197205962596624,0.387668693644040));
#390=CARTESIAN_POINT('',(-19.049502832995831,-2.250002764618944,0.406846707692225));
#391=B_SPLINE_CURVE_WITH_KNOTS('',3,(#385,#386,#387,#388,#389,#390),.UNSPECIFIED.,.F.,.U.,(4,1,1,4),(0.0,0.980574911289849,2.134688827247541,2.304558440679629),.UNSPECIFIED.);
#392=EDGE_CURVE('',#384,#376,#391,.T.);
#393=ORIENTED_EDGE('',*,*,#392,.F.);
#394=CARTESIAN_POINT('',(-19.049448518303038,2.249942099717557,0.406993539386178));
#395=CARTESIAN_POINT('',(-19.079018527854203,2.029992734471840,0.327055416484547));
#396=CARTESIAN_POINT('',(-19.140422694034136,1.495291401931830,0.161058385801398));
#397=CARTESIAN_POINT('',(-19.190271695247809,0.737805208197439,0.026299025015874));
#398=CARTESIAN_POINT('',(-19.199999999999999,0.205269412975619,-3.040441E-015));
#399=CARTESIAN_POINT('',(-19.199999999999999,3.252346E-015,-2.939016E-015));
#400=B_SPLINE_CURVE_WITH_KNOTS('',3,(#394,#395,#396,#397,#398,#399),.UNSPECIFIED.,.F.,.U.,(4,1,1,4),(6.769423840308219,7.477274915081320,8.458355491615551,9.074431981630642),.UNSPECIFIED.);
#401=EDGE_CURVE('',#357,#384,#400,.T.);
#402=ORIENTED_EDGE('',*,*,#401,.F.);
#403=EDGE_LOOP('',(#365,#374,#382,#393,#402));
#404=FACE_OUTER_BOUND('',#403,.T.);
#405=ADVANCED_FACE('',(#404),#355,.F.);
#406=CARTESIAN_POINT('',(2.755455E-016,19.0,4.500000000000000));
#407=CARTESIAN_POINT('',(-19.0,19.0,4.500000000000001));
#408=CARTESIAN_POINT('',(-19.0,0.0,4.500000000000001));
#409=CARTESIAN_POINT('',(-19.0,-19.0,4.500000000000001));
#410=CARTESIAN_POINT('',(2.755455E-016,-19.0,4.500000000000000));
#411=CARTESIAN_POINT('',(19.0,-19.0,4.499999999999999));
#412=CARTESIAN_POINT('',(19.0,0.0,4.499999999999999));
#413=CARTESIAN_POINT('',(19.0,19.0,4.499999999999999));
#414=CARTESIAN_POINT('',(2.755455E-016,19.0,4.500000000000000));
#415=CARTESIAN_POINT('',(6.429396E-016,19.199999999999999,10.500000000000000));
#416=CARTESIAN_POINT('',(-19.199999999999999,19.199999999999999,10.500000000000002));
#417=CARTESIAN_POINT('',(-19.199999999999999,0.0,10.500000000000002));
#418=CARTESIAN_POINT('',(-19.199999999999999,-19.199999999999999,10.500000000000002));
#419=CARTESIAN_POINT('',(6.429396E-016,-19.199999999999999,10.500000000000000));
#420=CARTESIAN_POINT('',(19.199999999999999,-19.199999999999999,10.499999999999998));
#421=CARTESIAN_POINT('',(19.199999999999999,0.0,10.499999999999998));
#422=CARTESIAN_POINT('',(19.199999999999999,19.199999999999999,10.499999999999998));
#423=CARTESIAN_POINT('',(6.429396E-016,19.199999999999999,10.500000000000000));
#431=(BOUNDED_SURFACE()B_SPLINE_SURFACE(2,1,((#406,#415),(#407,#416),(#408,#417),(#409,#418),(#410,#419),(#411,#420),(#412,#421),(#413,#422),(#414,#423)),.UNSPECIFIED.,.T.,.F.,.U.)B_SPLINE_SURFACE_WITH_KNOTS((3,2,2,2,3),(2,2),(0.0,0.250000000000000,0.500000000000000,0.750000000000000,1.0),(-6.003332407921453,0.0),.UNSPECIFIED.)GEOMETRIC_REPRESENTATION_ITEM()RATIONAL_B_SPLINE_SURFACE(((1.0,1.0),(0.707106781186548,0.707106781186548),(1.0,1.0),(0.707106781186548,0.707106781186548),(1.0,1.0),(0.707106781186548,0.707106781186548),(1.0,1.0),(0.707106781186548,0.707106781186548),(1.0,1.0)))REPRESENTATION_ITEM('')SURFACE());
#432=CARTESIAN_POINT('',(6.429396E-016,19.200000000000003,10.500000000000000));
#433=VERTEX_POINT('',#432);
#434=CARTESIAN_POINT('',(2.755455E-016,19.0,4.500000000000000));
#435=DIRECTION('',(6.119835E-017,0.033314830232638,0.999444906979154));
#436=VECTOR('',#435,6.003332407921453);
#437=LINE('',#434,#436);
#438=EDGE_CURVE('',#31,#433,#437,.T.);
#439=ORIENTED_EDGE('',*,*,#438,.T.);
#440=CARTESIAN_POINT('',(-7.369601399521773,17.678083149024449,9.080789576618173));
#441=VERTEX_POINT('',#440);
#442=CARTESIAN_POINT('',(-7.369601399521774,17.678083149024445,9.080789576618173));
#443=CARTESIAN_POINT('',(-6.971833794827481,17.849682553670561,9.240808610222919));
#444=CARTESIAN_POINT('',(-5.922057061328371,18.260122856866307,9.623550384911807));
#445=CARTESIAN_POINT('',(-4.070391789282554,18.795441695742092,10.122743278057591));
#446=CARTESIAN_POINT('',(-1.992066954791371,19.132643308034044,10.437188868589340));
#447=CARTESIAN_POINT('',(-0.597033550507081,19.199999999999999,10.500000000000000));
#448=CARTESIAN_POINT('',(6.429396E-016,19.199999999999999,10.500000000000000));
#449=B_SPLINE_CURVE_WITH_KNOTS('',3,(#442,#443,#444,#445,#446,#447,#448),.UNSPECIFIED.,.F.,.U.,(4,1,1,1,4),(0.0,1.385866490868779,3.567127872755545,5.957699889882472,7.750067475785331),.UNSPECIFIED.);
#450=EDGE_CURVE('',#441,#433,#449,.T.);
#451=ORIENTED_EDGE('',*,*,#450,.F.);
#452=CARTESIAN_POINT('',(-17.678083149024445,7.369601399521778,9.080789576618182));
#453=VERTEX_POINT('',#452);
#454=CARTESIAN_POINT('',(-17.678083149024449,7.369601399521777,9.080789576618180));
#455=CARTESIAN_POINT('',(-17.501164071651420,7.808984629380292,9.253855221210323));
#456=CARTESIAN_POINT('',(-17.083809950649883,8.742077398885865,9.593926963582781));
#457=CARTESIAN_POINT('',(-16.287245724076051,10.187410059810141,10.021716915911592));
#458=CARTESIAN_POINT('',(-15.129915925371339,11.886048811497737,10.378649403586511));
#459=CARTESIAN_POINT('',(-13.523401580687603,13.720959774473947,10.529251333766762));
#460=CARTESIAN_POINT('',(-11.323604400822500,15.593250632442473,10.313297680018300));
#461=CARTESIAN_POINT('',(-9.207991421244202,16.874190098086068,9.762924197220437));
#462=CARTESIAN_POINT('',(-7.823204855260285,17.495438251748062,9.259456328378107));
#463=CARTESIAN_POINT('',(-7.369601399521774,17.678083149024449,9.080789576618173));
#464=B_SPLINE_CURVE_WITH_KNOTS('',3,(#454,#455,#456,#457,#458,#459,#460,#461,#462,#463),.UNSPECIFIED.,.F.,.U.,(4,1,1,1,1,1,1,4),(0.0,1.513432428352926,3.227254134335794,5.106595100487830,7.758139810561354,10.523290843705590,13.751383800269629,15.313842220582620),.UNSPECIFIED.);
#465=EDGE_CURVE('',#453,#441,#464,.T.);
#466=ORIENTED_EDGE('',*,*,#465,.F.);
#467=CARTESIAN_POINT('',(-19.199999999999999,0.0,10.500000000000000));
#468=VERTEX_POINT('',#467);
#469=CARTESIAN_POINT('',(-19.199999999999999,5.878110E-016,10.500000000000002));
#470=CARTESIAN_POINT('',(-19.199999999999999,0.562117272372175,10.500000000000002));
#471=CARTESIAN_POINT('',(-19.139848199902271,1.885830098003042,10.443907538950603));
#472=CARTESIAN_POINT('',(-18.826456144844425,3.928230933355957,10.151664719733127));
#473=CARTESIAN_POINT('',(-18.297064534899274,5.821216264663782,9.657999056985835));
#474=CARTESIAN_POINT('',(-17.865003057637367,6.936320850140099,9.255095211299203));
#475=CARTESIAN_POINT('',(-17.678083149024445,7.369601399521777,9.080789576618178));
#476=B_SPLINE_CURVE_WITH_KNOTS('',3,(#469,#470,#471,#472,#473,#474,#475),.UNSPECIFIED.,.F.,.U.,(4,1,1,1,4),(0.0,1.687415186463860,3.969353598636080,6.240394188027241,7.750082563381239),.UNSPECIFIED.);
#477=EDGE_CURVE('',#468,#453,#476,.T.);
#478=ORIENTED_EDGE('',*,*,#477,.F.);
#479=CARTESIAN_POINT('',(-17.678083149024449,-7.369601399521776,9.080789576618175));
#480=VERTEX_POINT('',#479);
#481=CARTESIAN_POINT('',(-17.678083149024449,-7.369601399521777,9.080789576618175));
#482=CARTESIAN_POINT('',(-17.864380313590441,-6.937764371511259,9.254514493080635));
#483=CARTESIAN_POINT('',(-18.352225055374753,-5.679305042505037,9.709437074493318));
#484=CARTESIAN_POINT('',(-18.873652239961654,-3.723598974657592,10.195675790435688));
#485=CARTESIAN_POINT('',(-19.152089103391461,-1.671730583310343,10.455322366122394));
#486=CARTESIAN_POINT('',(-19.199999999999999,-0.510419841831209,10.500000000000002));
#487=CARTESIAN_POINT('',(-19.199999999999999,5.878110E-016,10.500000000000002));
#488=B_SPLINE_CURVE_WITH_KNOTS('',3,(#481,#482,#483,#484,#485,#486,#487),.UNSPECIFIED.,.F.,.U.,(4,1,1,1,4),(0.0,1.504649578093876,4.267373369773699,6.218021670596112,7.750077158407342),.UNSPECIFIED.);
#489=EDGE_CURVE('',#480,#468,#488,.T.);
#490=ORIENTED_EDGE('',*,*,#489,.F.);
#491=CARTESIAN_POINT('',(-7.369601399521774,-17.678083149024449,9.080789576618180));
#492=VERTEX_POINT('',#491);
#493=CARTESIAN_POINT('',(-7.369601399521774,-17.678083149024452,9.080789576618180));
#494=CARTESIAN_POINT('',(-7.808984629380293,-17.501164071651420,9.253855221210324));
#495=CARTESIAN_POINT('',(-8.742077398885865,-17.083809950649879,9.593926963582772));
#496=CARTESIAN_POINT('',(-10.187410059810141,-16.287245724076055,10.021716915911593));
#497=CARTESIAN_POINT('',(-11.886048811497727,-15.129915925371348,10.378649403586520));
#498=CARTESIAN_POINT('',(-13.720959774473945,-13.523401580687610,10.529251333766762));
#499=CARTESIAN_POINT('',(-15.593250632442473,-11.323604400822504,10.313297680018303));
#500=CARTESIAN_POINT('',(-16.874190098086075,-9.207991421244198,9.762924197220452));
#501=CARTESIAN_POINT('',(-17.495438251748062,-7.823204855260287,9.259456328378111));
#502=CARTESIAN_POINT('',(-17.678083149024449,-7.369601399521775,9.080789576618177));
#503=B_SPLINE_CURVE_WITH_KNOTS('',3,(#493,#494,#495,#496,#497,#498,#499,#500,#501,#502),.UNSPECIFIED.,.F.,.U.,(4,1,1,1,1,1,1,4),(0.0,1.513432428352939,3.227254134335790,5.106595100487826,7.758139810561335,10.523290843705606,13.751383800269631,15.313842220582625),.UNSPECIFIED.);
#504=EDGE_CURVE('',#492,#480,#503,.T.);
#505=ORIENTED_EDGE('',*,*,#504,.F.);
#506=CARTESIAN_POINT('',(6.429396E-016,-19.199999999999999,10.500000000000000));
#507=VERTEX_POINT('',#506);
#508=CARTESIAN_POINT('',(-5.326825E-016,-19.199999999999999,10.500000000000000));
#509=CARTESIAN_POINT('',(-0.562117272372182,-19.199999999999999,10.500000000000000));
#510=CARTESIAN_POINT('',(-1.885830098003068,-19.139848199902271,10.443907538950601));
#511=CARTESIAN_POINT('',(-3.928230933356002,-18.826456144844411,10.151664719733130));
#512=CARTESIAN_POINT('',(-5.821216264663814,-18.297064534899270,9.657999056985803));
#513=CARTESIAN_POINT('',(-6.936320850140115,-17.865003057637363,9.255095211299196));
#514=CARTESIAN_POINT('',(-7.369601399521776,-17.678083149024449,9.080789576618178));
#515=B_SPLINE_CURVE_WITH_KNOTS('',3,(#508,#509,#510,#511,#512,#513,#514),.UNSPECIFIED.,.F.,.U.,(4,1,1,1,4),(0.0,1.687415186463881,3.969353598636138,6.240394188027299,7.750082563381238),.UNSPECIFIED.);
#516=EDGE_CURVE('',#507,#492,#515,.T.);
#517=ORIENTED_EDGE('',*,*,#516,.F.);
#518=CARTESIAN_POINT('',(7.369601399521781,-17.678083149024449,9.080789576618187));
#519=VERTEX_POINT('',#518);
#520=CARTESIAN_POINT('',(7.369601399521780,-17.678083149024452,9.080789576618184));
#521=CARTESIAN_POINT('',(6.937764371511256,-17.864380313590448,9.254514493080645));
#522=CARTESIAN_POINT('',(5.679305042505015,-18.352225055374763,9.709437074493316));
#523=CARTESIAN_POINT('',(3.723598974657567,-18.873652239961643,10.195675790435683));
#524=CARTESIAN_POINT('',(1.671730583310329,-19.152089103391468,10.455322366122410));
#525=CARTESIAN_POINT('',(0.510419841831205,-19.199999999999999,10.500000000000000));
#526=CARTESIAN_POINT('',(-5.326825E-016,-19.199999999999999,10.500000000000000));
#527=B_SPLINE_CURVE_WITH_KNOTS('',3,(#520,#521,#522,#523,#524,#525,#526),.UNSPECIFIED.,.F.,.U.,(4,1,1,1,4),(0.0,1.504649578093897,4.267373369773736,6.218021670596120,7.750077158407339),.UNSPECIFIED.);
#528=EDGE_CURVE('',#519,#507,#527,.T.);
#529=ORIENTED_EDGE('',*,*,#528,.F.);
#530=CARTESIAN_POINT('',(17.678083149024452,-7.369601399521769,9.080789576618171));
#531=VERTEX_POINT('',#530);
#532=CARTESIAN_POINT('',(17.678083149024449,-7.369601399521772,9.080789576618173));
#533=CARTESIAN_POINT('',(17.501164071651420,-7.808984629380286,9.253855221210316));
#534=CARTESIAN_POINT('',(17.083809950649879,-8.742077398885856,9.593926963582783));
#535=CARTESIAN_POINT('',(16.287245724076062,-10.187410059810130,10.021716915911572));
#536=CARTESIAN_POINT('',(15.129915925371360,-11.886048811497714,10.378649403586527));
#537=CARTESIAN_POINT('',(13.523401580687626,-13.720959774473922,10.529251333766755));
#538=CARTESIAN_POINT('',(11.323604400822530,-15.593250632442452,10.313297680018307));
#539=CARTESIAN_POINT('',(9.207991421244223,-16.874190098086057,9.762924197220434));
#540=CARTESIAN_POINT('',(7.823204855260300,-17.495438251748062,9.259456328378121));
#541=CARTESIAN_POINT('',(7.369601399521781,-17.678083149024452,9.080789576618185));
#542=B_SPLINE_CURVE_WITH_KNOTS('',3,(#532,#533,#534,#535,#536,#537,#538,#539,#540,#541),.UNSPECIFIED.,.F.,.U.,(4,1,1,1,1,1,1,4),(0.0,1.513432428352928,3.227254134335785,5.106595100487813,7.758139810561306,10.523290843705576,13.751383800269599,15.313842220582616),.UNSPECIFIED.);
#543=EDGE_CURVE('',#531,#519,#542,.T.);
#544=ORIENTED_EDGE('',*,*,#543,.F.);
#545=CARTESIAN_POINT('',(19.199999999999999,4.440892E-015,10.500000000000000));
#546=VERTEX_POINT('',#545);
#547=CARTESIAN_POINT('',(19.199999999999999,9.011021E-016,10.499999999999998));
#548=CARTESIAN_POINT('',(19.199999999999999,-0.562117272372161,10.499999999999998));
#549=CARTESIAN_POINT('',(19.139848199902278,-1.885830098003027,10.443907538950606));
#550=CARTESIAN_POINT('',(18.826456144844428,-3.928230933355957,10.151664719733139));
#551=CARTESIAN_POINT('',(18.297064534899270,-5.821216264663785,9.657999056985817));
#552=CARTESIAN_POINT('',(17.865003057637370,-6.936320850140102,9.255095211299192));
#553=CARTESIAN_POINT('',(17.678083149024452,-7.369601399521772,9.080789576618171));
#554=B_SPLINE_CURVE_WITH_KNOTS('',3,(#547,#548,#549,#550,#551,#552,#553),.UNSPECIFIED.,.F.,.U.,(4,1,1,1,4),(0.0,1.687415186463825,3.969353598636078,6.240394188027265,7.750082563381236),.UNSPECIFIED.);
#555=EDGE_CURVE('',#546,#531,#554,.T.);
#556=ORIENTED_EDGE('',*,*,#555,.F.);
#557=CARTESIAN_POINT('',(17.678083149024445,7.369601399521778,9.080789576618178));
#558=VERTEX_POINT('',#557);
#559=CARTESIAN_POINT('',(17.678083149024445,7.369601399521775,9.080789576618178));
#560=CARTESIAN_POINT('',(17.864380313590438,6.937764371511261,9.254514493080636));
#561=CARTESIAN_POINT('',(18.352225055374760,5.679305042505042,9.709437074493330));
#562=CARTESIAN_POINT('',(18.873652239961650,3.723598974657598,10.195675790435674));
#563=CARTESIAN_POINT('',(19.152089103391457,1.671730583310354,10.455322366122392));
#564=CARTESIAN_POINT('',(19.199999999999999,0.510419841831220,10.499999999999998));
#565=CARTESIAN_POINT('',(19.199999999999999,9.011021E-016,10.499999999999998));
#566=B_SPLINE_CURVE_WITH_KNOTS('',3,(#559,#560,#561,#562,#563,#564,#565),.UNSPECIFIED.,.F.,.U.,(4,1,1,1,4),(0.0,1.504649578093865,4.267373369773703,6.218021670596080,7.750077158407339),.UNSPECIFIED.);
#567=EDGE_CURVE('',#558,#546,#566,.T.);
#568=ORIENTED_EDGE('',*,*,#567,.F.);
#569=CARTESIAN_POINT('',(7.369601399521771,17.678083149024449,9.080789576618187));
#570=VERTEX_POINT('',#569);
#571=CARTESIAN_POINT('',(7.369601399521774,17.678083149024452,9.080789576618184));
#572=CARTESIAN_POINT('',(7.808984629380293,17.501164071651420,9.253855221210328));
#573=CARTESIAN_POINT('',(8.742077398885868,17.083809950649876,9.593926963582771));
#574=CARTESIAN_POINT('',(10.187410059810139,16.287245724076051,10.021716915911597));
#575=CARTESIAN_POINT('',(11.886048811497751,15.129915925371343,10.378649403586509));
#576=CARTESIAN_POINT('',(13.720959774473950,13.523401580687588,10.529251333766766));
#577=CARTESIAN_POINT('',(15.593250632442469,11.323604400822489,10.313297680018279));
#578=CARTESIAN_POINT('',(16.874190098086078,9.207991421244202,9.762924197220452));
#579=CARTESIAN_POINT('',(17.495438251748066,7.823204855260284,9.259456328378109));
#580=CARTESIAN_POINT('',(17.678083149024452,7.369601399521772,9.080789576618175));
#581=B_SPLINE_CURVE_WITH_KNOTS('',3,(#571,#572,#573,#574,#575,#576,#577,#578,#579,#580),.UNSPECIFIED.,.F.,.U.,(4,1,1,1,1,1,1,4),(0.0,1.513432428352941,3.227254134335785,5.106595100487845,7.758139810561371,10.523290843705601,13.751383800269638,15.313842220582632),.UNSPECIFIED.);
#582=EDGE_CURVE('',#570,#558,#581,.T.);
#583=ORIENTED_EDGE('',*,*,#582,.F.);
#584=CARTESIAN_POINT('',(2.994184E-015,19.199999999999999,10.500000000000000));
#585=CARTESIAN_POINT('',(0.490873604008654,19.199999999999999,10.500000000000000));
#586=CARTESIAN_POINT('',(1.652153874763991,19.153941112487768,10.457049392544370));
#587=CARTESIAN_POINT('',(3.705133602891770,18.878584310022966,10.200275020173708));
#588=CARTESIAN_POINT('',(5.679304024098951,18.352223817680589,9.709435920324825));
#589=CARTESIAN_POINT('',(6.937764371511262,17.864380313590445,9.254514493080638));
#590=CARTESIAN_POINT('',(7.369601399521779,17.678083149024452,9.080789576618180));
#591=B_SPLINE_CURVE_WITH_KNOTS('',3,(#584,#585,#586,#587,#588,#589,#590),.UNSPECIFIED.,.F.,.U.,(4,1,1,1,4),(0.0,1.473329921633074,3.482706509725590,6.245430301405430,7.750079879499302),.UNSPECIFIED.);
#592=EDGE_CURVE('',#433,#570,#591,.T.);
#593=ORIENTED_EDGE('',*,*,#592,.F.);
#594=ORIENTED_EDGE('',*,*,#438,.F.);
#595=ORIENTED_EDGE('',*,*,#337,.F.);
#596=ORIENTED_EDGE('',*,*,#330,.F.);
#597=EDGE_LOOP('',(#439,#451,#466,#478,#490,#505,#517,#529,#544,#556,#568,#583,#593,#594,#595,#596));
#598=FACE_OUTER_BOUND('',#597,.T.);
#599=ADVANCED_FACE('',(#598),#431,.F.);
#600=CARTESIAN_POINT('',(8.0,19.199999999999999,2.939039E-015));
#601=DIRECTION('',(-0.663187625663899,-0.663187625663899,-0.346935651573257));
#602=DIRECTION('',(0.707106781186548,-0.707106781186548,2.862853E-016));
#603=AXIS2_PLACEMENT_3D('',#600,#601,#602);
#604=PLANE('',#603);
#605=CARTESIAN_POINT('',(19.199999999999999,8.0,7.053694E-015));
#606=VERTEX_POINT('',#605);
#607=CARTESIAN_POINT('',(19.199999999999999,8.0,7.053694E-015));
#608=DIRECTION('',(-0.343407869699780,-0.142244197055301,0.928352101000666));
#609=VECTOR('',#608,4.842013924479157);
#610=LINE('',#607,#609);
#611=EDGE_CURVE('',#606,#91,#610,.T.);
#612=ORIENTED_EDGE('',*,*,#611,.T.);
#613=ORIENTED_EDGE('',*,*,#106,.T.);
#614=CARTESIAN_POINT('',(10.870954492397829,16.329045507602171,3.993770E-015));
#615=VERTEX_POINT('',#614);
#616=CARTESIAN_POINT('',(10.870954492397829,16.329045507602171,3.993770E-015));
#617=DIRECTION('',(-0.178816126154119,-0.309718615711579,0.933862501714753));
#618=VECTOR('',#617,1.321289803895482);
#619=LINE('',#616,#618);
#620=EDGE_CURVE('',#615,#83,#619,.T.);
#621=ORIENTED_EDGE('',*,*,#620,.F.);
#622=CARTESIAN_POINT('',(10.870954492397829,16.329045507602171,3.993770E-015));
#623=DIRECTION('',(0.707106781186547,-0.707106781186547,2.597768E-016));
#624=VECTOR('',#623,11.779049118473690);
#625=LINE('',#622,#624);
#626=EDGE_CURVE('',#615,#606,#625,.T.);
#627=ORIENTED_EDGE('',*,*,#626,.T.);
#628=EDGE_LOOP('',(#612,#613,#621,#627));
#629=FACE_OUTER_BOUND('',#628,.T.);
#630=ADVANCED_FACE('',(#629),#604,.T.);
#631=CARTESIAN_POINT('',(8.0,19.199999999999999,2.939039E-015));
#632=DIRECTION('',(-0.663187625663899,-0.663187625663899,-0.346935651573257));
#633=DIRECTION('',(0.707106781186548,-0.707106781186548,2.862853E-016));
#634=AXIS2_PLACEMENT_3D('',#631,#632,#633);
#635=PLANE('',#634);
#636=CARTESIAN_POINT('',(8.0,19.199999999999999,2.939039E-015));
#637=VERTEX_POINT('',#636);
#638=CARTESIAN_POINT('',(9.040827473475636,18.159172526524365,3.321418E-015));
#639=VERTEX_POINT('',#638);
#640=CARTESIAN_POINT('',(8.0,19.199999999999999,2.939039E-015));
#641=DIRECTION('',(0.707106781186548,-0.707106781186547,2.597768E-016));
#642=VECTOR('',#641,1.471952329079766);
#643=LINE('',#640,#642);
#644=EDGE_CURVE('',#637,#639,#643,.T.);
#645=ORIENTED_EDGE('',*,*,#644,.T.);
#646=CARTESIAN_POINT('',(8.753607257717249,17.661692519869941,1.500000000000000));
#647=VERTEX_POINT('',#646);
#648=CARTESIAN_POINT('',(9.040827473475636,18.159172526524365,3.321418E-015));
#649=DIRECTION('',(-0.178816126154119,-0.309718615711582,0.933862501714752));
#650=VECTOR('',#649,1.606232177912387);
#651=LINE('',#648,#650);
#652=EDGE_CURVE('',#639,#647,#651,.T.);
#653=ORIENTED_EDGE('',*,*,#652,.T.);
#654=CARTESIAN_POINT('',(9.372561173559365,16.641391091473963,2.267199054665352));
#655=DIRECTION('',(-0.436282056789852,0.719179884532418,-0.540775610218467));
#656=VECTOR('',#655,1.418701287869499);
#657=LINE('',#654,#656);
#658=EDGE_CURVE('',#54,#647,#657,.T.);
#659=ORIENTED_EDGE('',*,*,#658,.F.);
#660=ORIENTED_EDGE('',*,*,#61,.T.);
#661=CARTESIAN_POINT('',(8.0,19.199999999999999,2.939039E-015));
#662=DIRECTION('',(-0.142244197055302,-0.343407869699779,0.928352101000666));
#663=VECTOR('',#662,4.842013924494040);
#664=LINE('',#661,#663);
#665=EDGE_CURVE('',#637,#39,#664,.T.);
#666=ORIENTED_EDGE('',*,*,#665,.F.);
#667=EDGE_LOOP('',(#645,#653,#659,#660,#666));
#668=FACE_OUTER_BOUND('',#667,.T.);
#669=ADVANCED_FACE('',(#668),#635,.T.);
#670=CARTESIAN_POINT('',(19.199999999999999,8.0,7.053694E-015));
#671=DIRECTION('',(-0.937888934611897,0.0,-0.346935651573257));
#672=DIRECTION('',(0.0,-1.0,0.0));
#673=AXIS2_PLACEMENT_3D('',#670,#671,#672);
#674=PLANE('',#673);
#675=CARTESIAN_POINT('',(19.199999999999999,8.0,7.053694E-015));
#676=DIRECTION('',(0.0,-1.0,0.0));
#677=VECTOR('',#676,8.0);
#678=LINE('',#675,#677);
#679=EDGE_CURVE('',#606,#109,#678,.T.);
#680=ORIENTED_EDGE('',*,*,#679,.T.);
#681=ORIENTED_EDGE('',*,*,#120,.T.);
#682=ORIENTED_EDGE('',*,*,#611,.F.);
#683=EDGE_LOOP('',(#680,#681,#682));
#684=FACE_OUTER_BOUND('',#683,.T.);
#685=ADVANCED_FACE('',(#684),#674,.T.);
#686=CARTESIAN_POINT('',(19.199999999999999,8.0,7.053694E-015));
#687=DIRECTION('',(-0.937888934611897,0.0,-0.346935651573257));
#688=DIRECTION('',(0.0,-1.0,0.0));
#689=AXIS2_PLACEMENT_3D('',#686,#687,#688);
#690=PLANE('',#689);
#691=CARTESIAN_POINT('',(19.199999999999999,-8.0,7.053694E-015));
#692=VERTEX_POINT('',#691);
#693=CARTESIAN_POINT('',(19.199999999999999,0.0,7.053694E-015));
#694=DIRECTION('',(0.0,-1.0,0.0));
#695=VECTOR('',#694,8.0);
#696=LINE('',#693,#695);
#697=EDGE_CURVE('',#109,#692,#696,.T.);
#698=ORIENTED_EDGE('',*,*,#697,.T.);
#699=CARTESIAN_POINT('',(19.199999999999999,-8.0,7.053694E-015));
#700=DIRECTION('',(-0.343407869699781,0.142244197055301,0.928352101000666));
#701=VECTOR('',#700,4.842013924497259);
#702=LINE('',#699,#701);
#703=EDGE_CURVE('',#692,#123,#702,.T.);
#704=ORIENTED_EDGE('',*,*,#703,.T.);
#705=ORIENTED_EDGE('',*,*,#135,.T.);
#706=EDGE_LOOP('',(#698,#704,#705));
#707=FACE_OUTER_BOUND('',#706,.T.);
#708=ADVANCED_FACE('',(#707),#690,.T.);
#709=CARTESIAN_POINT('',(19.199999999999999,-8.0,7.053694E-015));
#710=DIRECTION('',(-0.663187625663899,0.663187625663899,-0.346935651573257));
#711=DIRECTION('',(-0.707106781186548,-0.707106781186547,-2.862853E-016));
#712=AXIS2_PLACEMENT_3D('',#709,#710,#711);
#713=PLANE('',#712);
#714=CARTESIAN_POINT('',(7.999999999999998,-19.199999999999999,2.939039E-015));
#715=VERTEX_POINT('',#714);
#716=CARTESIAN_POINT('',(7.999999999999998,-19.199999999999999,2.939039E-015));
#717=DIRECTION('',(-0.142244197055302,0.343407869699780,0.928352101000666));
#718=VECTOR('',#717,4.842013924488514);
#719=LINE('',#716,#718);
#720=EDGE_CURVE('',#715,#183,#719,.T.);
#721=ORIENTED_EDGE('',*,*,#720,.T.);
#722=ORIENTED_EDGE('',*,*,#190,.T.);
#723=CARTESIAN_POINT('',(8.542979099494430,-17.296873848323365,2.600000000000001));
#724=VERTEX_POINT('',#723);
#725=CARTESIAN_POINT('',(9.023324135289879,-16.816528812527906,2.600000000000005));
#726=DIRECTION('',(-0.707106781186541,-0.707106781186554,-5.229882E-015));
#727=VECTOR('',#726,0.679310464240521);
#728=LINE('',#725,#727);
#729=EDGE_CURVE('',#174,#724,#728,.T.);
#730=ORIENTED_EDGE('',*,*,#729,.T.);
#731=CARTESIAN_POINT('',(9.040827473475634,-18.159172526524362,3.321418E-015));
#732=VERTEX_POINT('',#731);
#733=CARTESIAN_POINT('',(9.040827473475634,-18.159172526524362,3.321418E-015));
#734=DIRECTION('',(-0.178816126154119,0.309718615711580,0.933862501714753));
#735=VECTOR('',#734,2.784135775048139);
#736=LINE('',#733,#735);
#737=EDGE_CURVE('',#732,#724,#736,.T.);
#738=ORIENTED_EDGE('',*,*,#737,.F.);
#739=CARTESIAN_POINT('',(9.040827473475634,-18.159172526524362,3.321418E-015));
#740=DIRECTION('',(-0.707106781186547,-0.707106781186548,-2.597768E-016));
#741=VECTOR('',#740,1.471952329079768);
#742=LINE('',#739,#741);
#743=EDGE_CURVE('',#732,#715,#742,.T.);
#744=ORIENTED_EDGE('',*,*,#743,.T.);
#745=EDGE_LOOP('',(#721,#722,#730,#738,#744));
#746=FACE_OUTER_BOUND('',#745,.T.);
#747=ADVANCED_FACE('',(#746),#713,.T.);
#748=CARTESIAN_POINT('',(19.199999999999999,-8.0,7.053694E-015));
#749=DIRECTION('',(-0.663187625663899,0.663187625663899,-0.346935651573257));
#750=DIRECTION('',(-0.707106781186548,-0.707106781186547,-2.862853E-016));
#751=AXIS2_PLACEMENT_3D('',#748,#749,#750);
#752=PLANE('',#751);
#753=CARTESIAN_POINT('',(10.870954492397829,-16.329045507602171,3.993770E-015));
#754=VERTEX_POINT('',#753);
#755=CARTESIAN_POINT('',(19.199999999999999,-8.0,7.053694E-015));
#756=DIRECTION('',(-0.707106781186547,-0.707106781186547,-2.597768E-016));
#757=VECTOR('',#756,11.779049118473690);
#758=LINE('',#755,#757);
#759=EDGE_CURVE('',#692,#754,#758,.T.);
#760=ORIENTED_EDGE('',*,*,#759,.T.);
#761=CARTESIAN_POINT('',(10.870954492397829,-16.329045507602171,3.993770E-015));
#762=DIRECTION('',(-0.178816126154120,0.309718615711582,0.933862501714752));
#763=VECTOR('',#762,1.321289803895476);
#764=LINE('',#761,#763);
#765=EDGE_CURVE('',#754,#138,#764,.T.);
#766=ORIENTED_EDGE('',*,*,#765,.T.);
#767=ORIENTED_EDGE('',*,*,#153,.T.);
#768=ORIENTED_EDGE('',*,*,#703,.F.);
#769=EDGE_LOOP('',(#760,#766,#767,#768));
#770=FACE_OUTER_BOUND('',#769,.T.);
#771=ADVANCED_FACE('',(#770),#752,.T.);
#772=CARTESIAN_POINT('',(7.999999999999998,-19.199999999999999,2.939039E-015));
#773=DIRECTION('',(1.274572E-016,0.937888934611898,-0.346935651573256));
#774=DIRECTION('',(-1.0,0.0,0.0));
#775=AXIS2_PLACEMENT_3D('',#772,#773,#774);
#776=PLANE('',#775);
#777=CARTESIAN_POINT('',(7.999999999999998,-19.199999999999999,2.939039E-015));
#778=DIRECTION('',(-1.0,0.0,0.0));
#779=VECTOR('',#778,7.999999999999998);
#780=LINE('',#777,#779);
#781=EDGE_CURVE('',#715,#193,#780,.T.);
#782=ORIENTED_EDGE('',*,*,#781,.T.);
#783=ORIENTED_EDGE('',*,*,#204,.T.);
#784=ORIENTED_EDGE('',*,*,#720,.F.);
#785=EDGE_LOOP('',(#782,#783,#784));
#786=FACE_OUTER_BOUND('',#785,.T.);
#787=ADVANCED_FACE('',(#786),#776,.T.);
#788=CARTESIAN_POINT('',(7.999999999999998,-19.199999999999999,2.939039E-015));
#789=DIRECTION('',(1.274572E-016,0.937888934611898,-0.346935651573256));
#790=DIRECTION('',(-1.0,0.0,0.0));
#791=AXIS2_PLACEMENT_3D('',#788,#789,#790);
#792=PLANE('',#791);
#793=CARTESIAN_POINT('',(-7.999999999999998,-19.200000000000003,-2.939039E-015));
#794=VERTEX_POINT('',#793);
#795=CARTESIAN_POINT('',(0.0,-19.199999999999999,0.0));
#796=DIRECTION('',(-1.0,0.0,0.0));
#797=VECTOR('',#796,8.0);
#798=LINE('',#795,#797);
#799=EDGE_CURVE('',#193,#794,#798,.T.);
#800=ORIENTED_EDGE('',*,*,#799,.T.);
#801=CARTESIAN_POINT('',(-7.999999999999998,-19.200000000000003,-2.939039E-015));
#802=DIRECTION('',(0.142244197055300,0.343407869699780,0.928352101000666));
#803=VECTOR('',#802,4.842013924488526);
#804=LINE('',#801,#803);
#805=EDGE_CURVE('',#794,#207,#804,.T.);
#806=ORIENTED_EDGE('',*,*,#805,.T.);
#807=ORIENTED_EDGE('',*,*,#219,.T.);
#808=EDGE_LOOP('',(#800,#806,#807));
#809=FACE_OUTER_BOUND('',#808,.T.);
#810=ADVANCED_FACE('',(#809),#792,.T.);
#811=CARTESIAN_POINT('',(-7.999999999999998,-19.200000000000003,-2.939039E-015));
#812=DIRECTION('',(0.663187625663899,0.663187625663899,-0.346935651573256));
#813=DIRECTION('',(-0.707106781186548,0.707106781186548,-2.862853E-016));
#814=AXIS2_PLACEMENT_3D('',#811,#812,#813);
#815=PLANE('',#814);
#816=CARTESIAN_POINT('',(-19.200000000000003,-7.999999999999998,-7.053694E-015));
#817=VERTEX_POINT('',#816);
#818=CARTESIAN_POINT('',(-7.999999999999998,-19.200000000000003,-2.939039E-015));
#819=DIRECTION('',(-0.707106781186548,0.707106781186548,-2.597768E-016));
#820=VECTOR('',#819,15.839191898578671);
#821=LINE('',#818,#820);
#822=EDGE_CURVE('',#794,#817,#821,.T.);
#823=ORIENTED_EDGE('',*,*,#822,.T.);
#824=CARTESIAN_POINT('',(-19.200000000000003,-7.999999999999998,-7.053694E-015));
#825=DIRECTION('',(0.343407869699779,0.142244197055301,0.928352101000667));
#826=VECTOR('',#825,4.842013924497299);
#827=LINE('',#824,#826);
#828=EDGE_CURVE('',#817,#222,#827,.T.);
#829=ORIENTED_EDGE('',*,*,#828,.T.);
#830=ORIENTED_EDGE('',*,*,#239,.T.);
#831=ORIENTED_EDGE('',*,*,#805,.F.);
#832=EDGE_LOOP('',(#823,#829,#830,#831));
#833=FACE_OUTER_BOUND('',#832,.T.);
#834=ADVANCED_FACE('',(#833),#815,.T.);
#835=CARTESIAN_POINT('',(-19.200000000000003,-7.999999999999998,-7.053694E-015));
#836=DIRECTION('',(0.937888934611898,-2.082532E-016,-0.346935651573255));
#837=DIRECTION('',(0.0,1.0,0.0));
#838=AXIS2_PLACEMENT_3D('',#835,#836,#837);
#839=PLANE('',#838);
#840=CARTESIAN_POINT('',(-19.200000000000003,-3.250000000000000,-7.053694E-015));
#841=VERTEX_POINT('',#840);
#842=CARTESIAN_POINT('',(-19.200000000000003,-7.999999999999998,-7.053694E-015));
#843=DIRECTION('',(0.0,1.0,0.0));
#844=VECTOR('',#843,4.749999999999998);
#845=LINE('',#842,#844);
#846=EDGE_CURVE('',#817,#841,#845,.T.);
#847=ORIENTED_EDGE('',*,*,#846,.T.);
#848=CARTESIAN_POINT('',(-19.200000000000003,-3.250000000000000,-7.053694E-015));
#849=DIRECTION('',(0.346935651573255,0.0,0.937888934611898));
#850=VECTOR('',#849,0.909480218224851);
#851=LINE('',#848,#850);
#852=EDGE_CURVE('',#841,#242,#851,.T.);
#853=ORIENTED_EDGE('',*,*,#852,.T.);
#854=ORIENTED_EDGE('',*,*,#250,.T.);
#855=ORIENTED_EDGE('',*,*,#828,.F.);
#856=EDGE_LOOP('',(#847,#853,#854,#855));
#857=FACE_OUTER_BOUND('',#856,.T.);
#858=ADVANCED_FACE('',(#857),#839,.T.);
#859=CARTESIAN_POINT('',(-19.200000000000003,-7.999999999999998,-7.053694E-015));
#860=DIRECTION('',(0.937888934611898,-2.082532E-016,-0.346935651573255));
#861=DIRECTION('',(0.0,1.0,0.0));
#862=AXIS2_PLACEMENT_3D('',#859,#860,#861);
#863=PLANE('',#862);
#864=CARTESIAN_POINT('',(-19.200000000000003,-2.250000000000000,-7.053694E-015));
#865=VERTEX_POINT('',#864);
#866=CARTESIAN_POINT('',(-19.200000000000003,-2.250000000000000,-7.053694E-015));
#867=DIRECTION('',(0.0,1.0,0.0));
#868=VECTOR('',#867,2.250000000000004);
#869=LINE('',#866,#868);
#870=EDGE_CURVE('',#865,#384,#869,.T.);
#871=ORIENTED_EDGE('',*,*,#870,.T.);
#872=ORIENTED_EDGE('',*,*,#392,.T.);
#873=CARTESIAN_POINT('',(-19.200000000000003,-2.250000000000000,-7.053694E-015));
#874=DIRECTION('',(0.346935651573255,0.0,0.937888934611898));
#875=VECTOR('',#874,0.433796996154640);
#876=LINE('',#873,#875);
#877=EDGE_CURVE('',#865,#376,#876,.T.);
#878=ORIENTED_EDGE('',*,*,#877,.F.);
#879=EDGE_LOOP('',(#871,#872,#878));
#880=FACE_OUTER_BOUND('',#879,.T.);
#881=ADVANCED_FACE('',(#880),#863,.T.);
#882=CARTESIAN_POINT('',(-19.200000000000003,-7.999999999999998,-7.053694E-015));
#883=DIRECTION('',(0.937888934611898,-2.082532E-016,-0.346935651573255));
#884=DIRECTION('',(0.0,1.0,0.0));
#885=AXIS2_PLACEMENT_3D('',#882,#883,#884);
#886=PLANE('',#885);
#887=CARTESIAN_POINT('',(-19.199999999999999,8.0,-7.053694E-015));
#888=VERTEX_POINT('',#887);
#889=CARTESIAN_POINT('',(-19.199999999999999,8.0,-7.053694E-015));
#890=DIRECTION('',(0.343407869699778,-0.142244197055302,0.928352101000667));
#891=VECTOR('',#890,4.842013924479182);
#892=LINE('',#889,#891);
#893=EDGE_CURVE('',#888,#278,#892,.T.);
#894=ORIENTED_EDGE('',*,*,#893,.T.);
#895=ORIENTED_EDGE('',*,*,#287,.T.);
#896=CARTESIAN_POINT('',(-19.199999999999999,3.250000000000000,-7.053694E-015));
#897=VERTEX_POINT('',#896);
#898=CARTESIAN_POINT('',(-19.199999999999999,3.250000000000000,-7.053694E-015));
#899=DIRECTION('',(0.346935651573254,0.0,0.937888934611898));
#900=VECTOR('',#899,0.909480218224843);
#901=LINE('',#898,#900);
#902=EDGE_CURVE('',#897,#270,#901,.T.);
#903=ORIENTED_EDGE('',*,*,#902,.F.);
#904=CARTESIAN_POINT('',(-19.199999999999999,3.250000000000000,-7.053694E-015));
#905=DIRECTION('',(0.0,1.0,0.0));
#906=VECTOR('',#905,4.750000000000000);
#907=LINE('',#904,#906);
#908=EDGE_CURVE('',#897,#888,#907,.T.);
#909=ORIENTED_EDGE('',*,*,#908,.T.);
#910=EDGE_LOOP('',(#894,#895,#903,#909));
#911=FACE_OUTER_BOUND('',#910,.T.);
#912=ADVANCED_FACE('',(#911),#886,.T.);
#913=CARTESIAN_POINT('',(-19.200000000000003,-7.999999999999998,-7.053694E-015));
#914=DIRECTION('',(0.937888934611898,-2.082532E-016,-0.346935651573255));
#915=DIRECTION('',(0.0,1.0,0.0));
#916=AXIS2_PLACEMENT_3D('',#913,#914,#915);
#917=PLANE('',#916);
#918=CARTESIAN_POINT('',(-19.199999999999999,2.250000000000000,-7.053694E-015));
#919=VERTEX_POINT('',#918);
#920=CARTESIAN_POINT('',(-19.199999999999999,4.440892E-015,-7.053694E-015));
#921=DIRECTION('',(0.0,1.0,0.0));
#922=VECTOR('',#921,2.249999999999996);
#923=LINE('',#920,#922);
#924=EDGE_CURVE('',#384,#919,#923,.T.);
#925=ORIENTED_EDGE('',*,*,#924,.T.);
#926=CARTESIAN_POINT('',(-19.199999999999999,2.250000000000000,-7.053694E-015));
#927=DIRECTION('',(0.346935651573253,0.0,0.937888934611899));
#928=VECTOR('',#927,0.433796996154633);
#929=LINE('',#926,#928);
#930=EDGE_CURVE('',#919,#357,#929,.T.);
#931=ORIENTED_EDGE('',*,*,#930,.T.);
#932=ORIENTED_EDGE('',*,*,#401,.T.);
#933=EDGE_LOOP('',(#925,#931,#932));
#934=FACE_OUTER_BOUND('',#933,.T.);
#935=ADVANCED_FACE('',(#934),#917,.T.);
#936=CARTESIAN_POINT('',(-19.199999999999999,8.0,-7.053694E-015));
#937=DIRECTION('',(0.663187625663899,-0.663187625663899,-0.346935651573256));
#938=DIRECTION('',(0.707106781186548,0.707106781186548,2.862853E-016));
#939=AXIS2_PLACEMENT_3D('',#936,#937,#938);
#940=PLANE('',#939);
#941=CARTESIAN_POINT('',(-8.0,19.199999999999999,-2.939039E-015));
#942=VERTEX_POINT('',#941);
#943=CARTESIAN_POINT('',(-19.199999999999999,8.0,-7.053694E-015));
#944=DIRECTION('',(0.707106781186548,0.707106781186548,2.597768E-016));
#945=VECTOR('',#944,15.839191898578663);
#946=LINE('',#943,#945);
#947=EDGE_CURVE('',#888,#942,#946,.T.);
#948=ORIENTED_EDGE('',*,*,#947,.T.);
#949=CARTESIAN_POINT('',(-8.0,19.199999999999999,-2.939039E-015));
#950=DIRECTION('',(0.142244197055301,-0.343407869699779,0.928352101000667));
#951=VECTOR('',#950,4.842013924494052);
#952=LINE('',#949,#951);
#953=EDGE_CURVE('',#942,#290,#952,.T.);
#954=ORIENTED_EDGE('',*,*,#953,.T.);
#955=ORIENTED_EDGE('',*,*,#307,.T.);
#956=ORIENTED_EDGE('',*,*,#893,.F.);
#957=EDGE_LOOP('',(#948,#954,#955,#956));
#958=FACE_OUTER_BOUND('',#957,.T.);
#959=ADVANCED_FACE('',(#958),#940,.T.);
#960=CARTESIAN_POINT('',(-8.0,19.199999999999999,-2.939039E-015));
#961=DIRECTION('',(1.274572E-016,-0.937888934611898,-0.346935651573256));
#962=DIRECTION('',(1.0,0.0,0.0));
#963=AXIS2_PLACEMENT_3D('',#960,#961,#962);
#964=PLANE('',#963);
#965=CARTESIAN_POINT('',(-8.0,19.199999999999999,-2.939039E-015));
#966=DIRECTION('',(1.0,0.0,0.0));
#967=VECTOR('',#966,8.0);
#968=LINE('',#965,#967);
#969=EDGE_CURVE('',#942,#29,#968,.T.);
#970=ORIENTED_EDGE('',*,*,#969,.T.);
#971=ORIENTED_EDGE('',*,*,#320,.T.);
#972=ORIENTED_EDGE('',*,*,#953,.F.);
#973=EDGE_LOOP('',(#970,#971,#972));
#974=FACE_OUTER_BOUND('',#973,.T.);
#975=ADVANCED_FACE('',(#974),#964,.T.);
#976=CARTESIAN_POINT('',(-8.0,19.199999999999999,-2.939039E-015));
#977=DIRECTION('',(1.274572E-016,-0.937888934611898,-0.346935651573256));
#978=DIRECTION('',(1.0,0.0,0.0));
#979=AXIS2_PLACEMENT_3D('',#976,#977,#978);
#980=PLANE('',#979);
#981=CARTESIAN_POINT('',(0.0,19.199999999999999,0.0));
#982=DIRECTION('',(1.0,0.0,0.0));
#983=VECTOR('',#982,8.0);
#984=LINE('',#981,#983);
#985=EDGE_CURVE('',#29,#637,#984,.T.);
#986=ORIENTED_EDGE('',*,*,#985,.T.);
#987=ORIENTED_EDGE('',*,*,#665,.T.);
#988=ORIENTED_EDGE('',*,*,#51,.T.);
#989=EDGE_LOOP('',(#986,#987,#988));
#990=FACE_OUTER_BOUND('',#989,.T.);
#991=ADVANCED_FACE('',(#990),#980,.T.);
#992=CARTESIAN_POINT('',(1.592041E-016,0.0,2.600000000000001));
#993=DIRECTION('',(6.123234E-017,1.480297E-016,1.0));
#994=DIRECTION('',(-9.064207E-033,1.0,-1.480297E-016));
#995=AXIS2_PLACEMENT_3D('',#992,#993,#994);
#996=CYLINDRICAL_SURFACE('',#995,12.0);
#997=CARTESIAN_POINT('',(-11.787175234126284,2.250000000000000,7.217563E-016));
#998=VERTEX_POINT('',#997);
#999=CARTESIAN_POINT('',(-11.787175234126284,-2.250000000000000,7.217563E-016));
#1000=VERTEX_POINT('',#999);
#1001=CARTESIAN_POINT('',(2.175410E-031,0.0,3.552714E-015));
#1002=DIRECTION('',(6.123234E-017,6.139972E-017,1.0));
#1003=DIRECTION('',(-3.759649E-033,1.0,-6.139972E-017));
#1004=AXIS2_PLACEMENT_3D('',#1001,#1002,#1003);
#1005=CIRCLE('',#1004,12.0);
#1006=EDGE_CURVE('',#998,#1000,#1005,.T.);
#1007=ORIENTED_EDGE('',*,*,#1006,.T.);
#1008=CARTESIAN_POINT('',(-11.787175234126284,-2.250000000000000,2.000000000000001));
#1009=VERTEX_POINT('',#1008);
#1010=CARTESIAN_POINT('',(-11.787175234126284,-2.250000000000000,8.881784E-016));
#1011=DIRECTION('',(0.0,0.0,1.0));
#1012=VECTOR('',#1011,2.0);
#1013=LINE('',#1010,#1012);
#1014=EDGE_CURVE('',#1000,#1009,#1013,.T.);
#1015=ORIENTED_EDGE('',*,*,#1014,.T.);
#1016=CARTESIAN_POINT('',(-11.787175234126284,2.250000000000000,2.000000000000001));
#1017=VERTEX_POINT('',#1016);
#1018=CARTESIAN_POINT('',(1.224647E-016,-8.881784E-017,2.0));
#1019=DIRECTION('',(-6.123234E-017,-1.480297E-016,-1.0));
#1020=DIRECTION('',(-9.064207E-033,1.0,-1.480297E-016));
#1021=AXIS2_PLACEMENT_3D('',#1018,#1019,#1020);
#1022=CIRCLE('',#1021,12.0);
#1023=EDGE_CURVE('',#1009,#1017,#1022,.T.);
#1024=ORIENTED_EDGE('',*,*,#1023,.T.);
#1025=CARTESIAN_POINT('',(-11.787175234126284,2.250000000000000,2.000000000000001));
#1026=DIRECTION('',(0.0,0.0,-1.0));
#1027=VECTOR('',#1026,2.0);
#1028=LINE('',#1025,#1027);
#1029=EDGE_CURVE('',#1017,#998,#1028,.T.);
#1030=ORIENTED_EDGE('',*,*,#1029,.T.);
#1031=EDGE_LOOP('',(#1007,#1015,#1024,#1030));
#1032=FACE_OUTER_BOUND('',#1031,.T.);
#1033=ADVANCED_FACE('',(#1032),#996,.T.);
#1034=CARTESIAN_POINT('',(-10.0,2.250000000000000,6.123234E-016));
#1035=DIRECTION('',(0.0,-1.0,0.0));
#1036=DIRECTION('',(0.0,0.0,1.0));
#1037=AXIS2_PLACEMENT_3D('',#1034,#1035,#1036);
#1038=PLANE('',#1037);
#1039=ORIENTED_EDGE('',*,*,#930,.F.);
#1040=CARTESIAN_POINT('',(-11.787175234126284,2.250000000000000,7.217563E-016));
#1041=DIRECTION('',(-1.0,0.0,0.0));
#1042=VECTOR('',#1041,7.412824765873715);
#1043=LINE('',#1040,#1042);
#1044=EDGE_CURVE('',#998,#919,#1043,.T.);
#1045=ORIENTED_EDGE('',*,*,#1044,.F.);
#1046=ORIENTED_EDGE('',*,*,#1029,.F.);
#1047=CARTESIAN_POINT('',(-11.787175234126284,2.250000000000000,2.000000000000000));
#1048=DIRECTION('',(-1.0,0.0,0.0));
#1049=VECTOR('',#1048,7.191024572526466);
#1050=LINE('',#1047,#1049);
#1051=EDGE_CURVE('',#1017,#359,#1050,.T.);
#1052=ORIENTED_EDGE('',*,*,#1051,.T.);
#1053=ORIENTED_EDGE('',*,*,#364,.F.);
#1054=EDGE_LOOP('',(#1039,#1045,#1046,#1052,#1053));
#1055=FACE_OUTER_BOUND('',#1054,.T.);
#1056=ADVANCED_FACE('',(#1055),#1038,.T.);
#1057=CARTESIAN_POINT('',(-10.0,2.250000000000000,2.000000000000000));
#1058=DIRECTION('',(0.0,0.0,-1.0));
#1059=DIRECTION('',(0.0,-1.0,0.0));
#1060=AXIS2_PLACEMENT_3D('',#1057,#1058,#1059);
#1061=PLANE('',#1060);
#1062=ORIENTED_EDGE('',*,*,#1051,.F.);
#1063=ORIENTED_EDGE('',*,*,#1023,.F.);
#1064=CARTESIAN_POINT('',(-11.787175234126284,-2.250000000000000,2.000000000000000));
#1065=DIRECTION('',(-1.0,0.0,0.0));
#1066=VECTOR('',#1065,7.191024572526466);
#1067=LINE('',#1064,#1066);
#1068=EDGE_CURVE('',#1009,#367,#1067,.T.);
#1069=ORIENTED_EDGE('',*,*,#1068,.T.);
#1070=ORIENTED_EDGE('',*,*,#373,.F.);
#1071=EDGE_LOOP('',(#1062,#1063,#1069,#1070));
#1072=FACE_OUTER_BOUND('',#1071,.T.);
#1073=ADVANCED_FACE('',(#1072),#1061,.T.);
#1074=CARTESIAN_POINT('',(-10.0,-2.250000000000000,2.000000000000000));
#1075=DIRECTION('',(0.0,1.0,0.0));
#1076=DIRECTION('',(0.0,0.0,-1.0));
#1077=AXIS2_PLACEMENT_3D('',#1074,#1075,#1076);
#1078=PLANE('',#1077);
#1079=ORIENTED_EDGE('',*,*,#877,.T.);
#1080=ORIENTED_EDGE('',*,*,#381,.F.);
#1081=ORIENTED_EDGE('',*,*,#1068,.F.);
#1082=ORIENTED_EDGE('',*,*,#1014,.F.);
#1083=CARTESIAN_POINT('',(-11.787175234126284,-2.250000000000000,7.217563E-016));
#1084=DIRECTION('',(-1.0,0.0,0.0));
#1085=VECTOR('',#1084,7.412824765873719);
#1086=LINE('',#1083,#1085);
#1087=EDGE_CURVE('',#1000,#865,#1086,.T.);
#1088=ORIENTED_EDGE('',*,*,#1087,.T.);
#1089=EDGE_LOOP('',(#1079,#1080,#1081,#1082,#1088));
#1090=FACE_OUTER_BOUND('',#1089,.T.);
#1091=ADVANCED_FACE('',(#1090),#1078,.T.);
#1092=CARTESIAN_POINT('',(-10.0,-3.250000000000000,6.123234E-016));
#1093=DIRECTION('',(0.0,-1.0,0.0));
#1094=DIRECTION('',(0.0,0.0,1.0));
#1095=AXIS2_PLACEMENT_3D('',#1092,#1093,#1094);
#1096=PLANE('',#1095);
#1097=ORIENTED_EDGE('',*,*,#852,.F.);
#1098=CARTESIAN_POINT('',(-11.551515052147922,-3.250000000000000,7.073263E-016));
#1099=VERTEX_POINT('',#1098);
#1100=CARTESIAN_POINT('',(-11.551515052147922,-3.250000000000000,7.073263E-016));
#1101=DIRECTION('',(-1.0,0.0,0.0));
#1102=VECTOR('',#1101,7.648484947852081);
#1103=LINE('',#1100,#1102);
#1104=EDGE_CURVE('',#1099,#841,#1103,.T.);
#1105=ORIENTED_EDGE('',*,*,#1104,.F.);
#1106=CARTESIAN_POINT('',(-11.551515052147922,-3.250000000000000,2.600000000000001));
#1107=VERTEX_POINT('',#1106);
#1108=CARTESIAN_POINT('',(-11.551515052147922,-3.250000000000000,2.600000000000001));
#1109=DIRECTION('',(0.0,0.0,-1.0));
#1110=VECTOR('',#1109,2.600000000000001);
#1111=LINE('',#1108,#1110);
#1112=EDGE_CURVE('',#1107,#1099,#1111,.T.);
#1113=ORIENTED_EDGE('',*,*,#1112,.F.);
#1114=CARTESIAN_POINT('',(-11.551515052147922,-3.250000000000000,2.600000000000001));
#1115=DIRECTION('',(-1.0,0.0,0.0));
#1116=VECTOR('',#1115,7.254162807293527);
#1117=LINE('',#1114,#1116);
#1118=EDGE_CURVE('',#1107,#253,#1117,.T.);
#1119=ORIENTED_EDGE('',*,*,#1118,.T.);
#1120=ORIENTED_EDGE('',*,*,#258,.F.);
#1121=EDGE_LOOP('',(#1097,#1105,#1113,#1119,#1120));
#1122=FACE_OUTER_BOUND('',#1121,.T.);
#1123=ADVANCED_FACE('',(#1122),#1096,.T.);
#1124=CARTESIAN_POINT('',(-10.0,3.250000000000000,2.600000000000000));
#1125=DIRECTION('',(0.0,1.0,0.0));
#1126=DIRECTION('',(0.0,0.0,-1.0));
#1127=AXIS2_PLACEMENT_3D('',#1124,#1125,#1126);
#1128=PLANE('',#1127);
#1129=ORIENTED_EDGE('',*,*,#902,.T.);
#1130=ORIENTED_EDGE('',*,*,#275,.F.);
#1131=CARTESIAN_POINT('',(-11.551515052147922,3.250000000000000,2.600000000000001));
#1132=VERTEX_POINT('',#1131);
#1133=CARTESIAN_POINT('',(-11.551515052147922,3.250000000000000,2.600000000000000));
#1134=DIRECTION('',(-1.0,0.0,0.0));
#1135=VECTOR('',#1134,7.254162807293527);
#1136=LINE('',#1133,#1135);
#1137=EDGE_CURVE('',#1132,#261,#1136,.T.);
#1138=ORIENTED_EDGE('',*,*,#1137,.F.);
#1139=CARTESIAN_POINT('',(-11.551515052147922,3.250000000000000,7.073263E-016));
#1140=VERTEX_POINT('',#1139);
#1141=CARTESIAN_POINT('',(-11.551515052147922,3.250000000000000,8.881784E-016));
#1142=DIRECTION('',(0.0,0.0,1.0));
#1143=VECTOR('',#1142,2.600000000000000);
#1144=LINE('',#1141,#1143);
#1145=EDGE_CURVE('',#1140,#1132,#1144,.T.);
#1146=ORIENTED_EDGE('',*,*,#1145,.F.);
#1147=CARTESIAN_POINT('',(-11.551515052147922,3.250000000000000,7.073263E-016));
#1148=DIRECTION('',(-1.0,0.0,0.0));
#1149=VECTOR('',#1148,7.648484947852078);
#1150=LINE('',#1147,#1149);
#1151=EDGE_CURVE('',#1140,#897,#1150,.T.);
#1152=ORIENTED_EDGE('',*,*,#1151,.T.);
#1153=EDGE_LOOP('',(#1129,#1130,#1138,#1146,#1152));
#1154=FACE_OUTER_BOUND('',#1153,.T.);
#1155=ADVANCED_FACE('',(#1154),#1128,.T.);
#1156=CARTESIAN_POINT('',(6.082531754730549,8.035254037844386,-3.724477E-016));
#1157=DIRECTION('',(-0.866025403784439,0.500000000000000,3.488692E-016));
#1158=DIRECTION('',(0.0,0.0,1.0));
#1159=AXIS2_PLACEMENT_3D('',#1156,#1157,#1158);
#1160=PLANE('',#1159);
#1161=ORIENTED_EDGE('',*,*,#88,.T.);
#1162=CARTESIAN_POINT('',(7.049890885870556,9.710769202144560,2.600000000000001));
#1163=VERTEX_POINT('',#1162);
#1164=CARTESIAN_POINT('',(7.049890885870556,9.710769202144560,2.600000000000001));
#1165=DIRECTION('',(0.500000000000000,0.866025403784439,-6.247083E-017));
#1166=VECTOR('',#1165,7.108745701849160);
#1167=LINE('',#1164,#1166);
#1168=EDGE_CURVE('',#1163,#74,#1167,.T.);
#1169=ORIENTED_EDGE('',*,*,#1168,.F.);
#1170=CARTESIAN_POINT('',(7.049890885870554,9.710769202144560,-4.316813E-016));
#1171=VERTEX_POINT('',#1170);
#1172=CARTESIAN_POINT('',(7.049890885870555,9.710769202144560,2.600000000000001));
#1173=DIRECTION('',(0.0,0.0,-1.0));
#1174=VECTOR('',#1173,2.600000000000001);
#1175=LINE('',#1172,#1174);
#1176=EDGE_CURVE('',#1163,#1171,#1175,.T.);
#1177=ORIENTED_EDGE('',*,*,#1176,.T.);
#1178=CARTESIAN_POINT('',(7.049890885870554,9.710769202144560,-4.316813E-016));
#1179=DIRECTION('',(0.500000000000000,0.866025403784439,-3.061617E-017));
#1180=VECTOR('',#1179,7.642127213054548);
#1181=LINE('',#1178,#1180);
#1182=EDGE_CURVE('',#1171,#615,#1181,.T.);
#1183=ORIENTED_EDGE('',*,*,#1182,.T.);
#1184=ORIENTED_EDGE('',*,*,#620,.T.);
#1185=EDGE_LOOP('',(#1161,#1169,#1177,#1183,#1184));
#1186=FACE_OUTER_BOUND('',#1185,.T.);
#1187=ADVANCED_FACE('',(#1186),#1160,.F.);
#1188=CARTESIAN_POINT('',(5.216506350946111,8.535254037844386,2.600000000000001));
#1189=DIRECTION('',(0.512135955576466,-0.295681831813759,-0.806404995855705));
#1190=DIRECTION('',(-0.698367212149726,0.403202497927853,-0.591363663627518));
#1191=AXIS2_PLACEMENT_3D('',#1188,#1189,#1190);
#1192=PLANE('',#1191);
#1193=ORIENTED_EDGE('',*,*,#658,.T.);
#1194=CARTESIAN_POINT('',(4.884827376409459,10.960769202144560,1.500000000000000));
#1195=VERTEX_POINT('',#1194);
#1196=CARTESIAN_POINT('',(4.884827376409459,10.960769202144560,1.500000000000000));
#1197=DIRECTION('',(0.500000000000000,0.866025403784439,-2.869698E-017));
#1198=VECTOR('',#1197,7.737559762615579);
#1199=LINE('',#1196,#1198);
#1200=EDGE_CURVE('',#1195,#647,#1199,.T.);
#1201=ORIENTED_EDGE('',*,*,#1200,.F.);
#1202=CARTESIAN_POINT('',(6.215204126297024,10.265049326158175,2.600000000000001));
#1203=VERTEX_POINT('',#1202);
#1204=CARTESIAN_POINT('',(3.330669E-016,-2.220446E-016,2.416666666666667));
#1205=DIRECTION('',(0.512135955576466,-0.295681831813759,-0.806404995855705));
#1206=DIRECTION('',(-0.698367212149726,0.403202497927853,-0.591363663627518));
#1207=AXIS2_PLACEMENT_3D('',#1204,#1205,#1206);
#1208=ELLIPSE('',#1207,14.880860190190624,12.0);
#1209=EDGE_CURVE('',#1195,#1203,#1208,.T.);
#1210=ORIENTED_EDGE('',*,*,#1209,.T.);
#1211=CARTESIAN_POINT('',(6.215204126297024,10.265049326158175,2.600000000000001));
#1212=DIRECTION('',(0.500000000000000,0.866025403784439,-6.267656E-017));
#1213=VECTOR('',#1212,7.085411364243533);
#1214=LINE('',#1211,#1213);
#1215=EDGE_CURVE('',#1203,#64,#1214,.T.);
#1216=ORIENTED_EDGE('',*,*,#1215,.T.);
#1217=ORIENTED_EDGE('',*,*,#71,.T.);
#1218=EDGE_LOOP('',(#1193,#1201,#1210,#1216,#1217));
#1219=FACE_OUTER_BOUND('',#1218,.T.);
#1220=ADVANCED_FACE('',(#1219),#1192,.F.);
#1221=CARTESIAN_POINT('',(3.917468245269453,9.285254037844386,1.500000000000000));
#1222=DIRECTION('',(0.866025403784439,-0.500000000000000,-5.302876E-017));
#1223=DIRECTION('',(0.0,0.0,-1.0));
#1224=AXIS2_PLACEMENT_3D('',#1221,#1222,#1223);
#1225=PLANE('',#1224);
#1226=CARTESIAN_POINT('',(4.884827376409459,10.960769202144560,-2.991094E-016));
#1227=VERTEX_POINT('',#1226);
#1228=CARTESIAN_POINT('',(4.884827376409459,10.960769202144560,-2.991094E-016));
#1229=DIRECTION('',(0.500000000000000,0.866025403784439,-3.061617E-017));
#1230=VECTOR('',#1229,8.312000194132356);
#1231=LINE('',#1228,#1230);
#1232=EDGE_CURVE('',#1227,#639,#1231,.T.);
#1233=ORIENTED_EDGE('',*,*,#1232,.F.);
#1234=CARTESIAN_POINT('',(4.884827376409459,10.960769202144560,-4.440892E-016));
#1235=DIRECTION('',(0.0,0.0,1.0));
#1236=VECTOR('',#1235,1.500000000000000);
#1237=LINE('',#1234,#1236);
#1238=EDGE_CURVE('',#1227,#1195,#1237,.T.);
#1239=ORIENTED_EDGE('',*,*,#1238,.T.);
#1240=ORIENTED_EDGE('',*,*,#1200,.T.);
#1241=ORIENTED_EDGE('',*,*,#652,.F.);
#1242=EDGE_LOOP('',(#1233,#1239,#1240,#1241));
#1243=FACE_OUTER_BOUND('',#1242,.T.);
#1244=ADVANCED_FACE('',(#1243),#1225,.F.);
#1245=CARTESIAN_POINT('',(3.917468245269453,-9.285254037844386,-2.398757E-016));
#1246=DIRECTION('',(0.866025403784439,0.500000000000000,2.428117E-016));
#1247=DIRECTION('',(0.0,0.0,1.0));
#1248=AXIS2_PLACEMENT_3D('',#1245,#1246,#1247);
#1249=PLANE('',#1248);
#1250=ORIENTED_EDGE('',*,*,#737,.T.);
#1251=CARTESIAN_POINT('',(4.884827376409457,-10.960769202144560,2.600000000000001));
#1252=VERTEX_POINT('',#1251);
#1253=CARTESIAN_POINT('',(4.884827376409457,-10.960769202144560,2.600000000000001));
#1254=DIRECTION('',(0.500000000000000,-0.866025403784439,-6.069858E-017));
#1255=VECTOR('',#1254,7.316303446169944);
#1256=LINE('',#1253,#1255);
#1257=EDGE_CURVE('',#1252,#724,#1256,.T.);
#1258=ORIENTED_EDGE('',*,*,#1257,.F.);
#1259=CARTESIAN_POINT('',(4.884827376409459,-10.960769202144560,-2.991094E-016));
#1260=VERTEX_POINT('',#1259);
#1261=CARTESIAN_POINT('',(4.884827376409458,-10.960769202144560,2.600000000000001));
#1262=DIRECTION('',(0.0,0.0,-1.0));
#1263=VECTOR('',#1262,2.600000000000001);
#1264=LINE('',#1261,#1263);
#1265=EDGE_CURVE('',#1252,#1260,#1264,.T.);
#1266=ORIENTED_EDGE('',*,*,#1265,.T.);
#1267=CARTESIAN_POINT('',(4.884827376409459,-10.960769202144560,-2.991094E-016));
#1268=DIRECTION('',(0.500000000000000,-0.866025403784439,-3.061617E-017));
#1269=VECTOR('',#1268,8.312000194132352);
#1270=LINE('',#1267,#1269);
#1271=EDGE_CURVE('',#1260,#732,#1270,.T.);
#1272=ORIENTED_EDGE('',*,*,#1271,.T.);
#1273=EDGE_LOOP('',(#1250,#1258,#1266,#1272));
#1274=FACE_OUTER_BOUND('',#1273,.T.);
#1275=ADVANCED_FACE('',(#1274),#1249,.F.);
#1276=CARTESIAN_POINT('',(4.783493649053892,-8.785254037844386,2.600000000000001));
#1277=DIRECTION('',(-0.512135955576466,-0.295681831813759,-0.806404995855705));
#1278=DIRECTION('',(0.698367212149726,0.403202497927853,-0.591363663627518));
#1279=AXIS2_PLACEMENT_3D('',#1276,#1277,#1278);
#1280=PLANE('',#1279);
#1281=ORIENTED_EDGE('',*,*,#171,.T.);
#1282=CARTESIAN_POINT('',(7.049890885870555,-9.710769202144560,1.500000000000000));
#1283=VERTEX_POINT('',#1282);
#1284=CARTESIAN_POINT('',(7.049890885870555,-9.710769202144560,1.500000000000000));
#1285=DIRECTION('',(0.500000000000000,-0.866025403784438,-3.102161E-017));
#1286=VECTOR('',#1285,7.157739527235842);
#1287=LINE('',#1284,#1286);
#1288=EDGE_CURVE('',#1283,#156,#1287,.T.);
#1289=ORIENTED_EDGE('',*,*,#1288,.F.);
#1290=CARTESIAN_POINT('',(5.782191424404805,-10.515049326158175,2.600000000000001));
#1291=VERTEX_POINT('',#1290);
#1292=CARTESIAN_POINT('',(1.110223E-016,-1.110223E-016,2.416666666666669));
#1293=DIRECTION('',(-0.512135955576466,-0.295681831813759,-0.806404995855705));
#1294=DIRECTION('',(0.698367212149726,0.403202497927853,-0.591363663627518));
#1295=AXIS2_PLACEMENT_3D('',#1292,#1293,#1294);
#1296=ELLIPSE('',#1295,14.880860190190624,12.0);
#1297=EDGE_CURVE('',#1283,#1291,#1296,.T.);
#1298=ORIENTED_EDGE('',*,*,#1297,.T.);
#1299=CARTESIAN_POINT('',(5.782191424404805,-10.515049326158175,2.600000000000001));
#1300=DIRECTION('',(0.500000000000000,-0.866025403784439,-6.267656E-017));
#1301=VECTOR('',#1300,7.085411364243533);
#1302=LINE('',#1299,#1301);
#1303=EDGE_CURVE('',#1291,#164,#1302,.T.);
#1304=ORIENTED_EDGE('',*,*,#1303,.T.);
#1305=EDGE_LOOP('',(#1281,#1289,#1298,#1304));
#1306=FACE_OUTER_BOUND('',#1305,.T.);
#1307=ADVANCED_FACE('',(#1306),#1280,.F.);
#1308=CARTESIAN_POINT('',(6.082531754730550,-8.035254037844386,1.500000000000000));
#1309=DIRECTION('',(-0.866025403784439,-0.500000000000000,5.302876E-017));
#1310=DIRECTION('',(0.0,0.0,-1.0));
#1311=AXIS2_PLACEMENT_3D('',#1308,#1309,#1310);
#1312=PLANE('',#1311);
#1313=CARTESIAN_POINT('',(7.049890885870554,-9.710769202144560,-4.316813E-016));
#1314=VERTEX_POINT('',#1313);
#1315=CARTESIAN_POINT('',(7.049890885870554,-9.710769202144560,-4.316813E-016));
#1316=DIRECTION('',(0.500000000000000,-0.866025403784439,-3.061617E-017));
#1317=VECTOR('',#1316,7.642127213054548);
#1318=LINE('',#1315,#1317);
#1319=EDGE_CURVE('',#1314,#754,#1318,.T.);
#1320=ORIENTED_EDGE('',*,*,#1319,.F.);
#1321=CARTESIAN_POINT('',(7.049890885870555,-9.710769202144560,-4.440892E-016));
#1322=DIRECTION('',(0.0,0.0,1.0));
#1323=VECTOR('',#1322,1.500000000000000);
#1324=LINE('',#1321,#1323);
#1325=EDGE_CURVE('',#1314,#1283,#1324,.T.);
#1326=ORIENTED_EDGE('',*,*,#1325,.T.);
#1327=ORIENTED_EDGE('',*,*,#1288,.T.);
#1328=ORIENTED_EDGE('',*,*,#161,.T.);
#1329=ORIENTED_EDGE('',*,*,#765,.F.);
#1330=EDGE_LOOP('',(#1320,#1326,#1327,#1328,#1329));
#1331=FACE_OUTER_BOUND('',#1330,.T.);
#1332=ADVANCED_FACE('',(#1331),#1312,.F.);
#1333=CARTESIAN_POINT('',(31.082563878999178,51.836555269262433,2.599999999999991));
#1334=DIRECTION('',(0.0,0.0,-1.0));
#1335=DIRECTION('',(0.0,-1.0,0.0));
#1336=AXIS2_PLACEMENT_3D('',#1333,#1334,#1335);
#1337=PLANE('',#1336);
#1338=ORIENTED_EDGE('',*,*,#80,.T.);
#1339=ORIENTED_EDGE('',*,*,#1215,.F.);
#1340=CARTESIAN_POINT('',(0.0,0.0,2.600000000000002));
#1341=DIRECTION('',(0.0,0.0,-1.0));
#1342=DIRECTION('',(1.0,0.0,0.0));
#1343=AXIS2_PLACEMENT_3D('',#1340,#1341,#1342);
#1344=CIRCLE('',#1343,12.0);
#1345=EDGE_CURVE('',#1203,#1163,#1344,.T.);
#1346=ORIENTED_EDGE('',*,*,#1345,.T.);
#1347=ORIENTED_EDGE('',*,*,#1168,.T.);
#1348=EDGE_LOOP('',(#1338,#1339,#1346,#1347));
#1349=FACE_OUTER_BOUND('',#1348,.T.);
#1350=ADVANCED_FACE('',(#1349),#1337,.F.);
#1351=CARTESIAN_POINT('',(31.082563878999178,51.836555269262433,2.599999999999991));
#1352=DIRECTION('',(0.0,0.0,-1.0));
#1353=DIRECTION('',(0.0,-1.0,0.0));
#1354=AXIS2_PLACEMENT_3D('',#1351,#1352,#1353);
#1355=PLANE('',#1354);
#1356=ORIENTED_EDGE('',*,*,#180,.T.);
#1357=ORIENTED_EDGE('',*,*,#1303,.F.);
#1358=CARTESIAN_POINT('',(0.0,0.0,2.600000000000002));
#1359=DIRECTION('',(0.0,0.0,-1.0));
#1360=DIRECTION('',(1.0,0.0,0.0));
#1361=AXIS2_PLACEMENT_3D('',#1358,#1359,#1360);
#1362=CIRCLE('',#1361,12.0);
#1363=EDGE_CURVE('',#1291,#1252,#1362,.T.);
#1364=ORIENTED_EDGE('',*,*,#1363,.T.);
#1365=ORIENTED_EDGE('',*,*,#1257,.T.);
#1366=ORIENTED_EDGE('',*,*,#729,.F.);
#1367=EDGE_LOOP('',(#1356,#1357,#1364,#1365,#1366));
#1368=FACE_OUTER_BOUND('',#1367,.T.);
#1369=ADVANCED_FACE('',(#1368),#1355,.F.);
#1370=CARTESIAN_POINT('',(31.082563878999178,51.836555269262433,2.599999999999991));
#1371=DIRECTION('',(0.0,0.0,-1.0));
#1372=DIRECTION('',(0.0,-1.0,0.0));
#1373=AXIS2_PLACEMENT_3D('',#1370,#1371,#1372);
#1374=PLANE('',#1373);
#1375=ORIENTED_EDGE('',*,*,#267,.T.);
#1376=ORIENTED_EDGE('',*,*,#1118,.F.);
#1377=CARTESIAN_POINT('',(0.0,0.0,2.600000000000002));
#1378=DIRECTION('',(0.0,0.0,-1.0));
#1379=DIRECTION('',(1.0,0.0,0.0));
#1380=AXIS2_PLACEMENT_3D('',#1377,#1378,#1379);
#1381=CIRCLE('',#1380,12.0);
#1382=EDGE_CURVE('',#1107,#1132,#1381,.T.);
#1383=ORIENTED_EDGE('',*,*,#1382,.T.);
#1384=ORIENTED_EDGE('',*,*,#1137,.T.);
#1385=EDGE_LOOP('',(#1375,#1376,#1383,#1384));
#1386=FACE_OUTER_BOUND('',#1385,.T.);
#1387=ADVANCED_FACE('',(#1386),#1374,.F.);
#1388=CARTESIAN_POINT('',(-7.999999999999999,19.199999999999999,10.499999999999998));
#1389=DIRECTION('',(0.482245665158297,-0.482245665158297,0.731353701619171));
#1390=DIRECTION('',(-0.707106781186548,-0.707106781186548,2.013875E-017));
#1391=AXIS2_PLACEMENT_3D('',#1388,#1389,#1390);
#1392=PLANE('',#1391);
#1393=CARTESIAN_POINT('',(-19.199999999999999,8.0,10.500000000000000));
#1394=VERTEX_POINT('',#1393);
#1395=CARTESIAN_POINT('',(-19.199999999999999,8.0,10.500000000000000));
#1396=DIRECTION('',(0.699941537041449,-0.289925277510837,-0.652706042705533));
#1397=VECTOR('',#1396,2.174348528319190);
#1398=LINE('',#1395,#1397);
#1399=EDGE_CURVE('',#1394,#453,#1398,.T.);
#1400=ORIENTED_EDGE('',*,*,#1399,.T.);
#1401=ORIENTED_EDGE('',*,*,#465,.T.);
#1402=CARTESIAN_POINT('',(-7.999999999999999,19.199999999999999,10.499999999999998));
#1403=VERTEX_POINT('',#1402);
#1404=CARTESIAN_POINT('',(-7.999999999999999,19.199999999999999,10.499999999999998));
#1405=DIRECTION('',(0.289925277510838,-0.699941537041449,-0.652706042705533));
#1406=VECTOR('',#1405,2.174348528319195);
#1407=LINE('',#1404,#1406);
#1408=EDGE_CURVE('',#1403,#441,#1407,.T.);
#1409=ORIENTED_EDGE('',*,*,#1408,.F.);
#1410=CARTESIAN_POINT('',(-8.0,19.199999999999999,10.500000000000000));
#1411=DIRECTION('',(-0.707106781186548,-0.707106781186548,0.0));
#1412=VECTOR('',#1411,15.839191898578663);
#1413=LINE('',#1410,#1412);
#1414=EDGE_CURVE('',#1403,#1394,#1413,.T.);
#1415=ORIENTED_EDGE('',*,*,#1414,.T.);
#1416=EDGE_LOOP('',(#1400,#1401,#1409,#1415));
#1417=FACE_OUTER_BOUND('',#1416,.T.);
#1418=ADVANCED_FACE('',(#1417),#1392,.T.);
#1419=CARTESIAN_POINT('',(-19.199999999999999,8.0,10.500000000000000));
#1420=DIRECTION('',(0.681998360062498,0.0,0.731353701619171));
#1421=DIRECTION('',(0.0,-1.0,0.0));
#1422=AXIS2_PLACEMENT_3D('',#1419,#1420,#1421);
#1423=PLANE('',#1422);
#1424=CARTESIAN_POINT('',(-19.199999999999999,8.0,10.500000000000000));
#1425=DIRECTION('',(0.0,-1.0,0.0));
#1426=VECTOR('',#1425,8.0);
#1427=LINE('',#1424,#1426);
#1428=EDGE_CURVE('',#1394,#468,#1427,.T.);
#1429=ORIENTED_EDGE('',*,*,#1428,.T.);
#1430=ORIENTED_EDGE('',*,*,#477,.T.);
#1431=ORIENTED_EDGE('',*,*,#1399,.F.);
#1432=EDGE_LOOP('',(#1429,#1430,#1431));
#1433=FACE_OUTER_BOUND('',#1432,.T.);
#1434=ADVANCED_FACE('',(#1433),#1423,.T.);
#1435=CARTESIAN_POINT('',(-19.199999999999999,8.0,10.500000000000000));
#1436=DIRECTION('',(0.681998360062498,0.0,0.731353701619171));
#1437=DIRECTION('',(0.0,-1.0,0.0));
#1438=AXIS2_PLACEMENT_3D('',#1435,#1436,#1437);
#1439=PLANE('',#1438);
#1440=CARTESIAN_POINT('',(-19.199999999999999,-8.0,10.500000000000002));
#1441=VERTEX_POINT('',#1440);
#1442=CARTESIAN_POINT('',(-19.199999999999999,0.0,10.500000000000000));
#1443=DIRECTION('',(0.0,-1.0,0.0));
#1444=VECTOR('',#1443,8.0);
#1445=LINE('',#1442,#1444);
#1446=EDGE_CURVE('',#468,#1441,#1445,.T.);
#1447=ORIENTED_EDGE('',*,*,#1446,.T.);
#1448=CARTESIAN_POINT('',(-19.199999999999999,-8.0,10.500000000000002));
#1449=DIRECTION('',(0.699941537041448,0.289925277510838,-0.652706042705534));
#1450=VECTOR('',#1449,2.174348528319198);
#1451=LINE('',#1448,#1450);
#1452=EDGE_CURVE('',#1441,#480,#1451,.T.);
#1453=ORIENTED_EDGE('',*,*,#1452,.T.);
#1454=ORIENTED_EDGE('',*,*,#489,.T.);
#1455=EDGE_LOOP('',(#1447,#1453,#1454));
#1456=FACE_OUTER_BOUND('',#1455,.T.);
#1457=ADVANCED_FACE('',(#1456),#1439,.T.);
#1458=CARTESIAN_POINT('',(-19.199999999999999,-8.0,10.500000000000002));
#1459=DIRECTION('',(0.482245665158297,0.482245665158297,0.731353701619171));
#1460=DIRECTION('',(0.707106781186548,-0.707106781186548,-2.013875E-017));
#1461=AXIS2_PLACEMENT_3D('',#1458,#1459,#1460);
#1462=PLANE('',#1461);
#1463=CARTESIAN_POINT('',(-7.999999999999999,-19.199999999999999,10.499999999999998));
#1464=VERTEX_POINT('',#1463);
#1465=CARTESIAN_POINT('',(-19.199999999999999,-8.0,10.500000000000000));
#1466=DIRECTION('',(0.707106781186548,-0.707106781186548,0.0));
#1467=VECTOR('',#1466,15.839191898578663);
#1468=LINE('',#1465,#1467);
#1469=EDGE_CURVE('',#1441,#1464,#1468,.T.);
#1470=ORIENTED_EDGE('',*,*,#1469,.T.);
#1471=CARTESIAN_POINT('',(-7.999999999999999,-19.199999999999999,10.499999999999998));
#1472=DIRECTION('',(0.289925277510837,0.699941537041449,-0.652706042705534));
#1473=VECTOR('',#1472,2.174348528319190);
#1474=LINE('',#1471,#1473);
#1475=EDGE_CURVE('',#1464,#492,#1474,.T.);
#1476=ORIENTED_EDGE('',*,*,#1475,.T.);
#1477=ORIENTED_EDGE('',*,*,#504,.T.);
#1478=ORIENTED_EDGE('',*,*,#1452,.F.);
#1479=EDGE_LOOP('',(#1470,#1476,#1477,#1478));
#1480=FACE_OUTER_BOUND('',#1479,.T.);
#1481=ADVANCED_FACE('',(#1480),#1462,.T.);
#1482=CARTESIAN_POINT('',(-7.999999999999999,-19.199999999999999,10.499999999999998));
#1483=DIRECTION('',(-3.641407E-017,0.681998360062498,0.731353701619171));
#1484=DIRECTION('',(1.0,0.0,0.0));
#1485=AXIS2_PLACEMENT_3D('',#1482,#1483,#1484);
#1486=PLANE('',#1485);
#1487=CARTESIAN_POINT('',(-8.0,-19.199999999999999,10.500000000000000));
#1488=DIRECTION('',(1.0,0.0,0.0));
#1489=VECTOR('',#1488,8.0);
#1490=LINE('',#1487,#1489);
#1491=EDGE_CURVE('',#1464,#507,#1490,.T.);
#1492=ORIENTED_EDGE('',*,*,#1491,.T.);
#1493=ORIENTED_EDGE('',*,*,#516,.T.);
#1494=ORIENTED_EDGE('',*,*,#1475,.F.);
#1495=EDGE_LOOP('',(#1492,#1493,#1494));
#1496=FACE_OUTER_BOUND('',#1495,.T.);
#1497=ADVANCED_FACE('',(#1496),#1486,.T.);
#1498=CARTESIAN_POINT('',(-7.999999999999999,-19.199999999999999,10.499999999999998));
#1499=DIRECTION('',(-3.641407E-017,0.681998360062498,0.731353701619171));
#1500=DIRECTION('',(1.0,0.0,0.0));
#1501=AXIS2_PLACEMENT_3D('',#1498,#1499,#1500);
#1502=PLANE('',#1501);
#1503=CARTESIAN_POINT('',(7.999999999999999,-19.200000000000003,10.500000000000002));
#1504=VERTEX_POINT('',#1503);
#1505=CARTESIAN_POINT('',(8.881784E-016,-19.199999999999999,10.500000000000000));
#1506=DIRECTION('',(1.0,0.0,0.0));
#1507=VECTOR('',#1506,7.999999999999999);
#1508=LINE('',#1505,#1507);
#1509=EDGE_CURVE('',#507,#1504,#1508,.T.);
#1510=ORIENTED_EDGE('',*,*,#1509,.T.);
#1511=CARTESIAN_POINT('',(7.999999999999999,-19.200000000000003,10.500000000000002));
#1512=DIRECTION('',(-0.289925277510836,0.699941537041450,-0.652706042705533));
#1513=VECTOR('',#1512,2.174348528319189);
#1514=LINE('',#1511,#1513);
#1515=EDGE_CURVE('',#1504,#519,#1514,.T.);
#1516=ORIENTED_EDGE('',*,*,#1515,.T.);
#1517=ORIENTED_EDGE('',*,*,#528,.T.);
#1518=EDGE_LOOP('',(#1510,#1516,#1517));
#1519=FACE_OUTER_BOUND('',#1518,.T.);
#1520=ADVANCED_FACE('',(#1519),#1502,.T.);
#1521=CARTESIAN_POINT('',(7.999999999999999,-19.200000000000003,10.500000000000002));
#1522=DIRECTION('',(-0.482245665158297,0.482245665158297,0.731353701619170));
#1523=DIRECTION('',(0.707106781186548,0.707106781186548,-2.013875E-017));
#1524=AXIS2_PLACEMENT_3D('',#1521,#1522,#1523);
#1525=PLANE('',#1524);
#1526=CARTESIAN_POINT('',(19.200000000000003,-7.999999999999998,10.500000000000000));
#1527=VERTEX_POINT('',#1526);
#1528=CARTESIAN_POINT('',(7.999999999999998,-19.200000000000003,10.500000000000000));
#1529=DIRECTION('',(0.707106781186548,0.707106781186548,0.0));
#1530=VECTOR('',#1529,15.839191898578671);
#1531=LINE('',#1528,#1530);
#1532=EDGE_CURVE('',#1504,#1527,#1531,.T.);
#1533=ORIENTED_EDGE('',*,*,#1532,.T.);
#1534=CARTESIAN_POINT('',(19.200000000000003,-7.999999999999998,10.500000000000000));
#1535=DIRECTION('',(-0.699941537041449,0.289925277510836,-0.652706042705534));
#1536=VECTOR('',#1535,2.174348528319205);
#1537=LINE('',#1534,#1536);
#1538=EDGE_CURVE('',#1527,#531,#1537,.T.);
#1539=ORIENTED_EDGE('',*,*,#1538,.T.);
#1540=ORIENTED_EDGE('',*,*,#543,.T.);
#1541=ORIENTED_EDGE('',*,*,#1515,.F.);
#1542=EDGE_LOOP('',(#1533,#1539,#1540,#1541));
#1543=FACE_OUTER_BOUND('',#1542,.T.);
#1544=ADVANCED_FACE('',(#1543),#1525,.T.);
#1545=CARTESIAN_POINT('',(19.200000000000003,-7.999999999999998,10.500000000000000));
#1546=DIRECTION('',(-0.681998360062498,-1.514341E-016,0.731353701619171));
#1547=DIRECTION('',(0.0,1.0,0.0));
#1548=AXIS2_PLACEMENT_3D('',#1545,#1546,#1547);
#1549=PLANE('',#1548);
#1550=CARTESIAN_POINT('',(19.200000000000003,-7.999999999999998,10.500000000000000));
#1551=DIRECTION('',(0.0,1.0,0.0));
#1552=VECTOR('',#1551,8.000000000000004);
#1553=LINE('',#1550,#1552);
#1554=EDGE_CURVE('',#1527,#546,#1553,.T.);
#1555=ORIENTED_EDGE('',*,*,#1554,.T.);
#1556=ORIENTED_EDGE('',*,*,#555,.T.);
#1557=ORIENTED_EDGE('',*,*,#1538,.F.);
#1558=EDGE_LOOP('',(#1555,#1556,#1557));
#1559=FACE_OUTER_BOUND('',#1558,.T.);
#1560=ADVANCED_FACE('',(#1559),#1549,.T.);
#1561=CARTESIAN_POINT('',(19.200000000000003,-7.999999999999998,10.500000000000000));
#1562=DIRECTION('',(-0.681998360062498,-1.514341E-016,0.731353701619171));
#1563=DIRECTION('',(0.0,1.0,0.0));
#1564=AXIS2_PLACEMENT_3D('',#1561,#1562,#1563);
#1565=PLANE('',#1564);
#1566=CARTESIAN_POINT('',(19.199999999999999,8.0,10.499999999999998));
#1567=VERTEX_POINT('',#1566);
#1568=CARTESIAN_POINT('',(19.199999999999999,4.440892E-015,10.500000000000000));
#1569=DIRECTION('',(0.0,1.0,0.0));
#1570=VECTOR('',#1569,7.999999999999996);
#1571=LINE('',#1568,#1570);
#1572=EDGE_CURVE('',#546,#1567,#1571,.T.);
#1573=ORIENTED_EDGE('',*,*,#1572,.T.);
#1574=CARTESIAN_POINT('',(19.199999999999999,8.0,10.499999999999998));
#1575=DIRECTION('',(-0.699941537041448,-0.289925277510840,-0.652706042705533));
#1576=VECTOR('',#1575,2.174348528319189);
#1577=LINE('',#1574,#1576);
#1578=EDGE_CURVE('',#1567,#558,#1577,.T.);
#1579=ORIENTED_EDGE('',*,*,#1578,.T.);
#1580=ORIENTED_EDGE('',*,*,#567,.T.);
#1581=EDGE_LOOP('',(#1573,#1579,#1580));
#1582=FACE_OUTER_BOUND('',#1581,.T.);
#1583=ADVANCED_FACE('',(#1582),#1565,.T.);
#1584=CARTESIAN_POINT('',(19.199999999999999,8.0,10.499999999999998));
#1585=DIRECTION('',(-0.482245665158297,-0.482245665158297,0.731353701619171));
#1586=DIRECTION('',(-0.707106781186548,0.707106781186548,2.013875E-017));
#1587=AXIS2_PLACEMENT_3D('',#1584,#1585,#1586);
#1588=PLANE('',#1587);
#1589=CARTESIAN_POINT('',(8.0,19.199999999999999,10.500000000000002));
#1590=VERTEX_POINT('',#1589);
#1591=CARTESIAN_POINT('',(19.199999999999999,8.0,10.500000000000000));
#1592=DIRECTION('',(-0.707106781186548,0.707106781186548,0.0));
#1593=VECTOR('',#1592,15.839191898578663);
#1594=LINE('',#1591,#1593);
#1595=EDGE_CURVE('',#1567,#1590,#1594,.T.);
#1596=ORIENTED_EDGE('',*,*,#1595,.T.);
#1597=CARTESIAN_POINT('',(8.0,19.199999999999999,10.500000000000002));
#1598=DIRECTION('',(-0.289925277510837,-0.699941537041449,-0.652706042705534));
#1599=VECTOR('',#1598,2.174348528319191);
#1600=LINE('',#1597,#1599);
#1601=EDGE_CURVE('',#1590,#570,#1600,.T.);
#1602=ORIENTED_EDGE('',*,*,#1601,.T.);
#1603=ORIENTED_EDGE('',*,*,#582,.T.);
#1604=ORIENTED_EDGE('',*,*,#1578,.F.);
#1605=EDGE_LOOP('',(#1596,#1602,#1603,#1604));
#1606=FACE_OUTER_BOUND('',#1605,.T.);
#1607=ADVANCED_FACE('',(#1606),#1588,.T.);
#1608=CARTESIAN_POINT('',(8.0,19.199999999999999,10.500000000000002));
#1609=DIRECTION('',(-3.641407E-017,-0.681998360062498,0.731353701619171));
#1610=DIRECTION('',(-1.0,0.0,0.0));
#1611=AXIS2_PLACEMENT_3D('',#1608,#1609,#1610);
#1612=PLANE('',#1611);
#1613=CARTESIAN_POINT('',(8.0,19.199999999999999,10.500000000000000));
#1614=DIRECTION('',(-1.0,0.0,0.0));
#1615=VECTOR('',#1614,7.999999999999999);
#1616=LINE('',#1613,#1615);
#1617=EDGE_CURVE('',#1590,#433,#1616,.T.);
#1618=ORIENTED_EDGE('',*,*,#1617,.T.);
#1619=ORIENTED_EDGE('',*,*,#592,.T.);
#1620=ORIENTED_EDGE('',*,*,#1601,.F.);
#1621=EDGE_LOOP('',(#1618,#1619,#1620));
#1622=FACE_OUTER_BOUND('',#1621,.T.);
#1623=ADVANCED_FACE('',(#1622),#1612,.T.);
#1624=CARTESIAN_POINT('',(8.0,19.199999999999999,10.500000000000002));
#1625=DIRECTION('',(-3.641407E-017,-0.681998360062498,0.731353701619171));
#1626=DIRECTION('',(-1.0,0.0,0.0));
#1627=AXIS2_PLACEMENT_3D('',#1624,#1625,#1626);
#1628=PLANE('',#1627);
#1629=CARTESIAN_POINT('',(8.881784E-016,19.199999999999999,10.500000000000000));
#1630=DIRECTION('',(-1.0,0.0,0.0));
#1631=VECTOR('',#1630,8.0);
#1632=LINE('',#1629,#1631);
#1633=EDGE_CURVE('',#433,#1403,#1632,.T.);
#1634=ORIENTED_EDGE('',*,*,#1633,.T.);
#1635=ORIENTED_EDGE('',*,*,#1408,.T.);
#1636=ORIENTED_EDGE('',*,*,#450,.T.);
#1637=EDGE_LOOP('',(#1634,#1635,#1636));
#1638=FACE_OUTER_BOUND('',#1637,.T.);
#1639=ADVANCED_FACE('',(#1638),#1628,.T.);
#1640=CARTESIAN_POINT('',(-15.850000000000001,15.850000000000001,-2.755044E-016));
#1641=DIRECTION('',(6.123234E-017,0.0,1.0));
#1642=DIRECTION('',(0.0,1.0,0.0));
#1643=AXIS2_PLACEMENT_3D('',#1640,#1641,#1642);
#1644=CYLINDRICAL_SURFACE('',#1643,4.500000000000000);
#1645=CARTESIAN_POINT('',(-15.850000000000001,20.350000000000001,-2.755044E-016));
#1646=VERTEX_POINT('',#1645);
#1647=CARTESIAN_POINT('',(-20.350000000000001,15.850000000000001,4.115312E-020));
#1648=VERTEX_POINT('',#1647);
#1649=CARTESIAN_POINT('',(-15.850000000000001,15.850000000000001,1.272426E-015));
#1650=DIRECTION('',(6.123234E-017,0.0,1.0));
#1651=DIRECTION('',(0.0,1.0,0.0));
#1652=AXIS2_PLACEMENT_3D('',#1649,#1650,#1651);
#1653=CIRCLE('',#1652,4.500000000000000);
#1654=EDGE_CURVE('',#1646,#1648,#1653,.T.);
#1655=ORIENTED_EDGE('',*,*,#1654,.T.);
#1656=CARTESIAN_POINT('',(-20.350000000000001,15.850000000000001,3.000000000000002));
#1657=VERTEX_POINT('',#1656);
#1658=CARTESIAN_POINT('',(-20.350000000000001,15.850000000000001,4.115312E-020));
#1659=DIRECTION('',(0.0,0.0,1.0));
#1660=VECTOR('',#1659,3.000000000000002);
#1661=LINE('',#1658,#1660);
#1662=EDGE_CURVE('',#1648,#1657,#1661,.T.);
#1663=ORIENTED_EDGE('',*,*,#1662,.T.);
#1664=CARTESIAN_POINT('',(-15.850000000000001,20.350000000000001,3.000000000000002));
#1665=VERTEX_POINT('',#1664);
#1666=CARTESIAN_POINT('',(-15.850000000000001,15.850000000000001,3.000000000000001));
#1667=DIRECTION('',(-6.123234E-017,0.0,-1.0));
#1668=DIRECTION('',(0.0,1.0,0.0));
#1669=AXIS2_PLACEMENT_3D('',#1666,#1667,#1668);
#1670=CIRCLE('',#1669,4.500000000000000);
#1671=EDGE_CURVE('',#1657,#1665,#1670,.T.);
#1672=ORIENTED_EDGE('',*,*,#1671,.T.);
#1673=CARTESIAN_POINT('',(-15.850000000000001,20.350000000000001,-2.755044E-016));
#1674=DIRECTION('',(0.0,0.0,1.0));
#1675=VECTOR('',#1674,3.000000000000002);
#1676=LINE('',#1673,#1675);
#1677=EDGE_CURVE('',#1646,#1665,#1676,.T.);
#1678=ORIENTED_EDGE('',*,*,#1677,.F.);
#1679=EDGE_LOOP('',(#1655,#1663,#1672,#1678));
#1680=FACE_OUTER_BOUND('',#1679,.T.);
#1681=ADVANCED_FACE('',(#1680),#1644,.T.);
#1682=CARTESIAN_POINT('',(-15.850000000000001,15.850000000000001,-2.755044E-016));
#1683=DIRECTION('',(6.123234E-017,0.0,1.0));
#1684=DIRECTION('',(0.0,1.0,0.0));
#1685=AXIS2_PLACEMENT_3D('',#1682,#1683,#1684);
#1686=CYLINDRICAL_SURFACE('',#1685,4.500000000000000);
#1687=CARTESIAN_POINT('',(-15.850000000000001,20.350000000000001,7.500000000000002));
#1688=VERTEX_POINT('',#1687);
#1689=CARTESIAN_POINT('',(-15.850000000000001,20.350000000000001,10.500000000000000));
#1690=VERTEX_POINT('',#1689);
#1691=CARTESIAN_POINT('',(-15.850000000000001,20.350000000000001,7.500000000000002));
#1692=DIRECTION('',(0.0,0.0,1.0));
#1693=VECTOR('',#1692,2.999999999999998);
#1694=LINE('',#1691,#1693);
#1695=EDGE_CURVE('',#1688,#1690,#1694,.T.);
#1696=ORIENTED_EDGE('',*,*,#1695,.F.);
#1697=CARTESIAN_POINT('',(-20.350000000000001,15.850000000000001,7.500000000000002));
#1698=VERTEX_POINT('',#1697);
#1699=CARTESIAN_POINT('',(-15.850000000000001,15.850000000000001,7.500000000000001));
#1700=DIRECTION('',(6.123234E-017,0.0,1.0));
#1701=DIRECTION('',(0.0,1.0,0.0));
#1702=AXIS2_PLACEMENT_3D('',#1699,#1700,#1701);
#1703=CIRCLE('',#1702,4.500000000000000);
#1704=EDGE_CURVE('',#1688,#1698,#1703,.T.);
#1705=ORIENTED_EDGE('',*,*,#1704,.T.);
#1706=CARTESIAN_POINT('',(-20.350000000000001,15.850000000000001,10.500000000000000));
#1707=VERTEX_POINT('',#1706);
#1708=CARTESIAN_POINT('',(-20.350000000000001,15.850000000000001,7.500000000000002));
#1709=DIRECTION('',(0.0,0.0,1.0));
#1710=VECTOR('',#1709,2.999999999999998);
#1711=LINE('',#1708,#1710);
#1712=EDGE_CURVE('',#1698,#1707,#1711,.T.);
#1713=ORIENTED_EDGE('',*,*,#1712,.T.);
#1714=CARTESIAN_POINT('',(-15.850000000000001,15.850000000000001,10.500000000000000));
#1715=DIRECTION('',(6.123234E-017,0.0,1.0));
#1716=DIRECTION('',(0.0,1.0,0.0));
#1717=AXIS2_PLACEMENT_3D('',#1714,#1715,#1716);
#1718=CIRCLE('',#1717,4.500000000000000);
#1719=EDGE_CURVE('',#1690,#1707,#1718,.T.);
#1720=ORIENTED_EDGE('',*,*,#1719,.F.);
#1721=EDGE_LOOP('',(#1696,#1705,#1713,#1720));
#1722=FACE_OUTER_BOUND('',#1721,.T.);
#1723=ADVANCED_FACE('',(#1722),#1686,.T.);
#1724=CARTESIAN_POINT('',(15.850000000000001,15.850000000000001,-3.205292E-020));
#1725=DIRECTION('',(6.123234E-017,0.0,1.0));
#1726=DIRECTION('',(1.0,0.0,-6.123234E-017));
#1727=AXIS2_PLACEMENT_3D('',#1724,#1725,#1726);
#1728=CYLINDRICAL_SURFACE('',#1727,4.499999999999996);
#1729=CARTESIAN_POINT('',(20.349999999999998,15.850000000000001,-2.755776E-016));
#1730=VERTEX_POINT('',#1729);
#1731=CARTESIAN_POINT('',(15.850000000000001,20.350000000000001,-3.205292E-020));
#1732=VERTEX_POINT('',#1731);
#1733=CARTESIAN_POINT('',(15.850000000000001,15.850000000000001,-6.686391E-016));
#1734=DIRECTION('',(6.123234E-017,0.0,1.0));
#1735=DIRECTION('',(1.0,0.0,-6.123234E-017));
#1736=AXIS2_PLACEMENT_3D('',#1733,#1734,#1735);
#1737=CIRCLE('',#1736,4.499999999999996);
#1738=EDGE_CURVE('',#1730,#1732,#1737,.T.);
#1739=ORIENTED_EDGE('',*,*,#1738,.T.);
#1740=CARTESIAN_POINT('',(15.850000000000001,20.350000000000001,3.000000000000000));
#1741=VERTEX_POINT('',#1740);
#1742=CARTESIAN_POINT('',(15.850000000000001,20.350000000000001,-3.205292E-020));
#1743=DIRECTION('',(0.0,0.0,1.0));
#1744=VECTOR('',#1743,3.000000000000000);
#1745=LINE('',#1742,#1744);
#1746=EDGE_CURVE('',#1732,#1741,#1745,.T.);
#1747=ORIENTED_EDGE('',*,*,#1746,.T.);
#1748=CARTESIAN_POINT('',(20.349999999999998,15.850000000000001,2.999999999999999));
#1749=VERTEX_POINT('',#1748);
#1750=CARTESIAN_POINT('',(15.850000000000001,15.850000000000001,3.000000000000000));
#1751=DIRECTION('',(-6.123234E-017,0.0,-1.0));
#1752=DIRECTION('',(1.0,0.0,-6.123234E-017));
#1753=AXIS2_PLACEMENT_3D('',#1750,#1751,#1752);
#1754=CIRCLE('',#1753,4.499999999999996);
#1755=EDGE_CURVE('',#1741,#1749,#1754,.T.);
#1756=ORIENTED_EDGE('',*,*,#1755,.T.);
#1757=CARTESIAN_POINT('',(20.349999999999998,15.850000000000001,-2.755776E-016));
#1758=DIRECTION('',(0.0,0.0,1.0));
#1759=VECTOR('',#1758,2.999999999999999);
#1760=LINE('',#1757,#1759);
#1761=EDGE_CURVE('',#1730,#1749,#1760,.T.);
#1762=ORIENTED_EDGE('',*,*,#1761,.F.);
#1763=EDGE_LOOP('',(#1739,#1747,#1756,#1762));
#1764=FACE_OUTER_BOUND('',#1763,.T.);
#1765=ADVANCED_FACE('',(#1764),#1728,.T.);
#1766=CARTESIAN_POINT('',(15.850000000000001,15.850000000000001,-3.205292E-020));
#1767=DIRECTION('',(6.123234E-017,0.0,1.0));
#1768=DIRECTION('',(1.0,0.0,-6.123234E-017));
#1769=AXIS2_PLACEMENT_3D('',#1766,#1767,#1768);
#1770=CYLINDRICAL_SURFACE('',#1769,4.499999999999996);
#1771=CARTESIAN_POINT('',(20.349999999999998,15.850000000000001,7.499999999999998));
#1772=VERTEX_POINT('',#1771);
#1773=CARTESIAN_POINT('',(20.349999999999998,15.850000000000001,10.499999999999996));
#1774=VERTEX_POINT('',#1773);
#1775=CARTESIAN_POINT('',(20.349999999999998,15.850000000000001,7.499999999999998));
#1776=DIRECTION('',(0.0,0.0,1.0));
#1777=VECTOR('',#1776,2.999999999999998);
#1778=LINE('',#1775,#1777);
#1779=EDGE_CURVE('',#1772,#1774,#1778,.T.);
#1780=ORIENTED_EDGE('',*,*,#1779,.F.);
#1781=CARTESIAN_POINT('',(15.850000000000001,20.350000000000001,7.499999999999998));
#1782=VERTEX_POINT('',#1781);
#1783=CARTESIAN_POINT('',(15.850000000000001,15.850000000000001,7.499999999999999));
#1784=DIRECTION('',(6.123234E-017,0.0,1.0));
#1785=DIRECTION('',(1.0,0.0,-6.123234E-017));
#1786=AXIS2_PLACEMENT_3D('',#1783,#1784,#1785);
#1787=CIRCLE('',#1786,4.499999999999996);
#1788=EDGE_CURVE('',#1772,#1782,#1787,.T.);
#1789=ORIENTED_EDGE('',*,*,#1788,.T.);
#1790=CARTESIAN_POINT('',(15.850000000000001,20.350000000000001,10.499999999999996));
#1791=VERTEX_POINT('',#1790);
#1792=CARTESIAN_POINT('',(15.850000000000001,20.350000000000001,7.499999999999998));
#1793=DIRECTION('',(0.0,0.0,1.0));
#1794=VECTOR('',#1793,2.999999999999998);
#1795=LINE('',#1792,#1794);
#1796=EDGE_CURVE('',#1782,#1791,#1795,.T.);
#1797=ORIENTED_EDGE('',*,*,#1796,.T.);
#1798=CARTESIAN_POINT('',(15.850000000000001,15.850000000000001,10.499999999999998));
#1799=DIRECTION('',(6.123234E-017,0.0,1.0));
#1800=DIRECTION('',(1.0,0.0,-6.123234E-017));
#1801=AXIS2_PLACEMENT_3D('',#1798,#1799,#1800);
#1802=CIRCLE('',#1801,4.499999999999996);
#1803=EDGE_CURVE('',#1774,#1791,#1802,.T.);
#1804=ORIENTED_EDGE('',*,*,#1803,.F.);
#1805=EDGE_LOOP('',(#1780,#1789,#1797,#1804));
#1806=FACE_OUTER_BOUND('',#1805,.T.);
#1807=ADVANCED_FACE('',(#1806),#1770,.T.);
#1808=CARTESIAN_POINT('',(-20.350000000000001,20.350000000000001,4.115312E-020));
#1809=DIRECTION('',(0.0,-1.0,0.0));
#1810=DIRECTION('',(1.0,0.0,0.0));
#1811=AXIS2_PLACEMENT_3D('',#1808,#1809,#1810);
#1812=PLANE('',#1811);
#1813=ORIENTED_EDGE('',*,*,#1677,.T.);
#1814=CARTESIAN_POINT('',(-3.790448522272782,20.350000000000001,3.000000000000003));
#1815=VERTEX_POINT('',#1814);
#1816=CARTESIAN_POINT('',(-15.850000000000001,20.350000000000001,3.000000000000002));
#1817=DIRECTION('',(1.0,0.0,0.0));
#1818=VECTOR('',#1817,12.059551477727220);
#1819=LINE('',#1816,#1818);
#1820=EDGE_CURVE('',#1665,#1815,#1819,.T.);
#1821=ORIENTED_EDGE('',*,*,#1820,.T.);
#1822=CARTESIAN_POINT('',(-3.790448522272781,20.350000000000001,7.500000000000000));
#1823=VERTEX_POINT('',#1822);
#1824=CARTESIAN_POINT('',(-3.790448522272778,20.350000000000001,7.500000000000000));
#1825=DIRECTION('',(0.0,0.0,-1.0));
#1826=VECTOR('',#1825,4.499999999999996);
#1827=LINE('',#1824,#1826);
#1828=EDGE_CURVE('',#1823,#1815,#1827,.T.);
#1829=ORIENTED_EDGE('',*,*,#1828,.F.);
#1830=CARTESIAN_POINT('',(-15.850000000000001,20.350000000000001,7.500000000000002));
#1831=DIRECTION('',(1.0,0.0,0.0));
#1832=VECTOR('',#1831,12.059551477727220);
#1833=LINE('',#1830,#1832);
#1834=EDGE_CURVE('',#1688,#1823,#1833,.T.);
#1835=ORIENTED_EDGE('',*,*,#1834,.F.);
#1836=ORIENTED_EDGE('',*,*,#1695,.T.);
#1837=CARTESIAN_POINT('',(-15.850000000000001,20.350000000000001,10.500000000000000));
#1838=DIRECTION('',(1.0,0.0,0.0));
#1839=VECTOR('',#1838,31.700000000000003);
#1840=LINE('',#1837,#1839);
#1841=EDGE_CURVE('',#1690,#1791,#1840,.T.);
#1842=ORIENTED_EDGE('',*,*,#1841,.T.);
#1843=ORIENTED_EDGE('',*,*,#1796,.F.);
#1844=CARTESIAN_POINT('',(3.790448522272795,20.349999999999998,7.500000000000000));
#1845=VERTEX_POINT('',#1844);
#1846=CARTESIAN_POINT('',(3.790448522272795,20.349999999999998,7.500000000000000));
#1847=DIRECTION('',(1.0,0.0,0.0));
#1848=VECTOR('',#1847,12.059551477727208);
#1849=LINE('',#1846,#1848);
#1850=EDGE_CURVE('',#1845,#1782,#1849,.T.);
#1851=ORIENTED_EDGE('',*,*,#1850,.F.);
#1852=CARTESIAN_POINT('',(3.790448522272794,20.349999999999998,3.000000000000002));
#1853=VERTEX_POINT('',#1852);
#1854=CARTESIAN_POINT('',(3.790448522272779,20.350000000000001,3.000000000000002));
#1855=DIRECTION('',(0.0,0.0,1.0));
#1856=VECTOR('',#1855,4.499999999999998);
#1857=LINE('',#1854,#1856);
#1858=EDGE_CURVE('',#1853,#1845,#1857,.T.);
#1859=ORIENTED_EDGE('',*,*,#1858,.F.);
#1860=CARTESIAN_POINT('',(3.790448522272794,20.349999999999998,3.000000000000002));
#1861=DIRECTION('',(1.0,0.0,0.0));
#1862=VECTOR('',#1861,12.059551477727208);
#1863=LINE('',#1860,#1862);
#1864=EDGE_CURVE('',#1853,#1741,#1863,.T.);
#1865=ORIENTED_EDGE('',*,*,#1864,.T.);
#1866=ORIENTED_EDGE('',*,*,#1746,.F.);
#1867=CARTESIAN_POINT('',(-15.850000000000001,20.350000000000001,3.205292E-020));
#1868=DIRECTION('',(1.0,0.0,0.0));
#1869=VECTOR('',#1868,31.700000000000003);
#1870=LINE('',#1867,#1869);
#1871=EDGE_CURVE('',#1646,#1732,#1870,.T.);
#1872=ORIENTED_EDGE('',*,*,#1871,.F.);
#1873=EDGE_LOOP('',(#1813,#1821,#1829,#1835,#1836,#1842,#1843,#1851,#1859,#1865,#1866,#1872));
#1874=FACE_OUTER_BOUND('',#1873,.T.);
#1875=ADVANCED_FACE('',(#1874),#1812,.F.);
#1876=CARTESIAN_POINT('',(15.850000000000001,-15.850000000000001,-3.205292E-020));
#1877=DIRECTION('',(6.123234E-017,0.0,1.0));
#1878=DIRECTION('',(0.0,-1.0,0.0));
#1879=AXIS2_PLACEMENT_3D('',#1876,#1877,#1878);
#1880=CYLINDRICAL_SURFACE('',#1879,4.500000000000000);
#1881=CARTESIAN_POINT('',(15.850000000000001,-20.350000000000001,-3.205292E-020));
#1882=VERTEX_POINT('',#1881);
#1883=CARTESIAN_POINT('',(20.350000000000001,-15.850000000000001,-2.755776E-016));
#1884=VERTEX_POINT('',#1883);
#1885=CARTESIAN_POINT('',(15.850000000000001,-15.850000000000001,-5.767522E-016));
#1886=DIRECTION('',(6.123234E-017,0.0,1.0));
#1887=DIRECTION('',(0.0,-1.0,0.0));
#1888=AXIS2_PLACEMENT_3D('',#1885,#1886,#1887);
#1889=CIRCLE('',#1888,4.500000000000000);
#1890=EDGE_CURVE('',#1882,#1884,#1889,.T.);
#1891=ORIENTED_EDGE('',*,*,#1890,.T.);
#1892=CARTESIAN_POINT('',(20.350000000000001,-15.850000000000001,2.999999999999998));
#1893=VERTEX_POINT('',#1892);
#1894=CARTESIAN_POINT('',(20.350000000000001,-15.850000000000001,-2.755776E-016));
#1895=DIRECTION('',(0.0,0.0,1.0));
#1896=VECTOR('',#1895,2.999999999999998);
#1897=LINE('',#1894,#1896);
#1898=EDGE_CURVE('',#1884,#1893,#1897,.T.);
#1899=ORIENTED_EDGE('',*,*,#1898,.T.);
#1900=CARTESIAN_POINT('',(15.850000000000001,-20.350000000000001,2.999999999999998));
#1901=VERTEX_POINT('',#1900);
#1902=CARTESIAN_POINT('',(15.850000000000001,-15.850000000000001,2.999999999999998));
#1903=DIRECTION('',(-6.123234E-017,0.0,-1.0));
#1904=DIRECTION('',(0.0,-1.0,0.0));
#1905=AXIS2_PLACEMENT_3D('',#1902,#1903,#1904);
#1906=CIRCLE('',#1905,4.500000000000000);
#1907=EDGE_CURVE('',#1893,#1901,#1906,.T.);
#1908=ORIENTED_EDGE('',*,*,#1907,.T.);
#1909=CARTESIAN_POINT('',(15.850000000000001,-20.350000000000001,-3.205292E-020));
#1910=DIRECTION('',(0.0,0.0,1.0));
#1911=VECTOR('',#1910,2.999999999999998);
#1912=LINE('',#1909,#1911);
#1913=EDGE_CURVE('',#1882,#1901,#1912,.T.);
#1914=ORIENTED_EDGE('',*,*,#1913,.F.);
#1915=EDGE_LOOP('',(#1891,#1899,#1908,#1914));
#1916=FACE_OUTER_BOUND('',#1915,.T.);
#1917=ADVANCED_FACE('',(#1916),#1880,.T.);
#1918=CARTESIAN_POINT('',(15.850000000000001,-15.850000000000001,-3.205292E-020));
#1919=DIRECTION('',(6.123234E-017,0.0,1.0));
#1920=DIRECTION('',(0.0,-1.0,0.0));
#1921=AXIS2_PLACEMENT_3D('',#1918,#1919,#1920);
#1922=CYLINDRICAL_SURFACE('',#1921,4.500000000000000);
#1923=CARTESIAN_POINT('',(15.850000000000001,-20.350000000000001,7.499999999999998));
#1924=VERTEX_POINT('',#1923);
#1925=CARTESIAN_POINT('',(15.850000000000001,-20.350000000000001,10.500000000000000));
#1926=VERTEX_POINT('',#1925);
#1927=CARTESIAN_POINT('',(15.850000000000001,-20.350000000000001,7.499999999999998));
#1928=DIRECTION('',(0.0,0.0,1.0));
#1929=VECTOR('',#1928,3.000000000000002);
#1930=LINE('',#1927,#1929);
#1931=EDGE_CURVE('',#1924,#1926,#1930,.T.);
#1932=ORIENTED_EDGE('',*,*,#1931,.F.);
#1933=CARTESIAN_POINT('',(20.350000000000001,-15.850000000000001,7.499999999999998));
#1934=VERTEX_POINT('',#1933);
#1935=CARTESIAN_POINT('',(15.850000000000001,-15.850000000000001,7.499999999999999));
#1936=DIRECTION('',(6.123234E-017,0.0,1.0));
#1937=DIRECTION('',(0.0,-1.0,0.0));
#1938=AXIS2_PLACEMENT_3D('',#1935,#1936,#1937);
#1939=CIRCLE('',#1938,4.500000000000000);
#1940=EDGE_CURVE('',#1924,#1934,#1939,.T.);
#1941=ORIENTED_EDGE('',*,*,#1940,.T.);
#1942=CARTESIAN_POINT('',(20.350000000000001,-15.850000000000001,10.500000000000000));
#1943=VERTEX_POINT('',#1942);
#1944=CARTESIAN_POINT('',(20.350000000000001,-15.850000000000001,7.499999999999998));
#1945=DIRECTION('',(0.0,0.0,1.0));
#1946=VECTOR('',#1945,3.000000000000002);
#1947=LINE('',#1944,#1946);
#1948=EDGE_CURVE('',#1934,#1943,#1947,.T.);
#1949=ORIENTED_EDGE('',*,*,#1948,.T.);
#1950=CARTESIAN_POINT('',(15.850000000000001,-15.850000000000001,10.500000000000000));
#1951=DIRECTION('',(6.123234E-017,0.0,1.0));
#1952=DIRECTION('',(0.0,-1.0,0.0));
#1953=AXIS2_PLACEMENT_3D('',#1950,#1951,#1952);
#1954=CIRCLE('',#1953,4.500000000000000);
#1955=EDGE_CURVE('',#1926,#1943,#1954,.T.);
#1956=ORIENTED_EDGE('',*,*,#1955,.F.);
#1957=EDGE_LOOP('',(#1932,#1941,#1949,#1956));
#1958=FACE_OUTER_BOUND('',#1957,.T.);
#1959=ADVANCED_FACE('',(#1958),#1922,.T.);
#1960=CARTESIAN_POINT('',(20.349999999999998,20.350000000000001,-4.115312E-020));
#1961=DIRECTION('',(-1.0,0.0,0.0));
#1962=DIRECTION('',(0.0,-1.0,0.0));
#1963=AXIS2_PLACEMENT_3D('',#1960,#1961,#1962);
#1964=PLANE('',#1963);
#1965=ORIENTED_EDGE('',*,*,#1761,.T.);
#1966=CARTESIAN_POINT('',(20.350000000000001,3.790448522272786,2.999999999999999));
#1967=VERTEX_POINT('',#1966);
#1968=CARTESIAN_POINT('',(20.349999999999998,15.850000000000001,2.999999999999999));
#1969=DIRECTION('',(0.0,-1.0,0.0));
#1970=VECTOR('',#1969,12.059551477727215);
#1971=LINE('',#1968,#1970);
#1972=EDGE_CURVE('',#1749,#1967,#1971,.T.);
#1973=ORIENTED_EDGE('',*,*,#1972,.T.);
#1974=CARTESIAN_POINT('',(20.350000000000001,3.790448522272786,7.499999999999999));
#1975=VERTEX_POINT('',#1974);
#1976=CARTESIAN_POINT('',(20.350000000000001,3.790448522272780,7.499999999999999));
#1977=DIRECTION('',(0.0,0.0,-1.0));
#1978=VECTOR('',#1977,4.500000000000000);
#1979=LINE('',#1976,#1978);
#1980=EDGE_CURVE('',#1975,#1967,#1979,.T.);
#1981=ORIENTED_EDGE('',*,*,#1980,.F.);
#1982=CARTESIAN_POINT('',(20.349999999999998,15.850000000000001,7.499999999999998));
#1983=DIRECTION('',(0.0,-1.0,0.0));
#1984=VECTOR('',#1983,12.059551477727215);
#1985=LINE('',#1982,#1984);
#1986=EDGE_CURVE('',#1772,#1975,#1985,.T.);
#1987=ORIENTED_EDGE('',*,*,#1986,.F.);
#1988=ORIENTED_EDGE('',*,*,#1779,.T.);
#1989=CARTESIAN_POINT('',(20.349999999999998,15.850000000000001,10.499999999999996));
#1990=DIRECTION('',(0.0,-1.0,0.0));
#1991=VECTOR('',#1990,31.700000000000003);
#1992=LINE('',#1989,#1991);
#1993=EDGE_CURVE('',#1774,#1943,#1992,.T.);
#1994=ORIENTED_EDGE('',*,*,#1993,.T.);
#1995=ORIENTED_EDGE('',*,*,#1948,.F.);
#1996=CARTESIAN_POINT('',(20.350000000000001,-3.790448522272775,7.499999999999999));
#1997=VERTEX_POINT('',#1996);
#1998=CARTESIAN_POINT('',(20.350000000000001,-3.790448522272775,7.499999999999999));
#1999=DIRECTION('',(0.0,-1.0,0.0));
#2000=VECTOR('',#1999,12.059551477727226);
#2001=LINE('',#1998,#2000);
#2002=EDGE_CURVE('',#1997,#1934,#2001,.T.);
#2003=ORIENTED_EDGE('',*,*,#2002,.F.);
#2004=CARTESIAN_POINT('',(20.350000000000001,-3.790448522272775,2.999999999999998));
#2005=VERTEX_POINT('',#2004);
#2006=CARTESIAN_POINT('',(20.350000000000001,-3.790448522272777,2.999999999999998));
#2007=DIRECTION('',(0.0,0.0,1.0));
#2008=VECTOR('',#2007,4.500000000000000);
#2009=LINE('',#2006,#2008);
#2010=EDGE_CURVE('',#2005,#1997,#2009,.T.);
#2011=ORIENTED_EDGE('',*,*,#2010,.F.);
#2012=CARTESIAN_POINT('',(20.350000000000001,-3.790448522272775,2.999999999999998));
#2013=DIRECTION('',(0.0,-1.0,0.0));
#2014=VECTOR('',#2013,12.059551477727226);
#2015=LINE('',#2012,#2014);
#2016=EDGE_CURVE('',#2005,#1893,#2015,.T.);
#2017=ORIENTED_EDGE('',*,*,#2016,.T.);
#2018=ORIENTED_EDGE('',*,*,#1898,.F.);
#2019=CARTESIAN_POINT('',(20.349999999999998,15.850000000000001,-4.115312E-020));
#2020=DIRECTION('',(0.0,-1.0,0.0));
#2021=VECTOR('',#2020,31.700000000000003);
#2022=LINE('',#2019,#2021);
#2023=EDGE_CURVE('',#1730,#1884,#2022,.T.);
#2024=ORIENTED_EDGE('',*,*,#2023,.F.);
#2025=EDGE_LOOP('',(#1965,#1973,#1981,#1987,#1988,#1994,#1995,#2003,#2011,#2017,#2018,#2024));
#2026=FACE_OUTER_BOUND('',#2025,.T.);
#2027=ADVANCED_FACE('',(#2026),#1964,.F.);
#2028=CARTESIAN_POINT('',(-15.850000000000001,-15.850000000000009,-2.755044E-016));
#2029=DIRECTION('',(6.123234E-017,0.0,1.0));
#2030=DIRECTION('',(-1.0,0.0,6.123234E-017));
#2031=AXIS2_PLACEMENT_3D('',#2028,#2029,#2030);
#2032=CYLINDRICAL_SURFACE('',#2031,4.500000000000000);
#2033=CARTESIAN_POINT('',(-20.350000000000001,-15.850000000000009,4.115312E-020));
#2034=VERTEX_POINT('',#2033);
#2035=CARTESIAN_POINT('',(-15.850000000000001,-20.350000000000009,-2.755044E-016));
#2036=VERTEX_POINT('',#2035);
#2037=CARTESIAN_POINT('',(-15.850000000000001,-15.850000000000009,1.364313E-015));
#2038=DIRECTION('',(6.123234E-017,0.0,1.0));
#2039=DIRECTION('',(-1.0,0.0,6.123234E-017));
#2040=AXIS2_PLACEMENT_3D('',#2037,#2038,#2039);
#2041=CIRCLE('',#2040,4.500000000000000);
#2042=EDGE_CURVE('',#2034,#2036,#2041,.T.);
#2043=ORIENTED_EDGE('',*,*,#2042,.T.);
#2044=CARTESIAN_POINT('',(-15.850000000000001,-20.350000000000009,3.000000000000000));
#2045=VERTEX_POINT('',#2044);
#2046=CARTESIAN_POINT('',(-15.850000000000001,-20.350000000000009,-2.755044E-016));
#2047=DIRECTION('',(0.0,0.0,1.0));
#2048=VECTOR('',#2047,3.000000000000001);
#2049=LINE('',#2046,#2048);
#2050=EDGE_CURVE('',#2036,#2045,#2049,.T.);
#2051=ORIENTED_EDGE('',*,*,#2050,.T.);
#2052=CARTESIAN_POINT('',(-20.350000000000001,-15.850000000000009,3.000000000000001));
#2053=VERTEX_POINT('',#2052);
#2054=CARTESIAN_POINT('',(-15.850000000000001,-15.850000000000009,3.0));
#2055=DIRECTION('',(-6.123234E-017,0.0,-1.0));
#2056=DIRECTION('',(-1.0,0.0,6.123234E-017));
#2057=AXIS2_PLACEMENT_3D('',#2054,#2055,#2056);
#2058=CIRCLE('',#2057,4.500000000000000);
#2059=EDGE_CURVE('',#2045,#2053,#2058,.T.);
#2060=ORIENTED_EDGE('',*,*,#2059,.T.);
#2061=CARTESIAN_POINT('',(-20.350000000000001,-15.850000000000009,4.115312E-020));
#2062=DIRECTION('',(0.0,0.0,1.0));
#2063=VECTOR('',#2062,3.000000000000001);
#2064=LINE('',#2061,#2063);
#2065=EDGE_CURVE('',#2034,#2053,#2064,.T.);
#2066=ORIENTED_EDGE('',*,*,#2065,.F.);
#2067=EDGE_LOOP('',(#2043,#2051,#2060,#2066));
#2068=FACE_OUTER_BOUND('',#2067,.T.);
#2069=ADVANCED_FACE('',(#2068),#2032,.T.);
#2070=CARTESIAN_POINT('',(-15.850000000000001,-15.850000000000009,-2.755044E-016));
#2071=DIRECTION('',(6.123234E-017,0.0,1.0));
#2072=DIRECTION('',(-1.0,0.0,6.123234E-017));
#2073=AXIS2_PLACEMENT_3D('',#2070,#2071,#2072);
#2074=CYLINDRICAL_SURFACE('',#2073,4.500000000000000);
#2075=CARTESIAN_POINT('',(-20.350000000000001,-15.850000000000009,7.500000000000002));
#2076=VERTEX_POINT('',#2075);
#2077=CARTESIAN_POINT('',(-20.350000000000001,-15.850000000000009,10.500000000000005));
#2078=VERTEX_POINT('',#2077);
#2079=CARTESIAN_POINT('',(-20.350000000000001,-15.850000000000009,7.500000000000002));
#2080=DIRECTION('',(0.0,0.0,1.0));
#2081=VECTOR('',#2080,3.000000000000004);
#2082=LINE('',#2079,#2081);
#2083=EDGE_CURVE('',#2076,#2078,#2082,.T.);
#2084=ORIENTED_EDGE('',*,*,#2083,.F.);
#2085=CARTESIAN_POINT('',(-15.850000000000001,-20.350000000000009,7.500000000000002));
#2086=VERTEX_POINT('',#2085);
#2087=CARTESIAN_POINT('',(-15.850000000000001,-15.850000000000009,7.500000000000001));
#2088=DIRECTION('',(6.123234E-017,0.0,1.0));
#2089=DIRECTION('',(-1.0,0.0,6.123234E-017));
#2090=AXIS2_PLACEMENT_3D('',#2087,#2088,#2089);
#2091=CIRCLE('',#2090,4.500000000000000);
#2092=EDGE_CURVE('',#2076,#2086,#2091,.T.);
#2093=ORIENTED_EDGE('',*,*,#2092,.T.);
#2094=CARTESIAN_POINT('',(-15.850000000000001,-20.350000000000009,10.500000000000005));
#2095=VERTEX_POINT('',#2094);
#2096=CARTESIAN_POINT('',(-15.850000000000001,-20.350000000000009,7.500000000000002));
#2097=DIRECTION('',(0.0,0.0,1.0));
#2098=VECTOR('',#2097,3.000000000000004);
#2099=LINE('',#2096,#2098);
#2100=EDGE_CURVE('',#2086,#2095,#2099,.T.);
#2101=ORIENTED_EDGE('',*,*,#2100,.T.);
#2102=CARTESIAN_POINT('',(-15.850000000000001,-15.850000000000009,10.500000000000002));
#2103=DIRECTION('',(6.123234E-017,0.0,1.0));
#2104=DIRECTION('',(-1.0,0.0,6.123234E-017));
#2105=AXIS2_PLACEMENT_3D('',#2102,#2103,#2104);
#2106=CIRCLE('',#2105,4.500000000000000);
#2107=EDGE_CURVE('',#2078,#2095,#2106,.T.);
#2108=ORIENTED_EDGE('',*,*,#2107,.F.);
#2109=EDGE_LOOP('',(#2084,#2093,#2101,#2108));
#2110=FACE_OUTER_BOUND('',#2109,.T.);
#2111=ADVANCED_FACE('',(#2110),#2074,.T.);
#2112=CARTESIAN_POINT('',(20.350000000000001,-20.350000000000001,-4.115312E-020));
#2113=DIRECTION('',(0.0,1.0,0.0));
#2114=DIRECTION('',(-1.0,0.0,0.0));
#2115=AXIS2_PLACEMENT_3D('',#2112,#2113,#2114);
#2116=PLANE('',#2115);
#2117=ORIENTED_EDGE('',*,*,#1913,.T.);
#2118=CARTESIAN_POINT('',(3.790448522272769,-20.350000000000005,2.999999999999997));
#2119=VERTEX_POINT('',#2118);
#2120=CARTESIAN_POINT('',(15.850000000000001,-20.350000000000001,2.999999999999998));
#2121=DIRECTION('',(-1.0,0.0,0.0));
#2122=VECTOR('',#2121,12.059551477727233);
#2123=LINE('',#2120,#2122);
#2124=EDGE_CURVE('',#1901,#2119,#2123,.T.);
#2125=ORIENTED_EDGE('',*,*,#2124,.T.);
#2126=CARTESIAN_POINT('',(3.790448522272770,-20.350000000000005,7.500000000000000));
#2127=VERTEX_POINT('',#2126);
#2128=CARTESIAN_POINT('',(3.790448522272760,-20.350000000000005,7.500000000000000));
#2129=DIRECTION('',(0.0,0.0,-1.0));
#2130=VECTOR('',#2129,4.500000000000004);
#2131=LINE('',#2128,#2130);
#2132=EDGE_CURVE('',#2127,#2119,#2131,.T.);
#2133=ORIENTED_EDGE('',*,*,#2132,.F.);
#2134=CARTESIAN_POINT('',(15.850000000000001,-20.350000000000001,7.499999999999998));
#2135=DIRECTION('',(-1.0,0.0,0.0));
#2136=VECTOR('',#2135,12.059551477727233);
#2137=LINE('',#2134,#2136);
#2138=EDGE_CURVE('',#1924,#2127,#2137,.T.);
#2139=ORIENTED_EDGE('',*,*,#2138,.F.);
#2140=ORIENTED_EDGE('',*,*,#1931,.T.);
#2141=CARTESIAN_POINT('',(15.850000000000001,-20.350000000000001,10.500000000000000));
#2142=DIRECTION('',(-1.0,0.0,0.0));
#2143=VECTOR('',#2142,31.700000000000003);
#2144=LINE('',#2141,#2143);
#2145=EDGE_CURVE('',#1926,#2095,#2144,.T.);
#2146=ORIENTED_EDGE('',*,*,#2145,.T.);
#2147=ORIENTED_EDGE('',*,*,#2100,.F.);
#2148=CARTESIAN_POINT('',(-3.790448522272755,-20.350000000000005,7.500000000000000));
#2149=VERTEX_POINT('',#2148);
#2150=CARTESIAN_POINT('',(-3.790448522272755,-20.350000000000005,7.500000000000000));
#2151=DIRECTION('',(-1.0,0.0,0.0));
#2152=VECTOR('',#2151,12.059551477727247);
#2153=LINE('',#2150,#2152);
#2154=EDGE_CURVE('',#2149,#2086,#2153,.T.);
#2155=ORIENTED_EDGE('',*,*,#2154,.F.);
#2156=CARTESIAN_POINT('',(-3.790448522272756,-20.350000000000005,2.999999999999998));
#2157=VERTEX_POINT('',#2156);
#2158=CARTESIAN_POINT('',(-3.790448522272753,-20.350000000000005,2.999999999999998));
#2159=DIRECTION('',(0.0,0.0,1.0));
#2160=VECTOR('',#2159,4.500000000000002);
#2161=LINE('',#2158,#2160);
#2162=EDGE_CURVE('',#2157,#2149,#2161,.T.);
#2163=ORIENTED_EDGE('',*,*,#2162,.F.);
#2164=CARTESIAN_POINT('',(-3.790448522272756,-20.350000000000005,2.999999999999998));
#2165=DIRECTION('',(-1.0,0.0,0.0));
#2166=VECTOR('',#2165,12.059551477727245);
#2167=LINE('',#2164,#2166);
#2168=EDGE_CURVE('',#2157,#2045,#2167,.T.);
#2169=ORIENTED_EDGE('',*,*,#2168,.T.);
#2170=ORIENTED_EDGE('',*,*,#2050,.F.);
#2171=CARTESIAN_POINT('',(15.850000000000001,-20.350000000000001,-3.205292E-020));
#2172=DIRECTION('',(-1.0,0.0,0.0));
#2173=VECTOR('',#2172,31.700000000000003);
#2174=LINE('',#2171,#2173);
#2175=EDGE_CURVE('',#1882,#2036,#2174,.T.);
#2176=ORIENTED_EDGE('',*,*,#2175,.F.);
#2177=EDGE_LOOP('',(#2117,#2125,#2133,#2139,#2140,#2146,#2147,#2155,#2163,#2169,#2170,#2176));
#2178=FACE_OUTER_BOUND('',#2177,.T.);
#2179=ADVANCED_FACE('',(#2178),#2116,.F.);
#2180=CARTESIAN_POINT('',(-20.350000000000001,-20.350000000000009,4.115312E-020));
#2181=DIRECTION('',(1.0,0.0,0.0));
#2182=DIRECTION('',(0.0,1.0,0.0));
#2183=AXIS2_PLACEMENT_3D('',#2180,#2181,#2182);
#2184=PLANE('',#2183);
#2185=ORIENTED_EDGE('',*,*,#1712,.F.);
#2186=CARTESIAN_POINT('',(-20.350000000000001,3.790448522272777,7.500000000000001));
#2187=VERTEX_POINT('',#2186);
#2188=CARTESIAN_POINT('',(-20.350000000000001,15.850000000000001,7.500000000000002));
#2189=DIRECTION('',(0.0,-1.0,0.0));
#2190=VECTOR('',#2189,12.059551477727224);
#2191=LINE('',#2188,#2190);
#2192=EDGE_CURVE('',#1698,#2187,#2191,.T.);
#2193=ORIENTED_EDGE('',*,*,#2192,.T.);
#2194=CARTESIAN_POINT('',(-20.350000000000001,3.790448522272777,3.000000000000002));
#2195=VERTEX_POINT('',#2194);
#2196=CARTESIAN_POINT('',(-20.350000000000001,3.790448522272779,3.000000000000002));
#2197=DIRECTION('',(0.0,0.0,1.0));
#2198=VECTOR('',#2197,4.500000000000000);
#2199=LINE('',#2196,#2198);
#2200=EDGE_CURVE('',#2195,#2187,#2199,.T.);
#2201=ORIENTED_EDGE('',*,*,#2200,.F.);
#2202=CARTESIAN_POINT('',(-20.350000000000001,15.850000000000001,3.000000000000002));
#2203=DIRECTION('',(0.0,-1.0,0.0));
#2204=VECTOR('',#2203,12.059551477727224);
#2205=LINE('',#2202,#2204);
#2206=EDGE_CURVE('',#1657,#2195,#2205,.T.);
#2207=ORIENTED_EDGE('',*,*,#2206,.F.);
#2208=ORIENTED_EDGE('',*,*,#1662,.F.);
#2209=CARTESIAN_POINT('',(-20.350000000000001,-15.850000000000009,4.115312E-020));
#2210=DIRECTION('',(0.0,1.0,0.0));
#2211=VECTOR('',#2210,31.700000000000010);
#2212=LINE('',#2209,#2211);
#2213=EDGE_CURVE('',#2034,#1648,#2212,.T.);
#2214=ORIENTED_EDGE('',*,*,#2213,.F.);
#2215=ORIENTED_EDGE('',*,*,#2065,.T.);
#2216=CARTESIAN_POINT('',(-20.350000000000001,-3.790448522272779,3.000000000000001));
#2217=VERTEX_POINT('',#2216);
#2218=CARTESIAN_POINT('',(-20.350000000000001,-3.790448522272779,3.000000000000001));
#2219=DIRECTION('',(0.0,-1.0,0.0));
#2220=VECTOR('',#2219,12.059551477727229);
#2221=LINE('',#2218,#2220);
#2222=EDGE_CURVE('',#2217,#2053,#2221,.T.);
#2223=ORIENTED_EDGE('',*,*,#2222,.F.);
#2224=CARTESIAN_POINT('',(-20.350000000000001,-3.790448522272779,7.500000000000001));
#2225=VERTEX_POINT('',#2224);
#2226=CARTESIAN_POINT('',(-20.350000000000001,-3.790448522272779,7.500000000000001));
#2227=DIRECTION('',(0.0,0.0,-1.0));
#2228=VECTOR('',#2227,4.500000000000000);
#2229=LINE('',#2226,#2228);
#2230=EDGE_CURVE('',#2225,#2217,#2229,.T.);
#2231=ORIENTED_EDGE('',*,*,#2230,.F.);
#2232=CARTESIAN_POINT('',(-20.350000000000001,-3.790448522272779,7.500000000000001));
#2233=DIRECTION('',(0.0,-1.0,0.0));
#2234=VECTOR('',#2233,12.059551477727229);
#2235=LINE('',#2232,#2234);
#2236=EDGE_CURVE('',#2225,#2076,#2235,.T.);
#2237=ORIENTED_EDGE('',*,*,#2236,.T.);
#2238=ORIENTED_EDGE('',*,*,#2083,.T.);
#2239=CARTESIAN_POINT('',(-20.350000000000001,15.850000000000001,10.500000000000000));
#2240=DIRECTION('',(0.0,-1.0,0.0));
#2241=VECTOR('',#2240,31.700000000000010);
#2242=LINE('',#2239,#2241);
#2243=EDGE_CURVE('',#1707,#2078,#2242,.T.);
#2244=ORIENTED_EDGE('',*,*,#2243,.F.);
#2245=EDGE_LOOP('',(#2185,#2193,#2201,#2207,#2208,#2214,#2215,#2223,#2231,#2237,#2238,#2244));
#2246=FACE_OUTER_BOUND('',#2245,.T.);
#2247=ADVANCED_FACE('',(#2246),#2184,.F.);
#2248=CARTESIAN_POINT('',(100.0,100.0,2.999999999999997));
#2249=DIRECTION('',(0.0,0.0,1.0));
#2250=DIRECTION('',(-1.0,0.0,0.0));
#2251=AXIS2_PLACEMENT_3D('',#2248,#2249,#2250);
#2252=PLANE('',#2251);
#2253=ORIENTED_EDGE('',*,*,#1671,.F.);
#2254=ORIENTED_EDGE('',*,*,#2206,.T.);
#2255=CARTESIAN_POINT('',(-16.723896563776506,12.198413164182639,3.000000000000003));
#2256=VERTEX_POINT('',#2255);
#2257=CARTESIAN_POINT('',(1.836970E-016,0.0,3.0));
#2258=DIRECTION('',(6.123234E-017,-1.287215E-016,1.0));
#2259=DIRECTION('',(7.881919E-033,1.0,1.287215E-016));
#2260=AXIS2_PLACEMENT_3D('',#2257,#2258,#2259);
#2261=CIRCLE('',#2260,20.699999999999999);
#2262=EDGE_CURVE('',#2256,#2195,#2261,.T.);
#2263=ORIENTED_EDGE('',*,*,#2262,.F.);
#2264=CARTESIAN_POINT('',(-18.262741699796930,13.737258300203028,3.000000000000002));
#2265=VERTEX_POINT('',#2264);
#2266=CARTESIAN_POINT('',(-16.723896563776506,12.198413164182639,3.000000000000003));
#2267=DIRECTION('',(-0.707106781186556,0.707106781186539,-6.121834E-016));
#2268=VECTOR('',#2267,2.176255661751928);
#2269=LINE('',#2266,#2268);
#2270=EDGE_CURVE('',#2256,#2265,#2269,.T.);
#2271=ORIENTED_EDGE('',*,*,#2270,.T.);
#2272=CARTESIAN_POINT('',(-13.737258300203045,18.262741699796941,3.000000000000001));
#2273=VERTEX_POINT('',#2272);
#2274=CARTESIAN_POINT('',(-16.000000000000004,16.0,3.000000000000001));
#2275=DIRECTION('',(1.224586E-016,4.930381E-032,-1.0));
#2276=DIRECTION('',(-0.707106781186541,-0.707106781186554,-8.659132E-017));
#2277=AXIS2_PLACEMENT_3D('',#2274,#2275,#2276);
#2278=CIRCLE('',#2277,3.200000000000000);
#2279=EDGE_CURVE('',#2265,#2273,#2278,.T.);
#2280=ORIENTED_EDGE('',*,*,#2279,.T.);
#2281=CARTESIAN_POINT('',(-12.198413164182622,16.723896563776520,3.000000000000003));
#2282=VERTEX_POINT('',#2281);
#2283=CARTESIAN_POINT('',(-12.198413164182622,16.723896563776520,3.000000000000003));
#2284=DIRECTION('',(-0.707106781186548,0.707106781186547,-1.020306E-015));
#2285=VECTOR('',#2284,2.176255661751951);
#2286=LINE('',#2283,#2285);
#2287=EDGE_CURVE('',#2282,#2273,#2286,.T.);
#2288=ORIENTED_EDGE('',*,*,#2287,.F.);
#2289=CARTESIAN_POINT('',(1.836970E-016,0.0,3.0));
#2290=DIRECTION('',(6.123234E-017,-1.287215E-016,1.0));
#2291=DIRECTION('',(7.881919E-033,1.0,1.287215E-016));
#2292=AXIS2_PLACEMENT_3D('',#2289,#2290,#2291);
#2293=CIRCLE('',#2292,20.699999999999999);
#2294=EDGE_CURVE('',#1815,#2282,#2293,.T.);
#2295=ORIENTED_EDGE('',*,*,#2294,.F.);
#2296=ORIENTED_EDGE('',*,*,#1820,.F.);
#2297=EDGE_LOOP('',(#2253,#2254,#2263,#2271,#2280,#2288,#2295,#2296));
#2298=FACE_OUTER_BOUND('',#2297,.T.);
#2299=ADVANCED_FACE('',(#2298),#2252,.T.);
#2300=CARTESIAN_POINT('',(100.0,100.0,2.999999999999997));
#2301=DIRECTION('',(0.0,0.0,1.0));
#2302=DIRECTION('',(-1.0,0.0,0.0));
#2303=AXIS2_PLACEMENT_3D('',#2300,#2301,#2302);
#2304=PLANE('',#2303);
#2305=ORIENTED_EDGE('',*,*,#2222,.T.);
#2306=ORIENTED_EDGE('',*,*,#2059,.F.);
#2307=ORIENTED_EDGE('',*,*,#2168,.F.);
#2308=CARTESIAN_POINT('',(-12.198413164182641,-16.723896563776506,2.999999999999999));
#2309=VERTEX_POINT('',#2308);
#2310=CARTESIAN_POINT('',(1.836970E-016,0.0,3.0));
#2311=DIRECTION('',(6.123234E-017,-1.287215E-016,1.0));
#2312=DIRECTION('',(7.881919E-033,1.0,1.287215E-016));
#2313=AXIS2_PLACEMENT_3D('',#2310,#2311,#2312);
#2314=CIRCLE('',#2313,20.699999999999999);
#2315=EDGE_CURVE('',#2309,#2157,#2314,.T.);
#2316=ORIENTED_EDGE('',*,*,#2315,.F.);
#2317=CARTESIAN_POINT('',(-13.737258300203029,-18.262741699796930,3.0));
#2318=VERTEX_POINT('',#2317);
#2319=CARTESIAN_POINT('',(-12.198413164182641,-16.723896563776506,2.999999999999999));
#2320=DIRECTION('',(-0.707106781186539,-0.707106781186556,6.121834E-016));
#2321=VECTOR('',#2320,2.176255661751928);
#2322=LINE('',#2319,#2321);
#2323=EDGE_CURVE('',#2309,#2318,#2322,.T.);
#2324=ORIENTED_EDGE('',*,*,#2323,.T.);
#2325=CARTESIAN_POINT('',(-18.262741699796941,-13.737258300203044,3.000000000000001));
#2326=VERTEX_POINT('',#2325);
#2327=CARTESIAN_POINT('',(-16.0,-15.999999999999996,3.0));
#2328=DIRECTION('',(-6.123234E-017,1.836910E-016,-1.0));
#2329=DIRECTION('',(0.707106781186554,-0.707106781186541,-1.731869E-016));
#2330=AXIS2_PLACEMENT_3D('',#2327,#2328,#2329);
#2331=CIRCLE('',#2330,3.200000000000000);
#2332=EDGE_CURVE('',#2318,#2326,#2331,.T.);
#2333=ORIENTED_EDGE('',*,*,#2332,.T.);
#2334=CARTESIAN_POINT('',(-16.723896563776520,-12.198413164182620,2.999999999999999));
#2335=VERTEX_POINT('',#2334);
#2336=CARTESIAN_POINT('',(-16.723896563776520,-12.198413164182620,2.999999999999999));
#2337=DIRECTION('',(-0.707106781186547,-0.707106781186548,6.121834E-016));
#2338=VECTOR('',#2337,2.176255661751951);
#2339=LINE('',#2336,#2338);
#2340=EDGE_CURVE('',#2335,#2326,#2339,.T.);
#2341=ORIENTED_EDGE('',*,*,#2340,.F.);
#2342=CARTESIAN_POINT('',(1.836970E-016,0.0,3.0));
#2343=DIRECTION('',(6.123234E-017,-1.287215E-016,1.0));
#2344=DIRECTION('',(7.881919E-033,1.0,1.287215E-016));
#2345=AXIS2_PLACEMENT_3D('',#2342,#2343,#2344);
#2346=CIRCLE('',#2345,20.699999999999999);
#2347=EDGE_CURVE('',#2217,#2335,#2346,.T.);
#2348=ORIENTED_EDGE('',*,*,#2347,.F.);
#2349=EDGE_LOOP('',(#2305,#2306,#2307,#2316,#2324,#2333,#2341,#2348));
#2350=FACE_OUTER_BOUND('',#2349,.T.);
#2351=ADVANCED_FACE('',(#2350),#2304,.T.);
#2352=CARTESIAN_POINT('',(100.0,100.0,2.999999999999997));
#2353=DIRECTION('',(0.0,0.0,1.0));
#2354=DIRECTION('',(-1.0,0.0,0.0));
#2355=AXIS2_PLACEMENT_3D('',#2352,#2353,#2354);
#2356=PLANE('',#2355);
#2357=ORIENTED_EDGE('',*,*,#1907,.F.);
#2358=ORIENTED_EDGE('',*,*,#2016,.F.);
#2359=CARTESIAN_POINT('',(16.723896563776506,-12.198413164182641,2.999999999999997));
#2360=VERTEX_POINT('',#2359);
#2361=CARTESIAN_POINT('',(1.836970E-016,0.0,3.0));
#2362=DIRECTION('',(6.123234E-017,-1.287215E-016,1.0));
#2363=DIRECTION('',(7.881919E-033,1.0,1.287215E-016));
#2364=AXIS2_PLACEMENT_3D('',#2361,#2362,#2363);
#2365=CIRCLE('',#2364,20.699999999999999);
#2366=EDGE_CURVE('',#2360,#2005,#2365,.T.);
#2367=ORIENTED_EDGE('',*,*,#2366,.F.);
#2368=CARTESIAN_POINT('',(18.262741699796930,-13.737258300203029,2.999999999999998));
#2369=VERTEX_POINT('',#2368);
#2370=CARTESIAN_POINT('',(16.723896563776506,-12.198413164182641,2.999999999999997));
#2371=DIRECTION('',(0.707106781186556,-0.707106781186539,4.081223E-016));
#2372=VECTOR('',#2371,2.176255661751928);
#2373=LINE('',#2370,#2372);
#2374=EDGE_CURVE('',#2360,#2369,#2373,.T.);
#2375=ORIENTED_EDGE('',*,*,#2374,.T.);
#2376=CARTESIAN_POINT('',(13.737258300203044,-18.262741699796941,2.999999999999998));
#2377=VERTEX_POINT('',#2376);
#2378=CARTESIAN_POINT('',(15.999999999999998,-16.000000000000007,2.999999999999998));
#2379=DIRECTION('',(-2.449233E-016,0.0,-1.0));
#2380=DIRECTION('',(0.707106781186541,0.707106781186554,-1.731869E-016));
#2381=AXIS2_PLACEMENT_3D('',#2378,#2379,#2380);
#2382=CIRCLE('',#2381,3.200000000000000);
#2383=EDGE_CURVE('',#2369,#2377,#2382,.T.);
#2384=ORIENTED_EDGE('',*,*,#2383,.T.);
#2385=CARTESIAN_POINT('',(12.198413164182620,-16.723896563776520,2.999999999999997));
#2386=VERTEX_POINT('',#2385);
#2387=CARTESIAN_POINT('',(12.198413164182620,-16.723896563776520,2.999999999999997));
#2388=DIRECTION('',(0.707106781186548,-0.707106781186547,6.121834E-016));
#2389=VECTOR('',#2388,2.176255661751951);
#2390=LINE('',#2387,#2389);
#2391=EDGE_CURVE('',#2386,#2377,#2390,.T.);
#2392=ORIENTED_EDGE('',*,*,#2391,.F.);
#2393=CARTESIAN_POINT('',(1.836970E-016,0.0,3.0));
#2394=DIRECTION('',(6.123234E-017,-1.287215E-016,1.0));
#2395=DIRECTION('',(7.881919E-033,1.0,1.287215E-016));
#2396=AXIS2_PLACEMENT_3D('',#2393,#2394,#2395);
#2397=CIRCLE('',#2396,20.699999999999999);
#2398=EDGE_CURVE('',#2119,#2386,#2397,.T.);
#2399=ORIENTED_EDGE('',*,*,#2398,.F.);
#2400=ORIENTED_EDGE('',*,*,#2124,.F.);
#2401=EDGE_LOOP('',(#2357,#2358,#2367,#2375,#2384,#2392,#2399,#2400));
#2402=FACE_OUTER_BOUND('',#2401,.T.);
#2403=ADVANCED_FACE('',(#2402),#2356,.T.);
#2404=CARTESIAN_POINT('',(100.0,100.0,2.999999999999997));
#2405=DIRECTION('',(0.0,0.0,1.0));
#2406=DIRECTION('',(-1.0,0.0,0.0));
#2407=AXIS2_PLACEMENT_3D('',#2404,#2405,#2406);
#2408=PLANE('',#2407);
#2409=ORIENTED_EDGE('',*,*,#1755,.F.);
#2410=ORIENTED_EDGE('',*,*,#1864,.F.);
#2411=CARTESIAN_POINT('',(12.198413164182643,16.723896563776503,3.000000000000001));
#2412=VERTEX_POINT('',#2411);
#2413=CARTESIAN_POINT('',(1.836970E-016,0.0,3.0));
#2414=DIRECTION('',(6.123234E-017,-1.287215E-016,1.0));
#2415=DIRECTION('',(7.881919E-033,1.0,1.287215E-016));
#2416=AXIS2_PLACEMENT_3D('',#2413,#2414,#2415);
#2417=CIRCLE('',#2416,20.699999999999999);
#2418=EDGE_CURVE('',#2412,#1853,#2417,.T.);
#2419=ORIENTED_EDGE('',*,*,#2418,.F.);
#2420=CARTESIAN_POINT('',(13.737258300203031,18.262741699796926,3.000000000000000));
#2421=VERTEX_POINT('',#2420);
#2422=CARTESIAN_POINT('',(12.198413164182643,16.723896563776503,3.000000000000001));
#2423=DIRECTION('',(0.707106781186539,0.707106781186556,-8.162446E-016));
#2424=VECTOR('',#2423,2.176255661751928);
#2425=LINE('',#2422,#2424);
#2426=EDGE_CURVE('',#2412,#2421,#2425,.T.);
#2427=ORIENTED_EDGE('',*,*,#2426,.T.);
#2428=CARTESIAN_POINT('',(18.262741699796944,13.737258300203042,2.999999999999999));
#2429=VERTEX_POINT('',#2428);
#2430=CARTESIAN_POINT('',(16.000000000000004,15.999999999999998,3.000000000000000));
#2431=DIRECTION('',(-6.123234E-017,-1.836910E-016,-1.0));
#2432=DIRECTION('',(-0.707106781186554,0.707106781186541,-8.659132E-017));
#2433=AXIS2_PLACEMENT_3D('',#2430,#2431,#2432);
#2434=CIRCLE('',#2433,3.200000000000000);
#2435=EDGE_CURVE('',#2421,#2429,#2434,.T.);
#2436=ORIENTED_EDGE('',*,*,#2435,.T.);
#2437=CARTESIAN_POINT('',(16.723896563776524,12.198413164182618,3.000000000000001));
#2438=VERTEX_POINT('',#2437);
#2439=CARTESIAN_POINT('',(16.723896563776524,12.198413164182618,3.000000000000001));
#2440=DIRECTION('',(0.707106781186547,0.707106781186548,-8.162446E-016));
#2441=VECTOR('',#2440,2.176255661751951);
#2442=LINE('',#2439,#2441);
#2443=EDGE_CURVE('',#2438,#2429,#2442,.T.);
#2444=ORIENTED_EDGE('',*,*,#2443,.F.);
#2445=CARTESIAN_POINT('',(1.836970E-016,0.0,3.0));
#2446=DIRECTION('',(6.123234E-017,-1.287215E-016,1.0));
#2447=DIRECTION('',(7.881919E-033,1.0,1.287215E-016));
#2448=AXIS2_PLACEMENT_3D('',#2445,#2446,#2447);
#2449=CIRCLE('',#2448,20.699999999999999);
#2450=EDGE_CURVE('',#1967,#2438,#2449,.T.);
#2451=ORIENTED_EDGE('',*,*,#2450,.F.);
#2452=ORIENTED_EDGE('',*,*,#1972,.F.);
#2453=EDGE_LOOP('',(#2409,#2410,#2419,#2427,#2436,#2444,#2451,#2452));
#2454=FACE_OUTER_BOUND('',#2453,.T.);
#2455=ADVANCED_FACE('',(#2454),#2408,.T.);
#2456=CARTESIAN_POINT('',(1.836970E-016,0.0,3.0));
#2457=DIRECTION('',(6.123234E-017,-1.287215E-016,1.0));
#2458=DIRECTION('',(7.881919E-033,1.0,1.287215E-016));
#2459=AXIS2_PLACEMENT_3D('',#2456,#2457,#2458);
#2460=CYLINDRICAL_SURFACE('',#2459,20.699999999999999);
#2461=ORIENTED_EDGE('',*,*,#2200,.T.);
#2462=CARTESIAN_POINT('',(-16.723896563776510,12.198413164182639,7.500000000000001));
#2463=VERTEX_POINT('',#2462);
#2464=CARTESIAN_POINT('',(4.592425E-016,0.0,7.500000000000000));
#2465=DIRECTION('',(6.123234E-017,0.0,1.0));
#2466=DIRECTION('',(0.0,1.0,0.0));
#2467=AXIS2_PLACEMENT_3D('',#2464,#2465,#2466);
#2468=CIRCLE('',#2467,20.699999999999999);
#2469=EDGE_CURVE('',#2463,#2187,#2468,.T.);
#2470=ORIENTED_EDGE('',*,*,#2469,.F.);
#2471=CARTESIAN_POINT('',(-16.723896563776506,12.198413164182639,3.000000000000003));
#2472=DIRECTION('',(0.0,0.0,1.0));
#2473=VECTOR('',#2472,4.499999999999998);
#2474=LINE('',#2471,#2473);
#2475=EDGE_CURVE('',#2256,#2463,#2474,.T.);
#2476=ORIENTED_EDGE('',*,*,#2475,.F.);
#2477=ORIENTED_EDGE('',*,*,#2262,.T.);
#2478=EDGE_LOOP('',(#2461,#2470,#2476,#2477));
#2479=FACE_OUTER_BOUND('',#2478,.T.);
#2480=ADVANCED_FACE('',(#2479),#2460,.T.);
#2481=CARTESIAN_POINT('',(1.836970E-016,0.0,3.0));
#2482=DIRECTION('',(6.123234E-017,-1.287215E-016,1.0));
#2483=DIRECTION('',(7.881919E-033,1.0,1.287215E-016));
#2484=AXIS2_PLACEMENT_3D('',#2481,#2482,#2483);
#2485=CYLINDRICAL_SURFACE('',#2484,20.699999999999999);
#2486=ORIENTED_EDGE('',*,*,#1828,.T.);
#2487=ORIENTED_EDGE('',*,*,#2294,.T.);
#2488=CARTESIAN_POINT('',(-12.198413164182623,16.723896563776520,7.500000000000001));
#2489=VERTEX_POINT('',#2488);
#2490=CARTESIAN_POINT('',(-12.198413164182622,16.723896563776520,3.000000000000003));
#2491=DIRECTION('',(0.0,0.0,1.0));
#2492=VECTOR('',#2491,4.499999999999998);
#2493=LINE('',#2490,#2492);
#2494=EDGE_CURVE('',#2282,#2489,#2493,.T.);
#2495=ORIENTED_EDGE('',*,*,#2494,.T.);
#2496=CARTESIAN_POINT('',(4.592425E-016,0.0,7.500000000000000));
#2497=DIRECTION('',(6.123234E-017,0.0,1.0));
#2498=DIRECTION('',(0.0,1.0,0.0));
#2499=AXIS2_PLACEMENT_3D('',#2496,#2497,#2498);
#2500=CIRCLE('',#2499,20.699999999999999);
#2501=EDGE_CURVE('',#1823,#2489,#2500,.T.);
#2502=ORIENTED_EDGE('',*,*,#2501,.F.);
#2503=EDGE_LOOP('',(#2486,#2487,#2495,#2502));
#2504=FACE_OUTER_BOUND('',#2503,.T.);
#2505=ADVANCED_FACE('',(#2504),#2485,.T.);
#2506=CARTESIAN_POINT('',(1.836970E-016,0.0,3.0));
#2507=DIRECTION('',(6.123234E-017,-1.287215E-016,1.0));
#2508=DIRECTION('',(7.881919E-033,1.0,1.287215E-016));
#2509=AXIS2_PLACEMENT_3D('',#2506,#2507,#2508);
#2510=CYLINDRICAL_SURFACE('',#2509,20.699999999999999);
#2511=ORIENTED_EDGE('',*,*,#2162,.T.);
#2512=CARTESIAN_POINT('',(-12.198413164182641,-16.723896563776510,7.500000000000001));
#2513=VERTEX_POINT('',#2512);
#2514=CARTESIAN_POINT('',(4.592425E-016,0.0,7.500000000000000));
#2515=DIRECTION('',(6.123234E-017,0.0,1.0));
#2516=DIRECTION('',(0.0,1.0,0.0));
#2517=AXIS2_PLACEMENT_3D('',#2514,#2515,#2516);
#2518=CIRCLE('',#2517,20.699999999999999);
#2519=EDGE_CURVE('',#2513,#2149,#2518,.T.);
#2520=ORIENTED_EDGE('',*,*,#2519,.F.);
#2521=CARTESIAN_POINT('',(-12.198413164182641,-16.723896563776506,2.999999999999999));
#2522=DIRECTION('',(0.0,0.0,1.0));
#2523=VECTOR('',#2522,4.500000000000002);
#2524=LINE('',#2521,#2523);
#2525=EDGE_CURVE('',#2309,#2513,#2524,.T.);
#2526=ORIENTED_EDGE('',*,*,#2525,.F.);
#2527=ORIENTED_EDGE('',*,*,#2315,.T.);
#2528=EDGE_LOOP('',(#2511,#2520,#2526,#2527));
#2529=FACE_OUTER_BOUND('',#2528,.T.);
#2530=ADVANCED_FACE('',(#2529),#2510,.T.);
#2531=CARTESIAN_POINT('',(1.836970E-016,0.0,3.0));
#2532=DIRECTION('',(6.123234E-017,-1.287215E-016,1.0));
#2533=DIRECTION('',(7.881919E-033,1.0,1.287215E-016));
#2534=AXIS2_PLACEMENT_3D('',#2531,#2532,#2533);
#2535=CYLINDRICAL_SURFACE('',#2534,20.699999999999999);
#2536=ORIENTED_EDGE('',*,*,#2230,.T.);
#2537=ORIENTED_EDGE('',*,*,#2347,.T.);
#2538=CARTESIAN_POINT('',(-16.723896563776520,-12.198413164182622,7.500000000000001));
#2539=VERTEX_POINT('',#2538);
#2540=CARTESIAN_POINT('',(-16.723896563776520,-12.198413164182620,2.999999999999999));
#2541=DIRECTION('',(0.0,0.0,1.0));
#2542=VECTOR('',#2541,4.500000000000003);
#2543=LINE('',#2540,#2542);
#2544=EDGE_CURVE('',#2335,#2539,#2543,.T.);
#2545=ORIENTED_EDGE('',*,*,#2544,.T.);
#2546=CARTESIAN_POINT('',(4.592425E-016,0.0,7.500000000000000));
#2547=DIRECTION('',(6.123234E-017,0.0,1.0));
#2548=DIRECTION('',(0.0,1.0,0.0));
#2549=AXIS2_PLACEMENT_3D('',#2546,#2547,#2548);
#2550=CIRCLE('',#2549,20.699999999999999);
#2551=EDGE_CURVE('',#2225,#2539,#2550,.T.);
#2552=ORIENTED_EDGE('',*,*,#2551,.F.);
#2553=EDGE_LOOP('',(#2536,#2537,#2545,#2552));
#2554=FACE_OUTER_BOUND('',#2553,.T.);
#2555=ADVANCED_FACE('',(#2554),#2535,.T.);
#2556=CARTESIAN_POINT('',(1.836970E-016,0.0,3.0));
#2557=DIRECTION('',(6.123234E-017,-1.287215E-016,1.0));
#2558=DIRECTION('',(7.881919E-033,1.0,1.287215E-016));
#2559=AXIS2_PLACEMENT_3D('',#2556,#2557,#2558);
#2560=CYLINDRICAL_SURFACE('',#2559,20.699999999999999);
#2561=ORIENTED_EDGE('',*,*,#2010,.T.);
#2562=CARTESIAN_POINT('',(16.723896563776510,-12.198413164182641,7.499999999999999));
#2563=VERTEX_POINT('',#2562);
#2564=CARTESIAN_POINT('',(4.592425E-016,0.0,7.500000000000000));
#2565=DIRECTION('',(6.123234E-017,0.0,1.0));
#2566=DIRECTION('',(0.0,1.0,0.0));
#2567=AXIS2_PLACEMENT_3D('',#2564,#2565,#2566);
#2568=CIRCLE('',#2567,20.699999999999999);
#2569=EDGE_CURVE('',#2563,#1997,#2568,.T.);
#2570=ORIENTED_EDGE('',*,*,#2569,.F.);
#2571=CARTESIAN_POINT('',(16.723896563776506,-12.198413164182641,2.999999999999997));
#2572=DIRECTION('',(0.0,0.0,1.0));
#2573=VECTOR('',#2572,4.500000000000001);
#2574=LINE('',#2571,#2573);
#2575=EDGE_CURVE('',#2360,#2563,#2574,.T.);
#2576=ORIENTED_EDGE('',*,*,#2575,.F.);
#2577=ORIENTED_EDGE('',*,*,#2366,.T.);
#2578=EDGE_LOOP('',(#2561,#2570,#2576,#2577));
#2579=FACE_OUTER_BOUND('',#2578,.T.);
#2580=ADVANCED_FACE('',(#2579),#2560,.T.);
#2581=CARTESIAN_POINT('',(1.836970E-016,0.0,3.0));
#2582=DIRECTION('',(6.123234E-017,-1.287215E-016,1.0));
#2583=DIRECTION('',(7.881919E-033,1.0,1.287215E-016));
#2584=AXIS2_PLACEMENT_3D('',#2581,#2582,#2583);
#2585=CYLINDRICAL_SURFACE('',#2584,20.699999999999999);
#2586=ORIENTED_EDGE('',*,*,#2132,.T.);
#2587=ORIENTED_EDGE('',*,*,#2398,.T.);
#2588=CARTESIAN_POINT('',(12.198413164182622,-16.723896563776520,7.499999999999999));
#2589=VERTEX_POINT('',#2588);
#2590=CARTESIAN_POINT('',(12.198413164182620,-16.723896563776520,2.999999999999997));
#2591=DIRECTION('',(0.0,0.0,1.0));
#2592=VECTOR('',#2591,4.500000000000004);
#2593=LINE('',#2590,#2592);
#2594=EDGE_CURVE('',#2386,#2589,#2593,.T.);
#2595=ORIENTED_EDGE('',*,*,#2594,.T.);
#2596=CARTESIAN_POINT('',(4.592425E-016,0.0,7.500000000000000));
#2597=DIRECTION('',(6.123234E-017,0.0,1.0));
#2598=DIRECTION('',(0.0,1.0,0.0));
#2599=AXIS2_PLACEMENT_3D('',#2596,#2597,#2598);
#2600=CIRCLE('',#2599,20.699999999999999);
#2601=EDGE_CURVE('',#2127,#2589,#2600,.T.);
#2602=ORIENTED_EDGE('',*,*,#2601,.F.);
#2603=EDGE_LOOP('',(#2586,#2587,#2595,#2602));
#2604=FACE_OUTER_BOUND('',#2603,.T.);
#2605=ADVANCED_FACE('',(#2604),#2585,.T.);
#2606=CARTESIAN_POINT('',(1.836970E-016,0.0,3.0));
#2607=DIRECTION('',(6.123234E-017,-1.287215E-016,1.0));
#2608=DIRECTION('',(7.881919E-033,1.0,1.287215E-016));
#2609=AXIS2_PLACEMENT_3D('',#2606,#2607,#2608);
#2610=CYLINDRICAL_SURFACE('',#2609,20.699999999999999);
#2611=ORIENTED_EDGE('',*,*,#1858,.T.);
#2612=CARTESIAN_POINT('',(12.198413164182643,16.723896563776506,7.499999999999999));
#2613=VERTEX_POINT('',#2612);
#2614=CARTESIAN_POINT('',(4.592425E-016,0.0,7.500000000000000));
#2615=DIRECTION('',(6.123234E-017,0.0,1.0));
#2616=DIRECTION('',(0.0,1.0,0.0));
#2617=AXIS2_PLACEMENT_3D('',#2614,#2615,#2616);
#2618=CIRCLE('',#2617,20.699999999999999);
#2619=EDGE_CURVE('',#2613,#1845,#2618,.T.);
#2620=ORIENTED_EDGE('',*,*,#2619,.F.);
#2621=CARTESIAN_POINT('',(12.198413164182643,16.723896563776503,3.000000000000001));
#2622=DIRECTION('',(0.0,0.0,1.0));
#2623=VECTOR('',#2622,4.499999999999998);
#2624=LINE('',#2621,#2623);
#2625=EDGE_CURVE('',#2412,#2613,#2624,.T.);
#2626=ORIENTED_EDGE('',*,*,#2625,.F.);
#2627=ORIENTED_EDGE('',*,*,#2418,.T.);
#2628=EDGE_LOOP('',(#2611,#2620,#2626,#2627));
#2629=FACE_OUTER_BOUND('',#2628,.T.);
#2630=ADVANCED_FACE('',(#2629),#2610,.T.);
#2631=CARTESIAN_POINT('',(1.836970E-016,0.0,3.0));
#2632=DIRECTION('',(6.123234E-017,-1.287215E-016,1.0));
#2633=DIRECTION('',(7.881919E-033,1.0,1.287215E-016));
#2634=AXIS2_PLACEMENT_3D('',#2631,#2632,#2633);
#2635=CYLINDRICAL_SURFACE('',#2634,20.699999999999999);
#2636=ORIENTED_EDGE('',*,*,#1980,.T.);
#2637=ORIENTED_EDGE('',*,*,#2450,.T.);
#2638=CARTESIAN_POINT('',(16.723896563776524,12.198413164182620,7.499999999999999));
#2639=VERTEX_POINT('',#2638);
#2640=CARTESIAN_POINT('',(16.723896563776524,12.198413164182618,3.000000000000001));
#2641=DIRECTION('',(0.0,0.0,1.0));
#2642=VECTOR('',#2641,4.499999999999998);
#2643=LINE('',#2640,#2642);
#2644=EDGE_CURVE('',#2438,#2639,#2643,.T.);
#2645=ORIENTED_EDGE('',*,*,#2644,.T.);
#2646=CARTESIAN_POINT('',(4.592425E-016,0.0,7.500000000000000));
#2647=DIRECTION('',(6.123234E-017,0.0,1.0));
#2648=DIRECTION('',(0.0,1.0,0.0));
#2649=AXIS2_PLACEMENT_3D('',#2646,#2647,#2648);
#2650=CIRCLE('',#2649,20.699999999999999);
#2651=EDGE_CURVE('',#1975,#2639,#2650,.T.);
#2652=ORIENTED_EDGE('',*,*,#2651,.F.);
#2653=EDGE_LOOP('',(#2636,#2637,#2645,#2652));
#2654=FACE_OUTER_BOUND('',#2653,.T.);
#2655=ADVANCED_FACE('',(#2654),#2635,.T.);
#2656=CARTESIAN_POINT('',(100.0,-100.0,7.499999999999994));
#2657=DIRECTION('',(0.0,0.0,-1.0));
#2658=DIRECTION('',(-1.0,0.0,0.0));
#2659=AXIS2_PLACEMENT_3D('',#2656,#2657,#2658);
#2660=PLANE('',#2659);
#2661=ORIENTED_EDGE('',*,*,#1704,.F.);
#2662=ORIENTED_EDGE('',*,*,#1834,.T.);
#2663=ORIENTED_EDGE('',*,*,#2501,.T.);
#2664=CARTESIAN_POINT('',(-13.737258300203047,18.262741699796941,7.500000000000001));
#2665=VERTEX_POINT('',#2664);
#2666=CARTESIAN_POINT('',(-12.198413164182623,16.723896563776520,7.500000000000001));
#2667=DIRECTION('',(-0.707106781186548,0.707106781186547,0.0));
#2668=VECTOR('',#2667,2.176255661751951);
#2669=LINE('',#2666,#2668);
#2670=EDGE_CURVE('',#2489,#2665,#2669,.T.);
#2671=ORIENTED_EDGE('',*,*,#2670,.T.);
#2672=CARTESIAN_POINT('',(-18.262741699796933,13.737258300203028,7.500000000000002));
#2673=VERTEX_POINT('',#2672);
#2674=CARTESIAN_POINT('',(-16.0,16.000000000000004,7.500000000000001));
#2675=DIRECTION('',(-1.224586E-016,-4.930381E-032,1.0));
#2676=DIRECTION('',(-0.707106781186541,-0.707106781186554,-8.659132E-017));
#2677=AXIS2_PLACEMENT_3D('',#2674,#2675,#2676);
#2678=CIRCLE('',#2677,3.200000000000000);
#2679=EDGE_CURVE('',#2665,#2673,#2678,.T.);
#2680=ORIENTED_EDGE('',*,*,#2679,.T.);
#2681=CARTESIAN_POINT('',(-16.723896563776510,12.198413164182639,7.500000000000001));
#2682=DIRECTION('',(-0.707106781186556,0.707106781186539,4.081223E-016));
#2683=VECTOR('',#2682,2.176255661751928);
#2684=LINE('',#2681,#2683);
#2685=EDGE_CURVE('',#2463,#2673,#2684,.T.);
#2686=ORIENTED_EDGE('',*,*,#2685,.F.);
#2687=ORIENTED_EDGE('',*,*,#2469,.T.);
#2688=ORIENTED_EDGE('',*,*,#2192,.F.);
#2689=EDGE_LOOP('',(#2661,#2662,#2663,#2671,#2680,#2686,#2687,#2688));
#2690=FACE_OUTER_BOUND('',#2689,.T.);
#2691=ADVANCED_FACE('',(#2690),#2660,.T.);
#2692=CARTESIAN_POINT('',(100.0,-100.0,7.499999999999994));
#2693=DIRECTION('',(0.0,0.0,-1.0));
#2694=DIRECTION('',(-1.0,0.0,0.0));
#2695=AXIS2_PLACEMENT_3D('',#2692,#2693,#2694);
#2696=PLANE('',#2695);
#2697=ORIENTED_EDGE('',*,*,#2154,.T.);
#2698=ORIENTED_EDGE('',*,*,#2092,.F.);
#2699=ORIENTED_EDGE('',*,*,#2236,.F.);
#2700=ORIENTED_EDGE('',*,*,#2551,.T.);
#2701=CARTESIAN_POINT('',(-18.262741699796941,-13.737258300203045,7.500000000000001));
#2702=VERTEX_POINT('',#2701);
#2703=CARTESIAN_POINT('',(-16.723896563776520,-12.198413164182622,7.500000000000001));
#2704=DIRECTION('',(-0.707106781186547,-0.707106781186548,0.0));
#2705=VECTOR('',#2704,2.176255661751951);
#2706=LINE('',#2703,#2705);
#2707=EDGE_CURVE('',#2539,#2702,#2706,.T.);
#2708=ORIENTED_EDGE('',*,*,#2707,.T.);
#2709=CARTESIAN_POINT('',(-13.737258300203029,-18.262741699796933,7.500000000000002));
#2710=VERTEX_POINT('',#2709);
#2711=CARTESIAN_POINT('',(-16.000000000000004,-16.0,7.500000000000001));
#2712=DIRECTION('',(6.123234E-017,-1.836910E-016,1.0));
#2713=DIRECTION('',(0.707106781186554,-0.707106781186541,-1.731869E-016));
#2714=AXIS2_PLACEMENT_3D('',#2711,#2712,#2713);
#2715=CIRCLE('',#2714,3.200000000000000);
#2716=EDGE_CURVE('',#2702,#2710,#2715,.T.);
#2717=ORIENTED_EDGE('',*,*,#2716,.T.);
#2718=CARTESIAN_POINT('',(-12.198413164182641,-16.723896563776510,7.500000000000001));
#2719=DIRECTION('',(-0.707106781186539,-0.707106781186556,4.081223E-016));
#2720=VECTOR('',#2719,2.176255661751928);
#2721=LINE('',#2718,#2720);
#2722=EDGE_CURVE('',#2513,#2710,#2721,.T.);
#2723=ORIENTED_EDGE('',*,*,#2722,.F.);
#2724=ORIENTED_EDGE('',*,*,#2519,.T.);
#2725=EDGE_LOOP('',(#2697,#2698,#2699,#2700,#2708,#2717,#2723,#2724));
#2726=FACE_OUTER_BOUND('',#2725,.T.);
#2727=ADVANCED_FACE('',(#2726),#2696,.T.);
#2728=CARTESIAN_POINT('',(100.0,-100.0,7.499999999999994));
#2729=DIRECTION('',(0.0,0.0,-1.0));
#2730=DIRECTION('',(-1.0,0.0,0.0));
#2731=AXIS2_PLACEMENT_3D('',#2728,#2729,#2730);
#2732=PLANE('',#2731);
#2733=ORIENTED_EDGE('',*,*,#2002,.T.);
#2734=ORIENTED_EDGE('',*,*,#1940,.F.);
#2735=ORIENTED_EDGE('',*,*,#2138,.T.);
#2736=ORIENTED_EDGE('',*,*,#2601,.T.);
#2737=CARTESIAN_POINT('',(13.737258300203045,-18.262741699796941,7.499999999999999));
#2738=VERTEX_POINT('',#2737);
#2739=CARTESIAN_POINT('',(12.198413164182622,-16.723896563776520,7.499999999999999));
#2740=DIRECTION('',(0.707106781186548,-0.707106781186547,0.0));
#2741=VECTOR('',#2740,2.176255661751951);
#2742=LINE('',#2739,#2741);
#2743=EDGE_CURVE('',#2589,#2738,#2742,.T.);
#2744=ORIENTED_EDGE('',*,*,#2743,.T.);
#2745=CARTESIAN_POINT('',(18.262741699796933,-13.737258300203029,7.500000000000000));
#2746=VERTEX_POINT('',#2745);
#2747=CARTESIAN_POINT('',(16.000000000000007,-16.000000000000007,7.499999999999999));
#2748=DIRECTION('',(2.449233E-016,0.0,1.0));
#2749=DIRECTION('',(0.707106781186541,0.707106781186554,-1.731869E-016));
#2750=AXIS2_PLACEMENT_3D('',#2747,#2748,#2749);
#2751=CIRCLE('',#2750,3.200000000000000);
#2752=EDGE_CURVE('',#2738,#2746,#2751,.T.);
#2753=ORIENTED_EDGE('',*,*,#2752,.T.);
#2754=CARTESIAN_POINT('',(16.723896563776510,-12.198413164182641,7.499999999999999));
#2755=DIRECTION('',(0.707106781186556,-0.707106781186539,4.081223E-016));
#2756=VECTOR('',#2755,2.176255661751928);
#2757=LINE('',#2754,#2756);
#2758=EDGE_CURVE('',#2563,#2746,#2757,.T.);
#2759=ORIENTED_EDGE('',*,*,#2758,.F.);
#2760=ORIENTED_EDGE('',*,*,#2569,.T.);
#2761=EDGE_LOOP('',(#2733,#2734,#2735,#2736,#2744,#2753,#2759,#2760));
#2762=FACE_OUTER_BOUND('',#2761,.T.);
#2763=ADVANCED_FACE('',(#2762),#2732,.T.);
#2764=CARTESIAN_POINT('',(100.0,-100.0,7.499999999999994));
#2765=DIRECTION('',(0.0,0.0,-1.0));
#2766=DIRECTION('',(-1.0,0.0,0.0));
#2767=AXIS2_PLACEMENT_3D('',#2764,#2765,#2766);
#2768=PLANE('',#2767);
#2769=ORIENTED_EDGE('',*,*,#1850,.T.);
#2770=ORIENTED_EDGE('',*,*,#1788,.F.);
#2771=ORIENTED_EDGE('',*,*,#1986,.T.);
#2772=ORIENTED_EDGE('',*,*,#2651,.T.);
#2773=CARTESIAN_POINT('',(18.262741699796944,13.737258300203044,7.499999999999999));
#2774=VERTEX_POINT('',#2773);
#2775=CARTESIAN_POINT('',(16.723896563776524,12.198413164182620,7.499999999999999));
#2776=DIRECTION('',(0.707106781186547,0.707106781186548,0.0));
#2777=VECTOR('',#2776,2.176255661751951);
#2778=LINE('',#2775,#2777);
#2779=EDGE_CURVE('',#2639,#2774,#2778,.T.);
#2780=ORIENTED_EDGE('',*,*,#2779,.T.);
#2781=CARTESIAN_POINT('',(13.737258300203031,18.262741699796930,7.500000000000000));
#2782=VERTEX_POINT('',#2781);
#2783=CARTESIAN_POINT('',(16.000000000000007,16.0,7.499999999999999));
#2784=DIRECTION('',(6.123234E-017,1.836910E-016,1.0));
#2785=DIRECTION('',(-0.707106781186554,0.707106781186541,-8.659132E-017));
#2786=AXIS2_PLACEMENT_3D('',#2783,#2784,#2785);
#2787=CIRCLE('',#2786,3.200000000000000);
#2788=EDGE_CURVE('',#2774,#2782,#2787,.T.);
#2789=ORIENTED_EDGE('',*,*,#2788,.T.);
#2790=CARTESIAN_POINT('',(12.198413164182643,16.723896563776506,7.499999999999999));
#2791=DIRECTION('',(0.707106781186539,0.707106781186556,4.081223E-016));
#2792=VECTOR('',#2791,2.176255661751928);
#2793=LINE('',#2790,#2792);
#2794=EDGE_CURVE('',#2613,#2782,#2793,.T.);
#2795=ORIENTED_EDGE('',*,*,#2794,.F.);
#2796=ORIENTED_EDGE('',*,*,#2619,.T.);
#2797=EDGE_LOOP('',(#2769,#2770,#2771,#2772,#2780,#2789,#2795,#2796));
#2798=FACE_OUTER_BOUND('',#2797,.T.);
#2799=ADVANCED_FACE('',(#2798),#2768,.T.);
#2800=CARTESIAN_POINT('',(-16.723896563776506,12.198413164182639,-2.047985E-015));
#2801=DIRECTION('',(0.707106781186541,0.707106781186554,1.959544E-016));
#2802=DIRECTION('',(-0.707106781186554,0.707106781186541,-8.659132E-017));
#2803=AXIS2_PLACEMENT_3D('',#2800,#2801,#2802);
#2804=PLANE('',#2803);
#2805=ORIENTED_EDGE('',*,*,#2475,.T.);
#2806=ORIENTED_EDGE('',*,*,#2685,.T.);
#2807=CARTESIAN_POINT('',(-18.262741699796930,13.737258300203028,3.000000000000002));
#2808=DIRECTION('',(0.0,0.0,1.0));
#2809=VECTOR('',#2808,4.500000000000000);
#2810=LINE('',#2807,#2809);
#2811=EDGE_CURVE('',#2265,#2673,#2810,.T.);
#2812=ORIENTED_EDGE('',*,*,#2811,.F.);
#2813=ORIENTED_EDGE('',*,*,#2270,.F.);
#2814=EDGE_LOOP('',(#2805,#2806,#2812,#2813));
#2815=FACE_OUTER_BOUND('',#2814,.T.);
#2816=ADVANCED_FACE('',(#2815),#2804,.F.);
#2817=CARTESIAN_POINT('',(-16.0,16.0,-1.959338E-015));
#2818=DIRECTION('',(1.224586E-016,4.930381E-032,-1.0));
#2819=DIRECTION('',(-0.707106781186541,-0.707106781186554,-8.659132E-017));
#2820=AXIS2_PLACEMENT_3D('',#2817,#2818,#2819);
#2821=CYLINDRICAL_SURFACE('',#2820,3.200000000000000);
#2822=ORIENTED_EDGE('',*,*,#2811,.T.);
#2823=ORIENTED_EDGE('',*,*,#2679,.F.);
#2824=CARTESIAN_POINT('',(-13.737258300203045,18.262741699796941,3.000000000000001));
#2825=DIRECTION('',(0.0,0.0,1.0));
#2826=VECTOR('',#2825,4.500000000000000);
#2827=LINE('',#2824,#2826);
#2828=EDGE_CURVE('',#2273,#2665,#2827,.T.);
#2829=ORIENTED_EDGE('',*,*,#2828,.F.);
#2830=ORIENTED_EDGE('',*,*,#2279,.F.);
#2831=EDGE_LOOP('',(#2822,#2823,#2829,#2830));
#2832=FACE_OUTER_BOUND('',#2831,.T.);
#2833=ADVANCED_FACE('',(#2832),#2821,.T.);
#2834=CARTESIAN_POINT('',(-13.737258300203045,18.262741699796941,-1.682246E-015));
#2835=DIRECTION('',(-0.707106781186548,-0.707106781186548,-7.632829E-017));
#2836=DIRECTION('',(0.707106781186548,-0.707106781186548,8.659132E-017));
#2837=AXIS2_PLACEMENT_3D('',#2834,#2835,#2836);
#2838=PLANE('',#2837);
#2839=ORIENTED_EDGE('',*,*,#2287,.T.);
#2840=ORIENTED_EDGE('',*,*,#2828,.T.);
#2841=ORIENTED_EDGE('',*,*,#2670,.F.);
#2842=ORIENTED_EDGE('',*,*,#2494,.F.);
#2843=EDGE_LOOP('',(#2839,#2840,#2841,#2842));
#2844=FACE_OUTER_BOUND('',#2843,.T.);
#2845=ADVANCED_FACE('',(#2844),#2838,.F.);
#2846=CARTESIAN_POINT('',(-12.198413164182641,-16.723896563776506,-2.325091E-015));
#2847=DIRECTION('',(-0.707106781186554,0.707106781186541,2.825500E-016));
#2848=DIRECTION('',(-0.707106781186541,-0.707106781186554,-8.659132E-017));
#2849=AXIS2_PLACEMENT_3D('',#2846,#2847,#2848);
#2850=PLANE('',#2849);
#2851=ORIENTED_EDGE('',*,*,#2525,.T.);
#2852=ORIENTED_EDGE('',*,*,#2722,.T.);
#2853=CARTESIAN_POINT('',(-13.737258300203029,-18.262741699796930,3.0));
#2854=DIRECTION('',(0.0,0.0,1.0));
#2855=VECTOR('',#2854,4.500000000000002);
#2856=LINE('',#2853,#2855);
#2857=EDGE_CURVE('',#2318,#2710,#2856,.T.);
#2858=ORIENTED_EDGE('',*,*,#2857,.F.);
#2859=ORIENTED_EDGE('',*,*,#2323,.F.);
#2860=EDGE_LOOP('',(#2851,#2852,#2858,#2859));
#2861=FACE_OUTER_BOUND('',#2860,.T.);
#2862=ADVANCED_FACE('',(#2861),#2850,.F.);
#2863=CARTESIAN_POINT('',(-16.0,-15.999999999999998,-1.959338E-015));
#2864=DIRECTION('',(-6.123234E-017,1.836910E-016,-1.0));
#2865=DIRECTION('',(0.707106781186554,-0.707106781186541,-1.731869E-016));
#2866=AXIS2_PLACEMENT_3D('',#2863,#2864,#2865);
#2867=CYLINDRICAL_SURFACE('',#2866,3.200000000000000);
#2868=ORIENTED_EDGE('',*,*,#2857,.T.);
#2869=ORIENTED_EDGE('',*,*,#2716,.F.);
#2870=CARTESIAN_POINT('',(-18.262741699796941,-13.737258300203044,3.000000000000001));
#2871=DIRECTION('',(0.0,0.0,1.0));
#2872=VECTOR('',#2871,4.500000000000000);
#2873=LINE('',#2870,#2872);
#2874=EDGE_CURVE('',#2326,#2702,#2873,.T.);
#2875=ORIENTED_EDGE('',*,*,#2874,.F.);
#2876=ORIENTED_EDGE('',*,*,#2332,.F.);
#2877=EDGE_LOOP('',(#2868,#2869,#2875,#2876));
#2878=FACE_OUTER_BOUND('',#2877,.T.);
#2879=ADVANCED_FACE('',(#2878),#2867,.T.);
#2880=CARTESIAN_POINT('',(-18.262741699796941,-13.737258300203044,-1.405140E-015));
#2881=DIRECTION('',(0.707106781186548,-0.707106781186548,-1.629239E-016));
#2882=DIRECTION('',(0.707106781186548,0.707106781186548,8.659132E-017));
#2883=AXIS2_PLACEMENT_3D('',#2880,#2881,#2882);
#2884=PLANE('',#2883);
#2885=ORIENTED_EDGE('',*,*,#2340,.T.);
#2886=ORIENTED_EDGE('',*,*,#2874,.T.);
#2887=ORIENTED_EDGE('',*,*,#2707,.F.);
#2888=ORIENTED_EDGE('',*,*,#2544,.F.);
#2889=EDGE_LOOP('',(#2885,#2886,#2887,#2888));
#2890=FACE_OUTER_BOUND('',#2889,.T.);
#2891=ADVANCED_FACE('',(#2890),#2884,.F.);
#2892=CARTESIAN_POINT('',(16.723896563776506,-12.198413164182641,-4.096072E-015));
#2893=DIRECTION('',(-0.707106781186541,-0.707106781186554,2.825500E-016));
#2894=DIRECTION('',(0.707106781186554,-0.707106781186541,-1.731869E-016));
#2895=AXIS2_PLACEMENT_3D('',#2892,#2893,#2894);
#2896=PLANE('',#2895);
#2897=ORIENTED_EDGE('',*,*,#2575,.T.);
#2898=ORIENTED_EDGE('',*,*,#2758,.T.);
#2899=CARTESIAN_POINT('',(18.262741699796930,-13.737258300203029,2.999999999999998));
#2900=DIRECTION('',(0.0,0.0,1.0));
#2901=VECTOR('',#2900,4.500000000000002);
#2902=LINE('',#2899,#2901);
#2903=EDGE_CURVE('',#2369,#2746,#2902,.T.);
#2904=ORIENTED_EDGE('',*,*,#2903,.F.);
#2905=ORIENTED_EDGE('',*,*,#2374,.F.);
#2906=EDGE_LOOP('',(#2897,#2898,#2904,#2905));
#2907=FACE_OUTER_BOUND('',#2906,.T.);
#2908=ADVANCED_FACE('',(#2907),#2896,.F.);
#2909=CARTESIAN_POINT('',(15.999999999999998,-16.000000000000004,-3.918773E-015));
#2910=DIRECTION('',(-2.449233E-016,0.0,-1.0));
#2911=DIRECTION('',(0.707106781186541,0.707106781186554,-1.731869E-016));
#2912=AXIS2_PLACEMENT_3D('',#2909,#2910,#2911);
#2913=CYLINDRICAL_SURFACE('',#2912,3.200000000000000);
#2914=ORIENTED_EDGE('',*,*,#2903,.T.);
#2915=ORIENTED_EDGE('',*,*,#2752,.F.);
#2916=CARTESIAN_POINT('',(13.737258300203044,-18.262741699796941,2.999999999999998));
#2917=DIRECTION('',(0.0,0.0,1.0));
#2918=VECTOR('',#2917,4.500000000000001);
#2919=LINE('',#2916,#2918);
#2920=EDGE_CURVE('',#2377,#2738,#2919,.T.);
#2921=ORIENTED_EDGE('',*,*,#2920,.F.);
#2922=ORIENTED_EDGE('',*,*,#2383,.F.);
#2923=EDGE_LOOP('',(#2914,#2915,#2921,#2922));
#2924=FACE_OUTER_BOUND('',#2923,.T.);
#2925=ADVANCED_FACE('',(#2924),#2913,.T.);
#2926=CARTESIAN_POINT('',(13.737258300203044,-18.262741699796941,-3.364575E-015));
#2927=DIRECTION('',(0.707106781186548,0.707106781186547,-1.629239E-016));
#2928=DIRECTION('',(-0.707106781186547,0.707106781186548,1.731869E-016));
#2929=AXIS2_PLACEMENT_3D('',#2926,#2927,#2928);
#2930=PLANE('',#2929);
#2931=ORIENTED_EDGE('',*,*,#2391,.T.);
#2932=ORIENTED_EDGE('',*,*,#2920,.T.);
#2933=ORIENTED_EDGE('',*,*,#2743,.F.);
#2934=ORIENTED_EDGE('',*,*,#2594,.F.);
#2935=EDGE_LOOP('',(#2931,#2932,#2933,#2934));
#2936=FACE_OUTER_BOUND('',#2935,.T.);
#2937=ADVANCED_FACE('',(#2936),#2930,.F.);
#2938=CARTESIAN_POINT('',(12.198413164182643,16.723896563776503,-3.818966E-015));
#2939=DIRECTION('',(0.707106781186554,-0.707106781186541,1.959544E-016));
#2940=DIRECTION('',(0.707106781186541,0.707106781186554,-1.731869E-016));
#2941=AXIS2_PLACEMENT_3D('',#2938,#2939,#2940);
#2942=PLANE('',#2941);
#2943=ORIENTED_EDGE('',*,*,#2625,.T.);
#2944=ORIENTED_EDGE('',*,*,#2794,.T.);
#2945=CARTESIAN_POINT('',(13.737258300203031,18.262741699796926,3.0));
#2946=DIRECTION('',(0.0,0.0,1.0));
#2947=VECTOR('',#2946,4.500000000000000);
#2948=LINE('',#2945,#2947);
#2949=EDGE_CURVE('',#2421,#2782,#2948,.T.);
#2950=ORIENTED_EDGE('',*,*,#2949,.F.);
#2951=ORIENTED_EDGE('',*,*,#2426,.F.);
#2952=EDGE_LOOP('',(#2943,#2944,#2950,#2951));
#2953=FACE_OUTER_BOUND('',#2952,.T.);
#2954=ADVANCED_FACE('',(#2953),#2942,.F.);
#2955=CARTESIAN_POINT('',(16.000000000000004,15.999999999999996,-3.918773E-015));
#2956=DIRECTION('',(-6.123234E-017,-1.836910E-016,-1.0));
#2957=DIRECTION('',(-0.707106781186554,0.707106781186541,-8.659132E-017));
#2958=AXIS2_PLACEMENT_3D('',#2955,#2956,#2957);
#2959=CYLINDRICAL_SURFACE('',#2958,3.200000000000000);
#2960=ORIENTED_EDGE('',*,*,#2949,.T.);
#2961=ORIENTED_EDGE('',*,*,#2788,.F.);
#2962=CARTESIAN_POINT('',(18.262741699796944,13.737258300203042,2.999999999999999));
#2963=DIRECTION('',(0.0,0.0,1.0));
#2964=VECTOR('',#2963,4.500000000000000);
#2965=LINE('',#2962,#2964);
#2966=EDGE_CURVE('',#2429,#2774,#2965,.T.);
#2967=ORIENTED_EDGE('',*,*,#2966,.F.);
#2968=ORIENTED_EDGE('',*,*,#2435,.F.);
#2969=EDGE_LOOP('',(#2960,#2961,#2967,#2968));
#2970=FACE_OUTER_BOUND('',#2969,.T.);
#2971=ADVANCED_FACE('',(#2970),#2959,.T.);
#2972=CARTESIAN_POINT('',(18.262741699796944,13.737258300203042,-3.641680E-015));
#2973=DIRECTION('',(-0.707106781186547,0.707106781186548,-7.632829E-017));
#2974=DIRECTION('',(-0.707106781186548,-0.707106781186547,1.731869E-016));
#2975=AXIS2_PLACEMENT_3D('',#2972,#2973,#2974);
#2976=PLANE('',#2975);
#2977=ORIENTED_EDGE('',*,*,#2443,.T.);
#2978=ORIENTED_EDGE('',*,*,#2966,.T.);
#2979=ORIENTED_EDGE('',*,*,#2779,.F.);
#2980=ORIENTED_EDGE('',*,*,#2644,.F.);
#2981=EDGE_LOOP('',(#2977,#2978,#2979,#2980));
#2982=FACE_OUTER_BOUND('',#2981,.T.);
#2983=ADVANCED_FACE('',(#2982),#2976,.F.);
#2984=CARTESIAN_POINT('',(20.350006399154807,20.350006399154807,10.499999999999996));
#2985=DIRECTION('',(0.0,0.0,-1.0));
#2986=DIRECTION('',(0.0,-1.0,0.0));
#2987=AXIS2_PLACEMENT_3D('',#2984,#2985,#2986);
#2988=PLANE('',#2987);
#2989=ORIENTED_EDGE('',*,*,#1719,.T.);
#2990=ORIENTED_EDGE('',*,*,#2243,.T.);
#2991=ORIENTED_EDGE('',*,*,#2107,.T.);
#2992=ORIENTED_EDGE('',*,*,#2145,.F.);
#2993=ORIENTED_EDGE('',*,*,#1955,.T.);
#2994=ORIENTED_EDGE('',*,*,#1993,.F.);
#2995=ORIENTED_EDGE('',*,*,#1803,.T.);
#2996=ORIENTED_EDGE('',*,*,#1841,.F.);
#2997=EDGE_LOOP('',(#2989,#2990,#2991,#2992,#2993,#2994,#2995,#2996));
#2998=FACE_OUTER_BOUND('',#2997,.T.);
#2999=ORIENTED_EDGE('',*,*,#1617,.F.);
#3000=ORIENTED_EDGE('',*,*,#1595,.F.);
#3001=ORIENTED_EDGE('',*,*,#1572,.F.);
#3002=ORIENTED_EDGE('',*,*,#1554,.F.);
#3003=ORIENTED_EDGE('',*,*,#1532,.F.);
#3004=ORIENTED_EDGE('',*,*,#1509,.F.);
#3005=ORIENTED_EDGE('',*,*,#1491,.F.);
#3006=ORIENTED_EDGE('',*,*,#1469,.F.);
#3007=ORIENTED_EDGE('',*,*,#1446,.F.);
#3008=ORIENTED_EDGE('',*,*,#1428,.F.);
#3009=ORIENTED_EDGE('',*,*,#1414,.F.);
#3010=ORIENTED_EDGE('',*,*,#1633,.F.);
#3011=EDGE_LOOP('',(#2999,#3000,#3001,#3002,#3003,#3004,#3005,#3006,#3007,#3008,#3009,#3010));
#3012=FACE_BOUND('',#3011,.T.);
#3013=CARTESIAN_POINT('',(-14.250000000000005,16.0,10.500000000000000));
#3014=VERTEX_POINT('',#3013);
#3015=CARTESIAN_POINT('',(-17.750000000000004,16.0,10.500000000000002));
#3016=VERTEX_POINT('',#3015);
#3017=CARTESIAN_POINT('',(-16.000000000000004,16.0,10.500000000000000));
#3018=DIRECTION('',(-1.224586E-016,0.0,1.0));
#3019=DIRECTION('',(-1.0,0.0,-1.224586E-016));
#3020=AXIS2_PLACEMENT_3D('',#3017,#3018,#3019);
#3021=CIRCLE('',#3020,1.750000000000000);
#3022=EDGE_CURVE('',#3014,#3016,#3021,.T.);
#3023=ORIENTED_EDGE('',*,*,#3022,.F.);
#3024=CARTESIAN_POINT('',(-16.000000000000004,16.0,10.500000000000000));
#3025=DIRECTION('',(-1.224586E-016,0.0,1.0));
#3026=DIRECTION('',(-1.0,0.0,-1.224586E-016));
#3027=AXIS2_PLACEMENT_3D('',#3024,#3025,#3026);
#3028=CIRCLE('',#3027,1.750000000000000);
#3029=EDGE_CURVE('',#3016,#3014,#3028,.T.);
#3030=ORIENTED_EDGE('',*,*,#3029,.F.);
#3031=EDGE_LOOP('',(#3023,#3030));
#3032=FACE_BOUND('',#3031,.T.);
#3033=CARTESIAN_POINT('',(-15.999999999999998,-14.249999999999998,10.500000000000002));
#3034=VERTEX_POINT('',#3033);
#3035=CARTESIAN_POINT('',(-16.0,-17.750000000000004,10.500000000000002));
#3036=VERTEX_POINT('',#3035);
#3037=CARTESIAN_POINT('',(-16.0,-15.999999999999998,10.500000000000002));
#3038=DIRECTION('',(6.123234E-017,-1.836910E-016,1.0));
#3039=DIRECTION('',(-6.123032E-017,-1.0,-1.836910E-016));
#3040=AXIS2_PLACEMENT_3D('',#3037,#3038,#3039);
#3041=CIRCLE('',#3040,1.750000000000000);
#3042=EDGE_CURVE('',#3034,#3036,#3041,.T.);
#3043=ORIENTED_EDGE('',*,*,#3042,.F.);
#3044=CARTESIAN_POINT('',(-16.0,-15.999999999999998,10.500000000000002));
#3045=DIRECTION('',(6.123234E-017,-1.836910E-016,1.0));
#3046=DIRECTION('',(-6.123032E-017,-1.0,-1.836910E-016));
#3047=AXIS2_PLACEMENT_3D('',#3044,#3045,#3046);
#3048=CIRCLE('',#3047,1.750000000000000);
#3049=EDGE_CURVE('',#3036,#3034,#3048,.T.);
#3050=ORIENTED_EDGE('',*,*,#3049,.F.);
#3051=EDGE_LOOP('',(#3043,#3050));
#3052=FACE_BOUND('',#3051,.T.);
#3053=CARTESIAN_POINT('',(14.250000000000000,-16.0,10.499999999999998));
#3054=VERTEX_POINT('',#3053);
#3055=CARTESIAN_POINT('',(17.750000000000000,-16.000000000000004,10.499999999999998));
#3056=VERTEX_POINT('',#3055);
#3057=CARTESIAN_POINT('',(16.0,-16.000000000000004,10.499999999999998));
#3058=DIRECTION('',(2.449233E-016,-2.249491E-032,1.0));
#3059=DIRECTION('',(1.0,-1.224606E-016,-2.449233E-016));
#3060=AXIS2_PLACEMENT_3D('',#3057,#3058,#3059);
#3061=CIRCLE('',#3060,1.750000000000000);
#3062=EDGE_CURVE('',#3054,#3056,#3061,.T.);
#3063=ORIENTED_EDGE('',*,*,#3062,.F.);
#3064=CARTESIAN_POINT('',(16.0,-16.000000000000004,10.499999999999998));
#3065=DIRECTION('',(2.449233E-016,-2.249491E-032,1.0));
#3066=DIRECTION('',(1.0,-1.224606E-016,-2.449233E-016));
#3067=AXIS2_PLACEMENT_3D('',#3064,#3065,#3066);
#3068=CIRCLE('',#3067,1.750000000000000);
#3069=EDGE_CURVE('',#3056,#3054,#3068,.T.);
#3070=ORIENTED_EDGE('',*,*,#3069,.F.);
#3071=EDGE_LOOP('',(#3063,#3070));
#3072=FACE_BOUND('',#3071,.T.);
#3073=CARTESIAN_POINT('',(16.000000000000004,14.249999999999996,10.499999999999996));
#3074=VERTEX_POINT('',#3073);
#3075=CARTESIAN_POINT('',(16.000000000000004,17.750000000000000,10.499999999999998));
#3076=VERTEX_POINT('',#3075);
#3077=CARTESIAN_POINT('',(16.000000000000004,15.999999999999996,10.499999999999996));
#3078=DIRECTION('',(6.123234E-017,1.836910E-016,1.0));
#3079=DIRECTION('',(1.836910E-016,1.0,-1.836910E-016));
#3080=AXIS2_PLACEMENT_3D('',#3077,#3078,#3079);
#3081=CIRCLE('',#3080,1.750000000000000);
#3082=EDGE_CURVE('',#3074,#3076,#3081,.T.);
#3083=ORIENTED_EDGE('',*,*,#3082,.F.);
#3084=CARTESIAN_POINT('',(16.000000000000004,15.999999999999996,10.499999999999996));
#3085=DIRECTION('',(6.123234E-017,1.836910E-016,1.0));
#3086=DIRECTION('',(1.836910E-016,1.0,-1.836910E-016));
#3087=AXIS2_PLACEMENT_3D('',#3084,#3085,#3086);
#3088=CIRCLE('',#3087,1.750000000000000);
#3089=EDGE_CURVE('',#3076,#3074,#3088,.T.);
#3090=ORIENTED_EDGE('',*,*,#3089,.F.);
#3091=EDGE_LOOP('',(#3083,#3090));
#3092=FACE_BOUND('',#3091,.T.);
#3093=ADVANCED_FACE('',(#2998,#3012,#3032,#3052,#3072,#3092),#2988,.F.);
#3094=CARTESIAN_POINT('',(-16.0,16.0,-1.959338E-015));
#3095=DIRECTION('',(1.224586E-016,0.0,-1.0));
#3096=DIRECTION('',(-1.0,0.0,-1.224586E-016));
#3097=AXIS2_PLACEMENT_3D('',#3094,#3095,#3096);
#3098=CYLINDRICAL_SURFACE('',#3097,1.750000000000000);
#3099=CARTESIAN_POINT('',(-17.750000000000000,16.0,-2.173640E-015));
#3100=VERTEX_POINT('',#3099);
#3101=CARTESIAN_POINT('',(-17.750000000000000,16.0,-2.173640E-015));
#3102=DIRECTION('',(0.0,0.0,1.0));
#3103=VECTOR('',#3102,10.500000000000004);
#3104=LINE('',#3101,#3103);
#3105=EDGE_CURVE('',#3100,#3016,#3104,.T.);
#3106=ORIENTED_EDGE('',*,*,#3105,.T.);
#3107=ORIENTED_EDGE('',*,*,#3029,.T.);
#3108=ORIENTED_EDGE('',*,*,#3022,.T.);
#3109=ORIENTED_EDGE('',*,*,#3105,.F.);
#3110=CARTESIAN_POINT('',(-14.250000000000000,16.0,-1.745035E-015));
#3111=VERTEX_POINT('',#3110);
#3112=CARTESIAN_POINT('',(-16.0,16.0,-1.959338E-015));
#3113=DIRECTION('',(1.224586E-016,0.0,-1.0));
#3114=DIRECTION('',(-1.0,0.0,-1.224586E-016));
#3115=AXIS2_PLACEMENT_3D('',#3112,#3113,#3114);
#3116=CIRCLE('',#3115,1.750000000000000);
#3117=EDGE_CURVE('',#3100,#3111,#3116,.T.);
#3118=ORIENTED_EDGE('',*,*,#3117,.T.);
#3119=CARTESIAN_POINT('',(-16.0,16.0,-1.959338E-015));
#3120=DIRECTION('',(1.224586E-016,0.0,-1.0));
#3121=DIRECTION('',(-1.0,0.0,-1.224586E-016));
#3122=AXIS2_PLACEMENT_3D('',#3119,#3120,#3121);
#3123=CIRCLE('',#3122,1.750000000000000);
#3124=EDGE_CURVE('',#3111,#3100,#3123,.T.);
#3125=ORIENTED_EDGE('',*,*,#3124,.T.);
#3126=EDGE_LOOP('',(#3106,#3107,#3108,#3109,#3118,#3125));
#3127=FACE_OUTER_BOUND('',#3126,.T.);
#3128=ADVANCED_FACE('',(#3127),#3098,.F.);
#3129=CARTESIAN_POINT('',(-16.0,-15.999999999999998,-1.959338E-015));
#3130=DIRECTION('',(-6.123234E-017,1.836910E-016,-1.0));
#3131=DIRECTION('',(-6.123032E-017,-1.0,-1.836910E-016));
#3132=AXIS2_PLACEMENT_3D('',#3129,#3130,#3131);
#3133=CYLINDRICAL_SURFACE('',#3132,1.750000000000000);
#3134=CARTESIAN_POINT('',(-16.0,-17.750000000000000,-2.280797E-015));
#3135=VERTEX_POINT('',#3134);
#3136=CARTESIAN_POINT('',(-16.0,-17.750000000000000,-2.280797E-015));
#3137=DIRECTION('',(0.0,0.0,1.0));
#3138=VECTOR('',#3137,10.500000000000004);
#3139=LINE('',#3136,#3138);
#3140=EDGE_CURVE('',#3135,#3036,#3139,.T.);
#3141=ORIENTED_EDGE('',*,*,#3140,.T.);
#3142=ORIENTED_EDGE('',*,*,#3049,.T.);
#3143=ORIENTED_EDGE('',*,*,#3042,.T.);
#3144=ORIENTED_EDGE('',*,*,#3140,.F.);
#3145=CARTESIAN_POINT('',(-15.999999999999998,-14.249999999999998,-1.637879E-015));
#3146=VERTEX_POINT('',#3145);
#3147=CARTESIAN_POINT('',(-16.0,-15.999999999999998,-1.959338E-015));
#3148=DIRECTION('',(-6.123234E-017,1.836910E-016,-1.0));
#3149=DIRECTION('',(-6.123032E-017,-1.0,-1.836910E-016));
#3150=AXIS2_PLACEMENT_3D('',#3147,#3148,#3149);
#3151=CIRCLE('',#3150,1.750000000000000);
#3152=EDGE_CURVE('',#3135,#3146,#3151,.T.);
#3153=ORIENTED_EDGE('',*,*,#3152,.T.);
#3154=CARTESIAN_POINT('',(-16.0,-15.999999999999998,-1.959338E-015));
#3155=DIRECTION('',(-6.123234E-017,1.836910E-016,-1.0));
#3156=DIRECTION('',(-6.123032E-017,-1.0,-1.836910E-016));
#3157=AXIS2_PLACEMENT_3D('',#3154,#3155,#3156);
#3158=CIRCLE('',#3157,1.750000000000000);
#3159=EDGE_CURVE('',#3146,#3135,#3158,.T.);
#3160=ORIENTED_EDGE('',*,*,#3159,.T.);
#3161=EDGE_LOOP('',(#3141,#3142,#3143,#3144,#3153,#3160));
#3162=FACE_OUTER_BOUND('',#3161,.T.);
#3163=ADVANCED_FACE('',(#3162),#3133,.F.);
#3164=CARTESIAN_POINT('',(15.999999999999998,-16.000000000000004,-3.918773E-015));
#3165=DIRECTION('',(-2.449233E-016,2.249491E-032,-1.0));
#3166=DIRECTION('',(1.0,-1.224606E-016,-2.449233E-016));
#3167=AXIS2_PLACEMENT_3D('',#3164,#3165,#3166);
#3168=CYLINDRICAL_SURFACE('',#3167,1.750000000000000);
#3169=CARTESIAN_POINT('',(17.749999999999996,-16.000000000000004,-4.347388E-015));
#3170=VERTEX_POINT('',#3169);
#3171=CARTESIAN_POINT('',(17.749999999999996,-16.000000000000004,-4.347388E-015));
#3172=DIRECTION('',(0.0,0.0,1.0));
#3173=VECTOR('',#3172,10.500000000000004);
#3174=LINE('',#3171,#3173);
#3175=EDGE_CURVE('',#3170,#3056,#3174,.T.);
#3176=ORIENTED_EDGE('',*,*,#3175,.T.);
#3177=ORIENTED_EDGE('',*,*,#3069,.T.);
#3178=ORIENTED_EDGE('',*,*,#3062,.T.);
#3179=ORIENTED_EDGE('',*,*,#3175,.F.);
#3180=CARTESIAN_POINT('',(14.249999999999998,-16.0,-3.490157E-015));
#3181=VERTEX_POINT('',#3180);
#3182=CARTESIAN_POINT('',(15.999999999999998,-16.000000000000004,-3.918773E-015));
#3183=DIRECTION('',(-2.449233E-016,2.249491E-032,-1.0));
#3184=DIRECTION('',(1.0,-1.224606E-016,-2.449233E-016));
#3185=AXIS2_PLACEMENT_3D('',#3182,#3183,#3184);
#3186=CIRCLE('',#3185,1.750000000000000);
#3187=EDGE_CURVE('',#3170,#3181,#3186,.T.);
#3188=ORIENTED_EDGE('',*,*,#3187,.T.);
#3189=CARTESIAN_POINT('',(15.999999999999998,-16.000000000000004,-3.918773E-015));
#3190=DIRECTION('',(-2.449233E-016,2.249491E-032,-1.0));
#3191=DIRECTION('',(1.0,-1.224606E-016,-2.449233E-016));
#3192=AXIS2_PLACEMENT_3D('',#3189,#3190,#3191);
#3193=CIRCLE('',#3192,1.750000000000000);
#3194=EDGE_CURVE('',#3181,#3170,#3193,.T.);
#3195=ORIENTED_EDGE('',*,*,#3194,.T.);
#3196=EDGE_LOOP('',(#3176,#3177,#3178,#3179,#3188,#3195));
#3197=FACE_OUTER_BOUND('',#3196,.T.);
#3198=ADVANCED_FACE('',(#3197),#3168,.F.);
#3199=CARTESIAN_POINT('',(16.000000000000004,15.999999999999996,-3.918773E-015));
#3200=DIRECTION('',(-6.123234E-017,-1.836910E-016,-1.0));
#3201=DIRECTION('',(1.836910E-016,1.0,-1.836910E-016));
#3202=AXIS2_PLACEMENT_3D('',#3199,#3200,#3201);
#3203=CYLINDRICAL_SURFACE('',#3202,1.750000000000000);
#3204=CARTESIAN_POINT('',(16.000000000000004,17.749999999999996,-4.240232E-015));
#3205=VERTEX_POINT('',#3204);
#3206=CARTESIAN_POINT('',(16.000000000000004,17.749999999999996,-4.240232E-015));
#3207=DIRECTION('',(0.0,0.0,1.0));
#3208=VECTOR('',#3207,10.500000000000004);
#3209=LINE('',#3206,#3208);
#3210=EDGE_CURVE('',#3205,#3076,#3209,.T.);
#3211=ORIENTED_EDGE('',*,*,#3210,.T.);
#3212=ORIENTED_EDGE('',*,*,#3089,.T.);
#3213=ORIENTED_EDGE('',*,*,#3082,.T.);
#3214=ORIENTED_EDGE('',*,*,#3210,.F.);
#3215=CARTESIAN_POINT('',(16.000000000000004,14.249999999999996,-3.597314E-015));
#3216=VERTEX_POINT('',#3215);
#3217=CARTESIAN_POINT('',(16.000000000000004,15.999999999999996,-3.918773E-015));
#3218=DIRECTION('',(-6.123234E-017,-1.836910E-016,-1.0));
#3219=DIRECTION('',(1.836910E-016,1.0,-1.836910E-016));
#3220=AXIS2_PLACEMENT_3D('',#3217,#3218,#3219);
#3221=CIRCLE('',#3220,1.750000000000000);
#3222=EDGE_CURVE('',#3205,#3216,#3221,.T.);
#3223=ORIENTED_EDGE('',*,*,#3222,.T.);
#3224=CARTESIAN_POINT('',(16.000000000000004,15.999999999999996,-3.918773E-015));
#3225=DIRECTION('',(-6.123234E-017,-1.836910E-016,-1.0));
#3226=DIRECTION('',(1.836910E-016,1.0,-1.836910E-016));
#3227=AXIS2_PLACEMENT_3D('',#3224,#3225,#3226);
#3228=CIRCLE('',#3227,1.750000000000000);
#3229=EDGE_CURVE('',#3216,#3205,#3228,.T.);
#3230=ORIENTED_EDGE('',*,*,#3229,.T.);
#3231=EDGE_LOOP('',(#3211,#3212,#3213,#3214,#3223,#3230));
#3232=FACE_OUTER_BOUND('',#3231,.T.);
#3233=ADVANCED_FACE('',(#3232),#3203,.F.);
#3234=CARTESIAN_POINT('',(2.252618607487747,11.786685361428034,7.211516368914921));
#3235=CARTESIAN_POINT('',(1.136410313283512,12.000010099999997,7.211516368914921));
#3236=CARTESIAN_POINT('',(2.220446E-015,12.000010099999999,7.211516368914921));
#3237=CARTESIAN_POINT('',(2.252618607487747,11.786685361428034,8.039943493661111));
#3238=CARTESIAN_POINT('',(1.136410313283512,12.000010099999997,8.039943493661111));
#3239=CARTESIAN_POINT('',(2.220446E-015,12.000010099999999,8.039943493661111));
#3240=CARTESIAN_POINT('',(2.142655914255320,11.211312476591868,8.625729931288017));
#3241=CARTESIAN_POINT('',(1.080935880882757,11.414223662373091,8.625729931288017));
#3242=CARTESIAN_POINT('',(2.664535E-015,11.414223662373091,8.625729931288017));
#3250=(BOUNDED_SURFACE()B_SPLINE_SURFACE(2,2,((#3234,#3237,#3240),(#3235,#3238,#3241),(#3236,#3239,#3242)),.UNSPECIFIED.,.F.,.F.,.U.)GEOMETRIC_REPRESENTATION_ITEM()QUASI_UNIFORM_SURFACE()RATIONAL_B_SPLINE_SURFACE(((1.0,0.923879532511287,1.0),(0.995545818487196,0.919764405377517,0.995545818487196),(1.0,0.923879532511287,1.0)))REPRESENTATION_ITEM('')SURFACE());
#3251=CARTESIAN_POINT('',(0.0,12.000010099999997,7.211516368914921));
#3252=VERTEX_POINT('',#3251);
#3253=CARTESIAN_POINT('',(0.0,11.414223662373075,8.625729931288028));
#3254=VERTEX_POINT('',#3253);
#3255=CARTESIAN_POINT('',(0.0,10.000010099999997,7.211516368914920));
#3256=DIRECTION('',(1.0,0.0,0.0));
#3257=DIRECTION('',(0.0,0.0,1.0));
#3258=AXIS2_PLACEMENT_3D('',#3255,#3256,#3257);
#3259=CIRCLE('',#3258,2.0);
#3260=EDGE_CURVE('',#3252,#3254,#3259,.T.);
#3261=ORIENTED_EDGE('',*,*,#3260,.T.);
#3262=CARTESIAN_POINT('',(0.968845285755014,11.373031285761995,8.625729931290943));
#3263=VERTEX_POINT('',#3262);
#3264=CARTESIAN_POINT('',(0.0,0.0,8.625729931288028));
#3265=DIRECTION('',(0.0,7.781330E-017,1.0));
#3266=DIRECTION('',(0.0,1.0,-7.781330E-017));
#3267=AXIS2_PLACEMENT_3D('',#3264,#3265,#3266);
#3268=CIRCLE('',#3267,11.414223662373075);
#3269=EDGE_CURVE('',#3263,#3254,#3268,.T.);
#3270=ORIENTED_EDGE('',*,*,#3269,.F.);
#3271=CARTESIAN_POINT('',(2.251611067026004,11.786877873420412,7.211516368917210));
#3272=VERTEX_POINT('',#3271);
#3273=CARTESIAN_POINT('',(0.968845285755067,11.373031285762583,8.625729931289479));
#3274=CARTESIAN_POINT('',(1.004082448666693,11.460305711925638,8.535779517775652));
#3275=CARTESIAN_POINT('',(1.120428100829156,11.629265491210079,8.317602970527288));
#3276=CARTESIAN_POINT('',(1.376144003012643,11.773050778779957,7.993630897343143));
#3277=CARTESIAN_POINT('',(1.759570330114958,11.847830123046625,7.605400646890286));
#3278=CARTESIAN_POINT('',(2.057861314485435,11.823889293386230,7.358752719804423));
#3279=CARTESIAN_POINT('',(2.251611067026087,11.786877873420828,7.211516368916065));
#3280=B_SPLINE_CURVE_WITH_KNOTS('',3,(#3273,#3274,#3275,#3276,#3277,#3278,#3279),.UNSPECIFIED.,.F.,.U.,(4,1,1,1,4),(0.0,0.392022796621106,0.885788455528726,1.297856882902307,2.038043922759263),.UNSPECIFIED.);
#3281=EDGE_CURVE('',#3263,#3272,#3280,.T.);
#3282=ORIENTED_EDGE('',*,*,#3281,.T.);
#3283=CARTESIAN_POINT('',(0.0,0.0,7.211516368914921));
#3284=DIRECTION('',(0.0,0.0,1.0));
#3285=DIRECTION('',(0.0,1.0,0.0));
#3286=AXIS2_PLACEMENT_3D('',#3283,#3284,#3285);
#3287=CIRCLE('',#3286,12.000010099999997);
#3288=EDGE_CURVE('',#3272,#3252,#3287,.T.);
#3289=ORIENTED_EDGE('',*,*,#3288,.T.);
#3290=EDGE_LOOP('',(#3261,#3270,#3282,#3289));
#3291=FACE_OUTER_BOUND('',#3290,.T.);
#3292=ADVANCED_FACE('',(#3291),#3250,.T.);
#3293=CARTESIAN_POINT('',(0.0,12.000010099999997,7.211516368914921));
#3294=CARTESIAN_POINT('',(-3.176934379113503,12.000010099999997,7.211516368914921));
#3295=CARTESIAN_POINT('',(-5.937698171168227,10.428038302010950,7.211516368914921));
#3296=CARTESIAN_POINT('',(0.0,12.000010099999997,8.039943493661111));
#3297=CARTESIAN_POINT('',(-3.176934379113503,12.000010099999997,8.039943493661111));
#3298=CARTESIAN_POINT('',(-5.937698171168227,10.428038302010950,8.039943493661111));
#3299=CARTESIAN_POINT('',(0.0,11.414223662373091,8.625729931288017));
#3300=CARTESIAN_POINT('',(-3.021850753599276,11.414223662373091,8.625729931288017));
#3301=CARTESIAN_POINT('',(-5.647846493510687,9.918988446430252,8.625729931288017));
#3309=(BOUNDED_SURFACE()B_SPLINE_SURFACE(2,2,((#3293,#3296,#3299),(#3294,#3297,#3300),(#3295,#3298,#3301)),.UNSPECIFIED.,.F.,.F.,.U.)GEOMETRIC_REPRESENTATION_ITEM()QUASI_UNIFORM_SURFACE()RATIONAL_B_SPLINE_SURFACE(((1.0,0.923879532511287,1.0),(0.966696038169145,0.893110683824223,0.966696038169145),(1.0,0.923879532511287,1.0)))REPRESENTATION_ITEM('')SURFACE());
#3310=CARTESIAN_POINT('',(-4.148048628250871,11.260281301005229,7.211516368914920));
#3311=VERTEX_POINT('',#3310);
#3312=CARTESIAN_POINT('',(0.0,0.0,7.211516368914921));
#3313=DIRECTION('',(0.0,0.0,1.0));
#3314=DIRECTION('',(0.0,1.0,0.0));
#3315=AXIS2_PLACEMENT_3D('',#3312,#3313,#3314);
#3316=CIRCLE('',#3315,12.000010099999997);
#3317=EDGE_CURVE('',#3252,#3311,#3316,.T.);
#3318=ORIENTED_EDGE('',*,*,#3317,.T.);
#3319=CARTESIAN_POINT('',(-5.646998404737778,9.919471297993578,8.625729931274357));
#3320=VERTEX_POINT('',#3319);
#3321=CARTESIAN_POINT('',(-4.148048628250871,11.260281301005229,7.211516368914921));
#3322=CARTESIAN_POINT('',(-4.321007530492940,11.196566912526768,7.340154051181711));
#3323=CARTESIAN_POINT('',(-4.638270523386888,11.046005730777456,7.586404783456670));
#3324=CARTESIAN_POINT('',(-5.068045838684983,10.736633301381300,7.956854501369516));
#3325=CARTESIAN_POINT('',(-5.413607961419778,10.367422687380456,8.302317448316389));
#3326=CARTESIAN_POINT('',(-5.586346169710942,10.069329394007587,8.525503228036266));
#3327=CARTESIAN_POINT('',(-5.646998404736129,9.919471297990697,8.625729931281187));
#3328=B_SPLINE_CURVE_WITH_KNOTS('',3,(#3321,#3322,#3323,#3324,#3325,#3326,#3327),.UNSPECIFIED.,.F.,.U.,(4,1,1,1,4),(0.0,0.674948688037112,1.282157195992670,1.933802087543735,2.505457095126294),.UNSPECIFIED.);
#3329=EDGE_CURVE('',#3311,#3320,#3328,.T.);
#3330=ORIENTED_EDGE('',*,*,#3329,.T.);
#3331=CARTESIAN_POINT('',(0.0,0.0,8.625729931288028));
#3332=DIRECTION('',(0.0,7.781330E-017,1.0));
#3333=DIRECTION('',(0.0,1.0,-7.781330E-017));
#3334=AXIS2_PLACEMENT_3D('',#3331,#3332,#3333);
#3335=CIRCLE('',#3334,11.414223662373075);
#3336=EDGE_CURVE('',#3254,#3320,#3335,.T.);
#3337=ORIENTED_EDGE('',*,*,#3336,.F.);
#3338=ORIENTED_EDGE('',*,*,#3260,.F.);
#3339=EDGE_LOOP('',(#3318,#3330,#3337,#3338));
#3340=FACE_OUTER_BOUND('',#3339,.T.);
#3341=ADVANCED_FACE('',(#3340),#3309,.T.);
#3342=CARTESIAN_POINT('',(-5.850729342864965,10.477080154157495,7.211516368914921));
#3343=CARTESIAN_POINT('',(-9.713510022843485,8.319982571923756,7.211516368914921));
#3344=CARTESIAN_POINT('',(-11.251554502818177,4.171661979381113,7.211516368914921));
#3345=CARTESIAN_POINT('',(-5.850729342864965,10.477080154157495,8.039943493661111));
#3346=CARTESIAN_POINT('',(-9.713510022843483,8.319982571923756,8.039943493661111));
#3347=CARTESIAN_POINT('',(-11.251554502818177,4.171661979381113,8.039943493661111));
#3348=CARTESIAN_POINT('',(-5.565123091643887,9.965636296269786,8.625729931288017));
#3349=CARTESIAN_POINT('',(-9.239340219175176,7.913838501101253,8.625729931288017));
#3350=CARTESIAN_POINT('',(-10.702304295939530,3.968020233289144,8.625729931288017));
#3358=(BOUNDED_SURFACE()B_SPLINE_SURFACE(2,2,((#3342,#3345,#3348),(#3343,#3346,#3349),(#3344,#3347,#3350)),.UNSPECIFIED.,.F.,.F.,.U.)GEOMETRIC_REPRESENTATION_ITEM()QUASI_UNIFORM_SURFACE()RATIONAL_B_SPLINE_SURFACE(((1.0,0.923879532511287,1.0),(0.938261639930741,0.866840725272486,0.938261639930741),(1.0,0.923879532511287,1.0)))REPRESENTATION_ITEM('')SURFACE());
#3359=CARTESIAN_POINT('',(-5.851624907960725,10.476579992375164,7.211516368914921));
#3360=VERTEX_POINT('',#3359);
#3361=CARTESIAN_POINT('',(-10.415558903330066,5.959561655974690,7.211516368914921));
#3362=VERTEX_POINT('',#3361);
#3363=CARTESIAN_POINT('',(0.0,0.0,7.211516368914921));
#3364=DIRECTION('',(0.0,0.0,1.0));
#3365=DIRECTION('',(0.0,1.0,0.0));
#3366=AXIS2_PLACEMENT_3D('',#3363,#3364,#3365);
#3367=CIRCLE('',#3366,12.000010099999997);
#3368=EDGE_CURVE('',#3360,#3362,#3367,.T.);
#3369=ORIENTED_EDGE('',*,*,#3368,.T.);
#3370=CARTESIAN_POINT('',(-10.701964993243751,3.968935259998920,8.625729931288026));
#3371=VERTEX_POINT('',#3370);
#3372=CARTESIAN_POINT('',(-10.415558903330066,5.959561655974687,7.211516368914921));
#3373=CARTESIAN_POINT('',(-10.507098289807780,5.799577763387976,7.340154051181612));
#3374=CARTESIAN_POINT('',(-10.653356980392873,5.480308485915515,7.586404783456633));
#3375=CARTESIAN_POINT('',(-10.783723208073724,4.967061207898963,7.956854501368719));
#3376=CARTESIAN_POINT('',(-10.811115143897677,4.462106417829622,8.302317448321873));
#3377=CARTESIAN_POINT('',(-10.751829612972607,4.122719726888822,8.525503228039668));
#3378=CARTESIAN_POINT('',(-10.701964993243758,3.968935259998923,8.625729931288021));
#3379=B_SPLINE_CURVE_WITH_KNOTS('',3,(#3372,#3373,#3374,#3375,#3376,#3377,#3378),.UNSPECIFIED.,.F.,.U.,(4,1,1,1,4),(0.0,0.674948688036585,1.282157195992171,1.933802087543274,2.505457095145903),.UNSPECIFIED.);
#3380=EDGE_CURVE('',#3362,#3371,#3379,.T.);
#3381=ORIENTED_EDGE('',*,*,#3380,.T.);
#3382=CARTESIAN_POINT('',(-6.568265047669687,9.335009163264818,8.625729931288028));
#3383=VERTEX_POINT('',#3382);
#3384=CARTESIAN_POINT('',(0.0,0.0,8.625729931288028));
#3385=DIRECTION('',(0.0,7.781330E-017,1.0));
#3386=DIRECTION('',(0.0,1.0,-7.781330E-017));
#3387=AXIS2_PLACEMENT_3D('',#3384,#3385,#3386);
#3388=CIRCLE('',#3387,11.414223662373075);
#3389=EDGE_CURVE('',#3383,#3371,#3388,.T.);
#3390=ORIENTED_EDGE('',*,*,#3389,.F.);
#3391=CARTESIAN_POINT('',(-6.568265047669691,9.335009163264825,8.625729931288023));
#3392=CARTESIAN_POINT('',(-6.597370734602006,9.424515264149020,8.535779517798881));
#3393=CARTESIAN_POINT('',(-6.616850046952809,9.628731507791393,8.317602970596351));
#3394=CARTESIAN_POINT('',(-6.513383702422749,9.903248441829527,7.993630897457215));
#3395=CARTESIAN_POINT('',(-6.267729331177637,10.206994435291792,7.605400646967874));
#3396=CARTESIAN_POINT('',(-6.023836311465372,10.380392444633813,7.358752719841233));
#3397=CARTESIAN_POINT('',(-5.851624907960725,10.476579992375164,7.211516368914921));
#3398=B_SPLINE_CURVE_WITH_KNOTS('',3,(#3391,#3392,#3393,#3394,#3395,#3396,#3397),.UNSPECIFIED.,.F.,.U.,(4,1,1,1,4),(0.0,0.392022796513055,0.885788455358090,1.297856882711029,2.038043922760220),.UNSPECIFIED.);
#3399=EDGE_CURVE('',#3383,#3360,#3398,.T.);
#3400=ORIENTED_EDGE('',*,*,#3399,.T.);
#3401=EDGE_LOOP('',(#3369,#3381,#3390,#3400));
#3402=FACE_OUTER_BOUND('',#3401,.T.);
#3403=ADVANCED_FACE('',(#3402),#3358,.T.);
#3404=CARTESIAN_POINT('',(-11.216456010080032,4.265132702981406,7.211516368914921));
#3405=CARTESIAN_POINT('',(-12.788962086220289,0.129752526819124,7.211516368914921));
#3406=CARTESIAN_POINT('',(-11.300683435480780,-4.036681346248704,7.211516368914921));
#3407=CARTESIAN_POINT('',(-11.216456010080032,4.265132702981406,8.039943493661111));
#3408=CARTESIAN_POINT('',(-12.788962086220289,0.129752526819124,8.039943493661111));
#3409=CARTESIAN_POINT('',(-11.300683435480780,-4.036681346248704,8.039943493661111));
#3410=CARTESIAN_POINT('',(-10.668919153511579,4.056928137213124,8.625729931288017));
#3411=CARTESIAN_POINT('',(-12.164662566553005,0.123418592945313,8.625729931288017));
#3412=CARTESIAN_POINT('',(-10.749034975416592,-3.839628746630142,8.625729931288017));
#3420=(BOUNDED_SURFACE()B_SPLINE_SURFACE(2,2,((#3404,#3407,#3410),(#3405,#3408,#3411),(#3406,#3409,#3412)),.UNSPECIFIED.,.F.,.F.,.U.)GEOMETRIC_REPRESENTATION_ITEM()QUASI_UNIFORM_SURFACE()RATIONAL_B_SPLINE_SURFACE(((1.0,0.923879532511287,1.0),(0.938261639930740,0.866840725272486,0.938261639930740),(1.0,0.923879532511287,1.0)))REPRESENTATION_ITEM('')SURFACE());
#3421=CARTESIAN_POINT('',(-11.216820554948569,4.264173898680168,7.211516368914921));
#3422=VERTEX_POINT('',#3421);
#3423=CARTESIAN_POINT('',(-11.809513411497917,-2.129703121036538,7.211516368914920));
#3424=VERTEX_POINT('',#3423);
#3425=CARTESIAN_POINT('',(0.0,0.0,7.211516368914921));
#3426=DIRECTION('',(0.0,0.0,1.0));
#3427=DIRECTION('',(0.0,1.0,0.0));
#3428=AXIS2_PLACEMENT_3D('',#3425,#3426,#3427);
#3429=CIRCLE('',#3428,12.000010099999997);
#3430=EDGE_CURVE('',#3422,#3424,#3429,.T.);
#3431=ORIENTED_EDGE('',*,*,#3430,.T.);
#3432=CARTESIAN_POINT('',(-10.749363222303536,-3.838709695935026,8.625729931288028));
#3433=VERTEX_POINT('',#3432);
#3434=CARTESIAN_POINT('',(-11.809513411497917,-2.129703121036535,7.211516368914921));
#3435=CARTESIAN_POINT('',(-11.776800985931532,-2.311098276367313,7.340154051181612));
#3436=CARTESIAN_POINT('',(-11.683619307399237,-2.649686006350783,7.586404783456629));
#3437=CARTESIAN_POINT('',(-11.453576640670136,-3.126654027496124,7.956854501368720));
#3438=CARTESIAN_POINT('',(-11.149981398385922,-3.531079035408024,8.302317448321873));
#3439=CARTESIAN_POINT('',(-10.886412487034148,-3.752956319359445,8.525503228039668));
#3440=CARTESIAN_POINT('',(-10.749363222303543,-3.838709695935032,8.625729931288023));
#3441=B_SPLINE_CURVE_WITH_KNOTS('',3,(#3434,#3435,#3436,#3437,#3438,#3439,#3440),.UNSPECIFIED.,.F.,.U.,(4,1,1,1,4),(0.0,0.674948688036590,1.282157195992176,1.933802087543280,2.505457095145913),.UNSPECIFIED.);
#3442=EDGE_CURVE('',#3424,#3433,#3441,.T.);
#3443=ORIENTED_EDGE('',*,*,#3442,.T.);
#3444=CARTESIAN_POINT('',(-11.032011167156908,2.929032506204513,8.625729931288028));
#3445=VERTEX_POINT('',#3444);
#3446=CARTESIAN_POINT('',(0.0,0.0,8.625729931288028));
#3447=DIRECTION('',(0.0,7.781330E-017,1.0));
#3448=DIRECTION('',(0.0,1.0,-7.781330E-017));
#3449=AXIS2_PLACEMENT_3D('',#3446,#3447,#3448);
#3450=CIRCLE('',#3449,11.414223662373075);
#3451=EDGE_CURVE('',#3445,#3433,#3450,.T.);
#3452=ORIENTED_EDGE('',*,*,#3451,.F.);
#3453=CARTESIAN_POINT('',(-11.032011167156917,2.929032506204516,8.625729931288023));
#3454=CARTESIAN_POINT('',(-11.111840829534332,2.978889382480619,8.535779517798835));
#3455=CARTESIAN_POINT('',(-11.258030519626521,3.122807040493244,8.317602970596223));
#3456=CARTESIAN_POINT('',(-11.355226785198237,3.399606096638794,7.993630897457013));
#3457=CARTESIAN_POINT('',(-11.362288780267447,3.790192613151880,7.605400646967737));
#3458=CARTESIAN_POINT('',(-11.286913979750720,4.079794605816230,7.358752719841169));
#3459=CARTESIAN_POINT('',(-11.216820554948569,4.264173898680168,7.211516368914921));
#3460=B_SPLINE_CURVE_WITH_KNOTS('',3,(#3453,#3454,#3455,#3456,#3457,#3458,#3459),.UNSPECIFIED.,.F.,.U.,(4,1,1,1,4),(0.0,0.392022796513253,0.885788455358387,1.297856882711353,2.038043922760217),.UNSPECIFIED.);
#3461=EDGE_CURVE('',#3445,#3422,#3460,.T.);
#3462=ORIENTED_EDGE('',*,*,#3461,.T.);
#3463=EDGE_LOOP('',(#3431,#3443,#3452,#3462));
#3464=FACE_OUTER_BOUND('',#3463,.T.);
#3465=ADVANCED_FACE('',(#3464),#3420,.T.);
#3466=CARTESIAN_POINT('',(-11.333878253155579,-3.942517741589630,7.211516368914920));
#3467=CARTESIAN_POINT('',(-9.880316655977353,-8.121190167610937,7.211516368914920));
#3468=CARTESIAN_POINT('',(-6.062096995594500,-10.356216607241569,7.211516368914920));
#3469=CARTESIAN_POINT('',(-11.333878253155579,-3.942517741589630,8.039943493661109));
#3470=CARTESIAN_POINT('',(-9.880316655977353,-8.121190167610937,8.039943493661109));
#3471=CARTESIAN_POINT('',(-6.062096995594500,-10.356216607241569,8.039943493661109));
#3472=CARTESIAN_POINT('',(-10.780609371622464,-3.750061784979505,8.625729931288015));
#3473=CARTESIAN_POINT('',(-9.398004103879520,-7.724750246483248,8.625729931288015));
#3474=CARTESIAN_POINT('',(-5.766172727697587,-9.850672763270250,8.625729931288015));
#3482=(BOUNDED_SURFACE()B_SPLINE_SURFACE(2,2,((#3466,#3469,#3472),(#3467,#3470,#3473),(#3468,#3471,#3474)),.UNSPECIFIED.,.F.,.F.,.U.)GEOMETRIC_REPRESENTATION_ITEM()QUASI_UNIFORM_SURFACE()RATIONAL_B_SPLINE_SURFACE(((1.0,0.923879532511287,1.0),(0.938261639931061,0.866840725272782,0.938261639931061),(1.0,0.923879532511287,1.0)))REPRESENTATION_ITEM('')SURFACE());
#3483=CARTESIAN_POINT('',(-11.333541203201440,-3.943486553221301,7.211516368914921));
#3484=VERTEX_POINT('',#3483);
#3485=CARTESIAN_POINT('',(-7.677665346303986,-9.222456138701061,7.211516368914920));
#3486=VERTEX_POINT('',#3485);
#3487=CARTESIAN_POINT('',(0.0,0.0,7.211516368914921));
#3488=DIRECTION('',(0.0,0.0,1.0));
#3489=DIRECTION('',(0.0,1.0,0.0));
#3490=AXIS2_PLACEMENT_3D('',#3487,#3488,#3489);
#3491=CIRCLE('',#3490,12.000010099999997);
#3492=EDGE_CURVE('',#3484,#3486,#3491,.T.);
#3493=ORIENTED_EDGE('',*,*,#3492,.T.);
#3494=CARTESIAN_POINT('',(-5.767014933804148,-9.850179722629903,8.625729931274359));
#3495=VERTEX_POINT('',#3494);
#3496=CARTESIAN_POINT('',(-7.677665346303985,-9.222456138701061,7.211516368914921));
#3497=CARTESIAN_POINT('',(-7.536007616174013,-9.340385747614132,7.340154051181711));
#3498=CARTESIAN_POINT('',(-7.246986311508326,-9.539862968266315,7.586404783456668));
#3499=CARTESIAN_POINT('',(-6.764174270771700,-9.757373094535854,7.956854501369516));
#3500=CARTESIAN_POINT('',(-6.271647438332721,-9.872033364409445,8.302317448316391));
#3501=CARTESIAN_POINT('',(-5.927121969428462,-9.872582394307367,8.525503228036266));
#3502=CARTESIAN_POINT('',(-5.767014933802471,-9.850179722627038,8.625729931281189));
#3503=B_SPLINE_CURVE_WITH_KNOTS('',3,(#3496,#3497,#3498,#3499,#3500,#3501,#3502),.UNSPECIFIED.,.F.,.U.,(4,1,1,1,4),(0.0,0.674948688037112,1.282157195992670,1.933802087543736,2.505457095126300),.UNSPECIFIED.);
#3504=EDGE_CURVE('',#3486,#3495,#3503,.T.);
#3505=ORIENTED_EDGE('',*,*,#3504,.T.);
#3506=CARTESIAN_POINT('',(-10.333756654384432,-4.847471013079175,8.625729931288028));
#3507=VERTEX_POINT('',#3506);
#3508=CARTESIAN_POINT('',(0.0,0.0,8.625729931288028));
#3509=DIRECTION('',(0.0,7.781330E-017,1.0));
#3510=DIRECTION('',(0.0,1.0,-7.781330E-017));
#3511=AXIS2_PLACEMENT_3D('',#3508,#3509,#3510);
#3512=CIRCLE('',#3511,11.414223662373075);
#3513=EDGE_CURVE('',#3507,#3495,#3512,.T.);
#3514=ORIENTED_EDGE('',*,*,#3513,.F.);
#3515=CARTESIAN_POINT('',(-10.333756654384441,-4.847471013079179,8.625729931288023));
#3516=CARTESIAN_POINT('',(-10.426957105972683,-4.860591947918263,8.535779517798829));
#3517=CARTESIAN_POINT('',(-10.631453393094718,-4.844313547186166,8.317602970596209));
#3518=CARTESIAN_POINT('',(-10.883833055891145,-4.694749723582580,7.993630897456989));
#3519=CARTESIAN_POINT('',(-11.140307031296469,-4.400082455980676,7.605400646967719));
#3520=CARTESIAN_POINT('',(-11.268719156834605,-4.129784470929234,7.358752719841159));
#3521=CARTESIAN_POINT('',(-11.333541203201440,-3.943486553221301,7.211516368914921));
#3522=B_SPLINE_CURVE_WITH_KNOTS('',3,(#3515,#3516,#3517,#3518,#3519,#3520,#3521),.UNSPECIFIED.,.F.,.U.,(4,1,1,1,4),(0.0,0.392022796513275,0.885788455358425,1.297856882711399,2.038043922760218),.UNSPECIFIED.);
#3523=EDGE_CURVE('',#3507,#3484,#3522,.T.);
#3524=ORIENTED_EDGE('',*,*,#3523,.T.);
#3525=EDGE_LOOP('',(#3493,#3505,#3514,#3524));
#3526=FACE_OUTER_BOUND('',#3525,.T.);
#3527=ADVANCED_FACE('',(#3526),#3482,.T.);
#3528=CARTESIAN_POINT('',(-6.148052899553685,-10.305420318666846,7.211516368914921));
#3529=CARTESIAN_POINT('',(-2.348561254908019,-12.572137725659097,7.211516368914921));
#3530=CARTESIAN_POINT('',(2.013012001263363,-11.829963021196289,7.211516368914921));
#3531=CARTESIAN_POINT('',(-6.148052899553685,-10.305420318666846,8.039943493661111));
#3532=CARTESIAN_POINT('',(-2.348561254908019,-12.572137725659097,8.039943493661111));
#3533=CARTESIAN_POINT('',(2.013012001263363,-11.829963021196289,8.039943493661111));
#3534=CARTESIAN_POINT('',(-5.847932651623950,-9.802356120685897,8.625729931288017));
#3535=CARTESIAN_POINT('',(-2.233915073813459,-11.958422594563610,8.625729931288017));
#3536=CARTESIAN_POINT('',(1.914745823210708,-11.252477515959537,8.625729931288017));
#3544=(BOUNDED_SURFACE()B_SPLINE_SURFACE(2,2,((#3528,#3531,#3534),(#3529,#3532,#3535),(#3530,#3533,#3536)),.UNSPECIFIED.,.F.,.F.,.U.)GEOMETRIC_REPRESENTATION_ITEM()QUASI_UNIFORM_SURFACE()RATIONAL_B_SPLINE_SURFACE(((1.0,0.923879532511287,1.0),(0.938261639930741,0.866840725272486,0.938261639930741),(1.0,0.923879532511287,1.0)))REPRESENTATION_ITEM('')SURFACE());
#3545=CARTESIAN_POINT('',(-6.147171964196309,-10.305945819899346,7.211516368914921));
#3546=VERTEX_POINT('',#3545);
#3547=CARTESIAN_POINT('',(0.046647662171294,-11.999919432884367,7.211516368914921));
#3548=VERTEX_POINT('',#3547);
#3549=CARTESIAN_POINT('',(0.0,0.0,7.211516368914921));
#3550=DIRECTION('',(0.0,0.0,1.0));
#3551=DIRECTION('',(0.0,1.0,0.0));
#3552=AXIS2_PLACEMENT_3D('',#3549,#3550,#3551);
#3553=CIRCLE('',#3552,12.000010099999997);
#3554=EDGE_CURVE('',#3546,#3548,#3553,.T.);
#3555=ORIENTED_EDGE('',*,*,#3554,.T.);
#3556=CARTESIAN_POINT('',(1.913783735487017,-11.252641184560305,8.625729931288028));
#3557=VERTEX_POINT('',#3556);
#3558=CARTESIAN_POINT('',(0.046647662171290,-11.999919432884369,7.211516368914921));
#3559=CARTESIAN_POINT('',(0.230967470586562,-11.999202920727557,7.340154051181613));
#3560=CARTESIAN_POINT('',(0.580592120818169,-11.966232023562270,7.586404783456629));
#3561=CARTESIAN_POINT('',(1.090260415844135,-11.822508849521142,7.956854501368719));
#3562=CARTESIAN_POINT('',(1.541260059718810,-11.593753566768866,8.302317448321873));
#3563=CARTESIAN_POINT('',(1.805534790317341,-11.372717445440498,8.525503228039668));
#3564=CARTESIAN_POINT('',(1.913783735487016,-11.252641184560314,8.625729931288023));
#3565=B_SPLINE_CURVE_WITH_KNOTS('',3,(#3558,#3559,#3560,#3561,#3562,#3563,#3564),.UNSPECIFIED.,.F.,.U.,(4,1,1,1,4),(0.0,0.674948688036590,1.282157195992176,1.933802087543280,2.505457095145910),.UNSPECIFIED.);
#3566=EDGE_CURVE('',#3548,#3557,#3565,.T.);
#3567=ORIENTED_EDGE('',*,*,#3566,.T.);
#3568=CARTESIAN_POINT('',(-4.800222556110692,-10.355788971703417,8.625729931291140));
#3569=VERTEX_POINT('',#3568);
#3570=CARTESIAN_POINT('',(0.0,0.0,8.625729931288028));
#3571=DIRECTION('',(0.0,7.781330E-017,1.0));
#3572=DIRECTION('',(0.0,1.0,-7.781330E-017));
#3573=AXIS2_PLACEMENT_3D('',#3570,#3571,#3572);
#3574=CIRCLE('',#3573,11.414223662373075);
#3575=EDGE_CURVE('',#3569,#3557,#3574,.T.);
#3576=ORIENTED_EDGE('',*,*,#3575,.F.);
#3577=CARTESIAN_POINT('',(-4.800222556110967,-10.355788971704008,8.625729931289579));
#3578=CARTESIAN_POINT('',(-4.863184269822237,-10.425748286444266,8.535779517774556));
#3579=CARTESIAN_POINT('',(-5.030301068548908,-10.544725987620044,8.317602970523980));
#3580=CARTESIAN_POINT('',(-5.319772879513618,-10.592379971810260,7.993630897337701));
#3581=CARTESIAN_POINT('',(-5.705651811750081,-10.531510042452547,7.605400646885734));
#3582=CARTESIAN_POINT('',(-5.977765402617428,-10.406991496258119,7.358752719801963));
#3583=CARTESIAN_POINT('',(-6.147171964196307,-10.305945819899348,7.211516368914921));
#3584=B_SPLINE_CURVE_WITH_KNOTS('',3,(#3577,#3578,#3579,#3580,#3581,#3582,#3583),.UNSPECIFIED.,.F.,.U.,(4,1,1,1,4),(0.0,0.392022796626339,0.885788455536966,1.297856882911537,2.038043922762179),.UNSPECIFIED.);
#3585=EDGE_CURVE('',#3569,#3546,#3584,.T.);
#3586=ORIENTED_EDGE('',*,*,#3585,.T.);
#3587=EDGE_LOOP('',(#3555,#3567,#3576,#3586));
#3588=FACE_OUTER_BOUND('',#3587,.T.);
#3589=ADVANCED_FACE('',(#3588),#3544,.T.);
#3590=CARTESIAN_POINT('',(1.914514733746332,-11.846302196650656,7.211516368914921));
#3591=CARTESIAN_POINT('',(6.282112058679559,-11.140442318112365,7.211516368914921));
#3592=CARTESIAN_POINT('',(9.146210310574533,-7.768338262128014,7.211516368914921));
#3593=CARTESIAN_POINT('',(1.914514733746332,-11.846302196650656,8.039943493661111));
#3594=CARTESIAN_POINT('',(6.282112058679559,-11.140442318112365,8.039943493661111));
#3595=CARTESIAN_POINT('',(9.146210310574533,-7.768338262128014,8.039943493661111));
#3596=CARTESIAN_POINT('',(1.821056748601346,-11.268019086469959,8.625729931288017));
#3597=CARTESIAN_POINT('',(5.975447646486527,-10.596616107573169,8.625729931288017));
#3598=CARTESIAN_POINT('',(8.699733523391000,-7.389122981563144,8.625729931288017));
#3606=(BOUNDED_SURFACE()B_SPLINE_SURFACE(2,2,((#3590,#3593,#3596),(#3591,#3594,#3597),(#3592,#3595,#3598)),.UNSPECIFIED.,.F.,.F.,.U.)GEOMETRIC_REPRESENTATION_ITEM()QUASI_UNIFORM_SURFACE()RATIONAL_B_SPLINE_SURFACE(((1.0,0.923879532511287,1.0),(0.938261639930741,0.866840725272486,0.938261639930741),(1.0,0.923879532511287,1.0)))REPRESENTATION_ITEM('')SURFACE());
#3607=CARTESIAN_POINT('',(1.915527355062729,-11.846138499617007,7.211516368914923));
#3608=VERTEX_POINT('',#3607);
#3609=CARTESIAN_POINT('',(7.749133711085606,-9.162487060171962,7.211516368914920));
#3610=VERTEX_POINT('',#3609);
#3611=CARTESIAN_POINT('',(0.0,0.0,7.211516368914921));
#3612=DIRECTION('',(0.0,0.0,1.0));
#3613=DIRECTION('',(0.0,1.0,0.0));
#3614=AXIS2_PLACEMENT_3D('',#3611,#3612,#3613);
#3615=CIRCLE('',#3614,12.000010099999997);
#3616=EDGE_CURVE('',#3608,#3610,#3615,.T.);
#3617=ORIENTED_EDGE('',*,*,#3616,.T.);
#3618=CARTESIAN_POINT('',(8.699101725585136,-7.389866777053504,8.625729931288028));
#3619=VERTEX_POINT('',#3618);
#3620=CARTESIAN_POINT('',(7.749133711085603,-9.162487060171962,7.211516368914921));
#3621=CARTESIAN_POINT('',(7.889870310942287,-9.043459690946676,7.340154051181612));
#3622=CARTESIAN_POINT('',(8.136505047251530,-8.793468125178695,7.586404783456630));
#3623=CARTESIAN_POINT('',(8.434550136991630,-8.355761321264311,7.956854501368721));
#3624=CARTESIAN_POINT('',(8.632994846626964,-7.890627625022139,8.302317448321871));
#3625=CARTESIAN_POINT('',(8.693361755375694,-7.551431610167983,8.525503228039668));
#3626=CARTESIAN_POINT('',(8.699101725585143,-7.389866777053507,8.625729931288023));
#3627=B_SPLINE_CURVE_WITH_KNOTS('',3,(#3620,#3621,#3622,#3623,#3624,#3625,#3626),.UNSPECIFIED.,.F.,.U.,(4,1,1,1,4),(0.0,0.674948688036588,1.282157195992173,1.933802087543277,2.505457095145910),.UNSPECIFIED.);
#3628=EDGE_CURVE('',#3610,#3619,#3627,.T.);
#3629=ORIENTED_EDGE('',*,*,#3628,.T.);
#3630=CARTESIAN_POINT('',(2.979389024694947,-11.018518178693755,8.625729931288030));
#3631=VERTEX_POINT('',#3630);
#3632=CARTESIAN_POINT('',(0.0,0.0,8.625729931288028));
#3633=DIRECTION('',(0.0,7.781330E-017,1.0));
#3634=DIRECTION('',(0.0,1.0,-7.781330E-017));
#3635=AXIS2_PLACEMENT_3D('',#3632,#3633,#3634);
#3636=CIRCLE('',#3635,11.414223662373075);
#3637=EDGE_CURVE('',#3631,#3619,#3636,.T.);
#3638=ORIENTED_EDGE('',*,*,#3637,.F.);
#3639=CARTESIAN_POINT('',(2.979389024694948,-11.018518178693762,8.625729931288024));
#3640=CARTESIAN_POINT('',(2.976126534475212,-11.112581132426218,8.535779517798810));
#3641=CARTESIAN_POINT('',(2.924585031629189,-11.311143946823778,8.317602970596147));
#3642=CARTESIAN_POINT('',(2.733468150049378,-11.533717910034650,7.993630897456885));
#3643=CARTESIAN_POINT('',(2.398741301907970,-11.735127035422488,7.605400646967649));
#3644=CARTESIAN_POINT('',(2.110251219015729,-11.814651539701966,7.358752719841126));
#3645=CARTESIAN_POINT('',(1.915527355062729,-11.846138499617009,7.211516368914922));
#3646=B_SPLINE_CURVE_WITH_KNOTS('',3,(#3639,#3640,#3641,#3642,#3643,#3644,#3645),.UNSPECIFIED.,.F.,.U.,(4,1,1,1,4),(0.0,0.392022796513368,0.885788455358578,1.297856882711572,2.038043922760217),.UNSPECIFIED.);
#3647=EDGE_CURVE('',#3631,#3608,#3646,.T.);
#3648=ORIENTED_EDGE('',*,*,#3647,.T.);
#3649=EDGE_LOOP('',(#3617,#3629,#3638,#3648));
#3650=FACE_OUTER_BOUND('',#3649,.T.);
#3651=ADVANCED_FACE('',(#3650),#3606,.T.);
#3652=CARTESIAN_POINT('',(9.081259645665263,-7.844167619837911,7.211516368914921));
#3653=CARTESIAN_POINT('',(11.973315322104149,-4.496010137705435,7.211516368914921));
#3654=CARTESIAN_POINT('',(11.999795166762739,-0.071821694769381,7.211516368914921));
#3655=CARTESIAN_POINT('',(9.081259645665263,-7.844167619837911,8.039943493661111));
#3656=CARTESIAN_POINT('',(11.973315322104149,-4.496010137705435,8.039943493661111));
#3657=CARTESIAN_POINT('',(11.999795166762739,-0.071821694769381,8.039943493661111));
#3658=CARTESIAN_POINT('',(8.637953457364702,-7.461250691611894,8.625729931288017));
#3659=CARTESIAN_POINT('',(11.388832003284355,-4.276535175588450,8.625729931288017));
#3660=CARTESIAN_POINT('',(11.414019221208285,-0.068315683160001,8.625729931288017));
#3668=(BOUNDED_SURFACE()B_SPLINE_SURFACE(2,2,((#3652,#3655,#3658),(#3653,#3656,#3659),(#3654,#3657,#3660)),.UNSPECIFIED.,.F.,.F.,.U.)GEOMETRIC_REPRESENTATION_ITEM()QUASI_UNIFORM_SURFACE()RATIONAL_B_SPLINE_SURFACE(((1.0,0.923879532511287,1.0),(0.938261639931061,0.866840725272782,0.938261639931061),(1.0,0.923879532511287,1.0)))REPRESENTATION_ITEM('')SURFACE());
#3669=CARTESIAN_POINT('',(9.081930136172700,-7.843391320199451,7.211516368914923));
#3670=VERTEX_POINT('',#3669);
#3671=CARTESIAN_POINT('',(11.825713974554851,-2.037825162304173,7.211516368914920));
#3672=VERTEX_POINT('',#3671);
#3673=CARTESIAN_POINT('',(0.0,0.0,7.211516368914921));
#3674=DIRECTION('',(0.0,0.0,1.0));
#3675=DIRECTION('',(0.0,1.0,0.0));
#3676=AXIS2_PLACEMENT_3D('',#3673,#3674,#3675);
#3677=CIRCLE('',#3676,12.000010099999997);
#3678=EDGE_CURVE('',#3670,#3672,#3677,.T.);
#3679=ORIENTED_EDGE('',*,*,#3678,.T.);
#3680=CARTESIAN_POINT('',(11.414013338541929,-0.069291575363675,8.625729931274359));
#3681=VERTEX_POINT('',#3680);
#3682=CARTESIAN_POINT('',(11.825713974554851,-2.037825162304173,7.211516368914921));
#3683=CARTESIAN_POINT('',(11.857015146666949,-1.856181164912641,7.340154051181711));
#3684=CARTESIAN_POINT('',(11.885256834895211,-1.506142762511141,7.586404783456668));
#3685=CARTESIAN_POINT('',(11.832220109456685,-0.979260206845448,7.956854501369515));
#3686=CARTESIAN_POINT('',(11.685255399752499,-0.495389322971016,8.302317448316391));
#3687=CARTESIAN_POINT('',(11.513468139139409,-0.196746999700221,8.525503228036266));
#3688=CARTESIAN_POINT('',(11.414013338538608,-0.069291575363659,8.625729931281187));
#3689=B_SPLINE_CURVE_WITH_KNOTS('',3,(#3682,#3683,#3684,#3685,#3686,#3687,#3688),.UNSPECIFIED.,.F.,.U.,(4,1,1,1,4),(0.0,0.674948688037112,1.282157195992671,1.933802087543737,2.505457095126299),.UNSPECIFIED.);
#3690=EDGE_CURVE('',#3672,#3681,#3689,.T.);
#3691=ORIENTED_EDGE('',*,*,#3690,.T.);
#3692=CARTESIAN_POINT('',(9.364911368627471,-6.525560272683824,8.625729931288030));
#3693=VERTEX_POINT('',#3692);
#3694=CARTESIAN_POINT('',(0.0,0.0,8.625729931288028));
#3695=DIRECTION('',(0.0,7.781330E-017,1.0));
#3696=DIRECTION('',(0.0,1.0,-7.781330E-017));
#3697=AXIS2_PLACEMENT_3D('',#3694,#3695,#3696);
#3698=CIRCLE('',#3697,11.414223662373075);
#3699=EDGE_CURVE('',#3693,#3681,#3698,.T.);
#3700=ORIENTED_EDGE('',*,*,#3699,.F.);
#3701=CARTESIAN_POINT('',(9.364911368627476,-6.525560272683830,8.625729931288024));
#3702=CARTESIAN_POINT('',(9.422874657313651,-6.599713763983895,8.535779517798821));
#3703=CARTESIAN_POINT('',(9.511025292307693,-6.784951943977235,8.317602970596184));
#3704=CARTESIAN_POINT('',(9.507689052978050,-7.078301055159300,7.993630897456946));
#3705=CARTESIAN_POINT('',(9.380736701273706,-7.447747667070838,7.605400646967695));
#3706=CARTESIAN_POINT('',(9.210857842396484,-7.694104822466524,7.358752719841147));
#3707=CARTESIAN_POINT('',(9.081930136172701,-7.843391320199449,7.211516368914922));
#3708=B_SPLINE_CURVE_WITH_KNOTS('',3,(#3701,#3702,#3703,#3704,#3705,#3706,#3707),.UNSPECIFIED.,.F.,.U.,(4,1,1,1,4),(0.0,0.392022796513319,0.885788455358483,1.297856882711464,2.038043922760214),.UNSPECIFIED.);
#3709=EDGE_CURVE('',#3693,#3670,#3708,.T.);
#3710=ORIENTED_EDGE('',*,*,#3709,.T.);
#3711=EDGE_LOOP('',(#3679,#3691,#3700,#3710));
#3712=FACE_OUTER_BOUND('',#3711,.T.);
#3713=ADVANCED_FACE('',(#3712),#3668,.T.);
#3714=CARTESIAN_POINT('',(9.301941276332219,7.581169493671071,7.211516368914921));
#3715=CARTESIAN_POINT('',(6.506850027539413,11.010689791293483,7.211516368914921));
#3716=CARTESIAN_POINT('',(2.154473124906238,11.805019608376714,7.211516368914921));
#3717=CARTESIAN_POINT('',(9.301941276332219,7.581169493671071,8.039943493661111));
#3718=CARTESIAN_POINT('',(6.506850027539413,11.010689791293483,8.039943493661111));
#3719=CARTESIAN_POINT('',(2.154473124906238,11.805019608376714,8.039943493661111));
#3720=CARTESIAN_POINT('',(8.847862404908824,7.211090949258567,8.625729931288017));
#3721=CARTESIAN_POINT('',(6.189214920065224,10.473197514628087,8.625729931288017));
#3722=CARTESIAN_POINT('',(2.049301452025584,11.228751728193281,8.625729931288017));
#3730=(BOUNDED_SURFACE()B_SPLINE_SURFACE(2,2,((#3714,#3717,#3720),(#3715,#3718,#3721),(#3716,#3719,#3722)),.UNSPECIFIED.,.F.,.F.,.U.)GEOMETRIC_REPRESENTATION_ITEM()QUASI_UNIFORM_SURFACE()RATIONAL_B_SPLINE_SURFACE(((1.0,0.923879532511287,1.0),(0.938261639930774,0.866840725272517,0.938261639930774),(1.0,0.923879532511287,1.0)))REPRESENTATION_ITEM('')SURFACE());
#3731=CARTESIAN_POINT('',(9.301293199883785,7.581964600938202,7.211516368916970));
#3732=VERTEX_POINT('',#3731);
#3733=CARTESIAN_POINT('',(4.060379700412309,11.292190181208500,7.211516368914920));
#3734=VERTEX_POINT('',#3733);
#3735=CARTESIAN_POINT('',(0.0,0.0,7.211516368914921));
#3736=DIRECTION('',(0.0,0.0,1.0));
#3737=DIRECTION('',(0.0,1.0,0.0));
#3738=AXIS2_PLACEMENT_3D('',#3735,#3736,#3737);
#3739=CIRCLE('',#3738,12.000010099999997);
#3740=EDGE_CURVE('',#3732,#3734,#3739,.T.);
#3741=ORIENTED_EDGE('',*,*,#3740,.T.);
#3742=CARTESIAN_POINT('',(2.050261496718397,11.228576472988529,8.625729931288028));
#3743=VERTEX_POINT('',#3742);
#3744=CARTESIAN_POINT('',(4.060379700412314,11.292190181208497,7.211516368914921));
#3745=CARTESIAN_POINT('',(3.886930674989243,11.354557967313989,7.340154051181612));
#3746=CARTESIAN_POINT('',(3.547114260147700,11.443154131529484,7.586404783456629));
#3747=CARTESIAN_POINT('',(3.019026503678496,11.482415348760432,7.956854501368719));
#3748=CARTESIAN_POINT('',(2.516986551758954,11.421706660430164,8.302317448321874));
#3749=CARTESIAN_POINT('',(2.193050731658446,11.304387929527424,8.525503228039666));
#3750=CARTESIAN_POINT('',(2.050261496718393,11.228576472988536,8.625729931288023));
#3751=B_SPLINE_CURVE_WITH_KNOTS('',3,(#3744,#3745,#3746,#3747,#3748,#3749,#3750),.UNSPECIFIED.,.F.,.U.,(4,1,1,1,4),(0.0,0.674948688036593,1.282157195992178,1.933802087543282,2.505457095145915),.UNSPECIFIED.);
#3752=EDGE_CURVE('',#3734,#3743,#3751,.T.);
#3753=ORIENTED_EDGE('',*,*,#3752,.T.);
#3754=CARTESIAN_POINT('',(8.052622142458596,8.089485672490021,8.625729931292636));
#3755=VERTEX_POINT('',#3754);
#3756=CARTESIAN_POINT('',(0.0,0.0,8.625729931288028));
#3757=DIRECTION('',(0.0,7.781330E-017,1.0));
#3758=DIRECTION('',(0.0,1.0,-7.781330E-017));
#3759=AXIS2_PLACEMENT_3D('',#3756,#3757,#3758);
#3760=CIRCLE('',#3759,11.414223662373075);
#3761=EDGE_CURVE('',#3755,#3743,#3760,.T.);
#3762=ORIENTED_EDGE('',*,*,#3761,.F.);
#3763=CARTESIAN_POINT('',(8.052622142459246,8.089485672490671,8.625729931290326));
#3764=CARTESIAN_POINT('',(8.135714295092425,8.133691749966337,8.535779517762020));
#3765=CARTESIAN_POINT('',(8.333445488096242,8.188336906344281,8.317602970486744));
#3766=CARTESIAN_POINT('',(8.621758635308858,8.134111813340509,7.993630897276200));
#3767=CARTESIAN_POINT('',(8.963547478466948,7.944934422170287,7.605400646844185));
#3768=CARTESIAN_POINT('',(9.176662760783870,7.734856933825054,7.358752719782350));
#3769=CARTESIAN_POINT('',(9.301293199884071,7.581964600938433,7.211516368915945));
#3770=B_SPLINE_CURVE_WITH_KNOTS('',3,(#3763,#3764,#3765,#3766,#3767,#3768,#3769),.UNSPECIFIED.,.F.,.U.,(4,1,1,1,4),(0.0,0.392022796684482,0.885788455628899,1.297856883014612,2.038043922760606),.UNSPECIFIED.);
#3771=EDGE_CURVE('',#3755,#3732,#3770,.T.);
#3772=ORIENTED_EDGE('',*,*,#3771,.T.);
#3773=EDGE_LOOP('',(#3741,#3753,#3762,#3772));
#3774=FACE_OUTER_BOUND('',#3773,.T.);
#3775=ADVANCED_FACE('',(#3774),#3730,.T.);
#3776=CARTESIAN_POINT('',(0.0,11.414223662373075,8.625729931288028));
#3777=CARTESIAN_POINT('',(-11.414223662373077,11.414223662373077,8.625729931288028));
#3778=CARTESIAN_POINT('',(-11.414223662373075,0.0,8.625729931288028));
#3779=CARTESIAN_POINT('',(-11.414223662373077,-11.414223662373077,8.625729931288028));
#3780=CARTESIAN_POINT('',(0.0,-11.414223662373075,8.625729931288028));
#3781=CARTESIAN_POINT('',(11.414223662373077,-11.414223662373077,8.625729931288028));
#3782=CARTESIAN_POINT('',(11.414223662373075,0.0,8.625729931288028));
#3783=CARTESIAN_POINT('',(11.414223662373077,11.414223662373077,8.625729931288028));
#3784=CARTESIAN_POINT('',(0.0,11.414223662373075,8.625729931288028));
#3785=CARTESIAN_POINT('',(0.0,10.425740031288285,9.614213562372989));
#3786=CARTESIAN_POINT('',(-10.425740031288285,10.425740031288285,9.614213562372989));
#3787=CARTESIAN_POINT('',(-10.425740031288285,0.0,9.614213562372989));
#3788=CARTESIAN_POINT('',(-10.425740031288285,-10.425740031288285,9.614213562372989));
#3789=CARTESIAN_POINT('',(0.0,-10.425740031288285,9.614213562372989));
#3790=CARTESIAN_POINT('',(10.425740031288285,-10.425740031288285,9.614213562372989));
#3791=CARTESIAN_POINT('',(10.425740031288285,0.0,9.614213562372989));
#3792=CARTESIAN_POINT('',(10.425740031288285,10.425740031288285,9.614213562372989));
#3793=CARTESIAN_POINT('',(0.0,10.425740031288285,9.614213562372989));
#3801=(BOUNDED_SURFACE()B_SPLINE_SURFACE(2,1,((#3776,#3785),(#3777,#3786),(#3778,#3787),(#3779,#3788),(#3780,#3789),(#3781,#3790),(#3782,#3791),(#3783,#3792),(#3784,#3793)),.UNSPECIFIED.,.T.,.F.,.U.)B_SPLINE_SURFACE_WITH_KNOTS((3,2,2,2,3),(2,2),(0.0,0.250000000000000,0.500000000000000,0.750000000000000,1.0),(0.0,1.397926957264034),.UNSPECIFIED.)GEOMETRIC_REPRESENTATION_ITEM()RATIONAL_B_SPLINE_SURFACE(((1.0,1.0),(0.707106781186548,0.707106781186548),(1.0,1.0),(0.707106781186548,0.707106781186548),(1.0,1.0),(0.707106781186548,0.707106781186548),(1.0,1.0),(0.707106781186548,0.707106781186548),(1.0,1.0)))REPRESENTATION_ITEM('')SURFACE());
#3802=CARTESIAN_POINT('',(0.0,10.425740031288244,9.614213562373006));
#3803=VERTEX_POINT('',#3802);
#3804=CARTESIAN_POINT('',(0.0,11.414223662373075,8.625729931288028));
#3805=DIRECTION('',(0.0,-0.707106781186487,0.707106781186609));
#3806=VECTOR('',#3805,1.397926957264034);
#3807=LINE('',#3804,#3806);
#3808=EDGE_CURVE('',#3254,#3803,#3807,.T.);
#3809=ORIENTED_EDGE('',*,*,#3808,.T.);
#3810=CARTESIAN_POINT('',(0.0,-10.425740031288244,9.614213562373006));
#3811=VERTEX_POINT('',#3810);
#3812=CARTESIAN_POINT('',(0.0,0.0,9.614213562373006));
#3813=DIRECTION('',(0.0,8.519092E-017,1.0));
#3814=DIRECTION('',(0.0,1.0,-8.519092E-017));
#3815=AXIS2_PLACEMENT_3D('',#3812,#3813,#3814);
#3816=CIRCLE('',#3815,10.425740031288244);
#3817=EDGE_CURVE('',#3811,#3803,#3816,.T.);
#3818=ORIENTED_EDGE('',*,*,#3817,.F.);
#3819=CARTESIAN_POINT('',(0.0,0.0,9.614213562373006));
#3820=DIRECTION('',(0.0,8.519092E-017,1.0));
#3821=DIRECTION('',(0.0,1.0,-8.519092E-017));
#3822=AXIS2_PLACEMENT_3D('',#3819,#3820,#3821);
#3823=CIRCLE('',#3822,10.425740031288244);
#3824=EDGE_CURVE('',#3803,#3811,#3823,.T.);
#3825=ORIENTED_EDGE('',*,*,#3824,.F.);
#3826=ORIENTED_EDGE('',*,*,#3808,.F.);
#3827=ORIENTED_EDGE('',*,*,#3336,.T.);
#3828=CARTESIAN_POINT('',(-6.212467489914151,8.646220686279440,9.393269392977588));
#3829=VERTEX_POINT('',#3828);
#3830=CARTESIAN_POINT('',(-5.646998404736129,9.919471297990686,8.625729931281192));
#3831=CARTESIAN_POINT('',(-5.729835750188855,9.714798760144728,8.762617121618652));
#3832=CARTESIAN_POINT('',(-5.904609345364815,9.293612709215459,9.034193025648140));
#3833=CARTESIAN_POINT('',(-6.100878583653044,8.865504924315026,9.280301412574321));
#3834=CARTESIAN_POINT('',(-6.212466829959922,8.646222685468931,9.393268441044061));
#3835=B_SPLINE_CURVE_WITH_KNOTS('',3,(#3830,#3831,#3832,#3833,#3834),.UNSPECIFIED.,.F.,.U.,(4,1,4),(0.0,0.779450823669503,1.591951750004156),.UNSPECIFIED.);
#3836=EDGE_CURVE('',#3320,#3829,#3835,.T.);
#3837=ORIENTED_EDGE('',*,*,#3836,.T.);
#3838=CARTESIAN_POINT('',(-6.212467271036498,8.646221662615790,9.393267473655666));
#3839=CARTESIAN_POINT('',(-6.294403148870342,8.754630881594537,9.257417289527433));
#3840=CARTESIAN_POINT('',(-6.430759603446720,8.974472389309435,8.999358064535377));
#3841=CARTESIAN_POINT('',(-6.529780774463270,9.216661939642149,8.744664636240993));
#3842=CARTESIAN_POINT('',(-6.568265047669686,9.335009163264818,8.625729931288028));
#3843=B_SPLINE_CURVE_WITH_KNOTS('',3,(#3838,#3839,#3840,#3841,#3842),.UNSPECIFIED.,.F.,.U.,(4,1,4),(0.0,0.576834692265201,1.093513291196403),.UNSPECIFIED.);
#3844=EDGE_CURVE('',#3829,#3383,#3843,.T.);
#3845=ORIENTED_EDGE('',*,*,#3844,.T.);
#3846=ORIENTED_EDGE('',*,*,#3389,.T.);
#3847=CARTESIAN_POINT('',(-10.316709726461912,2.630092182607469,9.393269392977590));
#3848=VERTEX_POINT('',#3847);
#3849=CARTESIAN_POINT('',(-10.701964993243751,3.968935259998920,8.625729931288028));
#3850=CARTESIAN_POINT('',(-10.633861110041721,3.758900180451310,8.762617121621977));
#3851=CARTESIAN_POINT('',(-10.497012276507611,3.323910645151359,9.034193025653259));
#3852=CARTESIAN_POINT('',(-10.372180856115596,2.869801620940895,9.280301412574524));
#3853=CARTESIAN_POINT('',(-10.316710505961877,2.630094138285873,9.393268441044063));
#3854=B_SPLINE_CURVE_WITH_KNOTS('',3,(#3849,#3850,#3851,#3852,#3853),.UNSPECIFIED.,.F.,.U.,(4,1,4),(0.0,0.779450823651472,1.591951749984672),.UNSPECIFIED.);
#3855=EDGE_CURVE('',#3371,#3848,#3854,.T.);
#3856=ORIENTED_EDGE('',*,*,#3855,.T.);
#3857=CARTESIAN_POINT('',(-10.316710186368814,2.630093071216348,9.393267473655666));
#3858=CARTESIAN_POINT('',(-10.449160813010836,2.660471983937500,9.257417289527435));
#3859=CARTESIAN_POINT('',(-10.694927314576422,2.741232109786919,8.999358064535375));
#3860=CARTESIAN_POINT('',(-10.926458374534205,2.863110487174685,8.744664636240993));
#3861=CARTESIAN_POINT('',(-11.032011167156908,2.929032506204514,8.625729931288028));
#3862=B_SPLINE_CURVE_WITH_KNOTS('',3,(#3857,#3858,#3859,#3860,#3861),.UNSPECIFIED.,.F.,.U.,(4,1,4),(0.0,0.576834692265199,1.093513291196403),.UNSPECIFIED.);
#3863=EDGE_CURVE('',#3848,#3445,#3862,.T.);
#3864=ORIENTED_EDGE('',*,*,#3863,.T.);
#3865=ORIENTED_EDGE('',*,*,#3451,.T.);
#3866=CARTESIAN_POINT('',(-9.593648824541168,-4.616685683525206,9.393269392977590));
#3867=VERTEX_POINT('',#3866);
#3868=CARTESIAN_POINT('',(-10.749363222303536,-3.838709695935026,8.625729931288028));
#3869=CARTESIAN_POINT('',(-10.562184674289067,-3.955829569188722,8.762617121621977));
#3870=CARTESIAN_POINT('',(-10.177746502178831,-4.201086150924367,9.034193025653259));
#3871=CARTESIAN_POINT('',(-9.790224432051550,-4.468713755163418,9.280301412574524));
#3872=CARTESIAN_POINT('',(-9.593650678758632,-4.616684686441552,9.393268441044063));
#3873=B_SPLINE_CURVE_WITH_KNOTS('',3,(#3868,#3869,#3870,#3871,#3872),.UNSPECIFIED.,.F.,.U.,(4,1,4),(0.0,0.779450823651470,1.591951749984669),.UNSPECIFIED.);
#3874=EDGE_CURVE('',#3433,#3867,#3873,.T.);
#3875=ORIENTED_EDGE('',*,*,#3874,.T.);
#3876=CARTESIAN_POINT('',(-9.593649748037072,-4.616685298433769,9.393267473655666));
#3877=CARTESIAN_POINT('',(-9.714640003256726,-4.678551322856444,9.257417289527435));
#3878=CARTESIAN_POINT('',(-9.954819674338559,-4.774661139306272,8.999358064535375));
#3879=CARTESIAN_POINT('',(-10.210524667102229,-4.830122182170474,8.744664636240993));
#3880=CARTESIAN_POINT('',(-10.333756654384434,-4.847471013079176,8.625729931288028));
#3881=B_SPLINE_CURVE_WITH_KNOTS('',3,(#3876,#3877,#3878,#3879,#3880),.UNSPECIFIED.,.F.,.U.,(4,1,4),(0.0,0.576834692265200,1.093513291196404),.UNSPECIFIED.);
#3882=EDGE_CURVE('',#3867,#3507,#3881,.T.);
#3883=ORIENTED_EDGE('',*,*,#3882,.T.);
#3884=ORIENTED_EDGE('',*,*,#3513,.T.);
#3885=CARTESIAN_POINT('',(-4.381613016087442,-9.703265009590320,9.393269392977590));
#3886=VERTEX_POINT('',#3885);
#3887=CARTESIAN_POINT('',(-5.767014933802464,-9.850179722627033,8.625729931281192));
#3888=CARTESIAN_POINT('',(-5.548344643844471,-9.819582699248182,8.762617121618652));
#3889=CARTESIAN_POINT('',(-5.096200026432102,-9.760348047116665,9.034193025648142));
#3890=CARTESIAN_POINT('',(-4.627313190006330,-9.716268301005476,9.280301412574321));
#3891=CARTESIAN_POINT('',(-4.381615077413446,-9.703265437647939,9.393268441044063));
#3892=B_SPLINE_CURVE_WITH_KNOTS('',3,(#3887,#3888,#3889,#3890,#3891),.UNSPECIFIED.,.F.,.U.,(4,1,4),(0.0,0.779450823669498,1.591951750004150),.UNSPECIFIED.);
#3893=EDGE_CURVE('',#3495,#3886,#3892,.T.);
#3894=ORIENTED_EDGE('',*,*,#3893,.T.);
#3895=CARTESIAN_POINT('',(-4.381613971058352,-9.703265308204889,9.393267473655666));
#3896=CARTESIAN_POINT('',(-4.434531169781460,-9.828428469379761,9.257417289527421));
#3897=CARTESIAN_POINT('',(-4.556741272981027,-10.056437376869251,8.999358064535679));
#3898=CARTESIAN_POINT('',(-4.716972990590003,-10.263287001649990,8.744664636242128));
#3899=CARTESIAN_POINT('',(-4.800222556110965,-10.355788971704001,8.625729931289584));
#3900=B_SPLINE_CURVE_WITH_KNOTS('',3,(#3895,#3896,#3897,#3898,#3899),.UNSPECIFIED.,.F.,.U.,(4,1,4),(0.0,0.576834692265258,1.093513291194476),.UNSPECIFIED.);
#3901=EDGE_CURVE('',#3886,#3569,#3900,.T.);
#3902=ORIENTED_EDGE('',*,*,#3901,.T.);
#3903=ORIENTED_EDGE('',*,*,#3575,.T.);
#3904=CARTESIAN_POINT('',(2.880628218798027,-10.249578797889757,9.393269392977590));
#3905=VERTEX_POINT('',#3904);
#3906=CARTESIAN_POINT('',(1.913783735487014,-11.252641184560307,8.625729931288028));
#3907=CARTESIAN_POINT('',(2.061627508460116,-11.088643951837177,8.762617121621977));
#3908=CARTESIAN_POINT('',(2.369915079643207,-10.752634617868390,9.034193025653257));
#3909=CARTESIAN_POINT('',(2.700769320501224,-10.417472924513183,9.280301412574524));
#3910=CARTESIAN_POINT('',(2.880626914880831,-10.249580450795733,9.393268441044063));
#3911=B_SPLINE_CURVE_WITH_KNOTS('',3,(#3906,#3907,#3908,#3909,#3910),.UNSPECIFIED.,.F.,.U.,(4,1,4),(0.0,0.779450823651472,1.591951749984672),.UNSPECIFIED.);
#3912=EDGE_CURVE('',#3557,#3905,#3911,.T.);
#3913=ORIENTED_EDGE('',*,*,#3912,.T.);
#3914=CARTESIAN_POINT('',(2.880627679193615,-10.249579640485258,9.393267473655666));
#3915=CARTESIAN_POINT('',(2.920544082358759,-10.379474704264995,9.257417289527435));
#3916=CARTESIAN_POINT('',(2.973487012543127,-10.632694800944726,8.999358064535375));
#3917=CARTESIAN_POINT('',(2.983702771532188,-10.894145769327189,8.744664636240993));
#3918=CARTESIAN_POINT('',(2.979389024694946,-11.018518178693753,8.625729931288030));
#3919=B_SPLINE_CURVE_WITH_KNOTS('',3,(#3914,#3915,#3916,#3917,#3918),.UNSPECIFIED.,.F.,.U.,(4,1,4),(0.0,0.576834692265199,1.093513291196401),.UNSPECIFIED.);
#3920=EDGE_CURVE('',#3905,#3631,#3919,.T.);
#3921=ORIENTED_EDGE('',*,*,#3920,.T.);
#3922=ORIENTED_EDGE('',*,*,#3637,.T.);
#3923=CARTESIAN_POINT('',(8.794991495491338,-6.000000755276770,9.393269392977588));
#3924=VERTEX_POINT('',#3923);
#3925=CARTESIAN_POINT('',(8.699101725585138,-7.389866777053502,8.625729931288028));
#3926=CARTESIAN_POINT('',(8.706941237103617,-7.169205462802640,8.762617121621977));
#3927=CARTESIAN_POINT('',(8.727120581276903,-6.713643948702897,9.034193025653259));
#3928=CARTESIAN_POINT('',(8.765131850238252,-6.244226189326014,9.280301412574522));
#3929=CARTESIAN_POINT('',(8.794991559100296,-6.000002859618024,9.393268441044061));
#3930=B_SPLINE_CURVE_WITH_KNOTS('',3,(#3925,#3926,#3927,#3928,#3929),.UNSPECIFIED.,.F.,.U.,(4,1,4),(0.0,0.779450823651467,1.591951749984667),.UNSPECIFIED.);
#3931=EDGE_CURVE('',#3619,#3924,#3930,.T.);
#3932=ORIENTED_EDGE('',*,*,#3931,.T.);
#3933=CARTESIAN_POINT('',(8.794991623740323,-6.000001747593402,9.393267473655666));
#3934=CARTESIAN_POINT('',(8.909064300131336,-6.073849370012647,9.257417289527433));
#3935=CARTESIAN_POINT('',(9.112387678270867,-6.233796158417194,8.999358064535375));
#3936=CARTESIAN_POINT('',(9.288270846693470,-6.427512656592946,8.744664636240993));
#3937=CARTESIAN_POINT('',(9.364911368627469,-6.525560272683826,8.625729931288028));
#3938=B_SPLINE_CURVE_WITH_KNOTS('',3,(#3933,#3934,#3935,#3936,#3937),.UNSPECIFIED.,.F.,.U.,(4,1,4),(0.0,0.576834692265199,1.093513291196402),.UNSPECIFIED.);
#3939=EDGE_CURVE('',#3924,#3693,#3938,.T.);
#3940=ORIENTED_EDGE('',*,*,#3939,.T.);
#3941=ORIENTED_EDGE('',*,*,#3699,.T.);
#3942=CARTESIAN_POINT('',(10.594080506001593,1.057044323310878,9.393269392977590));
#3943=VERTEX_POINT('',#3942);
#3944=CARTESIAN_POINT('',(11.414013338538599,-0.069291575363659,8.625729931281192));
#3945=CARTESIAN_POINT('',(11.278180394033329,0.104783939103448,8.762617121618652));
#3946=CARTESIAN_POINT('',(11.000809371796912,0.466735337901199,9.034193025648138));
#3947=CARTESIAN_POINT('',(10.728191773659372,0.850763376690445,9.280301412574321));
#3948=CARTESIAN_POINT('',(10.594081907373367,1.057042752179003,9.393268441044063));
#3949=B_SPLINE_CURVE_WITH_KNOTS('',3,(#3944,#3945,#3946,#3947,#3948),.UNSPECIFIED.,.F.,.U.,(4,1,4),(0.0,0.779450823669504,1.591951750004155),.UNSPECIFIED.);
#3950=EDGE_CURVE('',#3681,#3943,#3949,.T.);
#3951=ORIENTED_EDGE('',*,*,#3950,.T.);
#3952=CARTESIAN_POINT('',(11.368487603782691,1.020779808438943,8.625729931288028));
#3953=VERTEX_POINT('',#3952);
#3954=CARTESIAN_POINT('',(10.594081242094848,1.057043645589095,9.393267473655666));
#3955=CARTESIAN_POINT('',(10.728934318651794,1.073797587785208,9.257417289527433));
#3956=CARTESIAN_POINT('',(10.987500876427362,1.081964987560882,8.999358064535379));
#3957=CARTESIAN_POINT('',(11.246753765054896,1.046625062007338,8.744664636240993));
#3958=CARTESIAN_POINT('',(11.368487603782693,1.020779808438941,8.625729931288028));
#3959=B_SPLINE_CURVE_WITH_KNOTS('',3,(#3954,#3955,#3956,#3957,#3958),.UNSPECIFIED.,.F.,.U.,(4,1,4),(0.0,0.576834692265203,1.093513291196406),.UNSPECIFIED.);
#3960=EDGE_CURVE('',#3943,#3953,#3959,.T.);
#3961=ORIENTED_EDGE('',*,*,#3960,.T.);
#3962=CARTESIAN_POINT('',(8.788181257756738,7.283705924561384,8.625729931288026));
#3963=VERTEX_POINT('',#3962);
#3964=CARTESIAN_POINT('',(0.0,0.0,8.625729931288028));
#3965=DIRECTION('',(0.0,7.781330E-017,1.0));
#3966=DIRECTION('',(0.0,1.0,-7.781330E-017));
#3967=AXIS2_PLACEMENT_3D('',#3964,#3965,#3966);
#3968=CIRCLE('',#3967,11.414223662373075);
#3969=EDGE_CURVE('',#3953,#3963,#3968,.T.);
#3970=ORIENTED_EDGE('',*,*,#3969,.T.);
#3971=CARTESIAN_POINT('',(7.436081507663888,7.619486615282288,9.393269392977588));
#3972=VERTEX_POINT('',#3971);
#3973=CARTESIAN_POINT('',(8.788181257756737,7.283705924561387,8.625729931288026));
#3974=CARTESIAN_POINT('',(8.572233601581607,7.329743771385867,8.762617121621975));
#3975=CARTESIAN_POINT('',(8.127097196864401,7.428723972717025,9.034193025653259));
#3976=CARTESIAN_POINT('',(7.671411535614375,7.547671303572287,9.280301412574522));
#3977=CARTESIAN_POINT('',(7.436083591081049,7.619486312509858,9.393268441044061));
#3978=B_SPLINE_CURVE_WITH_KNOTS('',3,(#3973,#3974,#3975,#3976,#3977),.UNSPECIFIED.,.F.,.U.,(4,1,4),(0.0,0.779450823651471,1.591951749984670),.UNSPECIFIED.);
#3979=EDGE_CURVE('',#3963,#3972,#3978,.T.);
#3980=ORIENTED_EDGE('',*,*,#3979,.T.);
#3981=CARTESIAN_POINT('',(7.436082507175202,7.619486569268906,9.393267473655666));
#3982=CARTESIAN_POINT('',(7.528616730652096,7.719002720327504,9.257417289527414));
#3983=CARTESIAN_POINT('',(7.721440302033308,7.891462691156098,8.999358064535814));
#3984=CARTESIAN_POINT('',(7.942755603000007,8.031035282154081,8.744664636242678));
#3985=CARTESIAN_POINT('',(8.052622142459240,8.089485672490666,8.625729931290332));
#3986=B_SPLINE_CURVE_WITH_KNOTS('',3,(#3981,#3982,#3983,#3984,#3985),.UNSPECIFIED.,.F.,.U.,(4,1,4),(0.0,0.576834692265282,1.093513291193567),.UNSPECIFIED.);
#3987=EDGE_CURVE('',#3972,#3755,#3986,.T.);
#3988=ORIENTED_EDGE('',*,*,#3987,.T.);
#3989=ORIENTED_EDGE('',*,*,#3761,.T.);
#3990=CARTESIAN_POINT('',(0.798657329049831,10.616686438801974,9.393269392977590));
#3991=VERTEX_POINT('',#3990);
#3992=CARTESIAN_POINT('',(2.050261496718396,11.228576472988529,8.625729931288028));
#3993=CARTESIAN_POINT('',(1.855243437185447,11.125035031991361,8.762617121621977));
#3994=CARTESIAN_POINT('',(1.450625920901926,10.914730099627260,9.034193025653257));
#3995=CARTESIAN_POINT('',(1.025092581813299,10.712939944489431,9.280301412574524));
#3996=CARTESIAN_POINT('',(0.798659119658335,10.616687546059575,9.393268441044063));
#3997=B_SPLINE_CURVE_WITH_KNOTS('',3,(#3992,#3993,#3994,#3995,#3996),.UNSPECIFIED.,.F.,.U.,(4,1,4),(0.0,0.779450823651471,1.591951749984669),.UNSPECIFIED.);
#3998=EDGE_CURVE('',#3743,#3991,#3997,.T.);
#3999=ORIENTED_EDGE('',*,*,#3998,.T.);
#4000=CARTESIAN_POINT('',(0.798658124296748,10.616687046027167,9.393267473655666));
#4001=CARTESIAN_POINT('',(0.805575703125391,10.752400692869100,9.257417289527423));
#4002=CARTESIAN_POINT('',(0.842431996068391,11.008457297722639,8.999358064535656));
#4003=CARTESIAN_POINT('',(0.922253820407138,11.257634838763357,8.744664636242058));
#4004=CARTESIAN_POINT('',(0.968845285755061,11.373031285762575,8.625729931289484));
#4005=B_SPLINE_CURVE_WITH_KNOTS('',3,(#4000,#4001,#4002,#4003,#4004),.UNSPECIFIED.,.F.,.U.,(4,1,4),(0.0,0.576834692265253,1.093513291194609),.UNSPECIFIED.);
#4006=EDGE_CURVE('',#3991,#3263,#4005,.T.);
#4007=ORIENTED_EDGE('',*,*,#4006,.T.);
#4008=ORIENTED_EDGE('',*,*,#3269,.T.);
#4009=EDGE_LOOP('',(#3809,#3818,#3825,#3826,#3827,#3837,#3845,#3846,#3856,#3864,#3865,#3875,#3883,#3884,#3894,#3902,#3903,#3913,#3921,#3922,#3932,#3940,#3941,#3951,#3961,#3970,#3980,#3988,#3989,#3999,#4007,#4008));
#4010=FACE_OUTER_BOUND('',#4009,.T.);
#4011=ADVANCED_FACE('',(#4010),#3801,.T.);
#4012=CARTESIAN_POINT('',(0.0,10.425740031288244,9.614213562373006));
#4013=CARTESIAN_POINT('',(-10.425740031288244,10.425740031288244,9.614213562373006));
#4014=CARTESIAN_POINT('',(-10.425740031288244,0.0,9.614213562373006));
#4015=CARTESIAN_POINT('',(-10.425740031288244,-10.425740031288244,9.614213562373006));
#4016=CARTESIAN_POINT('',(0.0,-10.425740031288244,9.614213562373006));
#4017=CARTESIAN_POINT('',(10.425740031288244,-10.425740031288244,9.614213562373006));
#4018=CARTESIAN_POINT('',(10.425740031288244,0.0,9.614213562373006));
#4019=CARTESIAN_POINT('',(10.425740031288244,10.425740031288244,9.614213562373006));
#4020=CARTESIAN_POINT('',(0.0,10.425740031288244,9.614213562373006));
#4021=CARTESIAN_POINT('',(0.0,9.839953593661329,10.199999999999967));
#4022=CARTESIAN_POINT('',(-9.839953593661329,9.839953593661329,10.199999999999967));
#4023=CARTESIAN_POINT('',(-9.839953593661329,0.0,10.199999999999967));
#4024=CARTESIAN_POINT('',(-9.839953593661329,-9.839953593661329,10.199999999999967));
#4025=CARTESIAN_POINT('',(0.0,-9.839953593661329,10.199999999999967));
#4026=CARTESIAN_POINT('',(9.839953593661329,-9.839953593661329,10.199999999999967));
#4027=CARTESIAN_POINT('',(9.839953593661329,0.0,10.199999999999967));
#4028=CARTESIAN_POINT('',(9.839953593661329,9.839953593661329,10.199999999999967));
#4029=CARTESIAN_POINT('',(0.0,9.839953593661329,10.199999999999967));
#4030=CARTESIAN_POINT('',(0.0,9.011526468915093,10.199999999999967));
#4031=CARTESIAN_POINT('',(-9.011526468915093,9.011526468915093,10.199999999999967));
#4032=CARTESIAN_POINT('',(-9.011526468915093,0.0,10.199999999999967));
#4033=CARTESIAN_POINT('',(-9.011526468915093,-9.011526468915093,10.199999999999967));
#4034=CARTESIAN_POINT('',(0.0,-9.011526468915093,10.199999999999967));
#4035=CARTESIAN_POINT('',(9.011526468915093,-9.011526468915093,10.199999999999967));
#4036=CARTESIAN_POINT('',(9.011526468915093,0.0,10.199999999999967));
#4037=CARTESIAN_POINT('',(9.011526468915093,9.011526468915093,10.199999999999967));
#4038=CARTESIAN_POINT('',(0.0,9.011526468915093,10.199999999999967));
#4046=(BOUNDED_SURFACE()B_SPLINE_SURFACE(2,2,((#4012,#4021,#4030),(#4013,#4022,#4031),(#4014,#4023,#4032),(#4015,#4024,#4033),(#4016,#4025,#4034),(#4017,#4026,#4035),(#4018,#4027,#4036),(#4019,#4028,#4037),(#4020,#4029,#4038)),.UNSPECIFIED.,.T.,.F.,.U.)B_SPLINE_SURFACE_WITH_KNOTS((3,2,2,2,3),(3,3),(0.0,0.250000000000000,0.500000000000000,0.750000000000000,1.0),(0.0,1.0),.UNSPECIFIED.)GEOMETRIC_REPRESENTATION_ITEM()RATIONAL_B_SPLINE_SURFACE(((1.0,0.923879532511279,1.0),(0.707106781186548,0.653281482438183,0.707106781186548),(1.0,0.923879532511279,1.0),(0.707106781186548,0.653281482438183,0.707106781186548),(1.0,0.923879532511279,1.0),(0.707106781186548,0.653281482438183,0.707106781186548),(1.0,0.923879532511279,1.0),(0.707106781186548,0.653281482438183,0.707106781186548),(1.0,0.923879532511279,1.0)))REPRESENTATION_ITEM('')SURFACE());
#4047=ORIENTED_EDGE('',*,*,#3824,.T.);
#4048=ORIENTED_EDGE('',*,*,#3817,.T.);
#4049=CARTESIAN_POINT('',(0.0,9.011526468915122,10.199999999999967));
#4050=VERTEX_POINT('',#4049);
#4051=CARTESIAN_POINT('',(0.0,9.011526468915093,8.199999999999967));
#4052=DIRECTION('',(1.0,0.0,0.0));
#4053=DIRECTION('',(0.0,0.0,1.0));
#4054=AXIS2_PLACEMENT_3D('',#4051,#4052,#4053);
#4055=CIRCLE('',#4054,2.0);
#4056=EDGE_CURVE('',#3803,#4050,#4055,.T.);
#4057=ORIENTED_EDGE('',*,*,#4056,.T.);
#4058=CARTESIAN_POINT('',(0.0,-9.011526468915122,10.199999999999983));
#4059=VERTEX_POINT('',#4058);
#4060=CARTESIAN_POINT('',(0.0,0.0,10.199999999999982));
#4061=DIRECTION('',(0.0,1.722690E-016,1.0));
#4062=DIRECTION('',(0.0,1.0,-1.722690E-016));
#4063=AXIS2_PLACEMENT_3D('',#4060,#4061,#4062);
#4064=CIRCLE('',#4063,9.011526468915122);
#4065=EDGE_CURVE('',#4059,#4050,#4064,.T.);
#4066=ORIENTED_EDGE('',*,*,#4065,.F.);
#4067=CARTESIAN_POINT('',(0.0,0.0,10.199999999999982));
#4068=DIRECTION('',(0.0,1.722690E-016,1.0));
#4069=DIRECTION('',(0.0,1.0,-1.722690E-016));
#4070=AXIS2_PLACEMENT_3D('',#4067,#4068,#4069);
#4071=CIRCLE('',#4070,9.011526468915122);
#4072=EDGE_CURVE('',#4050,#4059,#4071,.T.);
#4073=ORIENTED_EDGE('',*,*,#4072,.F.);
#4074=ORIENTED_EDGE('',*,*,#4056,.F.);
#4075=EDGE_LOOP('',(#4047,#4048,#4057,#4066,#4073,#4074));
#4076=FACE_OUTER_BOUND('',#4075,.T.);
#4077=ADVANCED_FACE('',(#4076),#4046,.T.);
#4078=CARTESIAN_POINT('',(18.023052937830244,18.023052937830244,10.199999999999978));
#4079=DIRECTION('',(0.0,0.0,1.0));
#4080=DIRECTION('',(-1.0,0.0,0.0));
#4081=AXIS2_PLACEMENT_3D('',#4078,#4079,#4080);
#4082=PLANE('',#4081);
#4083=ORIENTED_EDGE('',*,*,#4072,.T.);
#4084=ORIENTED_EDGE('',*,*,#4065,.T.);
#4085=EDGE_LOOP('',(#4083,#4084));
#4086=FACE_OUTER_BOUND('',#4085,.T.);
#4087=CARTESIAN_POINT('',(0.0,-1.299999999999997,10.199999999999998));
#4088=VERTEX_POINT('',#4087);
#4089=CARTESIAN_POINT('',(0.0,1.299999999999997,10.199999999999996));
#4090=VERTEX_POINT('',#4089);
#4091=CARTESIAN_POINT('',(0.0,0.0,10.199999999999996));
#4092=DIRECTION('',(0.0,6.832142E-016,1.0));
#4093=DIRECTION('',(0.0,1.0,-6.832142E-016));
#4094=AXIS2_PLACEMENT_3D('',#4091,#4092,#4093);
#4095=CIRCLE('',#4094,1.299999999999997);
#4096=EDGE_CURVE('',#4088,#4090,#4095,.T.);
#4097=ORIENTED_EDGE('',*,*,#4096,.F.);
#4098=CARTESIAN_POINT('',(0.0,0.0,10.199999999999996));
#4099=DIRECTION('',(0.0,6.832142E-016,1.0));
#4100=DIRECTION('',(0.0,1.0,-6.832142E-016));
#4101=AXIS2_PLACEMENT_3D('',#4098,#4099,#4100);
#4102=CIRCLE('',#4101,1.299999999999997);
#4103=EDGE_CURVE('',#4090,#4088,#4102,.T.);
#4104=ORIENTED_EDGE('',*,*,#4103,.F.);
#4105=EDGE_LOOP('',(#4097,#4104));
#4106=FACE_BOUND('',#4105,.T.);
#4107=ADVANCED_FACE('',(#4086,#4106),#4082,.T.);
#4108=CARTESIAN_POINT('',(0.0,0.0,10.199999999999996));
#4109=DIRECTION('',(0.0,6.832142E-016,1.0));
#4110=DIRECTION('',(0.0,1.0,-6.832142E-016));
#4111=AXIS2_PLACEMENT_3D('',#4108,#4109,#4110);
#4112=CYLINDRICAL_SURFACE('',#4111,1.299999999999997);
#4113=ORIENTED_EDGE('',*,*,#4103,.T.);
#4114=ORIENTED_EDGE('',*,*,#4096,.T.);
#4115=CARTESIAN_POINT('',(0.0,1.299999999999997,9.899999999999984));
#4116=VERTEX_POINT('',#4115);
#4117=CARTESIAN_POINT('',(0.0,1.299999999999997,10.199999999999996));
#4118=DIRECTION('',(0.0,0.0,-1.0));
#4119=VECTOR('',#4118,0.300000000000011);
#4120=LINE('',#4117,#4119);
#4121=EDGE_CURVE('',#4090,#4116,#4120,.T.);
#4122=ORIENTED_EDGE('',*,*,#4121,.T.);
#4123=CARTESIAN_POINT('',(0.0,-1.299999999999997,9.899999999999986));
#4124=VERTEX_POINT('',#4123);
#4125=CARTESIAN_POINT('',(0.0,0.0,9.899999999999984));
#4126=DIRECTION('',(0.0,1.366428E-015,1.0));
#4127=DIRECTION('',(0.0,1.0,-1.366428E-015));
#4128=AXIS2_PLACEMENT_3D('',#4125,#4126,#4127);
#4129=CIRCLE('',#4128,1.299999999999997);
#4130=EDGE_CURVE('',#4124,#4116,#4129,.T.);
#4131=ORIENTED_EDGE('',*,*,#4130,.F.);
#4132=CARTESIAN_POINT('',(0.0,0.0,9.899999999999984));
#4133=DIRECTION('',(0.0,1.366428E-015,1.0));
#4134=DIRECTION('',(0.0,1.0,-1.366428E-015));
#4135=AXIS2_PLACEMENT_3D('',#4132,#4133,#4134);
#4136=CIRCLE('',#4135,1.299999999999997);
#4137=EDGE_CURVE('',#4116,#4124,#4136,.T.);
#4138=ORIENTED_EDGE('',*,*,#4137,.F.);
#4139=ORIENTED_EDGE('',*,*,#4121,.F.);
#4140=EDGE_LOOP('',(#4113,#4114,#4122,#4131,#4138,#4139));
#4141=FACE_OUTER_BOUND('',#4140,.T.);
#4142=ADVANCED_FACE('',(#4141),#4112,.F.);
#4143=CARTESIAN_POINT('',(2.599999999999994,2.599999999999994,9.899999999999981));
#4144=DIRECTION('',(0.0,0.0,1.0));
#4145=DIRECTION('',(-1.0,0.0,0.0));
#4146=AXIS2_PLACEMENT_3D('',#4143,#4144,#4145);
#4147=PLANE('',#4146);
#4148=ORIENTED_EDGE('',*,*,#4137,.T.);
#4149=ORIENTED_EDGE('',*,*,#4130,.T.);
#4150=EDGE_LOOP('',(#4148,#4149));
#4151=FACE_OUTER_BOUND('',#4150,.T.);
#4152=ADVANCED_FACE('',(#4151),#4147,.T.);
#4153=CARTESIAN_POINT('',(-4.102857439920473,19.106356554827428,10.048301528622156));
#4154=CARTESIAN_POINT('',(-3.655908602189987,19.070132626173905,9.903049526487850));
#4155=CARTESIAN_POINT('',(-2.322818967169257,18.962011087507538,9.443329016749491));
#4156=CARTESIAN_POINT('',(0.291836235804130,18.749352598883142,8.381761326958941));
#4157=CARTESIAN_POINT('',(3.223016556573338,18.509315612542466,6.874286054484809));
#4158=CARTESIAN_POINT('',(5.609680611211084,18.311879528384793,5.363261707577864));
#4159=CARTESIAN_POINT('',(6.760787538881738,18.215932649813116,4.544829496271395));
#4160=CARTESIAN_POINT('',(7.139556167096575,18.184273697187979,4.265192308047165));
#4161=CARTESIAN_POINT('',(0.799178616193084,10.615791961502426,9.393198303405224));
#4162=CARTESIAN_POINT('',(1.038133135645064,10.528688548717176,9.305928545958935));
#4163=CARTESIAN_POINT('',(1.746854159688190,10.270059684636038,9.019281777349926));
#4164=CARTESIAN_POINT('',(3.106622503455578,9.771662335855577,8.300321644848086));
#4165=CARTESIAN_POINT('',(4.547712290213422,9.237309246502534,7.194500448747564));
#4166=CARTESIAN_POINT('',(5.619678099584967,8.831904765919472,6.045610926387147));
#4167=CARTESIAN_POINT('',(6.099904538969671,8.647143011123978,5.417700777383136));
#4168=CARTESIAN_POINT('',(6.253442351893310,8.587658673195538,5.202869450415776));
#4169=B_SPLINE_SURFACE_WITH_KNOTS('',3,1,((#4153,#4161),(#4154,#4162),(#4155,#4163),(#4156,#4164),(#4157,#4165),(#4158,#4166),(#4159,#4167),(#4160,#4168)),.UNSPECIFIED.,.F.,.F.,.U.,(4,1,1,1,1,4),(2,2),(0.0,1.356882921987591,4.070648765962774,8.141297531925547,10.855063375900730,12.211946297888321),(0.0,1.0),.UNSPECIFIED.);
#4170=CARTESIAN_POINT('',(-3.366062645697286,17.830191320322641,9.949837107444390));
#4171=VERTEX_POINT('',#4170);
#4172=CARTESIAN_POINT('',(0.798660910266840,10.616688653317174,9.393267489110533));
#4173=DIRECTION('',(-0.498887991367970,0.864098237356130,0.066670895200691));
#4174=VECTOR('',#4173,8.348012503856802);
#4175=LINE('',#4172,#4174);
#4176=EDGE_CURVE('',#3991,#4171,#4175,.T.);
#4177=ORIENTED_EDGE('',*,*,#4176,.F.);
#4178=ORIENTED_EDGE('',*,*,#3998,.F.);
#4179=ORIENTED_EDGE('',*,*,#3752,.F.);
#4180=CARTESIAN_POINT('',(6.397905436056568,10.152194266826250,5.049999999999988));
#4181=VERTEX_POINT('',#4180);
#4182=CARTESIAN_POINT('',(6.397905436056570,10.152194266826250,5.049999999999988));
#4183=CARTESIAN_POINT('',(6.055148994308884,10.368199126885578,5.457392971689374));
#4184=CARTESIAN_POINT('',(5.320964088743972,10.782653899771788,6.213890191481927));
#4185=CARTESIAN_POINT('',(4.488476192248220,11.138257748493995,6.894020549252916));
#4186=CARTESIAN_POINT('',(4.060379700412309,11.292190181208499,7.211516368914918));
#4187=B_SPLINE_CURVE_WITH_KNOTS('',3,(#4182,#4183,#4184,#4185,#4186),.UNSPECIFIED.,.F.,.U.,(4,1,4),(0.0,1.724810795202302,3.390063533504109),.UNSPECIFIED.);
#4188=EDGE_CURVE('',#4181,#3734,#4187,.T.);
#4189=ORIENTED_EDGE('',*,*,#4188,.F.);
#4190=CARTESIAN_POINT('',(7.004415343430374,16.720698210045519,4.408197031795431));
#4191=VERTEX_POINT('',#4190);
#4192=CARTESIAN_POINT('',(7.004415343430373,16.720698210045519,4.408197031795431));
#4193=DIRECTION('',(-0.091512826234218,-0.991084156526614,0.096837995211364));
#4194=VECTOR('',#4193,6.627594538731669);
#4195=LINE('',#4192,#4194);
#4196=EDGE_CURVE('',#4191,#4181,#4195,.T.);
#4197=ORIENTED_EDGE('',*,*,#4196,.F.);
#4198=CARTESIAN_POINT('',(6.529724529672135,17.522919207900205,4.739921264530675));
#4199=VERTEX_POINT('',#4198);
#4200=CARTESIAN_POINT('',(6.529720558975022,17.522901356103070,4.739924998283318));
#4201=CARTESIAN_POINT('',(6.593379165985169,17.483727999094064,4.694947098554023));
#4202=CARTESIAN_POINT('',(6.688639447767486,17.409600446246728,4.627508023900679));
#4203=CARTESIAN_POINT('',(6.842970166657525,17.235141452818834,4.518095840406740));
#4204=CARTESIAN_POINT('',(6.961446371368176,17.016025530603187,4.434242381311772));
#4205=CARTESIAN_POINT('',(7.000043101456209,16.809017662804667,4.409411822928147));
#4206=CARTESIAN_POINT('',(7.004415343430374,16.720698210045519,4.408197031795431));
#4207=B_SPLINE_CURVE_WITH_KNOTS('',3,(#4200,#4201,#4202,#4203,#4204,#4205,#4206),.UNSPECIFIED.,.F.,.U.,(4,1,1,1,4),(0.0,0.262197318755547,0.411708664397019,0.770579035468184,1.037024093492000),.UNSPECIFIED.);
#4208=EDGE_CURVE('',#4199,#4191,#4207,.T.);
#4209=ORIENTED_EDGE('',*,*,#4208,.F.);
#4210=CARTESIAN_POINT('',(-3.108096503750143,18.439895230813438,9.784449071895072));
#4211=VERTEX_POINT('',#4210);
#4212=CARTESIAN_POINT('',(-3.108100620822721,18.439916844666779,9.784447827926908));
#4213=CARTESIAN_POINT('',(-2.731145111895301,18.503476595067873,9.641210990422575));
#4214=CARTESIAN_POINT('',(-1.601654174514255,18.658260570899120,9.191952219271499));
#4215=CARTESIAN_POINT('',(0.646628581134003,18.758745967443176,8.194546344319990));
#4216=CARTESIAN_POINT('',(3.186013981941732,18.492337920686843,6.885727285369047));
#4217=CARTESIAN_POINT('',(5.239705360715719,17.973930044140772,5.635436825654941));
#4218=CARTESIAN_POINT('',(6.212160371228826,17.641181226033510,4.967824754523308));
#4219=CARTESIAN_POINT('',(6.529716588277911,17.522883504305934,4.739928732035960));
#4220=B_SPLINE_CURVE_WITH_KNOTS('',3,(#4212,#4213,#4214,#4215,#4216,#4217,#4218,#4219),.UNSPECIFIED.,.F.,.U.,(4,1,1,1,1,4),(0.0,0.111087739357370,0.333263218072110,0.666616008840237,0.888872002946746,1.0),.UNSPECIFIED.);
#4221=EDGE_CURVE('',#4211,#4199,#4220,.T.);
#4222=ORIENTED_EDGE('',*,*,#4221,.F.);
#4223=CARTESIAN_POINT('',(-3.366062462697133,17.830191431824701,9.949837031666808));
#4224=CARTESIAN_POINT('',(-3.380171774890540,17.872306662980808,9.949605216420711));
#4225=CARTESIAN_POINT('',(-3.402428998785439,17.988103989498917,9.943335583892504));
#4226=CARTESIAN_POINT('',(-3.368824630249967,18.194269970301043,9.907001990405522));
#4227=CARTESIAN_POINT('',(-3.248982361183243,18.356313320125974,9.845243476759787));
#4228=CARTESIAN_POINT('',(-3.143326920172717,18.423018536276761,9.799212838974743));
#4229=CARTESIAN_POINT('',(-3.108098562286432,18.439906037740109,9.784448449910990));
#4230=B_SPLINE_CURVE_WITH_KNOTS('',3,(#4223,#4224,#4225,#4226,#4227,#4228,#4229),.UNSPECIFIED.,.F.,.U.,(4,1,1,1,4),(0.0,0.133666946626361,0.349785187420429,0.620793621578635,0.746313592348586),.UNSPECIFIED.);
#4231=EDGE_CURVE('',#4171,#4211,#4230,.T.);
#4232=ORIENTED_EDGE('',*,*,#4231,.F.);
#4233=EDGE_LOOP('',(#4177,#4178,#4179,#4189,#4197,#4209,#4222,#4232));
#4234=FACE_OUTER_BOUND('',#4233,.T.);
#4235=ADVANCED_FACE('',(#4234),#4169,.F.);
#4236=CARTESIAN_POINT('',(0.0,0.0,10.199999999999999));
#4237=DIRECTION('',(0.0,0.0,1.0));
#4238=DIRECTION('',(1.0,0.0,0.0));
#4239=AXIS2_PLACEMENT_3D('',#4236,#4237,#4238);
#4240=CYLINDRICAL_SURFACE('',#4239,18.699999999999999);
#4241=ORIENTED_EDGE('',*,*,#4221,.T.);
#4242=CARTESIAN_POINT('',(6.529724529672126,17.522919207900209,4.493186679761278));
#4243=VERTEX_POINT('',#4242);
#4244=CARTESIAN_POINT('',(6.529724529672133,17.522919207900209,4.493186679761277));
#4245=DIRECTION('',(0.0,0.0,1.0));
#4246=VECTOR('',#4245,0.246734584769397);
#4247=LINE('',#4244,#4246);
#4248=EDGE_CURVE('',#4243,#4199,#4247,.T.);
#4249=ORIENTED_EDGE('',*,*,#4248,.F.);
#4250=CARTESIAN_POINT('',(-3.108096503750141,18.439895230813438,9.483772167682544));
#4251=VERTEX_POINT('',#4250);
#4252=CARTESIAN_POINT('',(-3.108099579097250,18.439894712454720,9.483768564408063));
#4253=CARTESIAN_POINT('',(-2.802616983523442,18.491384720479722,9.215635976322055));
#4254=CARTESIAN_POINT('',(-1.856822195282950,18.627380920853181,8.441125593239562));
#4255=CARTESIAN_POINT('',(0.193639745032301,18.762117537831713,7.062035456836565));
#4256=CARTESIAN_POINT('',(2.771476110167776,18.568514775467825,5.779672673428216));
#4257=CARTESIAN_POINT('',(5.038284195196854,18.038384209032930,4.937328435523993));
#4258=CARTESIAN_POINT('',(6.158497947464782,17.661252616609449,4.597480852064201));
#4259=CARTESIAN_POINT('',(6.529719384251219,17.522921125284274,4.493165826340364));
#4260=B_SPLINE_CURVE_WITH_KNOTS('',3,(#4252,#4253,#4254,#4255,#4256,#4257,#4258,#4259),.UNSPECIFIED.,.F.,.U.,(4,1,1,1,1,4),(0.0,0.111115225129158,0.333345675387475,0.666697360057154,0.888899120019051,1.000000000000000),.UNSPECIFIED.);
#4261=EDGE_CURVE('',#4251,#4243,#4260,.T.);
#4262=ORIENTED_EDGE('',*,*,#4261,.F.);
#4263=CARTESIAN_POINT('',(-3.108096503750285,18.439895230813413,9.784449071895070));
#4264=DIRECTION('',(0.0,0.0,-1.0));
#4265=VECTOR('',#4264,0.300676904212526);
#4266=LINE('',#4263,#4265);
#4267=EDGE_CURVE('',#4211,#4251,#4266,.T.);
#4268=ORIENTED_EDGE('',*,*,#4267,.F.);
#4269=EDGE_LOOP('',(#4241,#4249,#4262,#4268));
#4270=FACE_OUTER_BOUND('',#4269,.T.);
#4271=ADVANCED_FACE('',(#4270),#4240,.T.);
#4272=CARTESIAN_POINT('',(0.799173258413155,10.615796792830308,9.393196818344642));
#4273=CARTESIAN_POINT('',(0.954460058999068,10.556254431110258,9.181096630590073));
#4274=CARTESIAN_POINT('',(1.439142579110029,10.371344489024690,8.560598210275940));
#4275=CARTESIAN_POINT('',(2.515665843799448,9.965783859258760,7.421541173344314));
#4276=CARTESIAN_POINT('',(3.955206657208535,9.431469282684031,6.316439875054699));
#4277=CARTESIAN_POINT('',(5.309981027716325,8.933239938589487,5.587851928669029));
#4278=CARTESIAN_POINT('',(6.015574427050522,8.674726579346997,5.293177424680429));
#4279=CARTESIAN_POINT('',(6.253442907720009,8.587664692799205,5.202868862245506));
#4280=CARTESIAN_POINT('',(-4.104648119347089,19.109458542734160,10.048541052993478));
#4281=CARTESIAN_POINT('',(-3.737688136652641,19.078932780163569,9.751694156552308));
#4282=CARTESIAN_POINT('',(-2.616631451736657,18.985879592031296,8.886342091893260));
#4283=CARTESIAN_POINT('',(-0.260393996885869,18.791438888065755,7.312118401586274));
#4284=CARTESIAN_POINT('',(2.682148805273872,18.550488779153689,5.798814666332273));
#4285=CARTESIAN_POINT('',(5.331220084330783,18.334727394522481,4.798586454819710));
#4286=CARTESIAN_POINT('',(6.685579811254418,18.224672606539357,4.390512755741233));
#4287=CARTESIAN_POINT('',(7.139879899465441,18.187779719626864,4.264849737557578));
#4288=B_SPLINE_SURFACE_WITH_KNOTS('',3,1,((#4272,#4280),(#4273,#4281),(#4274,#4282),(#4275,#4283),(#4276,#4284),(#4277,#4285),(#4278,#4286),(#4279,#4287)),.UNSPECIFIED.,.F.,.F.,.U.,(4,1,1,1,1,4),(2,2),(0.0,0.900290481750859,2.700871445252577,5.401742890505154,7.202323854006871,8.102614335757730),(0.0,1.0),.UNSPECIFIED.);
#4289=ORIENTED_EDGE('',*,*,#4196,.T.);
#4290=CARTESIAN_POINT('',(2.251611067026087,11.786877873420828,7.211516368916063));
#4291=CARTESIAN_POINT('',(2.553492807716329,11.729210331975947,6.982107219659313));
#4292=CARTESIAN_POINT('',(3.258522256785704,11.567146739267455,6.495678257176096));
#4293=CARTESIAN_POINT('',(4.383934867133602,11.195858290747498,5.864035800358101));
#4294=CARTESIAN_POINT('',(5.469226107463459,10.701428307036783,5.378482559830863));
#4295=CARTESIAN_POINT('',(6.130141901557620,10.320938651333000,5.138371042796464));
#4296=CARTESIAN_POINT('',(6.397905436056568,10.152194266826250,5.049999999999989));
#4297=B_SPLINE_CURVE_WITH_KNOTS('',3,(#4290,#4291,#4292,#4293,#4294,#4295,#4296),.UNSPECIFIED.,.F.,.U.,(4,1,1,1,4),(0.0,1.151169812880841,2.609916062085131,4.018551720625951,5.004770377895356),.UNSPECIFIED.);
#4298=EDGE_CURVE('',#3272,#4181,#4297,.T.);
#4299=ORIENTED_EDGE('',*,*,#4298,.F.);
#4300=ORIENTED_EDGE('',*,*,#3281,.F.);
#4301=ORIENTED_EDGE('',*,*,#4006,.F.);
#4302=ORIENTED_EDGE('',*,*,#4176,.T.);
#4303=CARTESIAN_POINT('',(-3.108090218474711,18.439873443481453,9.483775146840950));
#4304=CARTESIAN_POINT('',(-3.179615155525955,18.405586364787133,9.554821199695180));
#4305=CARTESIAN_POINT('',(-3.280615876266325,18.324226017168279,9.669627881737068));
#4306=CARTESIAN_POINT('',(-3.369071795110841,18.162553680523196,9.810533757197323));
#4307=CARTESIAN_POINT('',(-3.401109470302800,18.005177303215916,9.904679237110010));
#4308=CARTESIAN_POINT('',(-3.385039753014079,17.886836981511870,9.941942411313482));
#4309=CARTESIAN_POINT('',(-3.366062528211372,17.830191398912820,9.949836967993317));
#4310=B_SPLINE_CURVE_WITH_KNOTS('',3,(#4303,#4304,#4305,#4306,#4307,#4308,#4309),.UNSPECIFIED.,.F.,.U.,(4,1,1,1,4),(0.0,0.321202223956016,0.508675593896505,0.690842750827208,0.873068577113721),.UNSPECIFIED.);
#4311=EDGE_CURVE('',#4251,#4171,#4310,.T.);
#4312=ORIENTED_EDGE('',*,*,#4311,.F.);
#4313=ORIENTED_EDGE('',*,*,#4261,.T.);
#4314=CARTESIAN_POINT('',(7.004415343430173,16.720698210045516,4.408197031795194));
#4315=CARTESIAN_POINT('',(7.001235865265234,16.784923788878157,4.404590557116755));
#4316=CARTESIAN_POINT('',(6.976047152264822,16.956634471002513,4.399811450076143));
#4317=CARTESIAN_POINT('',(6.868364985628334,17.207416757939896,4.413546320094326));
#4318=CARTESIAN_POINT('',(6.697647565904318,17.405237002208803,4.450339568931666));
#4319=CARTESIAN_POINT('',(6.576219241134919,17.494263316577726,4.480952617851992));
#4320=CARTESIAN_POINT('',(6.529712489201895,17.522882001188769,4.493193134261093));
#4321=B_SPLINE_CURVE_WITH_KNOTS('',3,(#4314,#4315,#4316,#4317,#4318,#4319,#4320),.UNSPECIFIED.,.F.,.U.,(4,1,1,1,4),(0.0,0.193530680532360,0.517538779474489,0.808474587291234,0.976549478894174),.UNSPECIFIED.);
#4322=EDGE_CURVE('',#4191,#4243,#4321,.T.);
#4323=ORIENTED_EDGE('',*,*,#4322,.F.);
#4324=EDGE_LOOP('',(#4289,#4299,#4300,#4301,#4302,#4312,#4313,#4323));
#4325=FACE_OUTER_BOUND('',#4324,.T.);
#4326=ADVANCED_FACE('',(#4325),#4288,.F.);
#4327=CARTESIAN_POINT('',(-2.891960988401364,17.989023365418269,10.199999999999999));
#4328=DIRECTION('',(0.0,0.0,-1.0));
#4329=DIRECTION('',(-0.866025403784437,-0.500000000000002,0.0));
#4330=AXIS2_PLACEMENT_3D('',#4327,#4328,#4329);
#4331=CYLINDRICAL_SURFACE('',#4330,0.500000000000000);
#4332=ORIENTED_EDGE('',*,*,#4231,.T.);
#4333=ORIENTED_EDGE('',*,*,#4267,.T.);
#4334=ORIENTED_EDGE('',*,*,#4311,.T.);
#4335=EDGE_LOOP('',(#4332,#4333,#4334));
#4336=FACE_OUTER_BOUND('',#4335,.T.);
#4337=ADVANCED_FACE('',(#4336),#4331,.T.);
#4338=CARTESIAN_POINT('',(6.005638461225994,16.671253902242714,10.199999999999999));
#4339=DIRECTION('',(0.0,0.0,-1.0));
#4340=DIRECTION('',(0.338918649053386,0.940815682970808,0.0));
#4341=AXIS2_PLACEMENT_3D('',#4338,#4339,#4340);
#4342=CYLINDRICAL_SURFACE('',#4341,1.0);
#4343=ORIENTED_EDGE('',*,*,#4208,.T.);
#4344=ORIENTED_EDGE('',*,*,#4322,.T.);
#4345=ORIENTED_EDGE('',*,*,#4248,.T.);
#4346=EDGE_LOOP('',(#4343,#4344,#4345));
#4347=FACE_OUTER_BOUND('',#4346,.T.);
#4348=ADVANCED_FACE('',(#4347),#4342,.T.);
#4349=CARTESIAN_POINT('',(-15.424300402456701,11.999052340384301,10.048301528622156));
#4350=CARTESIAN_POINT('',(-15.058633436442122,12.258596376188287,9.903049526487850));
#4351=CARTESIAN_POINT('',(-13.967928343959999,13.032663972304315,9.443329016749491));
#4352=CARTESIAN_POINT('',(-11.828292013467692,14.550426086885263,8.381761326958941));
#4353=CARTESIAN_POINT('',(-9.428584816276448,16.250673479303419,6.874286054484809));
#4354=CARTESIAN_POINT('',(-7.473384611027813,17.633546746968651,5.363261707577864));
#4355=CARTESIAN_POINT('',(-6.529912080915974,18.299964444335238,4.544829496271395));
#4356=CARTESIAN_POINT('',(-6.219408495561109,18.519180060756248,4.265192308047165));
#4357=CARTESIAN_POINT('',(-6.211493201869496,8.645870553831397,9.393198303405224));
#4358=CARTESIAN_POINT('',(-5.972454425585370,8.732742472872891,9.305928545958935));
#4359=CARTESIAN_POINT('',(-5.263299194056881,8.990178361692637,9.019281777349926));
#4360=CARTESIAN_POINT('',(-3.901292569888075,9.482426085611802,8.300321644848086));
#4361=CARTESIAN_POINT('',(-2.453878201672856,9.999402530223204,7.194500448747564));
#4362=CARTESIAN_POINT('',(-1.372115773160050,10.377891020928642,6.045610926387147));
#4363=CARTESIAN_POINT('',(-0.885478411104098,10.545038910447015,5.417700777383136));
#4364=CARTESIAN_POINT('',(-0.729625827314495,10.598163467690007,5.202869450415776));
#4365=B_SPLINE_SURFACE_WITH_KNOTS('',3,1,((#4349,#4357),(#4350,#4358),(#4351,#4359),(#4352,#4360),(#4353,#4361),(#4354,#4362),(#4355,#4363),(#4356,#4364)),.UNSPECIFIED.,.F.,.F.,.U.,(4,1,1,1,1,4),(2,2),(0.0,1.356882921987591,4.070648765962774,8.141297531925547,10.855063375900730,12.211946297888321),(0.0,1.0),.UNSPECIFIED.);
#4366=CARTESIAN_POINT('',(-14.039579643970642,11.495055618598487,9.949837107444390));
#4367=VERTEX_POINT('',#4366);
#4368=CARTESIAN_POINT('',(-6.212466170005694,8.646224684658428,9.393267489110533));
#4369=DIRECTION('',(-0.937602014050721,0.341258633562830,0.066670895200691));
#4370=VECTOR('',#4369,8.348012503856802);
#4371=LINE('',#4368,#4370);
#4372=EDGE_CURVE('',#3829,#4367,#4371,.T.);
#4373=ORIENTED_EDGE('',*,*,#4372,.F.);
#4374=ORIENTED_EDGE('',*,*,#3836,.F.);
#4375=ORIENTED_EDGE('',*,*,#3329,.F.);
#4376=CARTESIAN_POINT('',(-1.624624778954795,11.889526345809912,5.049999999999988));
#4377=VERTEX_POINT('',#4376);
#4378=CARTESIAN_POINT('',(-1.624624778954795,11.889526345809912,5.049999999999988));
#4379=CARTESIAN_POINT('',(-2.026036694177055,11.834676074649396,5.457392971689374));
#4380=CARTESIAN_POINT('',(-2.854861354093591,11.680241889827014,6.213890191481929));
#4381=CARTESIAN_POINT('',(-3.721161829083451,11.417537337010897,6.894020549252916));
#4382=CARTESIAN_POINT('',(-4.148048628250871,11.260281301005229,7.211516368914918));
#4383=B_SPLINE_CURVE_WITH_KNOTS('',3,(#4378,#4379,#4380,#4381,#4382),.UNSPECIFIED.,.F.,.U.,(4,1,4),(0.0,1.724810795202301,3.390063533504110),.UNSPECIFIED.);
#4384=EDGE_CURVE('',#4377,#3311,#4383,.T.);
#4385=ORIENTED_EDGE('',*,*,#4384,.F.);
#4386=CARTESIAN_POINT('',(-5.382164183593010,17.311149344730143,4.408197031795431));
#4387=VERTEX_POINT('',#4386);
#4388=CARTESIAN_POINT('',(-5.382164183593011,17.311149344730143,4.408197031795431));
#4389=DIRECTION('',(0.566953723961107,-0.818037821601225,0.096837995211364));
#4390=VECTOR('',#4389,6.627594538731673);
#4391=LINE('',#4388,#4390);
#4392=EDGE_CURVE('',#4387,#4377,#4391,.T.);
#4393=ORIENTED_EDGE('',*,*,#4392,.F.);
#4394=CARTESIAN_POINT('',(-6.261456161323499,17.620560908774273,4.739921264530675));
#4395=VERTEX_POINT('',#4394);
#4396=CARTESIAN_POINT('',(-6.261447728139948,17.620544681189372,4.739924998283318));
#4397=CARTESIAN_POINT('',(-6.187502257467913,17.631455112570332,4.694947098554023));
#4398=CARTESIAN_POINT('',(-6.066880375451969,17.635902241454545,4.627508023900679));
#4399=CARTESIAN_POINT('',(-5.836516106469862,17.601460772883510,4.518095840406740));
#4400=CARTESIAN_POINT('',(-5.604913068324184,17.509763274702017,4.434242381311772));
#4401=CARTESIAN_POINT('',(-5.442284165189166,17.375995547768056,4.409411822928147));
#4402=CARTESIAN_POINT('',(-5.382164183593010,17.311149344730143,4.408197031795431));
#4403=B_SPLINE_CURVE_WITH_KNOTS('',3,(#4396,#4397,#4398,#4399,#4400,#4401,#4402),.UNSPECIFIED.,.F.,.U.,(4,1,1,1,4),(0.0,0.262197318755547,0.411708664397019,0.770579035468184,1.037024093492000),.UNSPECIFIED.);
#4404=EDGE_CURVE('',#4395,#4387,#4403,.T.);
#4405=ORIENTED_EDGE('',*,*,#4404,.F.);
#4406=CARTESIAN_POINT('',(-14.233876233660107,12.127933350940136,9.784449071895072));
#4407=VERTEX_POINT('',#4406);
#4408=CARTESIAN_POINT('',(-14.233893280637801,12.127947261709140,9.784447827926908));
#4409=CARTESIAN_POINT('',(-13.985984027753455,12.418939185851556,9.641210990422575));
#4410=CARTESIAN_POINT('',(-13.220236993461800,13.263533370222714,9.191952219271498));
#4411=CARTESIAN_POINT('',(-11.562543249790201,14.785677948262510,8.194546344319988));
#4412=CARTESIAN_POINT('',(-9.446017382988208,16.213883016300727,6.885727285369047));
#4413=CARTESIAN_POINT('',(-7.539572354589327,17.136846915599499,5.635436825654941));
#4414=CARTESIAN_POINT('',(-6.580741780185363,17.507028564269437,4.967824754523308));
#4415=CARTESIAN_POINT('',(-6.261439294956396,17.620528453604472,4.739928732035960));
#4416=B_SPLINE_CURVE_WITH_KNOTS('',3,(#4408,#4409,#4410,#4411,#4412,#4413,#4414,#4415),.UNSPECIFIED.,.F.,.U.,(4,1,1,1,1,4),(0.0,0.111087739357370,0.333263218072110,0.666616008840237,0.888872002946746,1.0),.UNSPECIFIED.);
#4417=EDGE_CURVE('',#4407,#4395,#4416,.T.);
#4418=ORIENTED_EDGE('',*,*,#4417,.F.);
#4419=CARTESIAN_POINT('',(-14.039579575456536,11.495055821644252,9.949837031666808));
#4420=CARTESIAN_POINT('',(-14.077459084424756,11.518248669382938,9.949605216420711));
#4421=CARTESIAN_POINT('',(-14.168942193829366,11.592647900144510,9.943335583892504));
#4422=CARTESIAN_POINT('',(-14.275720692046724,11.772180675824092,9.907001990405522));
#4423=CARTESIAN_POINT('',(-14.288075645276958,11.973346209174677,9.845243476759787));
#4424=CARTESIAN_POINT('',(-14.250016168248749,12.092359377711571,9.799212838974743));
#4425=CARTESIAN_POINT('',(-14.233884757148957,12.127940306324637,9.784448449910990));
#4426=B_SPLINE_CURVE_WITH_KNOTS('',3,(#4419,#4420,#4421,#4422,#4423,#4424,#4425),.UNSPECIFIED.,.F.,.U.,(4,1,1,1,4),(0.0,0.133666946626361,0.349785187420429,0.620793621578635,0.746313592348586),.UNSPECIFIED.);
#4427=EDGE_CURVE('',#4367,#4407,#4426,.T.);
#4428=ORIENTED_EDGE('',*,*,#4427,.F.);
#4429=EDGE_LOOP('',(#4373,#4374,#4375,#4385,#4393,#4405,#4418,#4428));
#4430=FACE_OUTER_BOUND('',#4429,.T.);
#4431=ADVANCED_FACE('',(#4430),#4365,.F.);
#4432=CARTESIAN_POINT('',(0.0,0.0,10.199999999999999));
#4433=DIRECTION('',(0.0,0.0,1.0));
#4434=DIRECTION('',(0.766044443118978,0.642787609686539,0.0));
#4435=AXIS2_PLACEMENT_3D('',#4432,#4433,#4434);
#4436=CYLINDRICAL_SURFACE('',#4435,18.699999999999999);
#4437=ORIENTED_EDGE('',*,*,#4417,.T.);
#4438=CARTESIAN_POINT('',(-6.261456161323507,17.620560908774269,4.493186679761278));
#4439=VERTEX_POINT('',#4438);
#4440=CARTESIAN_POINT('',(-6.261456161323502,17.620560908774273,4.493186679761277));
#4441=DIRECTION('',(0.0,0.0,1.0));
#4442=VECTOR('',#4441,0.246734584769397);
#4443=LINE('',#4440,#4442);
#4444=EDGE_CURVE('',#4439,#4395,#4443,.T.);
#4445=ORIENTED_EDGE('',*,*,#4444,.F.);
#4446=CARTESIAN_POINT('',(-14.233876233660105,12.127933350940138,9.483772167682544));
#4447=VERTEX_POINT('',#4446);
#4448=CARTESIAN_POINT('',(-14.233878256318109,12.127930977059306,9.483768564408063));
#4449=CARTESIAN_POINT('',(-14.032962150690363,12.363735038992738,9.215635976322055));
#4450=CARTESIAN_POINT('',(-13.395857981392350,13.075859343761215,8.441125593239562));
#4451=CARTESIAN_POINT('',(-11.911720034151777,14.497085109850730,7.062035456836565));
#4452=CARTESIAN_POINT('',(-9.812537354521121,16.005778064877852,5.779672673428214));
#4453=CARTESIAN_POINT('',(-7.735300257746973,17.056750640926854,4.937328435523993));
#4454=CARTESIAN_POINT('',(-6.634751222885499,17.487910600384524,4.597480852064201));
#4455=CARTESIAN_POINT('',(-6.261461335415322,17.620559070162869,4.493165826340364));
#4456=B_SPLINE_CURVE_WITH_KNOTS('',3,(#4448,#4449,#4450,#4451,#4452,#4453,#4454,#4455),.UNSPECIFIED.,.F.,.U.,(4,1,1,1,1,4),(0.0,0.111115225129158,0.333345675387475,0.666697360057155,0.888899120019051,1.000000000000000),.UNSPECIFIED.);
#4457=EDGE_CURVE('',#4447,#4439,#4456,.T.);
#4458=ORIENTED_EDGE('',*,*,#4457,.F.);
#4459=CARTESIAN_POINT('',(-14.233876233660201,12.127933350940026,9.784449071895070));
#4460=DIRECTION('',(0.0,0.0,-1.0));
#4461=VECTOR('',#4460,0.300676904212526);
#4462=LINE('',#4459,#4461);
#4463=EDGE_CURVE('',#4407,#4447,#4462,.T.);
#4464=ORIENTED_EDGE('',*,*,#4463,.F.);
#4465=EDGE_LOOP('',(#4437,#4445,#4458,#4464));
#4466=FACE_OUTER_BOUND('',#4465,.T.);
#4467=ADVANCED_FACE('',(#4466),#4436,.T.);
#4468=CARTESIAN_POINT('',(-6.211500411684737,8.645870810928722,9.393196818344642));
#4469=CARTESIAN_POINT('',(-6.054270728641051,8.700075146967386,9.181096630590073));
#4470=CARTESIAN_POINT('',(-5.564124557752687,8.869973831914255,8.560598210275940));
#4471=CARTESIAN_POINT('',(-4.478770545158851,9.251272181215898,7.421541173344314));
#4472=CARTESIAN_POINT('',(-3.032567514906700,9.767282467450798,6.316439875054699));
#4473=CARTESIAN_POINT('',(-1.674494487532972,10.256448826291646,5.587851928669029));
#4474=CARTESIAN_POINT('',(-0.967809400612062,10.511962798540544,5.293177424680429));
#4475=CARTESIAN_POINT('',(-0.729629270853191,10.598168436252463,5.202868862245506));
#4476=CARTESIAN_POINT('',(-15.427666061872713,12.000277574434524,10.048541052993478));
#4477=CARTESIAN_POINT('',(-15.126936824325986,12.212770813772131,9.751694156552308));
#4478=CARTESIAN_POINT('',(-14.208344144051456,12.862089282909158,8.886342091893260));
#4479=CARTESIAN_POINT('',(-12.278377459766428,14.227699303577650,7.312118401586274));
#4480=CARTESIAN_POINT('',(-9.869379152970907,15.934550865777242,5.798814666332273));
#4481=CARTESIAN_POINT('',(-7.701384075533531,17.472058251395097,4.798586454819710));
#4482=CARTESIAN_POINT('',(-6.593142478637314,18.258317044146949,4.390512755741233));
#4483=CARTESIAN_POINT('',(-6.221414129961881,18.522073920918565,4.264849737557578));
#4484=B_SPLINE_SURFACE_WITH_KNOTS('',3,1,((#4468,#4476),(#4469,#4477),(#4470,#4478),(#4471,#4479),(#4472,#4480),(#4473,#4481),(#4474,#4482),(#4475,#4483)),.UNSPECIFIED.,.F.,.F.,.U.,(4,1,1,1,1,4),(2,2),(0.0,0.900290481750859,2.700871445252577,5.401742890505154,7.202323854006871,8.102614335757730),(0.0,1.0),.UNSPECIFIED.);
#4485=ORIENTED_EDGE('',*,*,#4392,.T.);
#4486=CARTESIAN_POINT('',(-5.851624907960725,10.476579992375164,7.211516368914918));
#4487=CARTESIAN_POINT('',(-5.583302096904576,10.626449935208889,6.982107219658833));
#4488=CARTESIAN_POINT('',(-4.939045735836304,10.955486214907282,6.495678257175327));
#4489=CARTESIAN_POINT('',(-3.838270045135547,11.394464043841040,5.864035800358196));
#4490=CARTESIAN_POINT('',(-2.689075253928428,11.713320464493293,5.378482559830845));
#4491=CARTESIAN_POINT('',(-1.938210346192733,11.846676961567042,5.138371042796464));
#4492=CARTESIAN_POINT('',(-1.624624778954796,11.889526345809912,5.049999999999989));
#4493=B_SPLINE_CURVE_WITH_KNOTS('',3,(#4486,#4487,#4488,#4489,#4490,#4491,#4492),.UNSPECIFIED.,.F.,.U.,(4,1,1,1,4),(0.0,1.151169812878054,2.609916062082343,4.018551720623160,5.004770377892568),.UNSPECIFIED.);
#4494=EDGE_CURVE('',#3360,#4377,#4493,.T.);
#4495=ORIENTED_EDGE('',*,*,#4494,.F.);
#4496=ORIENTED_EDGE('',*,*,#3399,.F.);
#4497=ORIENTED_EDGE('',*,*,#3844,.F.);
#4498=ORIENTED_EDGE('',*,*,#4372,.T.);
#4499=CARTESIAN_POINT('',(-14.233857414232741,12.127920700972709,9.483775146840950));
#4500=CARTESIAN_POINT('',(-14.266609385448227,12.055679931547994,9.554821199695180));
#4501=CARTESIAN_POINT('',(-14.291683002953210,11.928432277503020,9.669627881737068));
#4502=CARTESIAN_POINT('',(-14.255523193220503,11.747725713773303,9.810533757197323));
#4503=CARTESIAN_POINT('',(-14.178905890881282,11.606574993802312,9.904679237110010));
#4504=CARTESIAN_POINT('',(-14.090528080732081,11.526250463128370,9.941942411313482));
#4505=CARTESIAN_POINT('',(-14.039579604488004,11.495055754320546,9.949836967993317));
#4506=B_SPLINE_CURVE_WITH_KNOTS('',3,(#4499,#4500,#4501,#4502,#4503,#4504,#4505),.UNSPECIFIED.,.F.,.U.,(4,1,1,1,4),(0.0,0.321202223956016,0.508675593896505,0.690842750827208,0.873068577113721),.UNSPECIFIED.);
#4507=EDGE_CURVE('',#4447,#4367,#4506,.T.);
#4508=ORIENTED_EDGE('',*,*,#4507,.F.);
#4509=ORIENTED_EDGE('',*,*,#4457,.T.);
#4510=CARTESIAN_POINT('',(-5.382164183593162,17.311149344730012,4.408197031795194));
#4511=CARTESIAN_POINT('',(-5.425883211471999,17.358305263331168,4.404590557116755));
#4512=CARTESIAN_POINT('',(-5.555552384015644,17.473652284576083,4.399811450076143));
#4513=CARTESIAN_POINT('',(-5.799241456162742,17.596545899418999,4.413546320094326));
#4514=CARTESIAN_POINT('',(-6.057174988847152,17.638349956121381,4.450339568931666));
#4515=CARTESIAN_POINT('',(-6.207419494086399,17.628495446908293,4.480952617851992));
#4516=CARTESIAN_POINT('',(-6.261441468845711,17.620524667314644,4.493193134261093));
#4517=B_SPLINE_CURVE_WITH_KNOTS('',3,(#4510,#4511,#4512,#4513,#4514,#4515,#4516),.UNSPECIFIED.,.F.,.U.,(4,1,1,1,4),(0.0,0.193530680532360,0.517538779474489,0.808474587291234,0.976549478894174),.UNSPECIFIED.);
#4518=EDGE_CURVE('',#4387,#4439,#4517,.T.);
#4519=ORIENTED_EDGE('',*,*,#4518,.F.);
#4520=EDGE_LOOP('',(#4485,#4495,#4496,#4497,#4498,#4508,#4509,#4519));
#4521=FACE_OUTER_BOUND('',#4520,.T.);
#4522=ADVANCED_FACE('',(#4521),#4484,.F.);
#4523=CARTESIAN_POINT('',(-13.778491974534248,11.921474695174890,10.199999999999999));
#4524=DIRECTION('',(0.0,0.0,-1.0));
#4525=DIRECTION('',(-0.342020143325667,-0.939692620785909,0.0));
#4526=AXIS2_PLACEMENT_3D('',#4523,#4524,#4525);
#4527=CYLINDRICAL_SURFACE('',#4526,0.500000000000000);
#4528=ORIENTED_EDGE('',*,*,#4427,.T.);
#4529=ORIENTED_EDGE('',*,*,#4463,.T.);
#4530=ORIENTED_EDGE('',*,*,#4507,.T.);
#4531=EDGE_LOOP('',(#4528,#4529,#4530));
#4532=FACE_OUTER_BOUND('',#4531,.T.);
#4533=ADVANCED_FACE('',(#4532),#4527,.T.);
#4534=CARTESIAN_POINT('',(-6.115489475696203,16.631271402771613,10.199999999999999));
#4535=DIRECTION('',(0.0,0.0,-1.0));
#4536=DIRECTION('',(-0.345117916235677,0.938559334242191,0.0));
#4537=AXIS2_PLACEMENT_3D('',#4534,#4535,#4536);
#4538=CYLINDRICAL_SURFACE('',#4537,1.0);
#4539=ORIENTED_EDGE('',*,*,#4404,.T.);
#4540=ORIENTED_EDGE('',*,*,#4518,.T.);
#4541=ORIENTED_EDGE('',*,*,#4444,.T.);
#4542=EDGE_LOOP('',(#4539,#4540,#4541));
#4543=FACE_OUTER_BOUND('',#4542,.T.);
#4544=ADVANCED_FACE('',(#4543),#4538,.T.);
#4545=CARTESIAN_POINT('',(-19.528541784679074,-0.722741818737108,10.048301528622156));
#4546=CARTESIAN_POINT('',(-19.415256327714271,-0.288873357338951,9.903049526487850));
#4547=CARTESIAN_POINT('',(-19.077288812380001,1.005188542533720,9.443329016749491));
#4548=CARTESIAN_POINT('',(-18.413830972815148,3.543193498860593,8.381761326958941));
#4549=CARTESIAN_POINT('',(-17.668446566542428,6.388160618980197,6.874286054484809));
#4550=CARTESIAN_POINT('',(-17.059570116348567,8.704281467603327,5.363261707577864));
#4551=CARTESIAN_POINT('',(-16.765193266164069,9.821239493902647,4.544829496271395));
#4552=CARTESIAN_POINT('',(-16.668242802119678,10.188756256136218,4.265192308047165));
#4553=CARTESIAN_POINT('',(-10.315738317719955,2.630450225874663,9.393198303405224));
#4554=CARTESIAN_POINT('',(-10.188464184647103,2.850649140349550,9.305928545958935));
#4555=CARTESIAN_POINT('',(-9.810696359847924,3.503692668610213,9.019281777349926));
#4556=CARTESIAN_POINT('',(-9.083749491743816,4.756257284483151,8.300321644848086));
#4557=CARTESIAN_POINT('',(-8.307271811177984,6.082664239072135,7.194500448747563));
#4558=CARTESIAN_POINT('',(-7.721881426275279,7.067946729833980,6.045610926387147));
#4559=CARTESIAN_POINT('',(-7.456536171625901,7.508793908518702,5.417700777383137));
#4560=CARTESIAN_POINT('',(-7.371293973034018,7.649669790185442,5.202869450415777));
#4561=B_SPLINE_SURFACE_WITH_KNOTS('',3,1,((#4545,#4553),(#4546,#4554),(#4547,#4555),(#4548,#4556),(#4549,#4557),(#4550,#4558),(#4551,#4559),(#4552,#4560)),.UNSPECIFIED.,.F.,.F.,.U.,(4,1,1,1,1,4),(2,2),(0.0,1.356882921987591,4.070648765962774,8.141297531925547,10.855063375900730,12.211946297888321),(0.0,1.0),.UNSPECIFIED.);
#4562=CARTESIAN_POINT('',(-18.143821294282777,-0.218744360380726,9.949837107444390));
#4563=VERTEX_POINT('',#4562);
#4564=CARTESIAN_POINT('',(-10.316711285461844,2.630096093964276,9.393267489110533));
#4565=DIRECTION('',(-0.937601634073463,-0.341259677541766,0.066670895200691));
#4566=VECTOR('',#4565,8.348012503856804);
#4567=LINE('',#4564,#4566);
#4568=EDGE_CURVE('',#3848,#4563,#4567,.T.);
#4569=ORIENTED_EDGE('',*,*,#4568,.F.);
#4570=ORIENTED_EDGE('',*,*,#3855,.F.);
#4571=ORIENTED_EDGE('',*,*,#3380,.F.);
#4572=CARTESIAN_POINT('',(-8.886975004200004,8.063616910222498,5.049999999999988));
#4573=VERTEX_POINT('',#4572);
#4574=CARTESIAN_POINT('',(-8.886975004200007,8.063616910222498,5.049999999999988));
#4575=CARTESIAN_POINT('',(-9.159217296567839,7.763576559311002,5.457392971689375));
#4576=CARTESIAN_POINT('',(-9.694865441101012,7.112514888203195,6.213890191481927));
#4577=CARTESIAN_POINT('',(-10.189626874479881,6.354424313747310,6.894020549252916));
#4578=CARTESIAN_POINT('',(-10.415558903330066,5.959561655974687,7.211516368914918));
#4579=B_SPLINE_CURVE_WITH_KNOTS('',3,(#4574,#4575,#4576,#4577,#4578),.UNSPECIFIED.,.F.,.U.,(4,1,4),(0.0,1.724810795202304,3.390063533504111),.UNSPECIFIED.);
#4580=EDGE_CURVE('',#4573,#3362,#4579,.T.);
#4581=ORIENTED_EDGE('',*,*,#4580,.F.);
#4582=CARTESIAN_POINT('',(-15.250369273021207,9.801521309021011,4.408197031795431));
#4583=VERTEX_POINT('',#4582);
#4584=CARTESIAN_POINT('',(-15.250369273021207,9.801521309021011,4.408197031795431));
#4585=DIRECTION('',(0.960136325726252,-0.262222498470930,0.096837995211364));
#4586=VECTOR('',#4585,6.627594538731677);
#4587=LINE('',#4584,#4586);
#4588=EDGE_CURVE('',#4583,#4573,#4587,.T.);
#4589=ORIENTED_EDGE('',*,*,#4588,.F.);
#4590=CARTESIAN_POINT('',(-16.122831926102045,9.473346329711834,4.739921264530675));
#4591=VERTEX_POINT('',#4590);
#4592=CARTESIAN_POINT('',(-16.122815035018139,9.473339319406493,4.739924998283318));
#4593=CARTESIAN_POINT('',(-16.073182608224023,9.529228427078333,4.694947098554023));
#4594=CARTESIAN_POINT('',(-15.983639445132606,9.610169376664837,4.627508023900679));
#4595=CARTESIAN_POINT('',(-15.785031627728827,9.731860978869335,4.518095840406740));
#4596=CARTESIAN_POINT('',(-15.548671391677541,9.810488183225289,4.434242381311772));
#4597=CARTESIAN_POINT('',(-15.338106186691343,9.812552003250975,4.409411822928147));
#4598=CARTESIAN_POINT('',(-15.250369273021207,9.801521309021011,4.408197031795431));
#4599=B_SPLINE_CURVE_WITH_KNOTS('',3,(#4592,#4593,#4594,#4595,#4596,#4597,#4598),.UNSPECIFIED.,.F.,.U.,(4,1,1,1,4),(0.0,0.262197318755547,0.411708664397019,0.770579035468184,1.037024093492000),.UNSPECIFIED.);
#4600=EDGE_CURVE('',#4591,#4583,#4599,.T.);
#4601=ORIENTED_EDGE('',*,*,#4600,.F.);
#4602=CARTESIAN_POINT('',(-18.699467081927086,0.141176669196597,9.784449071895072));
#4603=VERTEX_POINT('',#4602);
#4604=CARTESIAN_POINT('',(-18.699489082339575,0.141176367877847,9.784447827926908));
#4605=CARTESIAN_POINT('',(-18.696625580127336,0.523442110440348,9.641210990422575));
#4606=CARTESIAN_POINT('',(-18.652923996600471,1.662651497865366,9.191952219271499));
#4607=CARTESIAN_POINT('',(-18.361472590783265,3.894226892583438,8.194546344319988));
#4608=CARTESIAN_POINT('',(-17.658152233628513,6.348772051349858,6.885727285369047));
#4609=CARTESIAN_POINT('',(-16.791000372168970,8.281242660410406,5.635436825654944));
#4610=CARTESIAN_POINT('',(-16.294441715852606,9.181142668334131,4.967824754523309));
#4611=CARTESIAN_POINT('',(-16.122798143934229,9.473332309101153,4.739928732035960));
#4612=B_SPLINE_CURVE_WITH_KNOTS('',3,(#4604,#4605,#4606,#4607,#4608,#4609,#4610,#4611),.UNSPECIFIED.,.F.,.U.,(4,1,1,1,1,4),(0.0,0.111087739357370,0.333263218072110,0.666616008840237,0.888872002946746,1.0),.UNSPECIFIED.);
#4613=EDGE_CURVE('',#4603,#4591,#4612,.T.);
#4614=ORIENTED_EDGE('',*,*,#4613,.F.);
#4615=CARTESIAN_POINT('',(-18.143821372313230,-0.218744160798626,9.949837031666808));
#4616=CARTESIAN_POINT('',(-18.187746834826182,-0.225325887694083,9.949605216420711));
#4617=CARTESIAN_POINT('',(-18.305649866128576,-0.227136979617737,9.943335583892504));
#4618=CARTESIAN_POINT('',(-18.502848385072042,-0.158242790085720,9.907001990405522));
#4619=CARTESIAN_POINT('',(-18.641619540672799,-0.012082661970091,9.845243476759787));
#4620=CARTESIAN_POINT('',(-18.688964479912375,0.103550874710462,9.799212838974743));
#4621=CARTESIAN_POINT('',(-18.699478082133332,0.141176518537222,9.784448449910990));
#4622=B_SPLINE_CURVE_WITH_KNOTS('',3,(#4615,#4616,#4617,#4618,#4619,#4620,#4621),.UNSPECIFIED.,.F.,.U.,(4,1,1,1,4),(0.0,0.133666946626361,0.349785187420429,0.620793621578635,0.746313592348586),.UNSPECIFIED.);
#4623=EDGE_CURVE('',#4563,#4603,#4622,.T.);
#4624=ORIENTED_EDGE('',*,*,#4623,.F.);
#4625=EDGE_LOOP('',(#4569,#4570,#4571,#4581,#4589,#4601,#4614,#4624));
#4626=FACE_OUTER_BOUND('',#4625,.T.);
#4627=ADVANCED_FACE('',(#4626),#4561,.F.);
#4628=CARTESIAN_POINT('',(0.0,0.0,10.199999999999999));
#4629=DIRECTION('',(0.0,0.0,1.0));
#4630=DIRECTION('',(0.173648177666930,0.984807753012208,0.0));
#4631=AXIS2_PLACEMENT_3D('',#4628,#4629,#4630);
#4632=CYLINDRICAL_SURFACE('',#4631,18.699999999999999);
#4633=ORIENTED_EDGE('',*,*,#4613,.T.);
#4634=CARTESIAN_POINT('',(-16.122831926102048,9.473346329711827,4.493186679761278));
#4635=VERTEX_POINT('',#4634);
#4636=CARTESIAN_POINT('',(-16.122831926102048,9.473346329711834,4.493186679761277));
#4637=DIRECTION('',(0.0,0.0,1.0));
#4638=VECTOR('',#4637,0.246734584769397);
#4639=LINE('',#4636,#4638);
#4640=EDGE_CURVE('',#4635,#4591,#4639,.T.);
#4641=ORIENTED_EDGE('',*,*,#4640,.F.);
#4642=CARTESIAN_POINT('',(-18.699467081927086,0.141176669196599,9.483772167682544));
#4643=VERTEX_POINT('',#4642);
#4644=CARTESIAN_POINT('',(-18.699467105471822,0.141173550558876,9.483768564408063));
#4645=CARTESIAN_POINT('',(-18.697128368547148,0.450956325151853,9.215635976322055));
#4646=CARTESIAN_POINT('',(-18.666822939630286,1.405997857734108,8.441125593239562));
#4647=CARTESIAN_POINT('',(-18.443453625334257,3.448705441816352,7.062035456836566));
#4648=CARTESIAN_POINT('',(-17.805155536824373,5.953759913322801,5.779672673428213));
#4649=CARTESIAN_POINT('',(-16.889451751804589,8.094073883263233,4.937328435523993));
#4650=CARTESIAN_POINT('',(-16.323526559001341,9.131780857762625,4.597480852064201));
#4651=CARTESIAN_POINT('',(-16.122834707849702,9.473341595411675,4.493165826340364));
#4652=B_SPLINE_CURVE_WITH_KNOTS('',3,(#4644,#4645,#4646,#4647,#4648,#4649,#4650,#4651),.UNSPECIFIED.,.F.,.U.,(4,1,1,1,1,4),(0.0,0.111115225129158,0.333345675387475,0.666697360057154,0.888899120019052,1.0),.UNSPECIFIED.);
#4653=EDGE_CURVE('',#4643,#4635,#4652,.T.);
#4654=ORIENTED_EDGE('',*,*,#4653,.F.);
#4655=CARTESIAN_POINT('',(-18.699467081927086,0.141176669196452,9.784449071895070));
#4656=DIRECTION('',(0.0,0.0,-1.0));
#4657=VECTOR('',#4656,0.300676904212526);
#4658=LINE('',#4655,#4657);
#4659=EDGE_CURVE('',#4603,#4643,#4658,.T.);
#4660=ORIENTED_EDGE('',*,*,#4659,.F.);
#4661=EDGE_LOOP('',(#4633,#4641,#4654,#4660));
#4662=FACE_OUTER_BOUND('',#4661,.T.);
#4663=ADVANCED_FACE('',(#4662),#4632,.T.);
#4664=CARTESIAN_POINT('',(-10.315744006017837,2.630445788442731,9.393196818344642));
#4665=CARTESIAN_POINT('',(-10.230140956625803,2.773034010993526,9.181096630590073));
#4666=CARTESIAN_POINT('',(-9.963875975686614,3.218243840072641,8.560598210275940));
#4667=CARTESIAN_POINT('',(-9.377540420047243,4.207987433144488,7.421541173344314));
#4668=CARTESIAN_POINT('',(-8.601369643563352,5.532875634444176,6.316439875054699));
#4669=CARTESIAN_POINT('',(-7.875455422132317,6.780551320440275,5.587851928669029));
#4670=CARTESIAN_POINT('',(-7.498344453724884,7.430534796843819,5.293177424680429));
#4671=CARTESIAN_POINT('',(-7.371299804668091,7.649671382861096,5.202868862245506));
#4672=CARTESIAN_POINT('',(-19.531907594638586,-0.723966639172449,10.048541052993478));
#4673=CARTESIAN_POINT('',(-19.438123654720879,-0.367882346212007,9.751694156552308));
#4674=CARTESIAN_POINT('',(-19.151814703208721,0.719984452114150,8.886342091893260));
#4675=CARTESIAN_POINT('',(-18.551171650256904,3.006661091681069,7.312118401586274));
#4676=CARTESIAN_POINT('',(-17.802914919609179,5.862659509497020,5.798814666332273));
#4677=CARTESIAN_POINT('',(-17.130425035105681,8.434018872142131,4.798586454819710));
#4678=CARTESIAN_POINT('',(-16.786860128158018,9.748692018207231,4.390512755741233));
#4679=CARTESIAN_POINT('',(-16.671639344663824,10.189683884690350,4.264849737557578));
#4680=B_SPLINE_SURFACE_WITH_KNOTS('',3,1,((#4664,#4672),(#4665,#4673),(#4666,#4674),(#4667,#4675),(#4668,#4676),(#4669,#4677),(#4670,#4678),(#4671,#4679)),.UNSPECIFIED.,.F.,.F.,.U.,(4,1,1,1,1,4),(2,2),(0.0,0.900290481750859,2.700871445252577,5.401742890505154,7.202323854006871,8.102614335757730),(0.0,1.0),.UNSPECIFIED.);
#4681=ORIENTED_EDGE('',*,*,#4588,.T.);
#4682=CARTESIAN_POINT('',(-11.216820554948569,4.264173898680168,7.211516368914918));
#4683=CARTESIAN_POINT('',(-11.107607898894891,4.551455513921656,6.982107219658833));
#4684=CARTESIAN_POINT('',(-10.825579337281969,5.217631933925574,6.495678257175329));
#4685=CARTESIAN_POINT('',(-10.264505745665915,6.261473435459304,5.864035800358197));
#4686=CARTESIAN_POINT('',(-9.589128418264705,7.244419797557021,5.378482559830843));
#4687=CARTESIAN_POINT('',(-9.099652432150924,7.829223460335103,5.138371042796464));
#4688=CARTESIAN_POINT('',(-8.886975004200004,8.063616910222496,5.049999999999989));
#4689=B_SPLINE_CURVE_WITH_KNOTS('',3,(#4682,#4683,#4684,#4685,#4686,#4687,#4688),.UNSPECIFIED.,.F.,.U.,(4,1,1,1,4),(0.0,1.151169812878053,2.609916062082341,4.018551720623163,5.004770377892571),.UNSPECIFIED.);
#4690=EDGE_CURVE('',#3422,#4573,#4689,.T.);
#4691=ORIENTED_EDGE('',*,*,#4690,.F.);
#4692=ORIENTED_EDGE('',*,*,#3461,.F.);
#4693=ORIENTED_EDGE('',*,*,#3863,.F.);
#4694=ORIENTED_EDGE('',*,*,#4568,.T.);
#4695=CARTESIAN_POINT('',(-18.699444534167004,0.141179075654077,9.483775146840950));
#4696=CARTESIAN_POINT('',(-18.678098528217387,0.064786874379510,9.554821199695180));
#4697=CARTESIAN_POINT('',(-18.615512818194183,-0.048807494563790,9.669627881737068));
#4698=CARTESIAN_POINT('',(-18.471656856729709,-0.163993675879260,9.810533757197323));
#4699=CARTESIAN_POINT('',(-18.322234664130296,-0.222872747924021,9.904679237110010));
#4700=CARTESIAN_POINT('',(-18.202901720699384,-0.227596746957799,9.941942411313482));
#4701=CARTESIAN_POINT('',(-18.143821351277783,-0.218744231032645,9.949836967993317));
#4702=B_SPLINE_CURVE_WITH_KNOTS('',3,(#4695,#4696,#4697,#4698,#4699,#4700,#4701),.UNSPECIFIED.,.F.,.U.,(4,1,1,1,4),(0.0,0.321202223956016,0.508675593896505,0.690842750827208,0.873068577113721),.UNSPECIFIED.);
#4703=EDGE_CURVE('',#4643,#4563,#4702,.T.);
#4704=ORIENTED_EDGE('',*,*,#4703,.F.);
#4705=ORIENTED_EDGE('',*,*,#4653,.T.);
#4706=CARTESIAN_POINT('',(-15.250369273021239,9.801521309020814,4.408197031795194));
#4707=CARTESIAN_POINT('',(-15.314171231586593,9.809542788997339,4.404590557116755));
#4708=CARTESIAN_POINT('',(-15.487647216727973,9.814553996182974,4.399811450076143));
#4709=CARTESIAN_POINT('',(-15.753318369225690,9.752055650736029,4.413546320094326));
#4710=CARTESIAN_POINT('',(-15.977778048315557,9.618282937140503,4.450339568931666));
#4711=CARTESIAN_POINT('',(-16.086537660241529,9.514158638726881,4.480952617851992));
#4712=CARTESIAN_POINT('',(-16.122797375449871,9.473328011285755,4.493193134261093));
#4713=B_SPLINE_CURVE_WITH_KNOTS('',3,(#4706,#4707,#4708,#4709,#4710,#4711,#4712),.UNSPECIFIED.,.F.,.U.,(4,1,1,1,4),(0.0,0.193530680532360,0.517538779474489,0.808474587291234,0.976549478894174),.UNSPECIFIED.);
#4714=EDGE_CURVE('',#4583,#4635,#4713,.T.);
#4715=ORIENTED_EDGE('',*,*,#4714,.F.);
#4716=EDGE_LOOP('',(#4681,#4691,#4692,#4693,#4694,#4704,#4705,#4715));
#4717=FACE_OUTER_BOUND('',#4716,.T.);
#4718=ADVANCED_FACE('',(#4717),#4680,.F.);
#4719=CARTESIAN_POINT('',(-18.217913434901430,0.275735522626203,10.199999999999999));
#4720=DIRECTION('',(0.0,0.0,-1.0));
#4721=DIRECTION('',(0.342020143325671,-0.939692620785908,0.0));
#4722=AXIS2_PLACEMENT_3D('',#4719,#4720,#4721);
#4723=CYLINDRICAL_SURFACE('',#4722,0.500000000000000);
#4724=ORIENTED_EDGE('',*,*,#4623,.T.);
#4725=ORIENTED_EDGE('',*,*,#4659,.T.);
#4726=ORIENTED_EDGE('',*,*,#4703,.T.);
#4727=EDGE_LOOP('',(#4724,#4725,#4726));
#4728=FACE_OUTER_BOUND('',#4727,.T.);
#4729=ADVANCED_FACE('',(#4728),#4723,.T.);
#4730=CARTESIAN_POINT('',(-15.375111920845331,8.809332177950816,10.199999999999999));
#4731=DIRECTION('',(0.0,0.0,-1.0));
#4732=DIRECTION('',(-0.867669972959669,0.497140642096548,0.0));
#4733=AXIS2_PLACEMENT_3D('',#4730,#4731,#4732);
#4734=CYLINDRICAL_SURFACE('',#4733,1.0);
#4735=ORIENTED_EDGE('',*,*,#4600,.T.);
#4736=ORIENTED_EDGE('',*,*,#4714,.T.);
#4737=ORIENTED_EDGE('',*,*,#4640,.T.);
#4738=EDGE_LOOP('',(#4735,#4736,#4737));
#4739=FACE_OUTER_BOUND('',#4738,.T.);
#4740=ADVANCED_FACE('',(#4739),#4734,.T.);
#4741=CARTESIAN_POINT('',(-14.495161430283650,-13.106357048490828,10.048301528622156));
#4742=CARTESIAN_POINT('',(-14.687265006710065,-12.701176036497536,9.903049526487850));
#4743=CARTESIAN_POINT('',(-15.260173825039093,-11.492625777714672,9.443329016749491));
#4744=CARTESIAN_POINT('',(-16.383333773046662,-9.121938705490368,8.381761326958941));
#4745=CARTESIAN_POINT('',(-17.641045805412375,-6.463443591460873,6.874286054484809));
#4746=CARTESIAN_POINT('',(-18.663393168226989,-4.297813847766578,5.363261707577864));
#4747=CARTESIAN_POINT('',(-19.155854197805418,-3.252952566645696,4.544829496271395));
#4748=CARTESIAN_POINT('',(-19.317821054682259,-2.909099836142496,4.265192308047165));
#4749=CARTESIAN_POINT('',(-9.593134828048280,-4.615786996966707,9.393198303405224));
#4750=CARTESIAN_POINT('',(-9.637178319545919,-4.365294606379563,9.305928545958935));
#4751=CARTESIAN_POINT('',(-9.767559665121299,-3.622209763321524,9.019281777349926));
#4752=CARTESIAN_POINT('',(-10.015819071782309,-2.195417159966846,8.300321644848086));
#4753=CARTESIAN_POINT('',(-10.273600615190796,-0.680220250823732,7.194500448747564));
#4754=CARTESIAN_POINT('',(-10.458492940883602,0.450831612371905,6.045610926387147));
#4755=CARTESIAN_POINT('',(-10.538597787275265,0.959100785845755,5.417700777383136));
#4756=CARTESIAN_POINT('',(-10.563851745963756,1.121810601243349,5.202869450415776));
#4757=B_SPLINE_SURFACE_WITH_KNOTS('',3,1,((#4741,#4749),(#4742,#4750),(#4743,#4751),(#4744,#4752),(#4745,#4753),(#4746,#4754),(#4747,#4755),(#4748,#4756)),.UNSPECIFIED.,.F.,.F.,.U.,(4,1,1,1,1,4),(2,2),(0.0,1.356882921987591,4.070648765962774,8.141297531925547,10.855063375900730,12.211946297888321),(0.0,1.0),.UNSPECIFIED.);
#4758=CARTESIAN_POINT('',(-13.758367314887570,-11.830191422065026,9.949837107444390));
#4759=VERTEX_POINT('',#4758);
#4760=CARTESIAN_POINT('',(-9.593652532976096,-4.616683689357898,9.393267489110533));
#4761=DIRECTION('',(-0.498887029231779,-0.864098792845719,0.066670895200691));
#4762=VECTOR('',#4761,8.348012503856804);
#4763=LINE('',#4760,#4762);
#4764=EDGE_CURVE('',#3867,#4759,#4763,.T.);
#4765=ORIENTED_EDGE('',*,*,#4764,.F.);
#4766=ORIENTED_EDGE('',*,*,#3874,.F.);
#4767=ORIENTED_EDGE('',*,*,#3442,.F.);
#4768=CARTESIAN_POINT('',(-11.991010857254548,0.464651505222425,5.049999999999988));
#4769=VERTEX_POINT('',#4768);
#4770=CARTESIAN_POINT('',(-11.991010857254548,0.464651505222425,5.049999999999988));
#4771=CARTESIAN_POINT('',(-12.006698332532986,0.059813289328503,5.457392971689374));
#4772=CARTESIAN_POINT('',(-11.998534241789709,-0.783236876408895,6.213890191481925));
#4773=CARTESIAN_POINT('',(-11.890252260218773,-1.681994467478387,6.894020549252916));
#4774=CARTESIAN_POINT('',(-11.809513411497917,-2.129703121036537,7.211516368914918));
#4775=B_SPLINE_CURVE_WITH_KNOTS('',3,(#4770,#4771,#4772,#4773,#4774),.UNSPECIFIED.,.F.,.U.,(4,1,4),(0.0,1.724810795202303,3.390063533504108),.UNSPECIFIED.);
#4776=EDGE_CURVE('',#4769,#3424,#4775,.T.);
#4777=ORIENTED_EDGE('',*,*,#4776,.F.);
#4778=CARTESIAN_POINT('',(-17.982757090627601,-2.294347478954548,4.408197031795431));
#4779=VERTEX_POINT('',#4778);
#4780=CARTESIAN_POINT('',(-17.982757090627601,-2.294347478954549,4.408197031795431));
#4781=DIRECTION('',(0.904060469957430,0.416289645972363,0.096837995211364));
#4782=VECTOR('',#4781,6.627594538731675);
#4783=LINE('',#4780,#4782);
#4784=EDGE_CURVE('',#4779,#4769,#4783,.T.);
#4785=ORIENTED_EDGE('',*,*,#4784,.F.);
#4786=CARTESIAN_POINT('',(-18.440155447339940,-3.106552281539634,4.739921264530675));
#4787=VERTEX_POINT('',#4786);
#4788=CARTESIAN_POINT('',(-18.440138001881561,-3.106546794365636,4.739924998283318));
#4789=CARTESIAN_POINT('',(-18.438042183065321,-3.031830145020816,4.694947098554023));
#4790=CARTESIAN_POINT('',(-18.421475980070312,-2.912268544601997,4.627508023900679));
#4791=CARTESIAN_POINT('',(-18.347555419288113,-2.691384724744961,4.518095840406740));
#4792=CARTESIAN_POINT('',(-18.217033566631031,-2.479223360613749,4.434242381311772));
#4793=CARTESIAN_POINT('',(-18.057057859378279,-2.342293677955241,4.409411822928147));
#4794=CARTESIAN_POINT('',(-17.982757090627601,-2.294347478954548,4.408197031795431));
#4795=B_SPLINE_CURVE_WITH_KNOTS('',3,(#4788,#4789,#4790,#4791,#4792,#4793,#4794),.UNSPECIFIED.,.F.,.U.,(4,1,1,1,4),(0.0,0.262197318755547,0.411708664397019,0.770579035468184,1.037024093492000),.UNSPECIFIED.);
#4796=EDGE_CURVE('',#4787,#4779,#4795,.T.);
#4797=ORIENTED_EDGE('',*,*,#4796,.F.);
#4798=CARTESIAN_POINT('',(-14.415369461132883,-11.911638145067935,9.784449071895072));
#4799=VERTEX_POINT('',#4798);
#4800=CARTESIAN_POINT('',(-14.415386120742662,-11.911652517484047,9.784447827926908));
#4801=CARTESIAN_POINT('',(-14.658908233711916,-11.616979345856954,9.641210990422575));
#4802=CARTESIAN_POINT('',(-15.357700557571052,-10.716203488656289,9.191952219271499));
#4803=CARTESIAN_POINT('',(-16.568864841511701,-8.819376205646456,8.194546344319990));
#4804=CARTESIAN_POINT('',(-17.607841405651971,-6.486999915169459,6.885727285369047));
#4805=CARTESIAN_POINT('',(-18.185732704428137,-4.449247071345064,5.635436825654941));
#4806=CARTESIAN_POINT('',(-18.383791280124548,-3.440701919149617,4.967824754523308));
#4807=CARTESIAN_POINT('',(-18.440120556423185,-3.106541307191637,4.739928732035960));
#4808=B_SPLINE_CURVE_WITH_KNOTS('',3,(#4800,#4801,#4802,#4803,#4804,#4805,#4806,#4807),.UNSPECIFIED.,.F.,.U.,(4,1,1,1,1,4),(0.0,0.111087739357370,0.333263218072110,0.666616008840237,0.888872002946746,1.0),.UNSPECIFIED.);
#4809=EDGE_CURVE('',#4799,#4787,#4808,.T.);
#4810=ORIENTED_EDGE('',*,*,#4809,.F.);
#4811=CARTESIAN_POINT('',(-13.758367502951263,-11.830191319333274,9.949837031666808));
#4812=CARTESIAN_POINT('',(-13.787785706922001,-11.863467957700744,9.949605216420711));
#4813=CARTESIAN_POINT('',(-13.876940521429555,-11.940641942270499,9.943335583892504));
#4814=CARTESIAN_POINT('',(-14.072287682468069,-12.014622695841709,9.907001990405522));
#4815=CARTESIAN_POINT('',(-14.272542474464149,-11.991857921295221,9.845243476759787));
#4816=CARTESIAN_POINT('',(-14.383138606720925,-11.933710233407449,9.799212838974743));
#4817=CARTESIAN_POINT('',(-14.415377790937773,-11.911645331275992,9.784448449910990));
#4818=B_SPLINE_CURVE_WITH_KNOTS('',3,(#4811,#4812,#4813,#4814,#4815,#4816,#4817),.UNSPECIFIED.,.F.,.U.,(4,1,1,1,4),(0.0,0.133666946626361,0.349785187420429,0.620793621578635,0.746313592348586),.UNSPECIFIED.);
#4819=EDGE_CURVE('',#4759,#4799,#4818,.T.);
#4820=ORIENTED_EDGE('',*,*,#4819,.F.);
#4821=EDGE_LOOP('',(#4765,#4766,#4767,#4777,#4785,#4797,#4810,#4820));
#4822=FACE_OUTER_BOUND('',#4821,.T.);
#4823=ADVANCED_FACE('',(#4822),#4757,.F.);
#4824=CARTESIAN_POINT('',(0.0,0.0,10.199999999999999));
#4825=DIRECTION('',(0.0,0.0,1.0));
#4826=DIRECTION('',(-0.500000000000000,0.866025403784439,0.0));
#4827=AXIS2_PLACEMENT_3D('',#4824,#4825,#4826);
#4828=CYLINDRICAL_SURFACE('',#4827,18.699999999999999);
#4829=ORIENTED_EDGE('',*,*,#4809,.T.);
#4830=CARTESIAN_POINT('',(-18.440155447339940,-3.106552281539644,4.493186679761278));
#4831=VERTEX_POINT('',#4830);
#4832=CARTESIAN_POINT('',(-18.440155447339944,-3.106552281539638,4.493186679761277));
#4833=DIRECTION('',(0.0,0.0,1.0));
#4834=VECTOR('',#4833,0.246734584769397);
#4835=LINE('',#4832,#4834);
#4836=EDGE_CURVE('',#4831,#4787,#4835,.T.);
#4837=ORIENTED_EDGE('',*,*,#4836,.F.);
#4838=CARTESIAN_POINT('',(-14.415369461132885,-11.911638145067933,9.483772167682544));
#4839=VERTEX_POINT('',#4838);
#4840=CARTESIAN_POINT('',(-14.415367474547512,-11.911640549217296,9.483768564408063));
#4841=CARTESIAN_POINT('',(-14.612700427325132,-11.672829865048872,9.215635976322055));
#4842=CARTESIAN_POINT('',(-15.203373985786950,-10.921745651852413,8.441125593239562));
#4843=CARTESIAN_POINT('',(-16.345290289067965,-9.213361830535538,7.062035456836563));
#4844=CARTESIAN_POINT('',(-17.466543561185727,-6.884088670346934,5.779672673428218));
#4845=CARTESIAN_POINT('',(-18.140841065845020,-4.655909999990351,4.937328435523993));
#4846=CARTESIAN_POINT('',(-18.374342402370566,-3.497210636645896,4.597480852064201));
#4847=CARTESIAN_POINT('',(-18.440154535132795,-3.106557696296894,4.493165826340364));
#4848=B_SPLINE_CURVE_WITH_KNOTS('',3,(#4840,#4841,#4842,#4843,#4844,#4845,#4846,#4847),.UNSPECIFIED.,.F.,.U.,(4,1,1,1,1,4),(0.0,0.111115225129158,0.333345675387475,0.666697360057154,0.888899120019051,1.0),.UNSPECIFIED.);
#4849=EDGE_CURVE('',#4839,#4831,#4848,.T.);
#4850=ORIENTED_EDGE('',*,*,#4849,.F.);
#4851=CARTESIAN_POINT('',(-14.415369461132791,-11.911638145068046,9.784449071895070));
#4852=DIRECTION('',(0.0,0.0,-1.0));
#4853=VECTOR('',#4852,0.300676904212526);
#4854=LINE('',#4851,#4853);
#4855=EDGE_CURVE('',#4799,#4839,#4854,.T.);
#4856=ORIENTED_EDGE('',*,*,#4855,.F.);
#4857=EDGE_LOOP('',(#4829,#4837,#4850,#4856));
#4858=FACE_OUTER_BOUND('',#4857,.T.);
#4859=ADVANCED_FACE('',(#4858),#4828,.T.);
#4860=CARTESIAN_POINT('',(-14.132970729523381,-11.499023365418267,10.199999999999999));
#4861=DIRECTION('',(0.0,0.0,-1.0));
#4862=DIRECTION('',(0.866025403784440,-0.499999999999998,0.0));
#4863=AXIS2_PLACEMENT_3D('',#4860,#4861,#4862);
#4864=CYLINDRICAL_SURFACE('',#4863,0.500000000000000);
#4865=ORIENTED_EDGE('',*,*,#4819,.T.);
#4866=ORIENTED_EDGE('',*,*,#4855,.T.);
#4867=CARTESIAN_POINT('',(-14.415353735387621,-11.911621808193749,9.483775146840950));
#4868=CARTESIAN_POINT('',(-14.349897785691160,-11.956420681337050,9.554821199695180));
#4869=CARTESIAN_POINT('',(-14.228937297422316,-12.003209697489321,9.669627881737068));
#4870=CARTESIAN_POINT('',(-14.044696987376227,-11.998978602001223,9.810533757197323));
#4871=CARTESIAN_POINT('',(-13.892386209076577,-11.948035853942017,9.904679237110010));
#4872=CARTESIAN_POINT('',(-13.797935342833211,-11.874948909686326,9.941942411313482));
#4873=CARTESIAN_POINT('',(-13.758367441691618,-11.830191359614329,9.949836967993317));
#4874=B_SPLINE_CURVE_WITH_KNOTS('',3,(#4867,#4868,#4869,#4870,#4871,#4872,#4873),.UNSPECIFIED.,.F.,.U.,(4,1,1,1,4),(0.0,0.321202223956016,0.508675593896505,0.690842750827208,0.873068577113721),.UNSPECIFIED.);
#4875=EDGE_CURVE('',#4839,#4759,#4874,.T.);
#4876=ORIENTED_EDGE('',*,*,#4875,.T.);
#4877=EDGE_LOOP('',(#4865,#4866,#4876));
#4878=FACE_OUTER_BOUND('',#4877,.T.);
#4879=ADVANCED_FACE('',(#4878),#4864,.T.);
#4880=CARTESIAN_POINT('',(-17.440548622895644,-3.134591477754757,10.199999999999999));
#4881=DIRECTION('',(0.0,0.0,-1.0));
#4882=DIRECTION('',(-0.984229606258220,-0.176895681588868,0.0));
#4883=AXIS2_PLACEMENT_3D('',#4880,#4881,#4882);
#4884=CYLINDRICAL_SURFACE('',#4883,1.0);
#4885=ORIENTED_EDGE('',*,*,#4796,.T.);
#4886=CARTESIAN_POINT('',(-17.982757090627494,-2.294347478954720,4.408197031795194));
#4887=CARTESIAN_POINT('',(-18.036788334386856,-2.329213777232655,4.404590557116755));
#4888=CARTESIAN_POINT('',(-18.172899790707497,-2.436883183641826,4.399811450076143));
#4889=CARTESIAN_POINT('',(-18.336242538696183,-2.655529818952265,4.413546320094326));
#4890=CARTESIAN_POINT('',(-18.422201185753892,-2.902285563436247,4.450339568931666));
#4891=CARTESIAN_POINT('',(-18.438586073217980,-3.051958734609995,4.480952617851992));
#4892=CARTESIAN_POINT('',(-18.440117205147526,-3.106544105537017,4.493193134261093));
#4893=B_SPLINE_CURVE_WITH_KNOTS('',3,(#4886,#4887,#4888,#4889,#4890,#4891,#4892),.UNSPECIFIED.,.F.,.U.,(4,1,1,1,4),(0.0,0.193530680532360,0.517538779474489,0.808474587291234,0.976549478894174),.UNSPECIFIED.);
#4894=EDGE_CURVE('',#4779,#4831,#4893,.T.);
#4895=ORIENTED_EDGE('',*,*,#4894,.T.);
#4896=ORIENTED_EDGE('',*,*,#4836,.T.);
#4897=EDGE_LOOP('',(#4885,#4895,#4896));
#4898=FACE_OUTER_BOUND('',#4897,.T.);
#4899=ADVANCED_FACE('',(#4898),#4884,.T.);
#4900=CARTESIAN_POINT('',(-2.679333946883579,-19.357362154322196,10.048301528622156));
#4901=CARTESIAN_POINT('',(-3.086939158297858,-19.170457290330781,9.903049526487850));
#4902=CARTESIAN_POINT('',(-4.302653907021754,-18.612912770262216,9.443329016749491));
#4903=CARTESIAN_POINT('',(-6.686892620396597,-17.518814410486240,8.381761326958941));
#4904=CARTESIAN_POINT('',(-9.359203653544594,-16.290730712283349,6.874286054484809));
#4905=CARTESIAN_POINT('',(-11.534407136181391,-15.288914298886091,5.363261707577864));
#4906=CARTESIAN_POINT('',(-12.583278056688306,-14.805051968719757,4.544829496271395));
#4907=CARTESIAN_POINT('',(-12.928376142092599,-14.645755784046800,4.265192308047165));
#4908=CARTESIAN_POINT('',(-4.381796936515079,-9.702246185169022,9.393198303405224));
#4909=CARTESIAN_POINT('',(-4.576549613422581,-9.538668491938170,9.305928545958935));
#4910=CARTESIAN_POINT('',(-5.154073248750551,-9.053239990617737,9.019281777349926));
#4911=CARTESIAN_POINT('',(-6.261375594704017,-8.119831515924446,8.300321644848086));
#4912=CARTESIAN_POINT('',(-7.432797513003257,-7.124822125553166,7.194500448747563));
#4913=CARTESIAN_POINT('',(-8.301459375250603,-6.377232626954249,6.045610926387147));
#4914=CARTESIAN_POINT('',(-8.689532374790446,-6.039366253742334,5.417700777383137));
#4915=CARTESIAN_POINT('',(-8.813465882822479,-5.930956235556590,5.202869450415777));
#4916=B_SPLINE_SURFACE_WITH_KNOTS('',3,1,((#4900,#4908),(#4901,#4909),(#4902,#4910),(#4903,#4911),(#4904,#4912),(#4905,#4913),(#4906,#4914),(#4907,#4915)),.UNSPECIFIED.,.F.,.F.,.U.,(4,1,1,1,1,4),(2,2),(0.0,1.356882921987591,4.070648765962774,8.141297531925547,10.855063375900730,12.211946297888321),(0.0,1.0),.UNSPECIFIED.);
#4917=CARTESIAN_POINT('',(-2.935220361636016,-17.906160439432703,9.949837107444390));
#4918=VERTEX_POINT('',#4917);
#4919=CARTESIAN_POINT('',(-4.381617138739450,-9.703265865705557,9.393267489110533));
#4920=DIRECTION('',(0.173262361099184,-0.982616479588794,0.066670895200691));
#4921=VECTOR('',#4920,8.348012503856804);
#4922=LINE('',#4919,#4921);
#4923=EDGE_CURVE('',#3886,#4918,#4922,.T.);
#4924=ORIENTED_EDGE('',*,*,#4923,.F.);
#4925=ORIENTED_EDGE('',*,*,#3893,.F.);
#4926=ORIENTED_EDGE('',*,*,#3504,.F.);
#4927=CARTESIAN_POINT('',(-9.484319464958354,-7.351729503097483,5.049999999999988));
#4928=VERTEX_POINT('',#4927);
#4929=CARTESIAN_POINT('',(-9.484319464958356,-7.351729503097485,5.049999999999988));
#4930=CARTESIAN_POINT('',(-9.236111779117753,-7.671937283481470,5.457392971689374));
#4931=CARTESIAN_POINT('',(-8.687955521890558,-8.312503401841003,6.213890191481928));
#4932=CARTESIAN_POINT('',(-8.027296467967039,-8.931389344084685,6.894020549252915));
#4933=CARTESIAN_POINT('',(-7.677665346303980,-9.222456138701064,7.211516368914918));
#4934=B_SPLINE_CURVE_WITH_KNOTS('',3,(#4929,#4930,#4931,#4932,#4933),.UNSPECIFIED.,.F.,.U.,(4,1,4),(0.0,1.724810795202303,3.390063533504115),.UNSPECIFIED.);
#4935=EDGE_CURVE('',#4928,#3486,#4934,.T.);
#4936=ORIENTED_EDGE('',*,*,#4935,.F.);
#4937=CARTESIAN_POINT('',(-12.300813009446141,-13.316665582695350,4.408197031795431));
#4938=VERTEX_POINT('',#4937);
#4939=CARTESIAN_POINT('',(-12.300813009446141,-13.316665582695350,4.408197031795431));
#4940=DIRECTION('',(0.424964672782590,0.900015238521121,0.096837995211364));
#4941=VECTOR('',#4940,6.627594538731676);
#4942=LINE('',#4939,#4941);
#4943=EDGE_CURVE('',#4938,#4928,#4942,.T.);
#4944=ORIENTED_EDGE('',*,*,#4943,.F.);
#4945=CARTESIAN_POINT('',(-12.129125295267787,-14.232860554775879,4.739921264530675));
#4946=VERTEX_POINT('',#4945);
#4947=CARTESIAN_POINT('',(-12.129115458358797,-14.232845137632237,4.739924998283318));
#4948=CARTESIAN_POINT('',(-12.175536904436974,-14.174261697225941,4.694947098554023));
#4949=CARTESIAN_POINT('',(-12.239699172032577,-14.072023647589951,4.627508023900679));
#4950=CARTESIAN_POINT('',(-12.325054119797469,-13.855301604241696,4.518095840406740));
#4951=CARTESIAN_POINT('',(-12.361443275981657,-13.608878740523135,4.434242381311772));
#4952=CARTESIAN_POINT('',(-12.326911477817857,-13.401154115551630,4.409411822928147));
#4953=CARTESIAN_POINT('',(-12.300813009446141,-13.316665582695350,4.408197031795431));
#4954=B_SPLINE_CURVE_WITH_KNOTS('',3,(#4947,#4948,#4949,#4950,#4951,#4952,#4953),.UNSPECIFIED.,.F.,.U.,(4,1,1,1,4),(0.0,0.262197318755547,0.411708664397019,0.770579035468184,1.037024093492000),.UNSPECIFIED.);
#4955=EDGE_CURVE('',#4946,#4938,#4954,.T.);
#4956=ORIENTED_EDGE('',*,*,#4955,.F.);
#4957=CARTESIAN_POINT('',(-3.386160260488640,-18.390865088143290,9.784449071895072));
#4958=VERTEX_POINT('',#4957);
#4959=CARTESIAN_POINT('',(-3.386163784079136,-18.390886806643532,9.784447827926908));
#4960=CARTESIAN_POINT('',(-3.762124809124755,-18.321687057883675,9.641210990422575));
#4961=CARTESIAN_POINT('',(-4.876438345824601,-18.080827765500086,9.191952219271499));
#4962=CARTESIAN_POINT('',(-7.023501090475614,-17.406295160805850,8.194546344319988));
#4963=CARTESIAN_POINT('',(-9.318625894611394,-16.287432526407557,6.885727285369045));
#4964=CARTESIAN_POINT('',(-11.071158592379499,-15.097884650544957,5.635436825654942));
#4965=CARTESIAN_POINT('',(-11.871160591344458,-14.452603839520870,4.967824754523308));
#4966=CARTESIAN_POINT('',(-12.129105621449805,-14.232829720488597,4.739928732035960));
#4967=B_SPLINE_CURVE_WITH_KNOTS('',3,(#4959,#4960,#4961,#4962,#4963,#4964,#4965,#4966),.UNSPECIFIED.,.F.,.U.,(4,1,1,1,1,4),(0.0,0.111087739357370,0.333263218072110,0.666616008840237,0.888872002946746,1.0),.UNSPECIFIED.);
#4968=EDGE_CURVE('',#4958,#4946,#4967,.T.);
#4969=ORIENTED_EDGE('',*,*,#4968,.F.);
#4970=CARTESIAN_POINT('',(-2.935220571735860,-17.906160481620628,9.949837031666808));
#4971=CARTESIAN_POINT('',(-2.936366412579557,-17.950561522539331,9.949605216420711));
#4972=CARTESIAN_POINT('',(-2.955056481738793,-18.066987834681697,9.943335583892504));
#4973=CARTESIAN_POINT('',(-3.057147177180567,-18.249227114555676,9.907001990405522));
#4974=CARTESIAN_POINT('',(-3.225184162812901,-18.360509584590918,9.845243476759787));
#4975=CARTESIAN_POINT('',(-3.347282328664835,-18.387055694898187,9.799212838974743));
#4976=CARTESIAN_POINT('',(-3.386162022283889,-18.390875947393411,9.784448449910990));
#4977=B_SPLINE_CURVE_WITH_KNOTS('',3,(#4970,#4971,#4972,#4973,#4974,#4975,#4976),.UNSPECIFIED.,.F.,.U.,(4,1,1,1,4),(0.0,0.133666946626361,0.349785187420429,0.620793621578635,0.746313592348586),.UNSPECIFIED.);
#4978=EDGE_CURVE('',#4918,#4958,#4977,.T.);
#4979=ORIENTED_EDGE('',*,*,#4978,.F.);
#4980=EDGE_LOOP('',(#4924,#4925,#4926,#4936,#4944,#4956,#4969,#4979));
#4981=FACE_OUTER_BOUND('',#4980,.T.);
#4982=ADVANCED_FACE('',(#4981),#4916,.F.);
#4983=CARTESIAN_POINT('',(0.0,0.0,10.199999999999999));
#4984=DIRECTION('',(0.0,0.0,1.0));
#4985=DIRECTION('',(-0.939692620785908,0.342020143325669,0.0));
#4986=AXIS2_PLACEMENT_3D('',#4983,#4984,#4985);
#4987=CYLINDRICAL_SURFACE('',#4986,18.699999999999999);
#4988=ORIENTED_EDGE('',*,*,#4968,.T.);
#4989=CARTESIAN_POINT('',(-12.129125295267780,-14.232860554775886,4.493186679761278));
#4990=VERTEX_POINT('',#4989);
#4991=CARTESIAN_POINT('',(-12.129125295267787,-14.232860554775883,4.493186679761277));
#4992=DIRECTION('',(0.0,0.0,1.0));
#4993=VECTOR('',#4992,0.246734584769397);
#4994=LINE('',#4991,#4993);
#4995=EDGE_CURVE('',#4990,#4946,#4994,.T.);
#4996=ORIENTED_EDGE('',*,*,#4995,.F.);
#4997=CARTESIAN_POINT('',(-3.386160260488642,-18.390865088143286,9.483772167682544));
#4998=VERTEX_POINT('',#4997);
#4999=CARTESIAN_POINT('',(-3.386157193318534,-18.390865652876084,9.483768564408063));
#5000=CARTESIAN_POINT('',(-3.690827554082319,-18.334769232339735,9.215635976322055));
#5001=CARTESIAN_POINT('',(-4.626097377313158,-18.139082989254913,8.441125593239562));
#5002=CARTESIAN_POINT('',(-6.598983968879967,-17.564394707268850,7.062035456836565));
#5003=CARTESIAN_POINT('',(-8.955141734259398,-16.500795657037969,5.779672673428215));
#5004=CARTESIAN_POINT('',(-10.903929232185680,-15.227341849572619,4.937328435523993));
#5005=CARTESIAN_POINT('',(-11.827599227601429,-14.489818407000971,4.597480852064201));
#5006=CARTESIAN_POINT('',(-12.129121115937696,-14.232864116365135,4.493165826340364));
#5007=B_SPLINE_CURVE_WITH_KNOTS('',3,(#4999,#5000,#5001,#5002,#5003,#5004,#5005,#5006),.UNSPECIFIED.,.F.,.U.,(4,1,1,1,1,4),(0.0,0.111115225129158,0.333345675387475,0.666697360057154,0.888899120019051,1.0),.UNSPECIFIED.);
#5008=EDGE_CURVE('',#4998,#4990,#5007,.T.);
#5009=ORIENTED_EDGE('',*,*,#5008,.F.);
#5010=CARTESIAN_POINT('',(-3.386160260488497,-18.390865088143311,9.784449071895070));
#5011=DIRECTION('',(0.0,0.0,-1.0));
#5012=VECTOR('',#5011,0.300676904212526);
#5013=LINE('',#5010,#5012);
#5014=EDGE_CURVE('',#4958,#4998,#5013,.T.);
#5015=ORIENTED_EDGE('',*,*,#5014,.F.);
#5016=EDGE_LOOP('',(#4988,#4996,#5009,#5015));
#5017=FACE_OUTER_BOUND('',#5016,.T.);
#5018=ADVANCED_FACE('',(#5017),#4987,.T.);
#5019=CARTESIAN_POINT('',(-4.381793554260269,-9.702252557600845,9.393196818344642));
#5020=CARTESIAN_POINT('',(-4.507350727786863,-9.593189825875371,9.181096630590073));
#5021=CARTESIAN_POINT('',(-4.899560390464605,-9.253660132791813,8.560598210275940));
#5022=CARTESIAN_POINT('',(-5.772451453677818,-8.504365160436997,7.421541173344314));
#5023=CARTESIAN_POINT('',(-6.942430985297395,-7.509921740326045,6.316439875054699));
#5024=CARTESIAN_POINT('',(-8.045097992417171,-6.578379177846382,5.587851928669029));
#5025=CARTESIAN_POINT('',(-8.619722126867044,-6.094128926221709,5.293177424680429));
#5026=CARTESIAN_POINT('',(-8.813468463954438,-5.930961702029812,5.202868862245506));
#5027=CARTESIAN_POINT('',(-2.678712200988651,-19.360889517902063,10.048541052993478));
#5028=CARTESIAN_POINT('',(-3.013101363160829,-19.206696978194675,9.751694156552308));
#5029=CARTESIAN_POINT('',(-4.034723992717181,-18.735831615915011,8.886342091893260));
#5030=CARTESIAN_POINT('',(-6.182360304421200,-17.747236449200795,7.312118401586274));
#5031=CARTESIAN_POINT('',(-8.865036271172954,-16.514408498941975,5.798814666332273));
#5032=CARTESIAN_POINT('',(-11.280554264342912,-15.405623379410519,4.798586454819710));
#5033=CARTESIAN_POINT('',(-12.515595151263007,-14.838987399343688,4.390512755741233));
#5034=CARTESIAN_POINT('',(-12.929879481307784,-14.648939644469731,4.264849737557578));
#5035=B_SPLINE_SURFACE_WITH_KNOTS('',3,1,((#5019,#5027),(#5020,#5028),(#5021,#5029),(#5022,#5030),(#5023,#5031),(#5024,#5032),(#5025,#5033),(#5026,#5034)),.UNSPECIFIED.,.F.,.F.,.U.,(4,1,1,1,1,4),(2,2),(0.0,0.900290481750859,2.700871445252577,5.401742890505154,7.202323854006871,8.102614335757730),(0.0,1.0),.UNSPECIFIED.);
#5036=ORIENTED_EDGE('',*,*,#4943,.T.);
#5037=CARTESIAN_POINT('',(-6.147171964196309,-10.305945819899348,7.211516368914918));
#5038=CARTESIAN_POINT('',(-6.411124547482110,-10.148506420526733,6.982107219658833));
#5039=CARTESIAN_POINT('',(-7.018206505001778,-9.755082185141083,6.495678257175327));
#5040=CARTESIAN_POINT('',(-7.948760301906933,-9.021271387592750,5.864035800358199));
#5041=CARTESIAN_POINT('',(-8.799495457955121,-8.185467714836754,5.378482559830841));
#5042=CARTESIAN_POINT('',(-9.290418026048538,-7.601877878464257,5.138371042796464));
#5043=CARTESIAN_POINT('',(-9.484319464958354,-7.351729503097484,5.049999999999989));
#5044=B_SPLINE_CURVE_WITH_KNOTS('',3,(#5037,#5038,#5039,#5040,#5041,#5042,#5043),.UNSPECIFIED.,.F.,.U.,(4,1,1,1,4),(0.0,1.151169812878056,2.609916062082344,4.018551720623161,5.004770377892571),.UNSPECIFIED.);
#5045=EDGE_CURVE('',#3546,#4928,#5044,.T.);
#5046=ORIENTED_EDGE('',*,*,#5045,.F.);
#5047=ORIENTED_EDGE('',*,*,#3585,.F.);
#5048=ORIENTED_EDGE('',*,*,#3901,.F.);
#5049=ORIENTED_EDGE('',*,*,#4923,.T.);
#5050=CARTESIAN_POINT('',(-3.386158715009175,-18.390842465057393,9.483775146840950));
#5051=CARTESIAN_POINT('',(-3.307220387890695,-18.383086119441657,9.554821199695180));
#5052=CARTESIAN_POINT('',(-3.184483878163284,-18.341176682143260,9.669627881737068));
#5053=CARTESIAN_POINT('',(-3.046067308209108,-18.219508086453871,9.810533757197323));
#5054=CARTESIAN_POINT('',(-2.962135850121378,-18.082580196273174,9.904679237110010));
#5055=CARTESIAN_POINT('',(-2.936761671085282,-17.965880502216159,9.941942411313482));
#5056=CARTESIAN_POINT('',(-2.935220498916087,-17.906160473100766,9.949836967993317));
#5057=B_SPLINE_CURVE_WITH_KNOTS('',3,(#5050,#5051,#5052,#5053,#5054,#5055,#5056),.UNSPECIFIED.,.F.,.U.,(4,1,1,1,4),(0.0,0.321202223956016,0.508675593896505,0.690842750827208,0.873068577113721),.UNSPECIFIED.);
#5058=EDGE_CURVE('',#4998,#4918,#5057,.T.);
#5059=ORIENTED_EDGE('',*,*,#5058,.F.);
#5060=ORIENTED_EDGE('',*,*,#5008,.T.);
#5061=CARTESIAN_POINT('',(-12.300813009445951,-13.316665582695416,4.408197031795194));
#5062=CARTESIAN_POINT('',(-12.319791718953923,-13.378105330767825,4.404590557116755));
#5063=CARTESIAN_POINT('',(-12.354850583331061,-13.548075638900787,4.399811450076143));
#5064=CARTESIAN_POINT('',(-12.339435039674377,-13.820563373426291,4.413546320094326));
#5065=CARTESIAN_POINT('',(-12.246671648417680,-14.064842393570046,4.450339568931666));
#5066=CARTESIAN_POINT('',(-12.163015140477697,-14.190030697279713,4.480952617851992));
#5067=CARTESIAN_POINT('',(-12.129101255481974,-14.232829709987055,4.493193134261093));
#5068=B_SPLINE_CURVE_WITH_KNOTS('',3,(#5061,#5062,#5063,#5064,#5065,#5066,#5067),.UNSPECIFIED.,.F.,.U.,(4,1,1,1,4),(0.0,0.193530680532360,0.517538779474489,0.808474587291234,0.976549478894174),.UNSPECIFIED.);
#5069=EDGE_CURVE('',#4938,#4990,#5068,.T.);
#5070=ORIENTED_EDGE('',*,*,#5069,.F.);
#5071=EDGE_LOOP('',(#5036,#5046,#5047,#5048,#5049,#5059,#5060,#5070));
#5072=FACE_OUTER_BOUND('',#5071,.T.);
#5073=ADVANCED_FACE('',(#5072),#5035,.F.);
#5074=CARTESIAN_POINT('',(-3.435053949327680,-17.893261423374113,10.199999999999999));
#5075=DIRECTION('',(0.0,0.0,-1.0));
#5076=DIRECTION('',(0.984807753012208,0.173648177666933,0.0));
#5077=AXIS2_PLACEMENT_3D('',#5074,#5075,#5076);
#5078=CYLINDRICAL_SURFACE('',#5077,0.500000000000000);
#5079=ORIENTED_EDGE('',*,*,#4978,.T.);
#5080=ORIENTED_EDGE('',*,*,#5014,.T.);
#5081=ORIENTED_EDGE('',*,*,#5058,.T.);
#5082=EDGE_LOOP('',(#5079,#5080,#5081));
#5083=FACE_OUTER_BOUND('',#5082,.T.);
#5084=ADVANCED_FACE('',(#5083),#5078,.T.);
#5085=CARTESIAN_POINT('',(-11.345358794185774,-13.611804943915095,10.199999999999999));
#5086=DIRECTION('',(0.0,0.0,-1.0));
#5087=DIRECTION('',(-0.640257268294909,-0.768160549882341,0.0));
#5088=AXIS2_PLACEMENT_3D('',#5085,#5086,#5087);
#5089=CYLINDRICAL_SURFACE('',#5088,1.0);
#5090=ORIENTED_EDGE('',*,*,#4955,.T.);
#5091=ORIENTED_EDGE('',*,*,#5069,.T.);
#5092=ORIENTED_EDGE('',*,*,#4995,.T.);
#5093=EDGE_LOOP('',(#5090,#5091,#5092));
#5094=FACE_OUTER_BOUND('',#5093,.T.);
#5095=ADVANCED_FACE('',(#5094),#5089,.T.);
#5096=CARTESIAN_POINT('',(10.390183667743239,-16.550842375029422,10.048301528622156));
#5097=CARTESIAN_POINT('',(9.957799829789167,-16.669668522117654,9.903049526487850));
#5098=CARTESIAN_POINT('',(8.668125592762745,-17.024011018120607,9.443329016749491));
#5099=CARTESIAN_POINT('',(6.138419905870433,-17.718442152880943,8.381761326958941));
#5100=CARTESIAN_POINT('',(3.301913903779037,-18.495403881523778,6.874286054484809));
#5101=CARTESIAN_POINT('',(0.991656185539704,-19.126161832201380,5.363261707577864));
#5102=CARTESIAN_POINT('',(-0.122846265288684,-19.429703014805213,4.544829496271395));
#5103=CARTESIAN_POINT('',(-0.489600349721757,-19.529499831150865,4.265192308047165));
#5104=CARTESIAN_POINT('',(2.879832439862007,-10.248916554875363,9.393198303405224));
#5105=CARTESIAN_POINT('',(2.625497519504572,-10.248793379627076,9.305928545958935));
#5106=CARTESIAN_POINT('',(1.871061321854228,-10.248158610748931,9.019281777349926));
#5107=CARTESIAN_POINT('',(0.422835110574711,-10.244886463705704,8.300321644848086));
#5108=CARTESIAN_POINT('',(-1.114105848138616,-10.235640544158572,7.194500448747564));
#5109=CARTESIAN_POINT('',(-2.260080707493735,-10.221318845082594,6.045610926387147));
#5110=CARTESIAN_POINT('',(-2.774538190746091,-10.211946703124946,5.417700777383136));
#5111=CARTESIAN_POINT('',(-2.939161382345959,-10.208562734503309,5.202869450415776));
#5112=B_SPLINE_SURFACE_WITH_KNOTS('',3,1,((#5096,#5104),(#5097,#5105),(#5098,#5106),(#5099,#5107),(#5100,#5108),(#5101,#5109),(#5102,#5110),(#5103,#5111)),.UNSPECIFIED.,.F.,.F.,.U.,(4,1,1,1,1,4),(2,2),(0.0,1.356882921987591,4.070648765962774,8.141297531925547,10.855063375900730,12.211946297888321),(0.0,1.0),.UNSPECIFIED.);
#5113=CARTESIAN_POINT('',(9.261348820165674,-15.603637982383574,9.949837107444390));
#5114=VERTEX_POINT('',#5113);
#5115=CARTESIAN_POINT('',(2.880625610963635,-10.249582103701707,9.393267489110533));
#5116=DIRECTION('',(0.764340367075187,-0.641356994966538,0.066670895200691));
#5117=VECTOR('',#5116,8.348012503856802);
#5118=LINE('',#5115,#5117);
#5119=EDGE_CURVE('',#3905,#5114,#5118,.T.);
#5120=ORIENTED_EDGE('',*,*,#5119,.F.);
#5121=ORIENTED_EDGE('',*,*,#3912,.F.);
#5122=ORIENTED_EDGE('',*,*,#3566,.F.);
#5123=CARTESIAN_POINT('',(-2.539809588538461,-11.728154571545776,5.049999999999987));
#5124=VERTEX_POINT('',#5123);
#5125=CARTESIAN_POINT('',(-2.539809588538461,-11.728154571545776,5.049999999999987));
#5126=CARTESIAN_POINT('',(-2.143845876304793,-11.813903137265081,5.457392971689372));
#5127=CARTESIAN_POINT('',(-1.312185857428501,-11.952257202366896,6.213890191481929));
#5128=CARTESIAN_POINT('',(-0.408279444890730,-12.001687885257860,6.894020549252916));
#5129=CARTESIAN_POINT('',(0.046647662171295,-11.999919432884369,7.211516368914919));
#5130=B_SPLINE_CURVE_WITH_KNOTS('',3,(#5125,#5126,#5127,#5128,#5129),.UNSPECIFIED.,.F.,.U.,(4,1,4),(0.0,1.724810795202300,3.390063533504109),.UNSPECIFIED.);
#5131=EDGE_CURVE('',#5124,#3548,#5130,.T.);
#5132=ORIENTED_EDGE('',*,*,#5131,.F.);
#5133=CARTESIAN_POINT('',(-0.863181812836097,-18.107967862040489,4.408197031795431));
#5134=VERTEX_POINT('',#5133);
#5135=CARTESIAN_POINT('',(-0.863181812836097,-18.107967862040489,4.408197031795431));
#5136=DIRECTION('',(-0.252976817743474,0.962613698410650,0.096837995211364));
#5137=VECTOR('',#5136,6.627594538731665);
#5138=LINE('',#5135,#5137);
#5139=EDGE_CURVE('',#5134,#5124,#5138,.T.);
#5140=ORIENTED_EDGE('',*,*,#5139,.F.);
#5141=CARTESIAN_POINT('',(-0.142742617327501,-18.699455193807076,4.739921264530675));
#5142=VERTEX_POINT('',#5141);
#5143=CARTESIAN_POINT('',(-0.142744991766940,-18.699437060546643,4.739924998283318));
#5144=CARTESIAN_POINT('',(-0.215962592202652,-18.684398671927394,4.694947098554023));
#5145=CARTESIAN_POINT('',(-0.330831092296709,-18.647322492748266,4.627508023900679));
#5146=CARTESIAN_POINT('',(-0.535523019934923,-18.536168878588661,4.518095840406740));
#5147=CARTESIAN_POINT('',(-0.721796294361375,-18.370788511901736,4.434242381311772));
#5148=CARTESIAN_POINT('',(-0.828866217425556,-18.189465605243456,4.409411822928147));
#5149=CARTESIAN_POINT('',(-0.863181812836097,-18.107967862040489,4.408197031795431));
#5150=B_SPLINE_CURVE_WITH_KNOTS('',3,(#5143,#5144,#5145,#5146,#5147,#5148,#5149),.UNSPECIFIED.,.F.,.U.,(4,1,1,1,4),(0.0,0.262197318755547,0.411708664397019,0.770579035468184,1.037024093492000),.UNSPECIFIED.);
#5151=EDGE_CURVE('',#5142,#5134,#5150,.T.);
#5152=ORIENTED_EDGE('',*,*,#5151,.F.);
#5153=CARTESIAN_POINT('',(9.227470959017616,-16.264801864778022,9.784449071895072));
#5154=VERTEX_POINT('',#5153);
#5155=CARTESIAN_POINT('',(9.227482220173554,-16.264820767034756,9.784447827926908));
#5156=CARTESIAN_POINT('',(8.894998625011786,-16.453473772656412,9.641210990422575));
#5157=CARTESIAN_POINT('',(7.886563563508576,-16.985231784849042,9.191952219271499));
#5158=CARTESIAN_POINT('',(5.808236878313839,-17.848615160801693,8.194546344319987));
#5159=CARTESIAN_POINT('',(3.330878237508639,-18.466794443890162,6.885727285369049));
#5160=CARTESIAN_POINT('',(1.223733667265642,-18.682054207457483,5.635436825654941));
#5161=CARTESIAN_POINT('',(0.196118071379700,-18.701971800580313,4.967824754523308));
#5162=CARTESIAN_POINT('',(-0.142747366206379,-18.699418927286210,4.739928732035960));
#5163=B_SPLINE_CURVE_WITH_KNOTS('',3,(#5155,#5156,#5157,#5158,#5159,#5160,#5161,#5162),.UNSPECIFIED.,.F.,.U.,(4,1,1,1,1,4),(0.0,0.111087739357370,0.333263218072110,0.666616008840237,0.888872002946746,1.0),.UNSPECIFIED.);
#5164=EDGE_CURVE('',#5154,#5142,#5163,.T.);
#5165=ORIENTED_EDGE('',*,*,#5164,.F.);
#5166=CARTESIAN_POINT('',(9.261348686337732,-15.603638149750974,9.949837031666808));
#5167=CARTESIAN_POINT('',(9.289011360286445,-15.638387852712448,9.949605216420711));
#5168=CARTESIAN_POINT('',(9.349531327552116,-15.739589327041685,9.943335583892504));
#5169=CARTESIAN_POINT('',(9.388466468715983,-15.944815348801402,9.907001990405522));
#5170=CARTESIAN_POINT('',(9.331273662547837,-16.138074758921992,9.845243476759787));
#5171=CARTESIAN_POINT('',(9.254804551872827,-16.236893447384375,9.799212838974743));
#5172=CARTESIAN_POINT('',(9.227476589595586,-16.264811315906389,9.784448449910990));
#5173=B_SPLINE_CURVE_WITH_KNOTS('',3,(#5166,#5167,#5168,#5169,#5170,#5171,#5172),.UNSPECIFIED.,.F.,.U.,(4,1,1,1,4),(0.0,0.133666946626361,0.349785187420429,0.620793621578635,0.746313592348586),.UNSPECIFIED.);
#5174=EDGE_CURVE('',#5114,#5154,#5173,.T.);
#5175=ORIENTED_EDGE('',*,*,#5174,.F.);
#5176=EDGE_LOOP('',(#5120,#5121,#5122,#5132,#5140,#5152,#5165,#5175));
#5177=FACE_OUTER_BOUND('',#5176,.T.);
#5178=ADVANCED_FACE('',(#5177),#5112,.F.);
#5179=CARTESIAN_POINT('',(0.0,0.0,10.199999999999999));
#5180=DIRECTION('',(0.0,0.0,1.0));
#5181=DIRECTION('',(-0.939692620785908,-0.342020143325669,0.0));
#5182=AXIS2_PLACEMENT_3D('',#5179,#5180,#5181);
#5183=CYLINDRICAL_SURFACE('',#5182,18.699999999999999);
#5184=ORIENTED_EDGE('',*,*,#5164,.T.);
#5185=CARTESIAN_POINT('',(-0.142742617327491,-18.699455193807076,4.493186679761278));
#5186=VERTEX_POINT('',#5185);
#5187=CARTESIAN_POINT('',(-0.142742617327498,-18.699455193807079,4.493186679761277));
#5188=DIRECTION('',(0.0,0.0,1.0));
#5189=VECTOR('',#5188,0.246734584769397);
#5190=LINE('',#5187,#5189);
#5191=EDGE_CURVE('',#5186,#5142,#5190,.T.);
#5192=ORIENTED_EDGE('',*,*,#5191,.F.);
#5193=CARTESIAN_POINT('',(9.227470959017614,-16.264801864778022,9.483772167682544));
#5194=VERTEX_POINT('',#5193);
#5195=CARTESIAN_POINT('',(9.227473671609477,-16.264800325849500,9.483768564408063));
#5196=CARTESIAN_POINT('',(8.958024550694795,-16.417666307556452,9.215635976322055));
#5197=CARTESIAN_POINT('',(8.115781607350909,-16.868941802532994,8.441125593239562));
#5198=CARTESIAN_POINT('',(6.235060289884527,-17.696852093967827,7.062035456836561));
#5199=CARTESIAN_POINT('',(3.746470435441207,-18.396596969884470,5.779672673428216));
#5200=CARTESIAN_POINT('',(1.435052272888169,-18.673731214685976,4.937328435523993));
#5201=CARTESIAN_POINT('',(0.253409074885785,-18.702479108326454,4.597480852064201));
#5202=CARTESIAN_POINT('',(-0.142737126429463,-18.699455235721135,4.493165826340364));
#5203=B_SPLINE_CURVE_WITH_KNOTS('',3,(#5195,#5196,#5197,#5198,#5199,#5200,#5201,#5202),.UNSPECIFIED.,.F.,.U.,(4,1,1,1,1,4),(0.0,0.111115225129158,0.333345675387475,0.666697360057154,0.888899120019051,1.0),.UNSPECIFIED.);
#5204=EDGE_CURVE('',#5194,#5186,#5203,.T.);
#5205=ORIENTED_EDGE('',*,*,#5204,.F.);
#5206=CARTESIAN_POINT('',(9.227470959017742,-16.264801864777947,9.784449071895070));
#5207=DIRECTION('',(0.0,0.0,-1.0));
#5208=VECTOR('',#5207,0.300676904212526);
#5209=LINE('',#5206,#5208);
#5210=EDGE_CURVE('',#5154,#5194,#5209,.T.);
#5211=ORIENTED_EDGE('',*,*,#5210,.F.);
#5212=EDGE_LOOP('',(#5184,#5192,#5205,#5211));
#5213=FACE_OUTER_BOUND('',#5212,.T.);
#5214=ADVANCED_FACE('',(#5213),#5183,.T.);
#5215=CARTESIAN_POINT('',(2.879839126939727,-10.248919262369865,9.393196818344642));
#5216=CARTESIAN_POINT('',(2.713552579234252,-10.246078958230347,9.181096630590073));
#5217=CARTESIAN_POINT('',(2.194857066767616,-10.238091635138387,8.560598210275940));
#5218=CARTESIAN_POINT('',(1.044546194114821,-10.225181945348551,7.421541173344314));
#5219=CARTESIAN_POINT('',(-0.490926033626923,-10.215442435888257,6.316439875054699));
#5220=CARTESIAN_POINT('',(-1.934401984099239,-10.210620122158623,5.587851928669029));
#5221=CARTESIAN_POINT('',(-2.685859670908546,-10.209024181673808,5.293177424680429));
#5222=CARTESIAN_POINT('',(-2.939159845826498,-10.208568581184386,5.202868862245506));
#5223=CARTESIAN_POINT('',(10.392927298335078,-16.553144841741002,10.048541052993478));
#5224=CARTESIAN_POINT('',(10.037657284783862,-16.649967713785493,9.751694156552308));
#5225=CARTESIAN_POINT('',(8.952382525743689,-16.945950287608149,8.886342091893260));
#5226=CARTESIAN_POINT('',(6.671740939162391,-17.569116464928705,7.312118401586274));
#5227=CARTESIAN_POINT('',(3.824245390841755,-18.349106336543045,5.798814666332273));
#5228=CARTESIAN_POINT('',(1.261137918280374,-19.052392694097524,4.798586454819710));
#5229=CARTESIAN_POINT('',(-0.049184877359046,-19.412193329864557,4.390512755741233));
#5230=CARTESIAN_POINT('',(-0.488705428342840,-19.532905137556195,4.264849737557578));
#5231=B_SPLINE_SURFACE_WITH_KNOTS('',3,1,((#5215,#5223),(#5216,#5224),(#5217,#5225),(#5218,#5226),(#5219,#5227),(#5220,#5228),(#5221,#5229),(#5222,#5230)),.UNSPECIFIED.,.F.,.F.,.U.,(4,1,1,1,1,4),(2,2),(0.0,0.900290481750859,2.700871445252577,5.401742890505154,7.202323854006871,8.102614335757730),(0.0,1.0),.UNSPECIFIED.);
#5232=ORIENTED_EDGE('',*,*,#5139,.T.);
#5233=CARTESIAN_POINT('',(1.915527355062724,-11.846138499617009,7.211516368914920));
#5234=CARTESIAN_POINT('',(1.612127850196530,-11.895198372680495,6.982107219658834));
#5235=CARTESIAN_POINT('',(0.894187866264485,-11.984042683732881,6.495678257175313));
#5236=CARTESIAN_POINT('',(-0.290342187396198,-12.020059450767670,5.864035800358209));
#5237=CARTESIAN_POINT('',(-1.479287371230951,-11.926638709147031,5.378482559830840));
#5238=CARTESIAN_POINT('',(-2.230480192479844,-11.795141902019111,5.138371042796463));
#5239=CARTESIAN_POINT('',(-2.539809588538460,-11.728154571545776,5.049999999999988));
#5240=B_SPLINE_CURVE_WITH_KNOTS('',3,(#5233,#5234,#5235,#5236,#5237,#5238,#5239),.UNSPECIFIED.,.F.,.U.,(4,1,1,1,4),(0.0,1.151169812878053,2.609916062082379,4.018551720623196,5.004770377892602),.UNSPECIFIED.);
#5241=EDGE_CURVE('',#3608,#5124,#5240,.T.);
#5242=ORIENTED_EDGE('',*,*,#5241,.F.);
#5243=ORIENTED_EDGE('',*,*,#3647,.F.);
#5244=ORIENTED_EDGE('',*,*,#3920,.F.);
#5245=ORIENTED_EDGE('',*,*,#5119,.T.);
#5246=CARTESIAN_POINT('',(9.227457601084266,-16.264783541073733,9.483775146840950));
#5247=CARTESIAN_POINT('',(9.282942185064247,-16.208101257014746,9.554821199695180));
#5248=CARTESIAN_POINT('',(9.350024939284403,-16.097103257749115,9.669627881737068));
#5249=CARTESIAN_POINT('',(9.377851117736284,-15.914927249977314,9.810533757197323));
#5250=CARTESIAN_POINT('',(9.354130793578594,-15.756084299274667,9.904679237110010));
#5251=CARTESIAN_POINT('',(9.298555425033843,-15.650376939238235,9.941942411313482));
#5252=CARTESIAN_POINT('',(9.261348736644452,-15.603638096416734,9.949836967993317));
#5253=B_SPLINE_CURVE_WITH_KNOTS('',3,(#5246,#5247,#5248,#5249,#5250,#5251,#5252),.UNSPECIFIED.,.F.,.U.,(4,1,1,1,4),(0.0,0.321202223956016,0.508675593896505,0.690842750827208,0.873068577113721),.UNSPECIFIED.);
#5254=EDGE_CURVE('',#5194,#5114,#5253,.T.);
#5255=ORIENTED_EDGE('',*,*,#5254,.F.);
#5256=ORIENTED_EDGE('',*,*,#5204,.T.);
#5257=CARTESIAN_POINT('',(-0.863181812835909,-18.107967862040418,4.408197031795194));
#5258=CARTESIAN_POINT('',(-0.838227638988853,-18.167232718957482,4.404590557116755));
#5259=CARTESIAN_POINT('',(-0.755829479144550,-18.319972932629263,4.399811450076143));
#5260=CARTESIAN_POINT('',(-0.568868748044141,-18.518801727021508,4.413546320094326));
#5261=CARTESIAN_POINT('',(-0.340788340192302,-18.646303154440869,4.450339568931666));
#5262=CARTESIAN_POINT('',(-0.196234246651889,-18.688429592067685,4.480952617851992));
#5263=CARTESIAN_POINT('',(-0.142744028431244,-18.699416112851537,4.493193134261093));
#5264=B_SPLINE_CURVE_WITH_KNOTS('',3,(#5257,#5258,#5259,#5260,#5261,#5262,#5263),.UNSPECIFIED.,.F.,.U.,(4,1,1,1,4),(0.0,0.193530680532360,0.517538779474489,0.808474587291234,0.976549478894174),.UNSPECIFIED.);
#5265=EDGE_CURVE('',#5134,#5186,#5264,.T.);
#5266=ORIENTED_EDGE('',*,*,#5265,.F.);
#5267=EDGE_LOOP('',(#5232,#5242,#5243,#5244,#5245,#5255,#5256,#5266));
#5268=FACE_OUTER_BOUND('',#5267,.T.);
#5269=ADVANCED_FACE('',(#5268),#5231,.F.);
#5270=CARTESIAN_POINT('',(8.870162750130643,-15.915043599883560,10.199999999999999));
#5271=DIRECTION('',(0.0,0.0,-1.0));
#5272=DIRECTION('',(0.642787609686538,0.766044443118980,0.0));
#5273=AXIS2_PLACEMENT_3D('',#5270,#5271,#5272);
#5274=CYLINDRICAL_SURFACE('',#5273,0.500000000000000);
#5275=ORIENTED_EDGE('',*,*,#5174,.T.);
#5276=ORIENTED_EDGE('',*,*,#5210,.T.);
#5277=ORIENTED_EDGE('',*,*,#5254,.T.);
#5278=EDGE_LOOP('',(#5275,#5276,#5277));
#5279=FACE_OUTER_BOUND('',#5278,.T.);
#5280=ADVANCED_FACE('',(#5279),#5274,.T.);
#5281=CARTESIAN_POINT('',(0.058450503941562,-17.719903598456423,10.199999999999999));
#5282=DIRECTION('',(0.0,0.0,-1.0));
#5283=DIRECTION('',(0.003298561170516,-0.999994559732304,0.0));
#5284=AXIS2_PLACEMENT_3D('',#5281,#5282,#5283);
#5285=CYLINDRICAL_SURFACE('',#5284,1.0);
#5286=ORIENTED_EDGE('',*,*,#5151,.T.);
#5287=ORIENTED_EDGE('',*,*,#5265,.T.);
#5288=ORIENTED_EDGE('',*,*,#5191,.T.);
#5289=EDGE_LOOP('',(#5286,#5287,#5288));
#5290=FACE_OUTER_BOUND('',#5289,.T.);
#5291=ADVANCED_FACE('',(#5290),#5285,.T.);
#5292=CARTESIAN_POINT('',(18.598018870204115,-5.999999506336609,10.048301528622156));
#5293=CARTESIAN_POINT('',(18.343173608900045,-6.368956589676376,9.903049526487850));
#5294=CARTESIAN_POINT('',(17.582992792208341,-7.469385309792868,9.443329016749491));
#5295=CARTESIAN_POINT('',(16.091497537242528,-9.627413893392784,8.381761326958941));
#5296=CARTESIAN_POINT('',(14.418029248839028,-12.045872021081598,6.874286054484809));
#5297=CARTESIAN_POINT('',(13.053712557015894,-14.014065680618222,5.363261707577864));
#5298=CARTESIAN_POINT('',(12.395066658923669,-14.962980083167423,4.544829496271395));
#5299=CARTESIAN_POINT('',(12.178264887585673,-15.275173861045486,4.265192308047165));
#5300=CARTESIAN_POINT('',(8.793956211855194,-6.000004964535721,9.393198303405224));
#5301=CARTESIAN_POINT('',(8.599045183900854,-6.163393942337613,9.305928545958935));
#5302=CARTESIAN_POINT('',(8.020705505433110,-6.647849921314513,9.019281777349926));
#5303=CARTESIAN_POINT('',(6.909196568326726,-7.576245175888733,8.300321644848086));
#5304=CARTESIAN_POINT('',(5.725888324977374,-8.557088995678804,7.194500448747564));
#5305=CARTESIAN_POINT('',(4.838814841298630,-9.282736378291373,6.045610926387147));
#5306=CARTESIAN_POINT('',(4.438693248305590,-9.606243796969730,5.417700777383136));
#5307=CARTESIAN_POINT('',(4.310409394070444,-9.709469274438884,5.202869450415776));
#5308=B_SPLINE_SURFACE_WITH_KNOTS('',3,1,((#5292,#5300),(#5293,#5301),(#5294,#5302),(#5295,#5303),(#5296,#5304),(#5297,#5305),(#5298,#5306),(#5299,#5307)),.UNSPECIFIED.,.F.,.F.,.U.,(4,1,1,1,1,4),(2,2),(0.0,1.356882921987591,4.070648765962774,8.141297531925547,10.855063375900730,12.211946297888321),(0.0,1.0),.UNSPECIFIED.);
#5309=CARTESIAN_POINT('',(17.124429960584848,-5.999999898257620,9.949837107444390));
#5310=VERTEX_POINT('',#5309);
#5311=CARTESIAN_POINT('',(8.794991622709254,-6.000004963959279,9.393267489110533));
#5312=DIRECTION('',(0.997775020599749,0.000000555489589,0.066670895200691));
#5313=VECTOR('',#5312,8.348012503856799);
#5314=LINE('',#5311,#5313);
#5315=EDGE_CURVE('',#3924,#5310,#5314,.T.);
#5316=ORIENTED_EDGE('',*,*,#5315,.F.);
#5317=ORIENTED_EDGE('',*,*,#3931,.F.);
#5318=ORIENTED_EDGE('',*,*,#3628,.F.);
#5319=CARTESIAN_POINT('',(5.593105421197977,-10.616845772048674,5.049999999999988));
#5320=VERTEX_POINT('',#5319);
#5321=CARTESIAN_POINT('',(5.593105421197976,-10.616845772048674,5.049999999999988));
#5322=CARTESIAN_POINT('',(5.951549338224100,-10.428012416214081,5.457392971689374));
#5323=CARTESIAN_POINT('',(6.677570153045727,-9.999417023362899,6.213890191481926));
#5324=CARTESIAN_POINT('',(7.401776067970546,-9.456263281015609,6.894020549252917));
#5325=CARTESIAN_POINT('',(7.749133711085602,-9.162487060171964,7.211516368914918));
#5326=B_SPLINE_CURVE_WITH_KNOTS('',3,(#5321,#5322,#5323,#5324,#5325),.UNSPECIFIED.,.F.,.U.,(4,1,4),(0.0,1.724810795202302,3.390063533504105),.UNSPECIFIED.);
#5327=EDGE_CURVE('',#5320,#3610,#5326,.T.);
#5328=ORIENTED_EDGE('',*,*,#5327,.F.);
#5329=CARTESIAN_POINT('',(10.978341747197218,-14.426350731090974,4.408197031795431));
#5330=VERTEX_POINT('',#5329);
#5331=CARTESIAN_POINT('',(10.978341747197218,-14.426350731090970,4.408197031795431));
#5332=DIRECTION('',(-0.812547643723211,0.574794510554251,0.096837995211364));
#5333=VECTOR('',#5332,6.627594538731668);
#5334=LINE('',#5331,#5333);
#5335=EDGE_CURVE('',#5330,#5320,#5334,.T.);
#5336=ORIENTED_EDGE('',*,*,#5335,.F.);
#5337=CARTESIAN_POINT('',(11.910430917667798,-14.416366926360574,4.739921264530675));
#5338=VERTEX_POINT('',#5337);
#5339=CARTESIAN_POINT('',(11.910417442906532,-14.416354561737435,4.739924998283318));
#5340=CARTESIAN_POINT('',(11.844663017080142,-14.451897854073250,4.694947098554023));
#5341=CARTESIAN_POINT('',(11.732836532302816,-14.497331901644731,4.627508023900679));
#5342=CARTESIAN_POINT('',(11.504585252630580,-14.543756728073873,4.518095840406740));
#5343=CARTESIAN_POINT('',(11.255587195262848,-14.536802169989439,4.434242381311772));
#5344=CARTESIAN_POINT('',(11.057014757922062,-14.466723984849427,4.409411822928147));
#5345=CARTESIAN_POINT('',(10.978341747197218,-14.426350731090974,4.408197031795431));
#5346=B_SPLINE_CURVE_WITH_KNOTS('',3,(#5339,#5340,#5341,#5342,#5343,#5344,#5345),.UNSPECIFIED.,.F.,.U.,(4,1,1,1,4),(0.0,0.262197318755547,0.411708664397019,0.770579035468184,1.037024093492000),.UNSPECIFIED.);
#5347=EDGE_CURVE('',#5338,#5330,#5346,.T.);
#5348=ORIENTED_EDGE('',*,*,#5347,.F.);
#5349=CARTESIAN_POINT('',(17.523465964883023,-6.528257085745508,9.784449071895072));
#5350=VERTEX_POINT('',#5349);
#5351=CARTESIAN_POINT('',(17.523486741565378,-6.528264327182737,9.784447827926908));
#5352=CARTESIAN_POINT('',(17.390053345607214,-6.886497249210921,9.641210990422575));
#5353=CARTESIAN_POINT('',(16.959354732085309,-7.942057082242825,9.191952219271499));
#5354=CARTESIAN_POINT('',(15.922236260377680,-9.939369761796732,8.194546344319987));
#5355=CARTESIAN_POINT('',(14.421827423710241,-12.005338005517388,6.885727285369050));
#5356=CARTESIAN_POINT('',(12.946027343712402,-13.524682972795715,5.635436825654941));
#5357=CARTESIAN_POINT('',(12.171630908895711,-14.200479306883894,4.967824754523308));
#5358=CARTESIAN_POINT('',(11.910403968145266,-14.416342197114297,4.739928732035960));
#5359=B_SPLINE_CURVE_WITH_KNOTS('',3,(#5351,#5352,#5353,#5354,#5355,#5356,#5357,#5358),.UNSPECIFIED.,.F.,.U.,(4,1,1,1,1,4),(0.0,0.111087739357370,0.333263218072110,0.666616008840237,0.888872002946746,1.0),.UNSPECIFIED.);
#5360=EDGE_CURVE('',#5350,#5338,#5359,.T.);
#5361=ORIENTED_EDGE('',*,*,#5360,.F.);
#5362=CARTESIAN_POINT('',(17.124429965648389,-6.000000112491431,9.949837031666808));
#5363=CARTESIAN_POINT('',(17.167957481812536,-6.008838705280070,9.949605216420711));
#5364=CARTESIAN_POINT('',(17.279369520214988,-6.047462047228423,9.943335583892504));
#5365=CARTESIAN_POINT('',(17.441112312718030,-6.179647274459342,9.907001990405522));
#5366=CARTESIAN_POINT('',(17.521524835647387,-6.364455398830760,9.845243476759787));
#5367=CARTESIAN_POINT('',(17.526465526893638,-6.489308302869317,9.799212838974743));
#5368=CARTESIAN_POINT('',(17.523476353224201,-6.528260706464123,9.784448449910990));
#5369=B_SPLINE_CURVE_WITH_KNOTS('',3,(#5362,#5363,#5364,#5365,#5366,#5367,#5368),.UNSPECIFIED.,.F.,.U.,(4,1,1,1,4),(0.0,0.133666946626361,0.349785187420429,0.620793621578635,0.746313592348586),.UNSPECIFIED.);
#5370=EDGE_CURVE('',#5310,#5350,#5369,.T.);
#5371=ORIENTED_EDGE('',*,*,#5370,.F.);
#5372=EDGE_LOOP('',(#5316,#5317,#5318,#5328,#5336,#5348,#5361,#5371));
#5373=FACE_OUTER_BOUND('',#5372,.T.);
#5374=ADVANCED_FACE('',(#5373),#5308,.F.);
#5375=CARTESIAN_POINT('',(0.0,0.0,10.199999999999999));
#5376=DIRECTION('',(0.0,0.0,1.0));
#5377=DIRECTION('',(-0.500000000000000,-0.866025403784438,0.0));
#5378=AXIS2_PLACEMENT_3D('',#5375,#5376,#5377);
#5379=CYLINDRICAL_SURFACE('',#5378,18.699999999999999);
#5380=ORIENTED_EDGE('',*,*,#5360,.T.);
#5381=CARTESIAN_POINT('',(11.910430917667806,-14.416366926360567,4.493186679761278));
#5382=VERTEX_POINT('',#5381);
#5383=CARTESIAN_POINT('',(11.910430917667803,-14.416366926360574,4.493186679761277));
#5384=DIRECTION('',(0.0,0.0,1.0));
#5385=VECTOR('',#5384,0.246734584769397);
#5386=LINE('',#5383,#5385);
#5387=EDGE_CURVE('',#5382,#5338,#5386,.T.);
#5388=ORIENTED_EDGE('',*,*,#5387,.F.);
#5389=CARTESIAN_POINT('',(17.523465964883023,-6.528257085745510,9.483772167682544));
#5390=VERTEX_POINT('',#5389);
#5391=CARTESIAN_POINT('',(17.523467053644758,-6.528254163237429,9.483768564408063));
#5392=CARTESIAN_POINT('',(17.415317410848569,-6.818554855430857,9.215635976322055));
#5393=CARTESIAN_POINT('',(17.060196181069895,-7.705635269000778,8.441125593239562));
#5394=CARTESIAN_POINT('',(16.151650544035661,-9.548755707296181,7.062035456836565));
#5395=CARTESIAN_POINT('',(14.695067451017938,-11.684426105120892,5.779672673428214));
#5396=CARTESIAN_POINT('',(13.102556870648153,-13.382474209042583,4.937328435523993));
#5397=CARTESIAN_POINT('',(12.215844454905774,-14.164041979963555,4.597480852064201));
#5398=CARTESIAN_POINT('',(11.910435150881566,-14.416363428987381,4.493165826340364));
#5399=B_SPLINE_CURVE_WITH_KNOTS('',3,(#5391,#5392,#5393,#5394,#5395,#5396,#5397,#5398),.UNSPECIFIED.,.F.,.U.,(4,1,1,1,1,4),(0.0,0.111115225129158,0.333345675387475,0.666697360057155,0.888899120019051,1.0),.UNSPECIFIED.);
#5400=EDGE_CURVE('',#5390,#5382,#5399,.T.);
#5401=ORIENTED_EDGE('',*,*,#5400,.F.);
#5402=CARTESIAN_POINT('',(17.523465964883069,-6.528257085745373,9.784449071895070));
#5403=DIRECTION('',(0.0,0.0,-1.0));
#5404=VECTOR('',#5403,0.300676904212526);
#5405=LINE('',#5402,#5404);
#5406=EDGE_CURVE('',#5350,#5390,#5405,.T.);
#5407=ORIENTED_EDGE('',*,*,#5406,.F.);
#5408=EDGE_LOOP('',(#5380,#5388,#5401,#5407));
#5409=FACE_OUTER_BOUND('',#5408,.T.);
#5410=ADVANCED_FACE('',(#5409),#5379,.T.);
#5411=CARTESIAN_POINT('',(8.793963074797837,-6.000002740226137,9.393196818344642));
#5412=CARTESIAN_POINT('',(8.664754476653997,-6.104713873545920,9.181096630590073));
#5413=CARTESIAN_POINT('',(8.262276509340104,-6.432006277689491,8.560598210275940));
#5414=CARTESIAN_POINT('',(7.372789068843286,-7.161522457792523,7.421541173344314));
#5415=CARTESIAN_POINT('',(6.190288665212698,-8.141044083701942,6.316439875054699));
#5416=CARTESIAN_POINT('',(5.081422211062071,-9.065198432910487,5.587851928669029));
#5417=CARTESIAN_POINT('',(4.504746375073323,-9.547003561855274,5.293177424680429));
#5418=CARTESIAN_POINT('',(4.310414329286792,-9.709472765600761,5.202868862245506));
#5419=CARTESIAN_POINT('',(18.601600610246887,-5.999999726416491,10.048541052993478));
#5420=CARTESIAN_POINT('',(18.391684533043637,-6.302533512316885,9.751694156552308));
#5421=CARTESIAN_POINT('',(17.750569765759963,-7.226870486470356,8.886342091893260));
#5422=CARTESIAN_POINT('',(16.404060449170679,-9.170211627736759,7.312118401586274));
#5423=CARTESIAN_POINT('',(14.724120132728327,-11.598053391674103,5.798814666332273));
#5424=CARTESIAN_POINT('',(13.212729652953540,-13.784335723457520,4.798586454819710));
#5425=CARTESIAN_POINT('',(12.440239547290229,-14.902218258844382,4.390512755741233));
#5426=CARTESIAN_POINT('',(12.181139325899553,-15.277207232720393,4.264849737557578));
#5427=B_SPLINE_SURFACE_WITH_KNOTS('',3,1,((#5411,#5419),(#5412,#5420),(#5413,#5421),(#5414,#5422),(#5415,#5423),(#5416,#5424),(#5417,#5425),(#5418,#5426)),.UNSPECIFIED.,.F.,.F.,.U.,(4,1,1,1,1,4),(2,2),(0.0,0.900290481750859,2.700871445252577,5.401742890505154,7.202323854006871,8.102614335757730),(0.0,1.0),.UNSPECIFIED.);
#5428=ORIENTED_EDGE('',*,*,#5335,.T.);
#5429=CARTESIAN_POINT('',(9.081930136172701,-7.843391320199449,7.211516368914920));
#5430=CARTESIAN_POINT('',(8.881047709962905,-8.075994805852876,6.982107219658833));
#5431=CARTESIAN_POINT('',(8.388181797114454,-8.605536422807351,6.495678257175330));
#5432=CARTESIAN_POINT('',(7.503930263391162,-9.394528108847913,5.864035800358196));
#5433=CARTESIAN_POINT('',(6.533095716940018,-10.087202901622810,5.378482559830843));
#5434=CARTESIAN_POINT('',(5.873124112176266,-10.469327941218847,5.138371042796464));
#5435=CARTESIAN_POINT('',(5.593105421197976,-10.616845772048674,5.049999999999989));
#5436=B_SPLINE_CURVE_WITH_KNOTS('',3,(#5429,#5430,#5431,#5432,#5433,#5434,#5435),.UNSPECIFIED.,.F.,.U.,(4,1,1,1,4),(0.0,1.151169812878059,2.609916062082349,4.018551720623166,5.004770377892576),.UNSPECIFIED.);
#5437=EDGE_CURVE('',#3670,#5320,#5436,.T.);
#5438=ORIENTED_EDGE('',*,*,#5437,.F.);
#5439=ORIENTED_EDGE('',*,*,#3709,.F.);
#5440=ORIENTED_EDGE('',*,*,#3939,.F.);
#5441=ORIENTED_EDGE('',*,*,#5315,.T.);
#5442=CARTESIAN_POINT('',(17.523443953862326,-6.528251635287710,9.483775146840950));
#5443=CARTESIAN_POINT('',(17.529512941217110,-6.449165683450090,9.554821199695180));
#5444=CARTESIAN_POINT('',(17.509553173688637,-6.321016319678964,9.669627881737068));
#5445=CARTESIAN_POINT('',(17.413768782487061,-6.163575078521978,9.810533757197323));
#5446=CARTESIAN_POINT('',(17.293495679379372,-6.057141449273907,9.904679237110010));
#5447=CARTESIAN_POINT('',(17.182975095847286,-6.011888071825549,9.941942411313482));
#5448=CARTESIAN_POINT('',(17.124429969902984,-6.000000039298496,9.949836967993317));
#5449=B_SPLINE_CURVE_WITH_KNOTS('',3,(#5442,#5443,#5444,#5445,#5446,#5447,#5448),.UNSPECIFIED.,.F.,.U.,(4,1,1,1,4),(0.0,0.321202223956016,0.508675593896505,0.690842750827208,0.873068577113721),.UNSPECIFIED.);
#5450=EDGE_CURVE('',#5390,#5310,#5449,.T.);
#5451=ORIENTED_EDGE('',*,*,#5450,.F.);
#5452=ORIENTED_EDGE('',*,*,#5400,.T.);
#5453=CARTESIAN_POINT('',(10.978341747197316,-14.426350731090796,4.408197031795194));
#5454=CARTESIAN_POINT('',(11.035552469121612,-14.455710011645502,4.404590557116755));
#5455=CARTESIAN_POINT('',(11.196852638442667,-14.519751287360688,4.399811450076143));
#5456=CARTESIAN_POINT('',(11.467877553067842,-14.551886938987632,4.413546320094326));
#5457=CARTESIAN_POINT('',(11.724553619849566,-14.502951438772557,4.450339568931666));
#5458=CARTESIAN_POINT('',(11.862366832083053,-14.442304581967733,4.480952617851992));
#5459=CARTESIAN_POINT('',(11.910404715945623,-14.416337895651754,4.493193134261093));
#5460=B_SPLINE_CURVE_WITH_KNOTS('',3,(#5453,#5454,#5455,#5456,#5457,#5458,#5459),.UNSPECIFIED.,.F.,.U.,(4,1,1,1,4),(0.0,0.193530680532360,0.517538779474489,0.808474587291234,0.976549478894174),.UNSPECIFIED.);
#5461=EDGE_CURVE('',#5330,#5382,#5460,.T.);
#5462=ORIENTED_EDGE('',*,*,#5461,.F.);
#5463=EDGE_LOOP('',(#5428,#5438,#5439,#5440,#5441,#5451,#5452,#5462));
#5464=FACE_OUTER_BOUND('',#5463,.T.);
#5465=ADVANCED_FACE('',(#5464),#5427,.F.);
#5466=CARTESIAN_POINT('',(17.024931717924737,-6.490000000000007,10.199999999999999));
#5467=DIRECTION('',(0.0,0.0,-1.0));
#5468=DIRECTION('',(-1.942890E-015,1.0,0.0));
#5469=AXIS2_PLACEMENT_3D('',#5466,#5467,#5468);
#5470=CYLINDRICAL_SURFACE('',#5469,0.500000000000000);
#5471=ORIENTED_EDGE('',*,*,#5370,.T.);
#5472=ORIENTED_EDGE('',*,*,#5406,.T.);
#5473=ORIENTED_EDGE('',*,*,#5450,.T.);
#5474=EDGE_LOOP('',(#5471,#5472,#5473));
#5475=FACE_OUTER_BOUND('',#5474,.T.);
#5476=ADVANCED_FACE('',(#5475),#5470,.T.);
#5477=CARTESIAN_POINT('',(11.434910161669643,-13.536662424487959,10.199999999999999));
#5478=DIRECTION('',(0.0,0.0,-1.0));
#5479=DIRECTION('',(0.645310957204833,-0.763920001381940,0.0));
#5480=AXIS2_PLACEMENT_3D('',#5477,#5478,#5479);
#5481=CYLINDRICAL_SURFACE('',#5480,1.0);
#5482=ORIENTED_EDGE('',*,*,#5347,.T.);
#5483=ORIENTED_EDGE('',*,*,#5461,.T.);
#5484=ORIENTED_EDGE('',*,*,#5387,.T.);
#5485=EDGE_LOOP('',(#5482,#5483,#5484));
#5486=FACE_OUTER_BOUND('',#5485,.T.);
#5487=ADVANCED_FACE('',(#5486),#5481,.T.);
#5488=CARTESIAN_POINT('',(18.103634349340279,7.358309813937887,10.048301528622156));
#5489=CARTESIAN_POINT('',(18.145572594739978,6.911860914142488,9.903049526487850));
#5490=CARTESIAN_POINT('',(18.270582250981750,5.580248797957898,9.443329016749491));
#5491=CARTESIAN_POINT('',(18.515184633864283,2.968388323600969,8.381761326958941));
#5492=CARTESIAN_POINT('',(18.787788469821034,0.040057232979921,6.874286054484809));
#5493=CARTESIAN_POINT('',(19.007791747209197,-2.344632448082556,5.363261707577864));
#5494=CARTESIAN_POINT('',(19.113190137604274,-3.494912475615482,4.544829496271395));
#5495=CARTESIAN_POINT('',(19.147784637653704,-3.873424276709450,4.265192308047165));
#5496=CARTESIAN_POINT('',(10.593290138384571,1.056375631337623,9.393198303405224));
#5497=CARTESIAN_POINT('',(10.549004039007947,0.805926019065277,9.305928545958935));
#5498=CARTESIAN_POINT('',(10.417372442807430,0.063061628925097,9.019281777349926));
#5499=CARTESIAN_POINT('',(10.162668164592091,-1.362594569687353,8.300321644848086));
#5500=CARTESIAN_POINT('',(9.886675714676111,-2.874580404670035,7.194500448747564));
#5501=CARTESIAN_POINT('',(9.673575148410654,-4.000658393974398,6.045610926387147));
#5502=CARTESIAN_POINT('',(9.575010785894541,-4.505672656704682,5.417700777383136));
#5503=CARTESIAN_POINT('',(9.543091710136970,-4.667207232133417,5.202869450415776));
#5504=B_SPLINE_SURFACE_WITH_KNOTS('',3,1,((#5488,#5496),(#5489,#5497),(#5490,#5498),(#5491,#5499),(#5492,#5500),(#5493,#5501),(#5494,#5502),(#5495,#5503)),.UNSPECIFIED.,.F.,.F.,.U.,(4,1,1,1,1,4),(2,2),(0.0,1.356882921987591,4.070648765962774,8.141297531925547,10.855063375900730,12.211946297888321),(0.0,1.0),.UNSPECIFIED.);
#5505=CARTESIAN_POINT('',(16.974800005606657,6.411104820834211,9.949837107444390));
#5506=VERTEX_POINT('',#5505);
#5507=CARTESIAN_POINT('',(10.594083308745141,1.057041181047129,9.393267489110533));
#5508=DIRECTION('',(0.764339652951537,0.641357846025963,0.066670895200691));
#5509=VECTOR('',#5508,8.348012503856801);
#5510=LINE('',#5507,#5509);
#5511=EDGE_CURVE('',#3943,#5506,#5510,.T.);
#5512=ORIENTED_EDGE('',*,*,#5511,.F.);
#5513=ORIENTED_EDGE('',*,*,#3950,.F.);
#5514=ORIENTED_EDGE('',*,*,#3690,.F.);
#5515=CARTESIAN_POINT('',(11.108944243913147,-4.537796842712430,5.049999999999988));
#5516=VERTEX_POINT('',#5515);
#5517=CARTESIAN_POINT('',(11.108944243913147,-4.537796842712428,5.049999999999988));
#5518=CARTESIAN_POINT('',(11.262148473294804,-4.162738791167927,5.457392971689374));
#5519=CARTESIAN_POINT('',(11.542816875984155,-3.367738487986018,6.213890191481925));
#5520=CARTESIAN_POINT('',(11.748458297050490,-2.486147992926217,6.894020549252916));
#5521=CARTESIAN_POINT('',(11.825713974554851,-2.037825162304173,7.211516368914918));
#5522=B_SPLINE_CURVE_WITH_KNOTS('',3,(#5517,#5518,#5519,#5520,#5521),.UNSPECIFIED.,.F.,.U.,(4,1,4),(0.0,1.724810795202302,3.390063533504108),.UNSPECIFIED.);
#5523=EDGE_CURVE('',#5516,#3672,#5522,.T.);
#5524=ORIENTED_EDGE('',*,*,#5523,.F.);
#5525=CARTESIAN_POINT('',(17.682977193039147,-3.994483762034798,4.408197031795431));
#5526=VERTEX_POINT('',#5525);
#5527=CARTESIAN_POINT('',(17.682977193039147,-3.994483762034797,4.408197031795431));
#5528=DIRECTION('',(-0.991918396743697,-0.081977416919896,0.096837995211364));
#5529=VECTOR('',#5528,6.627594538731672);
#5530=LINE('',#5527,#5529);
#5531=EDGE_CURVE('',#5526,#5516,#5530,.T.);
#5532=ORIENTED_EDGE('',*,*,#5531,.F.);
#5533=CARTESIAN_POINT('',(18.390581456591281,-3.387700353998397,4.739921264530675));
#5534=VERTEX_POINT('',#5533);
#5535=CARTESIAN_POINT('',(18.390563186498738,-3.387699543557138,4.739924998283318));
#5536=CARTESIAN_POINT('',(18.363039161904883,-3.457193415344398,4.694947098554023));
#5537=CARTESIAN_POINT('',(18.306579547484539,-3.563878593864599,4.627508023900679));
#5538=CARTESIAN_POINT('',(18.161570226267326,-3.746159168641818,4.518095840406740));
#5539=CARTESIAN_POINT('',(17.966356344305837,-3.900884534178884,4.434242381311772));
#5540=CARTESIAN_POINT('',(17.769195643007016,-3.974841432216430,4.409411822928147));
#5541=CARTESIAN_POINT('',(17.682977193039147,-3.994483762034798,4.408197031795431));
#5542=B_SPLINE_CURVE_WITH_KNOTS('',3,(#5535,#5536,#5537,#5538,#5539,#5540,#5541),.UNSPECIFIED.,.F.,.U.,(4,1,1,1,4),(0.0,0.262197318755547,0.411708664397019,0.770579035468184,1.037024093492000),.UNSPECIFIED.);
#5543=EDGE_CURVE('',#5534,#5526,#5542,.T.);
#5544=ORIENTED_EDGE('',*,*,#5543,.F.);
#5545=CARTESIAN_POINT('',(17.620036494148746,6.262931737203145,9.784449071895072));
#5546=VERTEX_POINT('',#5545);
#5547=CARTESIAN_POINT('',(17.620057064716935,6.262939544934384,9.784447827926908));
#5548=CARTESIAN_POINT('',(17.748108836878210,5.902747872032112,9.641210990422575));
#5549=CARTESIAN_POINT('',(18.096675339286406,4.817294395277368,9.191952219271499));
#5550=CARTESIAN_POINT('',(18.586044340265808,2.620617212543330,8.194546344319988));
#5551=CARTESIAN_POINT('',(18.764643277599610,0.073549510106819,6.885727285369047));
#5552=CARTESIAN_POINT('',(18.610730946968818,-2.038962265054542,5.635436825654945));
#5553=CARTESIAN_POINT('',(18.451902371529815,-3.054424724748568,4.967824754523309));
#5554=CARTESIAN_POINT('',(18.390544916406196,-3.387698733115877,4.739928732035960));
#5555=B_SPLINE_CURVE_WITH_KNOTS('',3,(#5547,#5548,#5549,#5550,#5551,#5552,#5553,#5554),.UNSPECIFIED.,.F.,.U.,(4,1,1,1,1,4),(0.0,0.111087739357370,0.333263218072110,0.666616008840237,0.888872002946746,1.0),.UNSPECIFIED.);
#5556=EDGE_CURVE('',#5546,#5534,#5555,.T.);
#5557=ORIENTED_EDGE('',*,*,#5556,.F.);
#5558=CARTESIAN_POINT('',(16.974800147192397,6.411104659976371,9.949837031666808));
#5559=CARTESIAN_POINT('',(17.013825497004312,6.432312853156388,9.949605216420711));
#5560=CARTESIAN_POINT('',(17.123998675568156,6.474339934537184,9.943335583892504));
#5561=CARTESIAN_POINT('',(17.332867869227290,6.477046438731577,9.907001990405522));
#5562=CARTESIAN_POINT('',(17.513259808089860,6.387163375416236,9.845243476759787));
#5563=CARTESIAN_POINT('',(17.597298496913581,6.294696317186610,9.799212838974743));
#5564=CARTESIAN_POINT('',(17.620046779432844,6.262935641068765,9.784448449910990));
#5565=B_SPLINE_CURVE_WITH_KNOTS('',3,(#5558,#5559,#5560,#5561,#5562,#5563,#5564),.UNSPECIFIED.,.F.,.U.,(4,1,1,1,4),(0.0,0.133666946626361,0.349785187420429,0.620793621578635,0.746313592348586),.UNSPECIFIED.);
#5566=EDGE_CURVE('',#5506,#5546,#5565,.T.);
#5567=ORIENTED_EDGE('',*,*,#5566,.F.);
#5568=EDGE_LOOP('',(#5512,#5513,#5514,#5524,#5532,#5544,#5557,#5567));
#5569=FACE_OUTER_BOUND('',#5568,.T.);
#5570=ADVANCED_FACE('',(#5569),#5504,.F.);
#5571=CARTESIAN_POINT('',(0.0,0.0,10.199999999999999));
#5572=DIRECTION('',(0.0,0.0,1.0));
#5573=DIRECTION('',(0.173648177666930,-0.984807753012208,0.0));
#5574=AXIS2_PLACEMENT_3D('',#5571,#5572,#5573);
#5575=CYLINDRICAL_SURFACE('',#5574,18.699999999999999);
#5576=ORIENTED_EDGE('',*,*,#5556,.T.);
#5577=CARTESIAN_POINT('',(18.390581456591285,-3.387700353998388,4.493186679761278));
#5578=VERTEX_POINT('',#5577);
#5579=CARTESIAN_POINT('',(18.390581456591285,-3.387700353998395,4.493186679761277));
#5580=DIRECTION('',(0.0,0.0,1.0));
#5581=VECTOR('',#5580,0.246734584769397);
#5582=LINE('',#5579,#5581);
#5583=EDGE_CURVE('',#5578,#5534,#5582,.T.);
#5584=ORIENTED_EDGE('',*,*,#5583,.F.);
#5585=CARTESIAN_POINT('',(17.620036494148746,6.262931737203143,9.483772167682544));
#5586=VERTEX_POINT('',#5585);
#5587=CARTESIAN_POINT('',(17.620035449636642,6.262934675816772,9.483768564408063));
#5588=CARTESIAN_POINT('',(17.723789704772681,5.971034193346990,9.215635976322055));
#5589=CARTESIAN_POINT('',(18.021955358705508,5.063223645493689,8.441125593239562));
#5590=CARTESIAN_POINT('',(18.510704003031741,3.067309597418109,7.062035456836563));
#5591=CARTESIAN_POINT('',(18.767679088780525,0.495017592160107,5.779672673428216));
#5592=CARTESIAN_POINT('',(18.639229489932639,-1.829408791354239,4.937328435523993));
#5593=CARTESIAN_POINT('',(18.462350450486920,-2.998092193383558,4.597480852064201));
#5594=CARTESIAN_POINT('',(18.390582451353012,-3.387694953797739,4.493165826340364));
#5595=B_SPLINE_CURVE_WITH_KNOTS('',3,(#5587,#5588,#5589,#5590,#5591,#5592,#5593,#5594),.UNSPECIFIED.,.F.,.U.,(4,1,1,1,1,4),(0.0,0.111115225129158,0.333345675387475,0.666697360057154,0.888899120019051,1.000000000000000),.UNSPECIFIED.);
#5596=EDGE_CURVE('',#5586,#5578,#5595,.T.);
#5597=ORIENTED_EDGE('',*,*,#5596,.F.);
#5598=CARTESIAN_POINT('',(17.620036494148696,6.262931737203281,9.784449071895070));
#5599=DIRECTION('',(0.0,0.0,-1.0));
#5600=VECTOR('',#5599,0.300676904212526);
#5601=LINE('',#5598,#5600);
#5602=EDGE_CURVE('',#5546,#5586,#5601,.T.);
#5603=ORIENTED_EDGE('',*,*,#5602,.F.);
#5604=EDGE_LOOP('',(#5576,#5584,#5597,#5603));
#5605=FACE_OUTER_BOUND('',#5604,.T.);
#5606=ADVANCED_FACE('',(#5605),#5575,.T.);
#5607=CARTESIAN_POINT('',(10.593293965945005,1.056381746672118,9.393196818344642));
#5608=CARTESIAN_POINT('',(10.561621456427915,0.893114678907978,9.181096630590073));
#5609=CARTESIAN_POINT('',(10.463684948217294,0.383686300877551,8.560598210275940));
#5610=CARTESIAN_POINT('',(10.251221998836666,-0.746907020778908,7.421541173344314));
#5611=CARTESIAN_POINT('',(9.974998500204094,-2.257360727124753,6.316439875054699));
#5612=CARTESIAN_POINT('',(9.719592479950139,-3.678069648445268,5.587851928669029));
#5613=CARTESIAN_POINT('',(9.587531527479102,-4.417833872318839,5.293177424680429));
#5614=CARTESIAN_POINT('',(9.543097734807626,-4.667206734222654,5.202868862245506));
#5615=CARTESIAN_POINT('',(18.106378262861362,7.360611943467526,10.048541052993478));
#5616=CARTESIAN_POINT('',(18.140038187486812,6.993926164422532,9.751694156552308));
#5617=CARTESIAN_POINT('',(18.243068136768631,5.873742333005839,8.886342091893260));
#5618=CARTESIAN_POINT('',(18.460737764187630,3.519537145623140,7.312118401586274));
#5619=CARTESIAN_POINT('',(18.734415424143858,0.579857633164730,5.798814666332273));
#5620=CARTESIAN_POINT('',(18.981938339876439,-2.066434871984588,4.798586454819710));
#5621=CARTESIAN_POINT('',(19.108737629900315,-3.419329644803268,4.390512755741233));
#5622=CARTESIAN_POINT('',(19.151293611269658,-3.873134276448839,4.264849737557578));
#5623=B_SPLINE_SURFACE_WITH_KNOTS('',3,1,((#5607,#5615),(#5608,#5616),(#5609,#5617),(#5610,#5618),(#5611,#5619),(#5612,#5620),(#5613,#5621),(#5614,#5622)),.UNSPECIFIED.,.F.,.F.,.U.,(4,1,1,1,1,4),(2,2),(0.0,0.900290481750859,2.700871445252577,5.401742890505154,7.202323854006871,8.102614335757730),(0.0,1.0),.UNSPECIFIED.);
#5624=ORIENTED_EDGE('',*,*,#5531,.T.);
#5625=CARTESIAN_POINT('',(11.998796872157035,-0.170634172475817,7.211516368914922));
#5626=VERTEX_POINT('',#5625);
#5627=CARTESIAN_POINT('',(11.998796872157035,-0.170634172475820,7.211516368914919));
#5628=CARTESIAN_POINT('',(11.994426644386687,-0.477943514682159,6.982107219658833));
#5629=CARTESIAN_POINT('',(11.957252240838077,-1.200404029766198,6.495678257175328));
#5630=CARTESIAN_POINT('',(11.787030347042485,-2.373192656248295,5.864035800358195));
#5631=CARTESIAN_POINT('',(11.488570711883547,-3.527852749656543,5.378482559830844));
#5632=CARTESIAN_POINT('',(11.228628372241268,-4.244799083102785,5.138371042796464));
#5633=CARTESIAN_POINT('',(11.108944243913147,-4.537796842712427,5.049999999999989));
#5634=B_SPLINE_CURVE_WITH_KNOTS('',3,(#5627,#5628,#5629,#5630,#5631,#5632,#5633),.UNSPECIFIED.,.F.,.U.,(4,1,1,1,4),(0.0,1.151169812878053,2.609916062082342,4.018551720623161,5.004770377892569),.UNSPECIFIED.);
#5635=EDGE_CURVE('',#5626,#5516,#5634,.T.);
#5636=ORIENTED_EDGE('',*,*,#5635,.F.);
#5637=CARTESIAN_POINT('',(11.368487603782700,1.020779808438936,8.625729931288023));
#5638=CARTESIAN_POINT('',(11.460555004408183,1.001233022274837,8.535779517798959));
#5639=CARTESIAN_POINT('',(11.647151115443222,0.915994479797806,8.317602970596578));
#5640=CARTESIAN_POINT('',(11.833156581824220,0.689131529979178,7.993630897457593));
#5641=CARTESIAN_POINT('',(11.973381142837878,0.324515607199093,7.605400646968135));
#5642=CARTESIAN_POINT('',(12.001601714037623,0.026599051651420,7.358752719841359));
#5643=CARTESIAN_POINT('',(11.998796872157035,-0.170634172475820,7.211516368914921));
#5644=B_SPLINE_CURVE_WITH_KNOTS('',3,(#5637,#5638,#5639,#5640,#5641,#5642,#5643),.UNSPECIFIED.,.F.,.U.,(4,1,1,1,4),(0.0,0.392022796512711,0.885788455357528,1.297856882710393,2.038043922760218),.UNSPECIFIED.);
#5645=EDGE_CURVE('',#3953,#5626,#5644,.T.);
#5646=ORIENTED_EDGE('',*,*,#5645,.F.);
#5647=ORIENTED_EDGE('',*,*,#3960,.F.);
#5648=ORIENTED_EDGE('',*,*,#5511,.T.);
#5649=CARTESIAN_POINT('',(17.620016129241915,6.262921764084674,9.483775146840950));
#5650=CARTESIAN_POINT('',(17.573829773338918,6.327406187893659,9.554821199695180));
#5651=CARTESIAN_POINT('',(17.476166881116491,6.412744404640234,9.669627881737068));
#5652=CARTESIAN_POINT('',(17.301590501429608,6.471782372680559,9.810533757197323));
#5653=CARTESIAN_POINT('',(17.141041741002656,6.476005202470855,9.904679237110010));
#5654=CARTESIAN_POINT('',(17.027289751817364,6.439630039087781,9.941942411313482));
#5655=CARTESIAN_POINT('',(16.974800103404093,6.411104718780214,9.949836967993317));
#5656=B_SPLINE_CURVE_WITH_KNOTS('',3,(#5649,#5650,#5651,#5652,#5653,#5654,#5655),.UNSPECIFIED.,.F.,.U.,(4,1,1,1,4),(0.0,0.321202223956016,0.508675593896505,0.690842750827208,0.873068577113721),.UNSPECIFIED.);
#5657=EDGE_CURVE('',#5586,#5506,#5656,.T.);
#5658=ORIENTED_EDGE('',*,*,#5657,.F.);
#5659=ORIENTED_EDGE('',*,*,#5596,.T.);
#5660=CARTESIAN_POINT('',(17.682977193039108,-3.994483762034601,4.408197031795194));
#5661=CARTESIAN_POINT('',(17.745674930425917,-3.980199932563345,4.404590557116755));
#5662=CARTESIAN_POINT('',(17.910402967346702,-3.925576645675299,4.399811450076143));
#5663=CARTESIAN_POINT('',(18.138676495837114,-3.775982525992712,4.413546320094326));
#5664=CARTESIAN_POINT('',(18.303846637264829,-3.573507562551339,4.450339568931666));
#5665=CARTESIAN_POINT('',(18.370434634564091,-3.438464749628584,4.480952617851992));
#5666=CARTESIAN_POINT('',(18.390542724327677,-3.387694957327594,4.493193134261093));
#5667=B_SPLINE_CURVE_WITH_KNOTS('',3,(#5660,#5661,#5662,#5663,#5664,#5665,#5666),.UNSPECIFIED.,.F.,.U.,(4,1,1,1,4),(0.0,0.193530680532360,0.517538779474489,0.808474587291234,0.976549478894174),.UNSPECIFIED.);
#5668=EDGE_CURVE('',#5526,#5578,#5667,.T.);
#5669=ORIENTED_EDGE('',*,*,#5668,.F.);
#5670=EDGE_LOOP('',(#5624,#5636,#5646,#5647,#5648,#5658,#5659,#5669));
#5671=FACE_OUTER_BOUND('',#5670,.T.);
#5672=ADVANCED_FACE('',(#5671),#5623,.F.);
#5673=CARTESIAN_POINT('',(17.213545923861929,5.971786728199217,10.199999999999999));
#5674=DIRECTION('',(0.0,0.0,-1.0));
#5675=DIRECTION('',(-0.642787609686541,0.766044443118977,0.0));
#5676=AXIS2_PLACEMENT_3D('',#5673,#5674,#5675);
#5677=CYLINDRICAL_SURFACE('',#5676,0.500000000000000);
#5678=ORIENTED_EDGE('',*,*,#5566,.T.);
#5679=ORIENTED_EDGE('',*,*,#5602,.T.);
#5680=ORIENTED_EDGE('',*,*,#5657,.T.);
#5681=EDGE_LOOP('',(#5678,#5679,#5680));
#5682=FACE_OUTER_BOUND('',#5681,.T.);
#5683=ADVANCED_FACE('',(#5682),#5677,.T.);
#5684=CARTESIAN_POINT('',(17.460848269881971,-3.019466458856523,10.199999999999999));
#5685=DIRECTION('',(0.0,0.0,-1.0));
#5686=DIRECTION('',(0.985375184530586,-0.170398784359850,0.0));
#5687=AXIS2_PLACEMENT_3D('',#5684,#5685,#5686);
#5688=CYLINDRICAL_SURFACE('',#5687,1.0);
#5689=ORIENTED_EDGE('',*,*,#5543,.T.);
#5690=ORIENTED_EDGE('',*,*,#5668,.T.);
#5691=ORIENTED_EDGE('',*,*,#5583,.T.);
#5692=EDGE_LOOP('',(#5689,#5690,#5691));
#5693=FACE_OUTER_BOUND('',#5692,.T.);
#5694=ADVANCED_FACE('',(#5693),#5688,.T.);
#5695=CARTESIAN_POINT('',(9.138358116935839,17.273584193766524,10.048301528622156));
#5696=CARTESIAN_POINT('',(9.457456497925108,16.958541879456597,9.903049526487850));
#5697=CARTESIAN_POINT('',(10.409163219617255,16.018822475586873,9.443329016749491));
#5698=CARTESIAN_POINT('',(12.275411066944725,14.175248654020349,8.381761326958941));
#5699=CARTESIAN_POINT('',(14.366532662763387,12.107243262543577,6.874286054484809));
#5700=CARTESIAN_POINT('',(16.067913930808871,10.421880364598042,5.363261707577864));
#5701=CARTESIAN_POINT('',(16.888039531452755,9.608463520902561,4.544829496271395));
#5702=CARTESIAN_POINT('',(17.157843151841437,9.340743575014644,4.265192308047165));
#5703=CARTESIAN_POINT('',(7.435905877857953,7.618466329000698,9.393198303405224));
#5704=CARTESIAN_POINT('',(7.562966665142536,7.398144239277524,9.305928545958935));
#5705=CARTESIAN_POINT('',(7.939635037993702,6.744465942138715,9.019281777349926));
#5706=CARTESIAN_POINT('',(8.660914381169107,5.488629179222549,8.300321644848086));
#5707=CARTESIAN_POINT('',(9.421377659316608,4.152976305086433,7.194500448747564));
#5708=CARTESIAN_POINT('',(9.981962133769015,3.153372115248612,6.045610926387147));
#5709=CARTESIAN_POINT('',(10.231074362371993,2.703152794606240,5.417700777383136));
#5710=CARTESIAN_POINT('',(10.310455355379979,2.558892944317862,5.202869450415776));
#5711=B_SPLINE_SURFACE_WITH_KNOTS('',3,1,((#5695,#5703),(#5696,#5704),(#5697,#5705),(#5698,#5706),(#5699,#5707),(#5700,#5708),(#5701,#5709),(#5702,#5710)),.UNSPECIFIED.,.F.,.F.,.U.,(4,1,1,1,1,4),(2,2),(0.0,1.356882921987591,4.070648765962774,8.141297531925547,10.855063375900730,12.211946297888321),(0.0,1.0),.UNSPECIFIED.);
#5712=CARTESIAN_POINT('',(8.882472474117105,15.822382342764296,9.949837107444390));
#5713=VERTEX_POINT('',#5712);
#5714=CARTESIAN_POINT('',(7.436085674498211,7.619486009737430,9.393267489110533));
#5715=DIRECTION('',(0.173261266998277,0.982616672508304,0.066670895200691));
#5716=VECTOR('',#5715,8.348012503856801);
#5717=LINE('',#5714,#5716);
#5718=EDGE_CURVE('',#3972,#5713,#5717,.T.);
#5719=ORIENTED_EDGE('',*,*,#5718,.F.);
#5720=ORIENTED_EDGE('',*,*,#3979,.F.);
#5721=CARTESIAN_POINT('',(10.368911241158770,6.040357776909678,7.211516368914921));
#5722=VERTEX_POINT('',#5721);
#5723=CARTESIAN_POINT('',(10.368911241158770,6.040357776909678,7.211516368914921));
#5724=CARTESIAN_POINT('',(10.276130819221214,6.199625157339577,7.340154051181612));
#5725=CARTESIAN_POINT('',(10.072764859574709,6.485923537646748,7.586404783456631));
#5726=CARTESIAN_POINT('',(9.693462792229578,6.855447641622178,7.956854501368720));
#5727=CARTESIAN_POINT('',(9.269855084178881,7.131647148939237,8.302317448321869));
#5728=CARTESIAN_POINT('',(8.946294822655270,7.249997718551670,8.525503228039668));
#5729=CARTESIAN_POINT('',(8.788181257756747,7.283705924561385,8.625729931288021));
#5730=B_SPLINE_CURVE_WITH_KNOTS('',3,(#5723,#5724,#5725,#5726,#5727,#5728,#5729),.UNSPECIFIED.,.F.,.U.,(4,1,1,1,4),(0.0,0.674948688036587,1.282157195992171,1.933802087543274,2.505457095145899),.UNSPECIFIED.);
#5731=EDGE_CURVE('',#5722,#3963,#5730,.T.);
#5732=ORIENTED_EDGE('',*,*,#5731,.F.);
#5733=CARTESIAN_POINT('',(11.426784592738471,3.664537661323272,5.049999999999988));
#5734=VERTEX_POINT('',#5733);
#5735=CARTESIAN_POINT('',(11.426784592738473,3.664537661323270,5.049999999999988));
#5736=CARTESIAN_POINT('',(11.303063172872637,4.050326577954071,5.457392971689376));
#5737=CARTESIAN_POINT('',(11.007051298529515,4.839742314163708,6.213890191481927));
#5738=CARTESIAN_POINT('',(10.597906319370606,5.647263571510552,6.894020549252916));
#5739=CARTESIAN_POINT('',(10.368911241158767,6.040357776909683,7.211516368914919));
#5740=B_SPLINE_CURVE_WITH_KNOTS('',3,(#5735,#5736,#5737,#5738,#5739),.UNSPECIFIED.,.F.,.U.,(4,1,4),(0.0,1.724810795202307,3.390063533504117),.UNSPECIFIED.);
#5741=EDGE_CURVE('',#5734,#5722,#5740,.T.);
#5742=ORIENTED_EDGE('',*,*,#5741,.F.);
#5743=CARTESIAN_POINT('',(16.113551085857306,8.306446553019477,4.408197031795431));
#5744=VERTEX_POINT('',#5743);
#5745=CARTESIAN_POINT('',(16.113551085857306,8.306446553019477,4.408197031795431));
#5746=DIRECTION('',(-0.707159507982778,-0.700391199939719,0.096837995211364));
#5747=VECTOR('',#5746,6.627594538731672);
#5748=LINE('',#5745,#5747);
#5749=EDGE_CURVE('',#5744,#5734,#5748,.T.);
#5750=ORIENTED_EDGE('',*,*,#5749,.F.);
#5751=CARTESIAN_POINT('',(16.265574543429544,9.226108864095238,4.739921264530675));
#5752=VERTEX_POINT('',#5751);
#5753=CARTESIAN_POINT('',(16.265560026785074,9.226097741140148,4.739924998283318));
#5754=CARTESIAN_POINT('',(16.289145200426677,9.155170244849057,4.694947098554023));
#5755=CARTESIAN_POINT('',(16.314470537429319,9.037153116083424,4.627508023900679));
#5756=CARTESIAN_POINT('',(16.320554647663755,8.804307899719319,4.518095840406740));
#5757=CARTESIAN_POINT('',(16.270467686038916,8.560300328676444,4.434242381311772));
#5758=CARTESIAN_POINT('',(16.166972404116901,8.376913601992476,4.409411822928147));
#5759=CARTESIAN_POINT('',(16.113551085857306,8.306446553019477,4.408197031795431));
#5760=B_SPLINE_CURVE_WITH_KNOTS('',3,(#5753,#5754,#5755,#5756,#5757,#5758,#5759),.UNSPECIFIED.,.F.,.U.,(4,1,1,1,4),(0.0,0.262197318755547,0.411708664397019,0.770579035468184,1.037024093492000),.UNSPECIFIED.);
#5761=EDGE_CURVE('',#5752,#5744,#5760,.T.);
#5762=ORIENTED_EDGE('',*,*,#5761,.F.);
#5763=CARTESIAN_POINT('',(9.471996122909472,16.123625195581418,9.784449071895072));
#5764=VERTEX_POINT('',#5763);
#5765=CARTESIAN_POINT('',(9.472006862166026,16.123644399156909,9.784447827926908));
#5766=CARTESIAN_POINT('',(9.801626955115554,15.930031662216065,9.641210990422575));
#5767=CARTESIAN_POINT('',(10.766360433091892,15.322580286983678,9.191952219271499));
#5768=CARTESIAN_POINT('',(12.553235712469423,13.954388268218251,8.194546344319988));
#5769=CARTESIAN_POINT('',(14.327273996119885,12.118022392540293,6.885727285369047));
#5770=CARTESIAN_POINT('',(15.567266704903323,10.400811547047079,5.635436825654942));
#5771=CARTESIAN_POINT('',(16.098323644472906,9.520829132246185,4.967824754523308));
#5772=CARTESIAN_POINT('',(16.265545510140608,9.226086618185059,4.739928732035960));
#5773=B_SPLINE_CURVE_WITH_KNOTS('',3,(#5765,#5766,#5767,#5768,#5769,#5770,#5771,#5772),.UNSPECIFIED.,.F.,.U.,(4,1,1,1,1,4),(0.0,0.111087739357370,0.333263218072110,0.666616008840237,0.888872002946746,1.0),.UNSPECIFIED.);
#5774=EDGE_CURVE('',#5764,#5752,#5773,.T.);
#5775=ORIENTED_EDGE('',*,*,#5774,.F.);
#5776=CARTESIAN_POINT('',(8.882472685975497,15.822382310549600,9.949837031666808));
#5777=CARTESIAN_POINT('',(8.898735474539738,15.863713740406528,9.949605216420711));
#5778=CARTESIAN_POINT('',(8.956118538576464,15.966726306659417,9.943335583892504));
#5779=CARTESIAN_POINT('',(9.114381916356065,16.103058138887121,9.907001990405522));
#5780=CARTESIAN_POINT('',(9.310345878124963,16.150157420892082,9.845243476759787));
#5781=CARTESIAN_POINT('',(9.434159928039550,16.133342572673911,9.799212838974743));
#5782=CARTESIAN_POINT('',(9.472001492537748,16.123634797369164,9.784448449910990));
#5783=B_SPLINE_CURVE_WITH_KNOTS('',3,(#5776,#5777,#5778,#5779,#5780,#5781,#5782),.UNSPECIFIED.,.F.,.U.,(4,1,1,1,4),(0.0,0.133666946626361,0.349785187420429,0.620793621578635,0.746313592348586),.UNSPECIFIED.);
#5784=EDGE_CURVE('',#5713,#5764,#5783,.T.);
#5785=ORIENTED_EDGE('',*,*,#5784,.F.);
#5786=EDGE_LOOP('',(#5719,#5720,#5732,#5742,#5750,#5762,#5775,#5785));
#5787=FACE_OUTER_BOUND('',#5786,.T.);
#5788=ADVANCED_FACE('',(#5787),#5711,.F.);
#5789=CARTESIAN_POINT('',(0.0,0.0,10.199999999999999));
#5790=DIRECTION('',(0.0,0.0,1.0));
#5791=DIRECTION('',(0.766044443118978,-0.642787609686540,0.0));
#5792=AXIS2_PLACEMENT_3D('',#5789,#5790,#5791);
#5793=CYLINDRICAL_SURFACE('',#5792,18.699999999999999);
#5794=ORIENTED_EDGE('',*,*,#5774,.T.);
#5795=CARTESIAN_POINT('',(16.265574543429537,9.226108864095245,4.493186679761278));
#5796=VERTEX_POINT('',#5795);
#5797=CARTESIAN_POINT('',(16.265574543429544,9.226108864095242,4.493186679761277));
#5798=DIRECTION('',(0.0,0.0,1.0));
#5799=VECTOR('',#5798,0.246734584769397);
#5800=LINE('',#5797,#5799);
#5801=EDGE_CURVE('',#5796,#5752,#5800,.T.);
#5802=ORIENTED_EDGE('',*,*,#5801,.F.);
#5803=CARTESIAN_POINT('',(9.471996122909474,16.123625195581418,9.483772167682544));
#5804=VERTEX_POINT('',#5803);
#5805=CARTESIAN_POINT('',(9.471993433862348,16.123626775290621,9.483768564408063));
#5806=CARTESIAN_POINT('',(9.739103817852358,15.966709982404597,9.215635976322055));
#5807=CARTESIAN_POINT('',(10.551041332279386,15.462943944798885,8.441125593239562));
#5808=CARTESIAN_POINT('',(12.208393335449720,14.248146652151478,7.062035456836565));
#5809=CARTESIAN_POINT('',(14.058685101383176,12.442837056561663,5.779672673428216));
#5810=CARTESIAN_POINT('',(15.454399478916427,10.579657331422741,4.937328435523993));
#5811=CARTESIAN_POINT('',(16.070117484115560,9.570698250563828,4.597480852064201));
#5812=CARTESIAN_POINT('',(16.265571834279168,9.226113640309459,4.493165826340364));
#5813=B_SPLINE_CURVE_WITH_KNOTS('',3,(#5805,#5806,#5807,#5808,#5809,#5810,#5811,#5812),.UNSPECIFIED.,.F.,.U.,(4,1,1,1,1,4),(0.0,0.111115225129158,0.333345675387475,0.666697360057154,0.888899120019051,1.0),.UNSPECIFIED.);
#5814=EDGE_CURVE('',#5804,#5796,#5813,.T.);
#5815=ORIENTED_EDGE('',*,*,#5814,.F.);
#5816=CARTESIAN_POINT('',(9.471996122909346,16.123625195581493,9.784449071895070));
#5817=DIRECTION('',(0.0,0.0,-1.0));
#5818=VECTOR('',#5817,0.300676904212526);
#5819=LINE('',#5816,#5818);
#5820=EDGE_CURVE('',#5764,#5804,#5819,.T.);
#5821=ORIENTED_EDGE('',*,*,#5820,.F.);
#5822=EDGE_LOOP('',(#5794,#5802,#5815,#5821));
#5823=FACE_OUTER_BOUND('',#5822,.T.);
#5824=ADVANCED_FACE('',(#5823),#5793,.T.);
#5825=CARTESIAN_POINT('',(7.435904879078112,7.618473473927129,9.393196818344642));
#5826=CARTESIAN_POINT('',(7.516588377391552,7.473044947236816,9.181096630590073));
#5827=CARTESIAN_POINT('',(7.769018908918997,7.019847795065739,8.560598210275940));
#5828=CARTESIAN_POINT('',(8.332994225932421,6.017194512204060,7.421541173344314));
#5829=CARTESIAN_POINT('',(9.092295677190279,4.682566801444077,6.316439875054699));
#5830=CARTESIAN_POINT('',(9.809857406231554,3.430068801718344,5.587851928669029));
#5831=CARTESIAN_POINT('',(10.184204124633430,2.778489384829986,5.293177424680429));
#5832=CARTESIAN_POINT('',(10.310459650494590,2.558897198323287,5.202868862245506));
#5833=CARTESIAN_POINT('',(9.138980296303517,17.277111480913451,10.048541052993478));
#5834=CARTESIAN_POINT('',(9.400466369937025,17.017850059997500,9.751694156552308));
#5835=CARTESIAN_POINT('',(10.199432177465038,16.225965835493998,8.886342091893260));
#5836=CARTESIAN_POINT('',(11.879430711094511,14.562455373247630,7.312118401586274));
#5837=CARTESIAN_POINT('',(13.978669528767430,12.486446827046027,5.798814666332273));
#5838=CARTESIAN_POINT('',(15.869287116825303,10.618373821955382,4.798586454819710));
#5839=CARTESIAN_POINT('',(16.836045005517061,9.663501311657317,4.390512755741233));
#5840=CARTESIAN_POINT('',(17.160344773006660,9.343221252865837,4.264849737557578));
#5841=B_SPLINE_SURFACE_WITH_KNOTS('',3,1,((#5825,#5833),(#5826,#5834),(#5827,#5835),(#5828,#5836),(#5829,#5837),(#5830,#5838),(#5831,#5839),(#5832,#5840)),.UNSPECIFIED.,.F.,.F.,.U.,(4,1,1,1,1,4),(2,2),(0.0,0.900290481750859,2.700871445252577,5.401742890505154,7.202323854006871,8.102614335757730),(0.0,1.0),.UNSPECIFIED.);
#5842=ORIENTED_EDGE('',*,*,#5749,.T.);
#5843=CARTESIAN_POINT('',(9.301293199884071,7.581964600938433,7.211516368915943));
#5844=CARTESIAN_POINT('',(9.495480048697013,7.343742858760003,6.982107219659261));
#5845=CARTESIAN_POINT('',(9.931391471017378,6.766410749807893,6.495678257176023));
#5846=CARTESIAN_POINT('',(10.554847933062057,5.758586015308374,5.864035800358107));
#5847=CARTESIAN_POINT('',(11.068415789495662,4.682218911590007,5.378482559830861));
#5848=CARTESIAN_POINT('',(11.330132624630775,3.965918441683998,5.138371042796464));
#5849=CARTESIAN_POINT('',(11.426784592738471,3.664537661323270,5.049999999999989));
#5850=B_SPLINE_CURVE_WITH_KNOTS('',3,(#5843,#5844,#5845,#5846,#5847,#5848,#5849),.UNSPECIFIED.,.F.,.U.,(4,1,1,1,4),(0.0,1.151169812880557,2.609916062084845,4.018551720625664,5.004770377895075),.UNSPECIFIED.);
#5851=EDGE_CURVE('',#3732,#5734,#5850,.T.);
#5852=ORIENTED_EDGE('',*,*,#5851,.F.);
#5853=ORIENTED_EDGE('',*,*,#3771,.F.);
#5854=ORIENTED_EDGE('',*,*,#3987,.F.);
#5855=ORIENTED_EDGE('',*,*,#5718,.T.);
#5856=CARTESIAN_POINT('',(9.471986933082739,16.123604465419653,9.483775146840950));
#5857=CARTESIAN_POINT('',(9.395156343153145,16.143314382635232,9.554821199695180));
#5858=CARTESIAN_POINT('',(9.265487878909783,16.145910752312901,9.669627881737068));
#5859=CARTESIAN_POINT('',(9.093805738993428,16.078920925856568,9.810533757197323));
#5860=CARTESIAN_POINT('',(8.968103870551703,15.978957047198683,9.904679237110010));
#5861=CARTESIAN_POINT('',(8.904346295665542,15.877973686196032,9.941942411313482));
#5862=CARTESIAN_POINT('',(8.882472614633329,15.822382327449377,9.949836967993317));
#5863=B_SPLINE_CURVE_WITH_KNOTS('',3,(#5856,#5857,#5858,#5859,#5860,#5861,#5862),.UNSPECIFIED.,.F.,.U.,(4,1,1,1,4),(0.0,0.321202223956016,0.508675593896505,0.690842750827208,0.873068577113721),.UNSPECIFIED.);
#5864=EDGE_CURVE('',#5804,#5713,#5863,.T.);
#5865=ORIENTED_EDGE('',*,*,#5864,.F.);
#5866=ORIENTED_EDGE('',*,*,#5814,.T.);
#5867=CARTESIAN_POINT('',(16.113551085857146,8.306446553019605,4.408197031795194));
#5868=CARTESIAN_POINT('',(16.152398870575446,8.357689929960138,4.404590557116755));
#5869=CARTESIAN_POINT('',(16.243476695872523,8.505418936446286,4.399811450076143));
#5870=CARTESIAN_POINT('',(16.322187117269834,8.766746076285472,4.413546320094326));
#5871=CARTESIAN_POINT('',(16.318566388507858,9.028020217300362,4.450339568931666));
#5872=CARTESIAN_POINT('',(16.282771906893416,9.174270953340802,4.480952617851992));
#5873=CARTESIAN_POINT('',(16.265541403881116,9.226088101565779,4.493193134261093));
#5874=B_SPLINE_CURVE_WITH_KNOTS('',3,(#5867,#5868,#5869,#5870,#5871,#5872,#5873),.UNSPECIFIED.,.F.,.U.,(4,1,1,1,4),(0.0,0.193530680532360,0.517538779474489,0.808474587291234,0.976549478894174),.UNSPECIFIED.);
#5875=EDGE_CURVE('',#5744,#5796,#5874,.T.);
#5876=ORIENTED_EDGE('',*,*,#5875,.F.);
#5877=EDGE_LOOP('',(#5842,#5852,#5853,#5854,#5855,#5865,#5866,#5876));
#5878=FACE_OUTER_BOUND('',#5877,.T.);
#5879=ADVANCED_FACE('',(#5878),#5841,.F.);
#5880=CARTESIAN_POINT('',(9.347750684770787,15.639308077257354,10.199999999999999));
#5881=DIRECTION('',(0.0,0.0,-1.0));
#5882=DIRECTION('',(-0.984807753012208,0.173648177666928,0.0));
#5883=AXIS2_PLACEMENT_3D('',#5880,#5881,#5882);
#5884=CYLINDRICAL_SURFACE('',#5883,0.500000000000000);
#5885=ORIENTED_EDGE('',*,*,#5784,.T.);
#5886=ORIENTED_EDGE('',*,*,#5820,.T.);
#5887=ORIENTED_EDGE('',*,*,#5864,.T.);
#5888=EDGE_LOOP('',(#5885,#5886,#5887));
#5889=FACE_OUTER_BOUND('',#5888,.T.);
#5890=ADVANCED_FACE('',(#5889),#5884,.T.);
#5891=CARTESIAN_POINT('',(15.316661416903772,8.910571420505601,10.199999999999999));
#5892=DIRECTION('',(0.0,0.0,-1.0));
#5893=DIRECTION('',(0.864371411789152,0.502853917635756,0.0));
#5894=AXIS2_PLACEMENT_3D('',#5891,#5892,#5893);
#5895=CYLINDRICAL_SURFACE('',#5894,1.0);
#5896=ORIENTED_EDGE('',*,*,#5761,.T.);
#5897=ORIENTED_EDGE('',*,*,#5875,.T.);
#5898=ORIENTED_EDGE('',*,*,#5801,.T.);
#5899=EDGE_LOOP('',(#5896,#5897,#5898));
#5900=FACE_OUTER_BOUND('',#5899,.T.);
#5901=ADVANCED_FACE('',(#5900),#5895,.T.);
#5902=CARTESIAN_POINT('',(11.998782242418654,-0.171659835490658,7.211516368914921));
#5903=CARTESIAN_POINT('',(12.062071277751507,4.252155153735331,7.211516368914921));
#5904=CARTESIAN_POINT('',(9.238542501554818,7.658301041815159,7.211516368914921));
#5905=CARTESIAN_POINT('',(11.998782242418654,-0.171659835490658,8.039943493661111));
#5906=CARTESIAN_POINT('',(12.062071277751505,4.252155153735331,8.039943493661111));
#5907=CARTESIAN_POINT('',(9.238542501554818,7.658301041815159,8.039943493661111));
#5908=CARTESIAN_POINT('',(11.413055743267842,-0.163280175583898,8.625729931288017));
#5909=CARTESIAN_POINT('',(11.473255292988640,4.044584093462348,8.625729931288017));
#5910=CARTESIAN_POINT('',(8.787558472728831,7.284457282670380,8.625729931288017));
#5918=(BOUNDED_SURFACE()B_SPLINE_SURFACE(2,2,((#5902,#5905,#5908),(#5903,#5906,#5909),(#5904,#5907,#5910)),.UNSPECIFIED.,.F.,.F.,.U.)GEOMETRIC_REPRESENTATION_ITEM()QUASI_UNIFORM_SURFACE()RATIONAL_B_SPLINE_SURFACE(((1.0,0.923879532511287,1.0),(0.938261639930741,0.866840725272486,0.938261639930741),(1.0,0.923879532511287,1.0)))REPRESENTATION_ITEM('')SURFACE());
#5919=CARTESIAN_POINT('',(0.0,0.0,7.211516368914921));
#5920=DIRECTION('',(0.0,0.0,1.0));
#5921=DIRECTION('',(0.0,1.0,0.0));
#5922=AXIS2_PLACEMENT_3D('',#5919,#5920,#5921);
#5923=CIRCLE('',#5922,12.000010099999997);
#5924=EDGE_CURVE('',#5626,#5722,#5923,.T.);
#5925=ORIENTED_EDGE('',*,*,#5924,.T.);
#5926=ORIENTED_EDGE('',*,*,#5731,.T.);
#5927=ORIENTED_EDGE('',*,*,#3969,.F.);
#5928=ORIENTED_EDGE('',*,*,#5645,.T.);
#5929=EDGE_LOOP('',(#5925,#5926,#5927,#5928));
#5930=FACE_OUTER_BOUND('',#5929,.T.);
#5931=ADVANCED_FACE('',(#5930),#5918,.T.);
#5932=CARTESIAN_POINT('',(-9.593136333210996,-4.615794052604174,9.393196818344642));
#5933=CARTESIAN_POINT('',(-9.619214535653066,-4.451540557564340,9.181096630590073));
#5934=CARTESIAN_POINT('',(-9.701419088450134,-3.939338211335200,8.560598210275940));
#5935=CARTESIAN_POINT('',(-9.888454912642740,-2.804261401466243,7.421541173344314));
#5936=CARTESIAN_POINT('',(-10.145495322421237,-1.290425198982094,6.316439875054699));
#5937=CARTESIAN_POINT('',(-10.391403238778398,0.131958494320997,5.587851928669029));
#5938=CARTESIAN_POINT('',(-10.520320802123848,0.872276982508275,5.293177424680429));
#5939=CARTESIAN_POINT('',(-10.563857237006806,1.121808072801555,5.202868862245506));
#5940=CARTESIAN_POINT('',(-14.496952490899803,-13.109458816317677,10.048541052993478));
#5941=CARTESIAN_POINT('',(-14.653996396391001,-12.776399267846690,9.751694156552308));
#5942=CARTESIAN_POINT('',(-15.133938314023306,-11.759009105560940,8.886342091893260));
#5943=CARTESIAN_POINT('',(-16.143666452284823,-9.621227260329004,7.312118401586274));
#5944=CARTESIAN_POINT('',(-17.406268938002206,-6.952435387479582,5.798814666332273));
#5945=CARTESIAN_POINT('',(-18.543949737284329,-4.550391671064958,4.798586454819710));
#5946=CARTESIAN_POINT('',(-19.125819358544653,-3.322454347694976,4.390512755741233));
#5947=CARTESIAN_POINT('',(-19.321019225364999,-2.910572486906472,4.264849737557578));
#5948=B_SPLINE_SURFACE_WITH_KNOTS('',3,1,((#5932,#5940),(#5933,#5941),(#5934,#5942),(#5935,#5943),(#5936,#5944),(#5937,#5945),(#5938,#5946),(#5939,#5947)),.UNSPECIFIED.,.F.,.F.,.U.,(4,1,1,1,1,4),(2,2),(0.0,0.900290481750859,2.700871445252577,5.401742890505154,7.202323854006871,8.102614335757730),(0.0,1.0),.UNSPECIFIED.);
#5949=ORIENTED_EDGE('',*,*,#4784,.T.);
#5950=CARTESIAN_POINT('',(-11.551515052147920,-3.250000000000000,6.709267775057937));
#5951=VERTEX_POINT('',#5950);
#5952=CARTESIAN_POINT('',(-11.551534426420361,-3.249954580622014,6.709344435893482));
#5953=CARTESIAN_POINT('',(-11.571875856839123,-3.177662788059580,6.661372761174663));
#5954=CARTESIAN_POINT('',(-11.699748008620389,-2.706403930000717,6.356746990374427));
#5955=CARTESIAN_POINT('',(-11.887865130524844,-1.801330181899644,5.864035800358197));
#5956=CARTESIAN_POINT('',(-12.002321824403463,-0.614225405413961,5.378482559830845));
#5957=CARTESIAN_POINT('',(-12.003266013733887,0.148389289885848,5.138371042796464));
#5958=CARTESIAN_POINT('',(-11.991010857254548,0.464651505222424,5.049999999999989));
#5959=B_SPLINE_CURVE_WITH_KNOTS('',3,(#5952,#5953,#5954,#5955,#5956,#5957,#5958),.UNSPECIFIED.,.F.,.U.,(4,1,1,1,4),(0.883890047645670,1.151169812878062,2.609916062082351,4.018551720623169,5.004770377892576),.UNSPECIFIED.);
#5960=EDGE_CURVE('',#5951,#4769,#5959,.T.);
#5961=ORIENTED_EDGE('',*,*,#5960,.F.);
#5962=CARTESIAN_POINT('',(-11.333541203201438,-3.943486553221306,7.211516368914919));
#5963=CARTESIAN_POINT('',(-11.411090395239858,-3.720610945207767,7.035371666719018));
#5964=CARTESIAN_POINT('',(-11.484265630795711,-3.489022419958239,6.867986021858631));
#5965=CARTESIAN_POINT('',(-11.551534426420361,-3.249954580622014,6.709344435893482));
#5966=B_SPLINE_CURVE_WITH_KNOTS('',3,(#5962,#5963,#5964,#5965),.UNSPECIFIED.,.F.,.U.,(4,4),(0.0,0.883890047645670),.UNSPECIFIED.);
#5967=EDGE_CURVE('',#3484,#5951,#5966,.T.);
#5968=ORIENTED_EDGE('',*,*,#5967,.F.);
#5969=ORIENTED_EDGE('',*,*,#3523,.F.);
#5970=ORIENTED_EDGE('',*,*,#3882,.F.);
#5971=ORIENTED_EDGE('',*,*,#4764,.T.);
#5972=ORIENTED_EDGE('',*,*,#4875,.F.);
#5973=ORIENTED_EDGE('',*,*,#4849,.T.);
#5974=ORIENTED_EDGE('',*,*,#4894,.F.);
#5975=EDGE_LOOP('',(#5949,#5961,#5968,#5969,#5970,#5971,#5972,#5973,#5974));
#5976=FACE_OUTER_BOUND('',#5975,.T.);
#5977=ADVANCED_FACE('',(#5976),#5948,.F.);
#5978=CARTESIAN_POINT('',(4.415780E-016,6.826416E-016,7.211516368914916));
#5979=DIRECTION('',(6.123234E-017,1.480297E-016,1.0));
#5980=DIRECTION('',(-0.962626254345660,-0.270833333333334,9.903525E-017));
#5981=AXIS2_PLACEMENT_3D('',#5978,#5979,#5980);
#5982=CYLINDRICAL_SURFACE('',#5981,12.0);
#5983=CARTESIAN_POINT('',(2.175410E-031,0.0,3.552714E-015));
#5984=DIRECTION('',(6.123234E-017,6.139972E-017,1.0));
#5985=DIRECTION('',(-3.759649E-033,1.0,-6.139972E-017));
#5986=AXIS2_PLACEMENT_3D('',#5983,#5984,#5985);
#5987=CIRCLE('',#5986,12.0);
#5988=EDGE_CURVE('',#1099,#1260,#5987,.T.);
#5989=ORIENTED_EDGE('',*,*,#5988,.T.);
#5990=ORIENTED_EDGE('',*,*,#1265,.F.);
#5991=ORIENTED_EDGE('',*,*,#1363,.F.);
#5992=ORIENTED_EDGE('',*,*,#1297,.F.);
#5993=ORIENTED_EDGE('',*,*,#1325,.F.);
#5994=CARTESIAN_POINT('',(2.175410E-031,0.0,3.552714E-015));
#5995=DIRECTION('',(6.123234E-017,6.139972E-017,1.0));
#5996=DIRECTION('',(-3.759649E-033,1.0,-6.139972E-017));
#5997=AXIS2_PLACEMENT_3D('',#5994,#5995,#5996);
#5998=CIRCLE('',#5997,12.0);
#5999=EDGE_CURVE('',#1314,#1171,#5998,.T.);
#6000=ORIENTED_EDGE('',*,*,#5999,.T.);
#6001=ORIENTED_EDGE('',*,*,#1176,.F.);
#6002=ORIENTED_EDGE('',*,*,#1345,.F.);
#6003=ORIENTED_EDGE('',*,*,#1209,.F.);
#6004=ORIENTED_EDGE('',*,*,#1238,.F.);
#6005=CARTESIAN_POINT('',(2.175410E-031,0.0,3.552714E-015));
#6006=DIRECTION('',(6.123234E-017,6.139972E-017,1.0));
#6007=DIRECTION('',(-3.759649E-033,1.0,-6.139972E-017));
#6008=AXIS2_PLACEMENT_3D('',#6005,#6006,#6007);
#6009=CIRCLE('',#6008,12.0);
#6010=EDGE_CURVE('',#1227,#1140,#6009,.T.);
#6011=ORIENTED_EDGE('',*,*,#6010,.T.);
#6012=ORIENTED_EDGE('',*,*,#1145,.T.);
#6013=ORIENTED_EDGE('',*,*,#1382,.F.);
#6014=CARTESIAN_POINT('',(-11.551515052147920,-3.250000000000000,6.709267775057937));
#6015=DIRECTION('',(0.0,0.0,-1.0));
#6016=VECTOR('',#6015,4.109267775057935);
#6017=LINE('',#6014,#6016);
#6018=EDGE_CURVE('',#5951,#1107,#6017,.T.);
#6019=ORIENTED_EDGE('',*,*,#6018,.F.);
#6020=ORIENTED_EDGE('',*,*,#5960,.T.);
#6021=ORIENTED_EDGE('',*,*,#4776,.T.);
#6022=ORIENTED_EDGE('',*,*,#3430,.F.);
#6023=ORIENTED_EDGE('',*,*,#4690,.T.);
#6024=ORIENTED_EDGE('',*,*,#4580,.T.);
#6025=ORIENTED_EDGE('',*,*,#3368,.F.);
#6026=ORIENTED_EDGE('',*,*,#4494,.T.);
#6027=ORIENTED_EDGE('',*,*,#4384,.T.);
#6028=ORIENTED_EDGE('',*,*,#3317,.F.);
#6029=ORIENTED_EDGE('',*,*,#3288,.F.);
#6030=ORIENTED_EDGE('',*,*,#4298,.T.);
#6031=ORIENTED_EDGE('',*,*,#4188,.T.);
#6032=ORIENTED_EDGE('',*,*,#3740,.F.);
#6033=ORIENTED_EDGE('',*,*,#5851,.T.);
#6034=ORIENTED_EDGE('',*,*,#5741,.T.);
#6035=ORIENTED_EDGE('',*,*,#5924,.F.);
#6036=ORIENTED_EDGE('',*,*,#5635,.T.);
#6037=ORIENTED_EDGE('',*,*,#5523,.T.);
#6038=ORIENTED_EDGE('',*,*,#3678,.F.);
#6039=ORIENTED_EDGE('',*,*,#5437,.T.);
#6040=ORIENTED_EDGE('',*,*,#5327,.T.);
#6041=ORIENTED_EDGE('',*,*,#3616,.F.);
#6042=ORIENTED_EDGE('',*,*,#5241,.T.);
#6043=ORIENTED_EDGE('',*,*,#5131,.T.);
#6044=ORIENTED_EDGE('',*,*,#3554,.F.);
#6045=ORIENTED_EDGE('',*,*,#5045,.T.);
#6046=ORIENTED_EDGE('',*,*,#4935,.T.);
#6047=ORIENTED_EDGE('',*,*,#3492,.F.);
#6048=ORIENTED_EDGE('',*,*,#5967,.T.);
#6049=ORIENTED_EDGE('',*,*,#6018,.T.);
#6050=ORIENTED_EDGE('',*,*,#1112,.T.);
#6051=EDGE_LOOP('',(#5989,#5990,#5991,#5992,#5993,#6000,#6001,#6002,#6003,#6004,#6011,#6012,#6013,#6019,#6020,#6021,#6022,#6023,#6024,#6025,#6026,#6027,#6028,#6029,#6030,#6031,#6032,#6033,#6034,#6035,#6036,#6037,#6038,#6039,#6040,#6041,#6042,#6043,#6044,#6045,#6046,#6047,#6048,#6049,#6050));
#6052=FACE_OUTER_BOUND('',#6051,.T.);
#6053=ADVANCED_FACE('',(#6052),#5982,.T.);
#6054=CARTESIAN_POINT('',(-20.358005625223633,-20.358005625223640,1.583915E-015));
#6055=DIRECTION('',(0.0,0.0,1.0));
#6056=DIRECTION('',(1.0,0.0,0.0));
#6057=AXIS2_PLACEMENT_3D('',#6054,#6055,#6056);
#6058=PLANE('',#6057);
#6059=ORIENTED_EDGE('',*,*,#2023,.T.);
#6060=ORIENTED_EDGE('',*,*,#1890,.F.);
#6061=ORIENTED_EDGE('',*,*,#2175,.T.);
#6062=ORIENTED_EDGE('',*,*,#2042,.F.);
#6063=ORIENTED_EDGE('',*,*,#2213,.T.);
#6064=ORIENTED_EDGE('',*,*,#1654,.F.);
#6065=ORIENTED_EDGE('',*,*,#1871,.T.);
#6066=ORIENTED_EDGE('',*,*,#1738,.F.);
#6067=EDGE_LOOP('',(#6059,#6060,#6061,#6062,#6063,#6064,#6065,#6066));
#6068=FACE_OUTER_BOUND('',#6067,.T.);
#6069=ORIENTED_EDGE('',*,*,#679,.F.);
#6070=ORIENTED_EDGE('',*,*,#626,.F.);
#6071=ORIENTED_EDGE('',*,*,#1182,.F.);
#6072=ORIENTED_EDGE('',*,*,#5999,.F.);
#6073=ORIENTED_EDGE('',*,*,#1319,.T.);
#6074=ORIENTED_EDGE('',*,*,#759,.F.);
#6075=ORIENTED_EDGE('',*,*,#697,.F.);
#6076=EDGE_LOOP('',(#6069,#6070,#6071,#6072,#6073,#6074,#6075));
#6077=FACE_BOUND('',#6076,.T.);
#6078=ORIENTED_EDGE('',*,*,#1271,.F.);
#6079=ORIENTED_EDGE('',*,*,#5988,.F.);
#6080=ORIENTED_EDGE('',*,*,#1104,.T.);
#6081=ORIENTED_EDGE('',*,*,#846,.F.);
#6082=ORIENTED_EDGE('',*,*,#822,.F.);
#6083=ORIENTED_EDGE('',*,*,#799,.F.);
#6084=ORIENTED_EDGE('',*,*,#781,.F.);
#6085=ORIENTED_EDGE('',*,*,#743,.F.);
#6086=EDGE_LOOP('',(#6078,#6079,#6080,#6081,#6082,#6083,#6084,#6085));
#6087=FACE_BOUND('',#6086,.T.);
#6088=ORIENTED_EDGE('',*,*,#1087,.F.);
#6089=ORIENTED_EDGE('',*,*,#1006,.F.);
#6090=ORIENTED_EDGE('',*,*,#1044,.T.);
#6091=ORIENTED_EDGE('',*,*,#924,.F.);
#6092=ORIENTED_EDGE('',*,*,#870,.F.);
#6093=EDGE_LOOP('',(#6088,#6089,#6090,#6091,#6092));
#6094=FACE_BOUND('',#6093,.T.);
#6095=ORIENTED_EDGE('',*,*,#1151,.F.);
#6096=ORIENTED_EDGE('',*,*,#6010,.F.);
#6097=ORIENTED_EDGE('',*,*,#1232,.T.);
#6098=ORIENTED_EDGE('',*,*,#644,.F.);
#6099=ORIENTED_EDGE('',*,*,#985,.F.);
#6100=ORIENTED_EDGE('',*,*,#969,.F.);
#6101=ORIENTED_EDGE('',*,*,#947,.F.);
#6102=ORIENTED_EDGE('',*,*,#908,.F.);
#6103=EDGE_LOOP('',(#6095,#6096,#6097,#6098,#6099,#6100,#6101,#6102));
#6104=FACE_BOUND('',#6103,.T.);
#6105=ORIENTED_EDGE('',*,*,#3124,.F.);
#6106=ORIENTED_EDGE('',*,*,#3117,.F.);
#6107=EDGE_LOOP('',(#6105,#6106));
#6108=FACE_BOUND('',#6107,.T.);
#6109=ORIENTED_EDGE('',*,*,#3159,.F.);
#6110=ORIENTED_EDGE('',*,*,#3152,.F.);
#6111=EDGE_LOOP('',(#6109,#6110));
#6112=FACE_BOUND('',#6111,.T.);
#6113=ORIENTED_EDGE('',*,*,#3194,.F.);
#6114=ORIENTED_EDGE('',*,*,#3187,.F.);
#6115=EDGE_LOOP('',(#6113,#6114));
#6116=FACE_BOUND('',#6115,.T.);
#6117=ORIENTED_EDGE('',*,*,#3229,.F.);
#6118=ORIENTED_EDGE('',*,*,#3222,.F.);
#6119=EDGE_LOOP('',(#6117,#6118));
#6120=FACE_BOUND('',#6119,.T.);
#6121=ADVANCED_FACE('',(#6068,#6077,#6087,#6094,#6104,#6108,#6112,#6116,#6120),#6058,.F.);
#6122=CLOSED_SHELL('',(#341,#405,#599,#630,#669,#685,#708,#747,#771,#787,#810,#834,#858,#881,#912,#935,#959,#975,#991,#1033,#1056,#1073,#1091,#1123,#1155,#1187,#1220,#1244,#1275,#1307,#1332,#1350,#1369,#1387,#1418,#1434,#1457,#1481,#1497,#1520,#1544,#1560,#1583,#1607,#1623,#1639,#1681,#1723,#1765,#1807,#1875,#1917,#1959,#2027,#2069,#2111,#2179,#2247,#2299,#2351,#2403,#2455,#2480,#2505,#2530,#2555,#2580,#2605,#2630,#2655,#2691,#2727,#2763,#2799,#2816,#2833,#2845,#2862,#2879,#2891,#2908,#2925,#2937,#2954,#2971,#2983,#3093,#3128,#3163,#3198,#3233,#3292,#3341,#3403,#3465,#3527,#3589,#3651,#3713,#3775,#4011,#4077,#4107,#4142,#4152,#4235,#4271,#4326,#4337,#4348,#4431,#4467,#4522,#4533,#4544,#4627,#4663,#4718,#4729,#4740,#4823,#4859,#4879,#4899,#4982,#5018,#5073,#5084,#5095,#5178,#5214,#5269,#5280,#5291,#5374,#5410,#5465,#5476,#5487,#5570,#5606,#5672,#5683,#5694,#5788,#5824,#5879,#5890,#5901,#5931,#5977,#6053,#6121));
#6123=MANIFOLD_SOLID_BREP('',#6122);
#6129=(NAMED_UNIT(*)PLANE_ANGLE_UNIT()SI_UNIT($,.RADIAN.));
#6130=DIMENSIONAL_EXPONENTS(0.0,0.0,0.0,0.0,0.0,0.0,0.0);
#6131=PLANE_ANGLE_MEASURE_WITH_UNIT(PLANE_ANGLE_MEASURE(0.017453292500000),#6129);
#6135=(CONVERSION_BASED_UNIT('DEGREE',#6131)NAMED_UNIT(#6130)PLANE_ANGLE_UNIT());
#6139=(NAMED_UNIT(*)SI_UNIT($,.STERADIAN.)SOLID_ANGLE_UNIT());
#6143=(LENGTH_UNIT()NAMED_UNIT(*)SI_UNIT(.MILLI.,.METRE.));
#6145=UNCERTAINTY_MEASURE_WITH_UNIT(LENGTH_MEASURE(0.001000000000000),#6143,'DISTANCE_ACCURACY_VALUE','');
#6147=(GEOMETRIC_REPRESENTATION_CONTEXT(3)GLOBAL_UNCERTAINTY_ASSIGNED_CONTEXT((#6145))GLOBAL_UNIT_ASSIGNED_CONTEXT((#6135,#6139,#6143))REPRESENTATION_CONTEXT('thinkdesign','2013.1.116'));
#6148=ADVANCED_BREP_SHAPE_REPRESENTATION('',(#6123),#6147);
#6149=APPLICATION_CONTEXT('configuration controlled 3D designs of mechanical parts and assemblies');
#6150=APPLICATION_PROTOCOL_DEFINITION('International Standard','config_control_design',1995,#6149);
#6151=MECHANICAL_CONTEXT('None',#6149,'mechanical');
#6152=PRODUCT('None','None','None',(#6151));
#6153=PRODUCT_RELATED_PRODUCT_CATEGORY('detail',$,(#6152));
#6154=PRODUCT_CATEGORY('part',$);
#6155=PRODUCT_CATEGORY_RELATIONSHIP('None','None',#6154,#6153);
#6156=PERSON('PERSON1','None','None',$,$,$);
#6157=ORGANIZATION('','None','None');
#6158=PERSON_AND_ORGANIZATION(#6156,#6157);
#6159=PERSON_AND_ORGANIZATION_ROLE('design_owner');
#6160=CC_DESIGN_PERSON_AND_ORGANIZATION_ASSIGNMENT(#6158,#6159,(#6152));
#6161=PRODUCT_DEFINITION_FORMATION_WITH_SPECIFIED_SOURCE('None','None',#6152,.NOT_KNOWN.);
#6162=PERSON('PERSON2','None','None',$,$,$);
#6163=ORGANIZATION('','None','None');
#6164=PERSON_AND_ORGANIZATION(#6162,#6163);
#6165=PERSON_AND_ORGANIZATION_ROLE('creator');
#6166=CC_DESIGN_PERSON_AND_ORGANIZATION_ASSIGNMENT(#6164,#6165,(#6161));
#6167=PERSON('PERSON3','None','None',$,$,$);
#6168=ORGANIZATION('','None','None');
#6169=PERSON_AND_ORGANIZATION(#6167,#6168);
#6170=PERSON_AND_ORGANIZATION_ROLE('part_supplier');
#6171=CC_DESIGN_PERSON_AND_ORGANIZATION_ASSIGNMENT(#6169,#6170,(#6161));
#6172=APPROVAL_STATUS('approved');
#6173=APPROVAL(#6172,'None');
#6174=PERSON('PERSON4','None','None',$,$,$);
#6175=ORGANIZATION('','None','None');
#6176=PERSON_AND_ORGANIZATION(#6174,#6175);
#6177=APPROVAL_ROLE('None');
#6178=APPROVAL_PERSON_ORGANIZATION(#6176,#6173,#6177);
#6179=CALENDAR_DATE(2015,4,6);
#6180=COORDINATED_UNIVERSAL_TIME_OFFSET(0,0,.AHEAD.);
#6181=LOCAL_TIME(21,10,22.0,#6180);
#6182=DATE_AND_TIME(#6179,#6181);
#6183=APPROVAL_DATE_TIME(#6182,#6173);
#6184=CC_DESIGN_APPROVAL(#6173,(#6161));
#6185=SECURITY_CLASSIFICATION_LEVEL('unclassified');
#6186=SECURITY_CLASSIFICATION('None','None',#6185);
#6187=CC_DESIGN_SECURITY_CLASSIFICATION(#6186,(#6161));
#6188=APPROVAL_STATUS('approved');
#6189=APPROVAL(#6188,'None');
#6190=PERSON('PERSON5','None','None',$,$,$);
#6191=ORGANIZATION('','None','None');
#6192=PERSON_AND_ORGANIZATION(#6190,#6191);
#6193=APPROVAL_ROLE('None');
#6194=APPROVAL_PERSON_ORGANIZATION(#6192,#6189,#6193);
#6195=CALENDAR_DATE(2015,4,6);
#6196=COORDINATED_UNIVERSAL_TIME_OFFSET(0,0,.AHEAD.);
#6197=LOCAL_TIME(21,10,22.0,#6196);
#6198=DATE_AND_TIME(#6195,#6197);
#6199=APPROVAL_DATE_TIME(#6198,#6189);
#6200=CC_DESIGN_APPROVAL(#6189,(#6186));
#6201=PERSON('PERSON6','None','None',$,$,$);
#6202=ORGANIZATION('','None','None');
#6203=PERSON_AND_ORGANIZATION(#6201,#6202);
#6204=PERSON_AND_ORGANIZATION_ROLE('classification_officer');
#6205=CC_DESIGN_PERSON_AND_ORGANIZATION_ASSIGNMENT(#6203,#6204,(#6186));
#6206=DATE_TIME_ROLE('classification_date');
#6207=CALENDAR_DATE(2015,4,6);
#6208=COORDINATED_UNIVERSAL_TIME_OFFSET(0,0,.AHEAD.);
#6209=LOCAL_TIME(21,10,22.0,#6208);
#6210=DATE_AND_TIME(#6207,#6209);
#6211=CC_DESIGN_DATE_AND_TIME_ASSIGNMENT(#6210,#6206,(#6186));
#6212=DESIGN_CONTEXT('part definition',#6149,'design');
#6213=DOCUMENT_TYPE('cad_filename');
#6214=DOCUMENT('None','None','None',#6213);
#6215=PRODUCT_DEFINITION_WITH_ASSOCIATED_DOCUMENTS('None','None',#6161,#6212,(#6214));
#6216=PERSON('PERSON7','None','None',$,$,$);
#6217=ORGANIZATION('','None','None');
#6218=PERSON_AND_ORGANIZATION(#6216,#6217);
#6219=PERSON_AND_ORGANIZATION_ROLE('creator');
#6220=CC_DESIGN_PERSON_AND_ORGANIZATION_ASSIGNMENT(#6218,#6219,(#6215));
#6221=DATE_TIME_ROLE('creation_date');
#6222=CALENDAR_DATE(2015,4,6);
#6223=COORDINATED_UNIVERSAL_TIME_OFFSET(0,0,.AHEAD.);
#6224=LOCAL_TIME(21,10,22.0,#6223);
#6225=DATE_AND_TIME(#6222,#6224);
#6226=CC_DESIGN_DATE_AND_TIME_ASSIGNMENT(#6225,#6221,(#6215));
#6227=APPROVAL_STATUS('approved');
#6228=APPROVAL(#6227,'None');
#6229=PERSON('PERSON8','None','None',$,$,$);
#6230=ORGANIZATION('','None','None');
#6231=PERSON_AND_ORGANIZATION(#6229,#6230);
#6232=APPROVAL_ROLE('None');
#6233=APPROVAL_PERSON_ORGANIZATION(#6231,#6228,#6232);
#6234=CALENDAR_DATE(2015,4,6);
#6235=COORDINATED_UNIVERSAL_TIME_OFFSET(0,0,.AHEAD.);
#6236=LOCAL_TIME(21,10,22.0,#6235);
#6237=DATE_AND_TIME(#6234,#6236);
#6238=APPROVAL_DATE_TIME(#6237,#6228);
#6239=CC_DESIGN_APPROVAL(#6228,(#6215));
#6240=PRODUCT_DEFINITION_SHAPE('None','None',#6215);
#6241=SHAPE_DEFINITION_REPRESENTATION(#6240,#6148);
#6242=DIMENSIONAL_EXPONENTS(0.0,0.0,0.0,0.0,0.0,0.0,0.0);
#6243=DIMENSIONAL_EXPONENTS(1.0,0.0,0.0,0.0,0.0,0.0,0.0);
ENDSEC;
END-ISO-10303-21;
