ISO-10303-21;
HEADER;
FILE_DESCRIPTION(('STEP AP203'),'1');
FILE_NAME('tc33x-2-102e.stp','2024-06-22T07:32:02',('TraceParts'),('TraceParts S.A.'),'Spatial InterOp 3D',' ',' ');
FILE_SCHEMA(('CONFIG_CONTROL_DESIGN'));
ENDSEC;
DATA;
#1=DESIGN_CONTEXT('',#27,'design');
#2=APPLICATION_PROTOCOL_DEFINITION('INTERNATIONAL STANDARD','config_control_design',1994,#27);
#3=PRODUCT_CATEGORY_RELATIONSHIP('NONE','NONE',#28,#29);
#4=DATE_AND_TIME(#30,#31);
#5=DATE_TIME_ROLE('creation_date');
#6=DATE_TIME_ROLE('classification_date');
#7=PERSON_AND_ORGANIZATION_ROLE('creator');
#8=PERSON_AND_ORGANIZATION_ROLE('design_supplier');
#9=PERSON_AND_ORGANIZATION_ROLE('classification_officer');
#10=PERSON_AND_ORGANIZATION_ROLE('design_owner');
#11=APPROVAL_PERSON_ORGANIZATION(#32,#33,#34);
#12=APPROVAL_DATE_TIME(#4,#33);
#13=CC_DESIGN_APPROVAL(#33,(#35,#36,#37));
#14=CC_DESIGN_DATE_AND_TIME_ASSIGNMENT(#4,#5,(#37));
#15=CC_DESIGN_DATE_AND_TIME_ASSIGNMENT(#4,#6,(#35));
#16=CC_DESIGN_PERSON_AND_ORGANIZATION_ASSIGNMENT(#32,#10,(#38));
#17=CC_DESIGN_PERSON_AND_ORGANIZATION_ASSIGNMENT(#32,#7,(#37));
#18=CC_DESIGN_PERSON_AND_ORGANIZATION_ASSIGNMENT(#32,#7,(#36));
#19=CC_DESIGN_PERSON_AND_ORGANIZATION_ASSIGNMENT(#32,#8,(#36));
#20=CC_DESIGN_SECURITY_CLASSIFICATION(#35,(#36));
#21=CC_DESIGN_PERSON_AND_ORGANIZATION_ASSIGNMENT(#32,#9,(#35));
#22=SHAPE_DEFINITION_REPRESENTATION(#39,#40);
#23= (GEOMETRIC_REPRESENTATION_CONTEXT(3)GLOBAL_UNCERTAINTY_ASSIGNED_CONTEXT((#43))GLOBAL_UNIT_ASSIGNED_CONTEXT((#45,#46,#47))REPRESENTATION_CONTEXT('NONE','WORKSPACE'));
#27=APPLICATION_CONTEXT('CONFIGURATION CONTROLLED 3D DESIGNS OF MECHANICAL PARTS AND ASSEMBLIES');
#28=PRODUCT_CATEGORY('part','NONE');
#29=PRODUCT_RELATED_PRODUCT_CATEGORY('detail',' ',(#38));
#30=CALENDAR_DATE(2024,22,5);
#31=LOCAL_TIME(9,32,2.0,#49);
#32=PERSON_AND_ORGANIZATION(#50,#51);
#33=APPROVAL(#52,'SOLID MODEL');
#34=APPROVAL_ROLE('APPROVED');
#35=SECURITY_CLASSIFICATION('','',#53);
#36=PRODUCT_DEFINITION_FORMATION_WITH_SPECIFIED_SOURCE(' ','NONE',#38,.NOT_KNOWN.);
#37=PRODUCT_DEFINITION('','NONE',#36,#1);
#38=PRODUCT('1','','PART--DESC',(#54));
#39=PRODUCT_DEFINITION_SHAPE('NONE','NONE',#37);
#40=ADVANCED_BREP_SHAPE_REPRESENTATION('1',(#55,#56),#23);
#43=UNCERTAINTY_MEASURE_WITH_UNIT(LENGTH_MEASURE(1.0E-06),#45,'','');
#45= (CONVERSION_BASED_UNIT('MILLIMETRE',#59)LENGTH_UNIT()NAMED_UNIT(#62));
#46= (NAMED_UNIT(#64)PLANE_ANGLE_UNIT()SI_UNIT($,.RADIAN.));
#47= (NAMED_UNIT(#64)SOLID_ANGLE_UNIT()SI_UNIT($,.STERADIAN.));
#49=COORDINATED_UNIVERSAL_TIME_OFFSET(1,0,.AHEAD.);
#50=PERSON('','UNSPECIFIED',$,$,$,$);
#51=ORGANIZATION('UNSPECIFIED','UNSPECIFIED','UNSPECIFIED');
#52=APPROVAL_STATUS('approved');
#53=SECURITY_CLASSIFICATION_LEVEL('unclassified');
#54=MECHANICAL_CONTEXT('',#27,'mechanical');
#55=MANIFOLD_SOLID_BREP('1',#70);
#56=AXIS2_PLACEMENT_3D('',#71,#72,#73);
#59=LENGTH_MEASURE_WITH_UNIT(LENGTH_MEASURE(1.0),#74);
#62=DIMENSIONAL_EXPONENTS(1.0,0.0,0.0,0.0,0.0,0.0,0.0);
#64=DIMENSIONAL_EXPONENTS(0.0,0.0,0.0,0.0,0.0,0.0,0.0);
#70=CLOSED_SHELL('',(#75,#76,#77,#78,#79,#80,#81,#82,#83,#84,#85,#86,#87,#88,#89,#90,#91,#92,#93,#94,#95,#96,#97,#98,#99,#100,#101,#102,#103,#104,#105,#106,#107,#108,#109,#110,#111,#112,#113,#114,#115,#116,#117,#118,#119,#120,#121,#122,#123,#124,#125,#126,#127,#128,#129,#130,#131,#132,#133,#134,#135,#136,#137,#138,#139,#140,#141,#142,#143,#144,#145,#146,#147,#148,#149,#150,#151,#152,#153,#154,#155,#156,#157,#158,#159,#160,#161,#162,#163,#164,#165,#166,#167,#168,#169,#170,#171,#172,#173,#174,#175,#176,#177,#178,#179,#180,#181,#182,#183,#184,#185,#186,#187,#188,#189,#190,#191,#192,#193,#194,#195,#196));
#71=CARTESIAN_POINT('',(0.0,0.0,0.0));
#72=DIRECTION('',(0.0,0.0,1.0));
#73=DIRECTION('',(1.0,0.0,0.0));
#74= (NAMED_UNIT(#62)LENGTH_UNIT()SI_UNIT(.MILLI.,.METRE.));
#75=ADVANCED_FACE('',(#198),#199,.F.);
#76=ADVANCED_FACE('',(#200),#201,.T.);
#77=ADVANCED_FACE('',(#202),#203,.F.);
#78=ADVANCED_FACE('',(#204),#205,.F.);
#79=ADVANCED_FACE('',(#206),#207,.T.);
#80=ADVANCED_FACE('',(#208),#209,.T.);
#81=ADVANCED_FACE('',(#210),#211,.T.);
#82=ADVANCED_FACE('',(#212),#213,.T.);
#83=ADVANCED_FACE('',(#214),#215,.T.);
#84=ADVANCED_FACE('',(#216,#217),#218,.T.);
#85=ADVANCED_FACE('',(#219),#220,.T.);
#86=ADVANCED_FACE('',(#221),#222,.T.);
#87=ADVANCED_FACE('',(#223),#224,.T.);
#88=ADVANCED_FACE('',(#225),#226,.T.);
#89=ADVANCED_FACE('',(#227),#228,.F.);
#90=ADVANCED_FACE('',(#229),#230,.F.);
#91=ADVANCED_FACE('',(#231),#232,.F.);
#92=ADVANCED_FACE('',(#233,#234),#235,.T.);
#93=ADVANCED_FACE('',(#236),#237,.F.);
#94=ADVANCED_FACE('',(#238),#239,.T.);
#95=ADVANCED_FACE('',(#240),#241,.T.);
#96=ADVANCED_FACE('',(#242),#243,.T.);
#97=ADVANCED_FACE('',(#244),#245,.T.);
#98=ADVANCED_FACE('',(#246,#247),#248,.F.);
#99=ADVANCED_FACE('',(#249),#250,.T.);
#100=ADVANCED_FACE('',(#251),#252,.T.);
#101=ADVANCED_FACE('',(#253),#254,.F.);
#102=ADVANCED_FACE('',(#255),#256,.F.);
#103=ADVANCED_FACE('',(#257),#258,.T.);
#104=ADVANCED_FACE('',(#259),#260,.T.);
#105=ADVANCED_FACE('',(#261),#262,.T.);
#106=ADVANCED_FACE('',(#263),#264,.F.);
#107=ADVANCED_FACE('',(#265),#266,.T.);
#108=ADVANCED_FACE('',(#267),#268,.T.);
#109=ADVANCED_FACE('',(#269),#270,.F.);
#110=ADVANCED_FACE('',(#271),#272,.T.);
#111=ADVANCED_FACE('',(#273),#274,.T.);
#112=ADVANCED_FACE('',(#275),#276,.T.);
#113=ADVANCED_FACE('',(#277),#278,.T.);
#114=ADVANCED_FACE('',(#279),#280,.T.);
#115=ADVANCED_FACE('',(#281),#282,.F.);
#116=ADVANCED_FACE('',(#283),#284,.T.);
#117=ADVANCED_FACE('',(#285,#286),#287,.T.);
#118=ADVANCED_FACE('',(#288),#289,.F.);
#119=ADVANCED_FACE('',(#290),#291,.F.);
#120=ADVANCED_FACE('',(#292),#293,.F.);
#121=ADVANCED_FACE('',(#294),#295,.F.);
#122=ADVANCED_FACE('',(#296,#297),#298,.F.);
#123=ADVANCED_FACE('',(#299),#300,.F.);
#124=ADVANCED_FACE('',(#301,#302),#303,.T.);
#125=ADVANCED_FACE('',(#304),#305,.T.);
#126=ADVANCED_FACE('',(#306),#307,.T.);
#127=ADVANCED_FACE('',(#308),#309,.F.);
#128=ADVANCED_FACE('',(#310),#311,.F.);
#129=ADVANCED_FACE('',(#312),#313,.F.);
#130=ADVANCED_FACE('',(#314),#315,.F.);
#131=ADVANCED_FACE('',(#316),#317,.F.);
#132=ADVANCED_FACE('',(#318),#319,.F.);
#133=ADVANCED_FACE('',(#320),#321,.F.);
#134=ADVANCED_FACE('',(#322),#323,.F.);
#135=ADVANCED_FACE('',(#324),#325,.T.);
#136=ADVANCED_FACE('',(#326),#327,.T.);
#137=ADVANCED_FACE('',(#328),#329,.T.);
#138=ADVANCED_FACE('',(#330),#331,.T.);
#139=ADVANCED_FACE('',(#332),#333,.T.);
#140=ADVANCED_FACE('',(#334),#335,.T.);
#141=ADVANCED_FACE('',(#336),#337,.F.);
#142=ADVANCED_FACE('',(#338),#339,.F.);
#143=ADVANCED_FACE('',(#340),#341,.F.);
#144=ADVANCED_FACE('',(#342),#343,.F.);
#145=ADVANCED_FACE('',(#344),#345,.F.);
#146=ADVANCED_FACE('',(#346),#347,.T.);
#147=ADVANCED_FACE('',(#348),#349,.T.);
#148=ADVANCED_FACE('',(#350),#351,.F.);
#149=ADVANCED_FACE('',(#352),#353,.F.);
#150=ADVANCED_FACE('',(#354),#355,.T.);
#151=ADVANCED_FACE('',(#356),#357,.T.);
#152=ADVANCED_FACE('',(#358),#359,.F.);
#153=ADVANCED_FACE('',(#360),#361,.T.);
#154=ADVANCED_FACE('',(#362),#363,.T.);
#155=ADVANCED_FACE('',(#364),#365,.F.);
#156=ADVANCED_FACE('',(#366),#367,.F.);
#157=ADVANCED_FACE('',(#368),#369,.T.);
#158=ADVANCED_FACE('',(#370),#371,.F.);
#159=ADVANCED_FACE('',(#372),#373,.F.);
#160=ADVANCED_FACE('',(#374),#375,.F.);
#161=ADVANCED_FACE('',(#376),#377,.T.);
#162=ADVANCED_FACE('',(#378),#379,.T.);
#163=ADVANCED_FACE('',(#380),#381,.F.);
#164=ADVANCED_FACE('',(#382),#383,.T.);
#165=ADVANCED_FACE('',(#384),#385,.T.);
#166=ADVANCED_FACE('',(#386),#387,.T.);
#167=ADVANCED_FACE('',(#388),#389,.F.);
#168=ADVANCED_FACE('',(#390),#391,.F.);
#169=ADVANCED_FACE('',(#392),#393,.F.);
#170=ADVANCED_FACE('',(#394),#395,.F.);
#171=ADVANCED_FACE('',(#396),#397,.F.);
#172=ADVANCED_FACE('',(#398),#399,.F.);
#173=ADVANCED_FACE('',(#400),#401,.F.);
#174=ADVANCED_FACE('',(#402),#403,.F.);
#175=ADVANCED_FACE('',(#404),#405,.F.);
#176=ADVANCED_FACE('',(#406),#407,.T.);
#177=ADVANCED_FACE('',(#408),#409,.F.);
#178=ADVANCED_FACE('',(#410),#411,.T.);
#179=ADVANCED_FACE('',(#412),#413,.T.);
#180=ADVANCED_FACE('',(#414),#415,.T.);
#181=ADVANCED_FACE('',(#416),#417,.T.);
#182=ADVANCED_FACE('',(#418),#419,.T.);
#183=ADVANCED_FACE('',(#420),#421,.T.);
#184=ADVANCED_FACE('',(#422),#423,.T.);
#185=ADVANCED_FACE('',(#424),#425,.T.);
#186=ADVANCED_FACE('',(#426),#427,.T.);
#187=ADVANCED_FACE('',(#428),#429,.F.);
#188=ADVANCED_FACE('',(#430),#431,.F.);
#189=ADVANCED_FACE('',(#432),#433,.F.);
#190=ADVANCED_FACE('',(#434),#435,.T.);
#191=ADVANCED_FACE('',(#436),#437,.F.);
#192=ADVANCED_FACE('',(#438),#439,.T.);
#193=ADVANCED_FACE('',(#440),#441,.T.);
#194=ADVANCED_FACE('',(#442),#443,.F.);
#195=ADVANCED_FACE('',(#444),#445,.F.);
#196=ADVANCED_FACE('',(#446),#447,.F.);
#198=FACE_OUTER_BOUND('',#448,.T.);
#199=B_SPLINE_SURFACE_WITH_KNOTS('',1,1,((#449,#450),(#451,#452)),.UNSPECIFIED.,.F.,.F.,.F.,(2,2),(2,2),(-1.801,1.801),(-1.851,1.901),.UNSPECIFIED.);
#200=FACE_OUTER_BOUND('',#453,.T.);
#201=(B_SPLINE_SURFACE(3,3,((#455,#456,#457,#458),(#459,#460,#461,#462),(#463,#464,#465,#466),(#467,#468,#469,#470)),.UNSPECIFIED.,.F.,.F.,.F.)B_SPLINE_SURFACE_WITH_KNOTS((4,4),(4,4),(0.0684525162862702,0.931547483711186),(-0.00407452301140667,3.61966600560895),.UNSPECIFIED.)RATIONAL_B_SPLINE_SURFACE(((1.18141576104108,1.18141576104108,1.18141576104108,1.18141576104108),(0.939528079653718,0.939528079653718,0.939528079653718,0.939528079653718),(0.939528079653005,0.939528079653005,0.939528079653005,0.939528079653005),(1.18141576103895,1.18141576103895,1.18141576103895,1.18141576103895)))BOUNDED_SURFACE()REPRESENTATION_ITEM('')GEOMETRIC_REPRESENTATION_ITEM()SURFACE());
#202=FACE_OUTER_BOUND('',#477,.T.);
#203=B_SPLINE_SURFACE_WITH_KNOTS('',1,1,((#478,#479),(#480,#481)),.UNSPECIFIED.,.F.,.F.,.F.,(2,2),(2,2),(0.58908,0.61568),(-0.000999999999999979,0.951),.UNSPECIFIED.);
#204=FACE_OUTER_BOUND('',#482,.T.);
#205=B_SPLINE_SURFACE_WITH_KNOTS('',1,1,((#483,#484),(#485,#486)),.UNSPECIFIED.,.F.,.F.,.F.,(2,2),(2,2),(0.0244,0.05608),(-0.00100000000000003,0.951000000000001),.UNSPECIFIED.);
#206=FACE_OUTER_BOUND('',#487,.T.);
#207=(B_SPLINE_SURFACE(3,3,((#489,#490,#491,#492),(#493,#494,#495,#496),(#497,#498,#499,#500),(#501,#502,#503,#504)),.UNSPECIFIED.,.F.,.F.,.F.)B_SPLINE_SURFACE_WITH_KNOTS((4,4),(4,4),(0.0684525162862803,0.931547483711356),(-0.00376259212429116,3.61997793649595),.UNSPECIFIED.)RATIONAL_B_SPLINE_SURFACE(((1.18141576104108,1.18141576104108,1.18141576104108,1.18141576104108),(0.939528079653671,0.939528079653671,0.939528079653671,0.939528079653671),(0.939528079653008,0.939528079653008,0.939528079653008,0.939528079653008),(1.18141576103909,1.18141576103909,1.18141576103909,1.18141576103909)))BOUNDED_SURFACE()REPRESENTATION_ITEM('')GEOMETRIC_REPRESENTATION_ITEM()SURFACE());
#208=FACE_OUTER_BOUND('',#511,.T.);
#209=B_SPLINE_SURFACE_WITH_KNOTS('',1,1,((#512,#513),(#514,#515)),.UNSPECIFIED.,.F.,.F.,.F.,(2,2),(2,2),(-0.000999999999999917,0.451),(0.049,0.586),.UNSPECIFIED.);
#210=FACE_OUTER_BOUND('',#516,.T.);
#211=B_SPLINE_SURFACE_WITH_KNOTS('',1,1,((#517,#518),(#519,#520)),.UNSPECIFIED.,.F.,.F.,.F.,(2,2),(2,2),(1.399,2.201),(0.049,0.586),.UNSPECIFIED.);
#212=FACE_OUTER_BOUND('',#521,.T.);
#213=B_SPLINE_SURFACE_WITH_KNOTS('',1,1,((#522,#523),(#524,#525)),.UNSPECIFIED.,.F.,.F.,.F.,(2,2),(2,2),(3.149,3.601),(0.049,0.586),.UNSPECIFIED.);
#214=FACE_OUTER_BOUND('',#526,.T.);
#215=B_SPLINE_SURFACE_WITH_KNOTS('',1,1,((#527,#528),(#529,#530)),.UNSPECIFIED.,.F.,.F.,.F.,(2,2),(2,2),(2.01435981625979,3.08770000000001),(-0.65378,0.0137),.UNSPECIFIED.);
#216=FACE_OUTER_BOUND('',#531,.T.);
#217=FACE_BOUND('',#532,.T.);
#218=B_SPLINE_SURFACE_WITH_KNOTS('',1,1,((#533,#534),(#535,#536)),.UNSPECIFIED.,.F.,.F.,.F.,(2,2),(2,2),(-1.801,1.801),(-1.851,1.901),.UNSPECIFIED.);
#219=FACE_OUTER_BOUND('',#537,.T.);
#220=B_SPLINE_SURFACE_WITH_KNOTS('',1,1,((#538,#539),(#540,#541)),.UNSPECIFIED.,.F.,.F.,.F.,(2,2),(2,2),(0.299,3.801),(-0.001,0.636),.UNSPECIFIED.);
#221=FACE_OUTER_BOUND('',#542,.T.);
#222=B_SPLINE_SURFACE_WITH_KNOTS('',1,1,((#543,#544),(#545,#546)),.UNSPECIFIED.,.F.,.F.,.F.,(2,2),(2,2),(-0.00100000000000008,0.636),(-0.000999999999999851,0.425264068711961),.UNSPECIFIED.);
#223=FACE_OUTER_BOUND('',#547,.T.);
#224=B_SPLINE_SURFACE_WITH_KNOTS('',1,1,((#548,#549),(#550,#551)),.UNSPECIFIED.,.F.,.F.,.F.,(2,2),(2,2),(0.299,1.051),(-0.001,0.636),.UNSPECIFIED.);
#225=FACE_OUTER_BOUND('',#552,.T.);
#226=B_SPLINE_SURFACE_WITH_KNOTS('',1,1,((#553,#554),(#555,#556)),.UNSPECIFIED.,.F.,.F.,.F.,(2,2),(2,2),(2.549,3.301),(-0.001,0.636),.UNSPECIFIED.);
#227=FACE_OUTER_BOUND('',#557,.T.);
#228=B_SPLINE_SURFACE_WITH_KNOTS('',1,1,((#558,#559),(#560,#561)),.UNSPECIFIED.,.F.,.F.,.F.,(2,2),(2,2),(-0.00100000000000017,1.901),(-0.636,0.001),.UNSPECIFIED.);
#229=FACE_OUTER_BOUND('',#562,.T.);
#230=B_SPLINE_SURFACE_WITH_KNOTS('',1,1,((#563,#564),(#565,#566)),.UNSPECIFIED.,.F.,.F.,.F.,(2,2),(2,2),(-0.00100000000000019,1.501),(-0.436,0.001),.UNSPECIFIED.);
#231=FACE_OUTER_BOUND('',#567,.T.);
#232=B_SPLINE_SURFACE_WITH_KNOTS('',1,1,((#568,#569),(#570,#571)),.UNSPECIFIED.,.F.,.F.,.F.,(2,2),(2,2),(-0.000999999999999993,1.901),(-0.636,0.001),.UNSPECIFIED.);
#233=FACE_OUTER_BOUND('',#572,.T.);
#234=FACE_BOUND('',#573,.T.);
#235=B_SPLINE_SURFACE_WITH_KNOTS('',1,1,((#574,#575),(#576,#577)),.UNSPECIFIED.,.F.,.F.,.F.,(2,2),(2,2),(1.049,2.551),(-2.55695568904547,-0.298999999999598),.UNSPECIFIED.);
#236=FACE_OUTER_BOUND('',#578,.T.);
#237=(B_SPLINE_SURFACE(3,3,((#580,#581,#582,#583),(#584,#585,#586,#587),(#588,#589,#590,#591),(#592,#593,#594,#595)),.UNSPECIFIED.,.F.,.F.,.F.)B_SPLINE_SURFACE_WITH_KNOTS((4,4),(4,4),(0.0271038629584128,0.972896137041587),(-0.201000000000002,0.00100000000000135),.UNSPECIFIED.)RATIONAL_B_SPLINE_SURFACE(((1.76978112202602,1.76978112202602,1.76978112202602,1.76978112202602),(0.743406292657961,0.743406292657961,0.743406292657961,0.743406292657961),(0.743406292657961,0.743406292657961,0.743406292657961,0.743406292657961),(1.76978112202602,1.76978112202602,1.76978112202602,1.76978112202602)))BOUNDED_SURFACE()REPRESENTATION_ITEM('')GEOMETRIC_REPRESENTATION_ITEM()SURFACE());
#238=FACE_OUTER_BOUND('',#602,.T.);
#239=(B_SPLINE_SURFACE(3,3,((#604,#605,#606,#607),(#608,#609,#610,#611),(#612,#613,#614,#615),(#616,#617,#618,#619),(#620,#621,#622,#623),(#624,#625,#626,#627),(#628,#629,#630,#631)),.UNSPECIFIED.,.F.,.F.,.F.)B_SPLINE_SURFACE_WITH_KNOTS((4,3,4),(4,4),(0.0415321774576508,1.0,1.95846782254235),(-0.000999999999999921,0.100999999999993),.UNSPECIFIED.)RATIONAL_B_SPLINE_SURFACE(((1.15744507059715,1.15744507059715,1.15744507059715,1.15744507059715),(0.93800977391918,0.93800977391918,0.93800977391918,0.93800977391918),(0.947948994551463,0.947948994551463,0.947948994551463,0.947948994551463),(1.187262732494,1.187262732494,1.187262732494,1.187262732494),(0.947948994551463,0.947948994551463,0.947948994551463,0.947948994551463),(0.93800977391918,0.93800977391918,0.93800977391918,0.93800977391918),(1.15744507059715,1.15744507059715,1.15744507059715,1.15744507059715)))BOUNDED_SURFACE()REPRESENTATION_ITEM('')GEOMETRIC_REPRESENTATION_ITEM()SURFACE());
#240=FACE_OUTER_BOUND('',#638,.T.);
#241=B_SPLINE_SURFACE_WITH_KNOTS('',1,1,((#639,#640),(#641,#642)),.UNSPECIFIED.,.F.,.F.,.F.,(2,2),(2,2),(-0.00100000000000003,1.951),(-0.100999999999969,0.101000000000001),.UNSPECIFIED.);
#242=FACE_OUTER_BOUND('',#643,.T.);
#243=B_SPLINE_SURFACE_WITH_KNOTS('',1,1,((#644,#645),(#646,#647)),.UNSPECIFIED.,.F.,.F.,.F.,(2,2),(2,2),(-0.000999999999935899,0.142421356237169),(-0.0010000000000001,1.461),.UNSPECIFIED.);
#244=FACE_OUTER_BOUND('',#648,.T.);
#245=B_SPLINE_SURFACE_WITH_KNOTS('',1,1,((#649,#650),(#651,#652)),.UNSPECIFIED.,.F.,.F.,.F.,(2,2),(2,2),(-1.001,0.95100000000001),(-0.100999999999969,0.101000000000001),.UNSPECIFIED.);
#246=FACE_OUTER_BOUND('',#653,.T.);
#247=FACE_BOUND('',#654,.T.);
#248=B_SPLINE_SURFACE_WITH_KNOTS('',1,1,((#655,#656),(#657,#658)),.UNSPECIFIED.,.F.,.F.,.F.,(2,2),(2,2),(-0.731,0.731),(-0.951,0.73043873244519),.UNSPECIFIED.);
#249=FACE_OUTER_BOUND('',#659,.T.);
#250=B_SPLINE_SURFACE_WITH_KNOTS('',1,1,((#660,#661),(#662,#663)),.UNSPECIFIED.,.F.,.F.,.F.,(2,2),(2,2),(-0.000999999999901906,0.142421356237204),(-0.0010000000000001,1.461),.UNSPECIFIED.);
#251=FACE_OUTER_BOUND('',#664,.T.);
#252=B_SPLINE_SURFACE_WITH_KNOTS('',1,1,((#665,#666),(#667,#668)),.UNSPECIFIED.,.F.,.F.,.F.,(2,2),(2,2),(-0.000999999999999765,0.901),(-0.0010000000000001,1.461),.UNSPECIFIED.);
#253=FACE_OUTER_BOUND('',#669,.T.);
#254=B_SPLINE_SURFACE_WITH_KNOTS('',1,1,((#670,#671),(#672,#673)),.UNSPECIFIED.,.F.,.F.,.F.,(2,2),(2,2),(0.844,0.851),(-0.100999999999968,0.00100000000003202),.UNSPECIFIED.);
#255=FACE_OUTER_BOUND('',#674,.T.);
#256=B_SPLINE_SURFACE_WITH_KNOTS('',1,1,((#675,#676),(#677,#678)),.UNSPECIFIED.,.F.,.F.,.F.,(2,2),(2,2),(-0.00100000000000004,0.00600000000000002),(-0.100999999999968,0.00100000000003202),.UNSPECIFIED.);
#257=FACE_OUTER_BOUND('',#679,.T.);
#258=B_SPLINE_SURFACE_WITH_KNOTS('',1,1,((#680,#681),(#682,#683)),.UNSPECIFIED.,.F.,.F.,.F.,(2,2),(2,2),(-0.000999999999941869,0.10099999999991),(-0.001,1.101),.UNSPECIFIED.);
#259=FACE_OUTER_BOUND('',#684,.T.);
#260=B_SPLINE_SURFACE_WITH_KNOTS('',1,1,((#685,#686),(#687,#688)),.UNSPECIFIED.,.F.,.F.,.F.,(2,2),(2,2),(-0.00100000000000007,0.841),(0.099,1.101),.UNSPECIFIED.);
#261=FACE_OUTER_BOUND('',#689,.T.);
#262=B_SPLINE_SURFACE_WITH_KNOTS('',1,1,((#690,#691),(#692,#693)),.UNSPECIFIED.,.F.,.F.,.F.,(2,2),(2,2),(-0.000999999999999987,0.901),(-0.0010000000000001,1.461),.UNSPECIFIED.);
#263=FACE_OUTER_BOUND('',#694,.T.);
#264=B_SPLINE_SURFACE_WITH_KNOTS('',1,1,((#695,#696),(#697,#698)),.UNSPECIFIED.,.F.,.F.,.F.,(2,2),(2,2),(-0.000999999999936069,0.250999999999904),(-0.100999999999968,0.00100000000003203),.UNSPECIFIED.);
#265=FACE_OUTER_BOUND('',#699,.T.);
#266=B_SPLINE_SURFACE_WITH_KNOTS('',1,1,((#700,#701),(#702,#703)),.UNSPECIFIED.,.F.,.F.,.F.,(2,2),(2,2),(-0.00100000000003201,0.100999999999968),(1.154,1.461),.UNSPECIFIED.);
#267=FACE_OUTER_BOUND('',#704,.T.);
#268=B_SPLINE_SURFACE_WITH_KNOTS('',1,1,((#705,#706),(#707,#708)),.UNSPECIFIED.,.F.,.F.,.F.,(2,2),(2,2),(-0.00100000000003201,0.100999999999968),(-0.0010000000000001,0.306),.UNSPECIFIED.);
#269=FACE_OUTER_BOUND('',#709,.T.);
#270=B_SPLINE_SURFACE_WITH_KNOTS('',1,1,((#710,#711),(#712,#713)),.UNSPECIFIED.,.F.,.F.,.F.,(2,2),(2,2),(-0.000999999999935848,0.250999999999904),(-0.100999999999968,0.00100000000003202),.UNSPECIFIED.);
#271=FACE_OUTER_BOUND('',#714,.T.);
#272=B_SPLINE_SURFACE_WITH_KNOTS('',1,1,((#715,#716),(#717,#718)),.UNSPECIFIED.,.F.,.F.,.F.,(2,2),(2,2),(-0.0009999999999414,0.10099999999991),(-0.001,1.101),.UNSPECIFIED.);
#273=FACE_OUTER_BOUND('',#719,.T.);
#274=B_SPLINE_SURFACE_WITH_KNOTS('',1,1,((#720,#721),(#722,#723)),.UNSPECIFIED.,.F.,.F.,.F.,(2,2),(2,2),(-0.00100000000000002,0.841),(-0.001,1.101),.UNSPECIFIED.);
#275=FACE_OUTER_BOUND('',#724,.T.);
#276=B_SPLINE_SURFACE_WITH_KNOTS('',1,1,((#725,#726),(#727,#728)),.UNSPECIFIED.,.F.,.F.,.F.,(2,2),(2,2),(-0.421,0.421),(-1.801,-1.699),.UNSPECIFIED.);
#277=FACE_OUTER_BOUND('',#729,.T.);
#278=(B_SPLINE_SURFACE(3,3,((#731,#732,#733,#734),(#735,#736,#737,#738),(#739,#740,#741,#742),(#743,#744,#745,#746),(#747,#748,#749,#750),(#751,#752,#753,#754),(#755,#756,#757,#758)),.UNSPECIFIED.,.F.,.F.,.F.)B_SPLINE_SURFACE_WITH_KNOTS((4,3,4),(4,4),(0.0425130280844914,1.0,1.95748697192057),(0.0263489875695949,0.973651012430392),.UNSPECIFIED.)RATIONAL_B_SPLINE_SURFACE(((1.75277118826514,0.958105753457933,0.958105753457922,1.75277118826511),(1.42132799173907,0.776931145122201,0.776931145122192,1.42132799173905),(1.43672805205481,0.785349178514632,0.785349178514623,1.43672805205478),(1.79897136921236,0.983359853635226,0.983359853635214,1.79897136921232),(1.4367280520529,0.785349178513586,0.785349178513577,1.43672805205287),(1.42132799173891,0.776931145122112,0.776931145122103,1.42132799173888),(1.75277118827039,0.958105753460804,0.958105753460793,1.75277118827036)))BOUNDED_SURFACE()REPRESENTATION_ITEM('')GEOMETRIC_REPRESENTATION_ITEM()SURFACE());
#279=FACE_OUTER_BOUND('',#765,.T.);
#280=(B_SPLINE_SURFACE(3,3,((#767,#768,#769,#770),(#771,#772,#773,#774),(#775,#776,#777,#778),(#779,#780,#781,#782),(#783,#784,#785,#786),(#787,#788,#789,#790),(#791,#792,#793,#794)),.UNSPECIFIED.,.F.,.F.,.F.)B_SPLINE_SURFACE_WITH_KNOTS((4,3,4),(4,4),(0.042513027912328,1.0,1.95748697209273),(0.0263489875695945,0.973651012430392),.UNSPECIFIED.)RATIONAL_B_SPLINE_SURFACE(((1.75277118844393,0.958105753555662,0.958105753555651,1.7527711884439),(1.42132799173354,0.776931145119174,0.776931145119165,1.42132799173351),(1.43672805198968,0.785349178479028,0.785349178479019,1.43672805198965),(1.79897136921236,0.983359853635226,0.983359853635214,1.79897136921232),(1.43672805198777,0.785349178477983,0.785349178477973,1.43672805198774),(1.42132799173337,0.776931145119085,0.776931145119075,1.42132799173335),(1.75277118844918,0.958105753558532,0.958105753558521,1.75277118844915)))BOUNDED_SURFACE()REPRESENTATION_ITEM('')GEOMETRIC_REPRESENTATION_ITEM()SURFACE());
#281=FACE_OUTER_BOUND('',#801,.T.);
#282=(B_SPLINE_SURFACE(3,3,((#803,#804,#805,#806),(#807,#808,#809,#810),(#811,#812,#813,#814),(#815,#816,#817,#818),(#819,#820,#821,#822),(#823,#824,#825,#826),(#827,#828,#829,#830)),.UNSPECIFIED.,.F.,.F.,.F.)B_SPLINE_SURFACE_WITH_KNOTS((4,3,4),(4,4),(0.040427364620026,1.0,1.95957263538092),(0.162995187163761,0.675204812836239),.UNSPECIFIED.)RATIONAL_B_SPLINE_SURFACE(((1.15820480515318,1.15820480515318,1.15820480515318,1.15820480515318),(0.9379871650767,0.9379871650767,0.9379871650767,0.937987165076699),(0.947673140856973,0.947673140856973,0.947673140856973,0.947673140856973),(1.187262732494,1.187262732494,1.187262732494,1.187262732494),(0.947673140856735,0.947673140856735,0.947673140856735,0.947673140856735),(0.93798716507668,0.93798716507668,0.93798716507668,0.93798716507668),(1.15820480515383,1.15820480515383,1.15820480515383,1.15820480515383)))BOUNDED_SURFACE()REPRESENTATION_ITEM('')GEOMETRIC_REPRESENTATION_ITEM()SURFACE());
#283=FACE_OUTER_BOUND('',#837,.T.);
#284=(B_SPLINE_SURFACE(3,3,((#839,#840,#841,#842,#843,#844,#845),(#846,#847,#848,#849,#850,#851,#852),(#853,#854,#855,#856,#857,#858,#859),(#860,#861,#862,#863,#864,#865,#866),(#867,#868,#869,#870,#871,#872,#873),(#874,#875,#876,#877,#878,#879,#880),(#881,#882,#883,#884,#885,#886,#887)),.UNSPECIFIED.,.F.,.F.,.F.)B_SPLINE_SURFACE_WITH_KNOTS((4,3,4),(4,3,4),(0.0425235034940001,1.0,1.95747649673359),(0.0425235032629962,1.0,1.95747649673714),.UNSPECIFIED.)RATIONAL_B_SPLINE_SURFACE(((1.33810510990062,1.08508087991541,1.09684047493956,1.37338389497308,1.09684047493952,1.0850808799154,1.33810510990073),(1.0850808800144,0.879901367503637,0.889437323702462,1.11368874861087,0.88943732370243,0.879901367503635,1.08508088001449),(1.09684047510377,0.889437323754479,0.899076626151502,1.12575838229484,0.89907662615147,0.889437323754476,1.09684047510386),(1.37338389516874,1.11368874866793,1.12575838228668,1.409592796025,1.12575838228664,1.11368874866793,1.37338389516886),(1.09684047503804,0.889437323701175,0.89907662609762,1.12575838222737,0.899076626097588,0.889437323701172,1.09684047503813),(1.08508088000881,0.879901367499104,0.889437323697879,1.11368874860513,0.889437323697847,0.879901367499101,1.08508088000889),(1.33810511008105,1.08508088006172,1.09684047508746,1.37338389515827,1.09684047508742,1.08508088006172,1.33810511008116)))BOUNDED_SURFACE()REPRESENTATION_ITEM('')GEOMETRIC_REPRESENTATION_ITEM()SURFACE());
#285=FACE_OUTER_BOUND('',#894,.T.);
#286=FACE_BOUND('',#895,.T.);
#287=B_SPLINE_SURFACE_WITH_KNOTS('',1,1,((#896,#897),(#898,#899)),.UNSPECIFIED.,.F.,.F.,.F.,(2,2),(2,2),(-0.700420702344703,0.700420702344703),(-0.700420702344703,0.700420702344703),.UNSPECIFIED.);
#288=FACE_OUTER_BOUND('',#900,.T.);
#289=(B_SPLINE_SURFACE(3,3,((#902,#903,#904,#905),(#906,#907,#908,#909),(#910,#911,#912,#913),(#914,#915,#916,#917),(#918,#919,#920,#921),(#922,#923,#924,#925),(#926,#927,#928,#929)),.UNSPECIFIED.,.F.,.F.,.F.)B_SPLINE_SURFACE_WITH_KNOTS((4,3,4),(4,4),(0.0324002731086826,1.0,1.96759972689132),(0.0701908762497016,0.929809123750389),.UNSPECIFIED.)RATIONAL_B_SPLINE_SURFACE(((1.37321007337843,1.09396946187524,1.09396946187527,1.37321007337852),(1.10661242798026,0.881584125991754,0.881584125991778,1.10661242798033),(1.11584878551457,0.888942281366066,0.88894228136609,1.11584878551464),(1.40091914598138,1.11604392799818,1.11604392799821,1.40091914598147),(1.11584878551457,0.888942281366066,0.88894228136609,1.11584878551464),(1.10661242798026,0.881584125991754,0.881584125991778,1.10661242798033),(1.37321007337843,1.09396946187524,1.09396946187527,1.37321007337852)))BOUNDED_SURFACE()REPRESENTATION_ITEM('')GEOMETRIC_REPRESENTATION_ITEM()SURFACE());
#290=FACE_OUTER_BOUND('',#936,.T.);
#291=(B_SPLINE_SURFACE(3,3,((#938,#939,#940,#941),(#942,#943,#944,#945),(#946,#947,#948,#949),(#950,#951,#952,#953),(#954,#955,#956,#957),(#958,#959,#960,#961),(#962,#963,#964,#965)),.UNSPECIFIED.,.F.,.F.,.F.)B_SPLINE_SURFACE_WITH_KNOTS((4,3,4),(4,4),(0.0324002731086825,1.0,1.96759972689132),(0.070190876249703,0.92980912375039),.UNSPECIFIED.)RATIONAL_B_SPLINE_SURFACE(((1.37321007337843,1.09396946187524,1.09396946187527,1.37321007337852),(1.10661242798026,0.881584125991754,0.881584125991778,1.10661242798033),(1.11584878551457,0.888942281366066,0.88894228136609,1.11584878551465),(1.40091914598137,1.11604392799818,1.11604392799821,1.40091914598147),(1.11584878551457,0.888942281366066,0.88894228136609,1.11584878551465),(1.10661242798026,0.881584125991754,0.881584125991778,1.10661242798033),(1.37321007337843,1.09396946187524,1.09396946187527,1.37321007337852)))BOUNDED_SURFACE()REPRESENTATION_ITEM('')GEOMETRIC_REPRESENTATION_ITEM()SURFACE());
#292=FACE_OUTER_BOUND('',#972,.T.);
#293=(B_SPLINE_SURFACE(3,3,((#974,#975,#976,#977),(#978,#979,#980,#981),(#982,#983,#984,#985),(#986,#987,#988,#989),(#990,#991,#992,#993),(#994,#995,#996,#997),(#998,#999,#1000,#1001)),.UNSPECIFIED.,.F.,.F.,.F.)B_SPLINE_SURFACE_WITH_KNOTS((4,3,4),(4,4),(0.0415321774576471,1.0,1.95846782254235),(0.124,0.425999999999906),.UNSPECIFIED.)RATIONAL_B_SPLINE_SURFACE(((1.15744507059715,1.15744507059715,1.15744507059715,1.15744507059715),(0.93800977391918,0.93800977391918,0.93800977391918,0.93800977391918),(0.947948994551462,0.947948994551462,0.947948994551462,0.947948994551462),(1.187262732494,1.187262732494,1.187262732494,1.187262732494),(0.947948994551462,0.947948994551462,0.947948994551462,0.947948994551462),(0.93800977391918,0.93800977391918,0.93800977391918,0.93800977391918),(1.15744507059715,1.15744507059715,1.15744507059715,1.15744507059715)))BOUNDED_SURFACE()REPRESENTATION_ITEM('')GEOMETRIC_REPRESENTATION_ITEM()SURFACE());
#294=FACE_OUTER_BOUND('',#1008,.T.);
#295=B_SPLINE_SURFACE_WITH_KNOTS('',1,1,((#1009,#1010),(#1011,#1012)),.UNSPECIFIED.,.F.,.F.,.F.,(2,2),(2,2),(-0.00100000000004921,0.553235713152399),(-0.251000000000002,0.000999999999934195),.UNSPECIFIED.);
#296=FACE_OUTER_BOUND('',#1013,.T.);
#297=FACE_BOUND('',#1014,.T.);
#298=B_SPLINE_SURFACE_WITH_KNOTS('',1,1,((#1015,#1016),(#1017,#1018)),.UNSPECIFIED.,.F.,.F.,.F.,(2,2),(2,2),(-1.81893958368118,1.81893958368118),(-1.601,1.6600181225507),.UNSPECIFIED.);
#299=FACE_OUTER_BOUND('',#1019,.T.);
#300=B_SPLINE_SURFACE_WITH_KNOTS('',1,1,((#1020,#1021),(#1022,#1023)),.UNSPECIFIED.,.F.,.F.,.F.,(2,2),(2,2),(-0.0010000000000001,0.551),(-0.0509999999999442,0.000999999999946835),.UNSPECIFIED.);
#301=FACE_OUTER_BOUND('',#1024,.T.);
#302=FACE_BOUND('',#1025,.T.);
#303=B_SPLINE_SURFACE_WITH_KNOTS('',1,1,((#1026,#1027),(#1028,#1029)),.UNSPECIFIED.,.F.,.F.,.F.,(2,2),(2,2),(-1.81893958368118,1.81893958368118),(-1.601,1.6600181225507),.UNSPECIFIED.);
#304=FACE_OUTER_BOUND('',#1030,.T.);
#305=(B_SPLINE_SURFACE(3,3,((#1032,#1033,#1034,#1035),(#1036,#1037,#1038,#1039),(#1040,#1041,#1042,#1043),(#1044,#1045,#1046,#1047)),.UNSPECIFIED.,.F.,.F.,.F.)B_SPLINE_SURFACE_WITH_KNOTS((4,4),(4,4),(0.603562594565924,0.982018680475168),(0.035693293532027,0.964306706466746),.UNSPECIFIED.)RATIONAL_B_SPLINE_SURFACE(((1.20580465611056,0.963842535778552,0.963842535778232,1.2058046561096),(1.27558834255574,1.01962311761526,1.01962311761492,1.27558834255473),(1.47287975002249,1.17732515458807,1.17732515458768,1.47287975002131),(1.79767887851079,1.43694864669699,1.43694864669651,1.79767887850936)))BOUNDED_SURFACE()REPRESENTATION_ITEM('')GEOMETRIC_REPRESENTATION_ITEM()SURFACE());
#306=FACE_OUTER_BOUND('',#1054,.T.);
#307=(B_SPLINE_SURFACE(3,3,((#1056,#1057,#1058,#1059),(#1060,#1061,#1062,#1063),(#1064,#1065,#1066,#1067),(#1068,#1069,#1070,#1071)),.UNSPECIFIED.,.F.,.F.,.F.)B_SPLINE_SURFACE_WITH_KNOTS((4,4),(4,4),(0.0179854125907301,0.396438574537881),(0.0356973865979242,0.96430261340085),.UNSPECIFIED.)RATIONAL_B_SPLINE_SURFACE(((1.79766357034252,1.43694181309896,1.43694181309849,1.79766357034109),(1.47287057108423,1.17732224415652,1.17732224415613,1.47287057108305),(1.27558298427441,1.01962266823516,1.01962266823482,1.27558298427339),(1.20580080991306,0.963843085334882,0.963843085334562,1.2058008099121)))BOUNDED_SURFACE()REPRESENTATION_ITEM('')GEOMETRIC_REPRESENTATION_ITEM()SURFACE());
#308=FACE_OUTER_BOUND('',#1078,.T.);
#309=B_SPLINE_SURFACE_WITH_KNOTS('',1,1,((#1079,#1080),(#1081,#1082)),.UNSPECIFIED.,.F.,.F.,.F.,(2,2),(2,2),(0.4217642868476,0.976),(-0.251000000000002,0.000999999999934053),.UNSPECIFIED.);
#310=FACE_OUTER_BOUND('',#1083,.T.);
#311=B_SPLINE_SURFACE_WITH_KNOTS('',1,1,((#1084,#1085),(#1086,#1087)),.UNSPECIFIED.,.F.,.F.,.F.,(2,2),(2,2),(-0.00100000000000009,0.551),(-0.0509999999999442,0.000999999999946633),.UNSPECIFIED.);
#312=FACE_OUTER_BOUND('',#1088,.T.);
#313=B_SPLINE_SURFACE_WITH_KNOTS('',1,1,((#1089,#1090),(#1091,#1092)),.UNSPECIFIED.,.F.,.F.,.F.,(2,2),(2,2),(-0.001000000000049,0.553235713152399),(-0.251000000000002,0.00099999999993414),.UNSPECIFIED.);
#314=FACE_OUTER_BOUND('',#1093,.T.);
#315=(B_SPLINE_SURFACE(3,3,((#1095,#1096,#1097,#1098),(#1099,#1100,#1101,#1102),(#1103,#1104,#1105,#1106),(#1107,#1108,#1109,#1110)),.UNSPECIFIED.,.F.,.F.,.F.)B_SPLINE_SURFACE_WITH_KNOTS((4,4),(4,4),(0.00245152217253701,0.417837875671826),(0.0521210747559729,0.947878925249102),.UNSPECIFIED.)RATIONAL_B_SPLINE_SURFACE(((1.86680048031474,1.45992632348264,1.45992632348494,1.86680048032165),(1.49311778940039,1.16768877434516,1.167688774347,1.49311778940592),(1.27542260248011,0.997440835568705,0.99744083557028,1.27542260248484),(1.21371491955391,0.949182507153276,0.949182507154774,1.21371491955841)))BOUNDED_SURFACE()REPRESENTATION_ITEM('')GEOMETRIC_REPRESENTATION_ITEM()SURFACE());
#316=FACE_OUTER_BOUND('',#1117,.T.);
#317=(B_SPLINE_SURFACE(3,3,((#1119,#1120,#1121,#1122),(#1123,#1124,#1125,#1126),(#1127,#1128,#1129,#1130),(#1131,#1132,#1133,#1134)),.UNSPECIFIED.,.F.,.F.,.F.)B_SPLINE_SURFACE_WITH_KNOTS((4,4),(4,4),(0.582872864396627,0.998010009691633),(0.0528318148244255,0.947168185180644),.UNSPECIFIED.)RATIONAL_B_SPLINE_SURFACE(((1.21340369545484,0.949641075431244,0.949641075432739,1.21340369545933),(1.27557559062053,0.998298406546951,0.998298406548523,1.27557559062525),(1.49346711285943,1.16882594019587,1.16882594019771,1.49346711286495),(1.86707826217154,1.46122367637799,1.46122367638029,1.86707826217845)))BOUNDED_SURFACE()REPRESENTATION_ITEM('')GEOMETRIC_REPRESENTATION_ITEM()SURFACE());
#318=FACE_OUTER_BOUND('',#1141,.T.);
#319=B_SPLINE_SURFACE_WITH_KNOTS('',1,1,((#1142,#1143),(#1144,#1145)),.UNSPECIFIED.,.F.,.F.,.F.,(2,2),(2,2),(0.4217642868476,0.976),(-0.251000000000002,0.000999999999934054),.UNSPECIFIED.);
#320=FACE_OUTER_BOUND('',#1146,.T.);
#321=B_SPLINE_SURFACE_WITH_KNOTS('',1,1,((#1147,#1148),(#1149,#1150)),.UNSPECIFIED.,.F.,.F.,.F.,(2,2),(2,2),(-0.000999999999999988,0.551),(-0.0509999999999442,0.000999999999946633),.UNSPECIFIED.);
#322=FACE_OUTER_BOUND('',#1151,.T.);
#323=B_SPLINE_SURFACE_WITH_KNOTS('',1,1,((#1152,#1153),(#1154,#1155)),.UNSPECIFIED.,.F.,.F.,.F.,(2,2),(2,2),(-0.00100000000004921,0.553235713152399),(-0.251000000000002,0.000999999999934195),.UNSPECIFIED.);
#324=FACE_OUTER_BOUND('',#1156,.T.);
#325=(B_SPLINE_SURFACE(3,3,((#1158,#1159,#1160,#1161),(#1162,#1163,#1164,#1165),(#1166,#1167,#1168,#1169),(#1170,#1171,#1172,#1173),(#1174,#1175,#1176,#1177),(#1178,#1179,#1180,#1181),(#1182,#1183,#1184,#1185)),.UNSPECIFIED.,.F.,.F.,.F.)B_SPLINE_SURFACE_WITH_KNOTS((4,3,4),(4,4),(0.0415321774576543,1.0,1.95846782254235),(0.124,0.425999999999906),.UNSPECIFIED.)RATIONAL_B_SPLINE_SURFACE(((1.15744507059715,1.15744507059715,1.15744507059715,1.15744507059715),(0.938009773919181,0.938009773919181,0.938009773919181,0.93800977391918),(0.947948994551464,0.947948994551464,0.947948994551464,0.947948994551464),(1.187262732494,1.187262732494,1.187262732494,1.187262732494),(0.947948994551464,0.947948994551464,0.947948994551464,0.947948994551464),(0.93800977391918,0.93800977391918,0.93800977391918,0.93800977391918),(1.15744507059715,1.15744507059715,1.15744507059715,1.15744507059715)))BOUNDED_SURFACE()REPRESENTATION_ITEM('')GEOMETRIC_REPRESENTATION_ITEM()SURFACE());
#326=FACE_OUTER_BOUND('',#1192,.T.);
#327=B_SPLINE_SURFACE_WITH_KNOTS('',1,1,((#1193,#1194),(#1195,#1196)),.UNSPECIFIED.,.F.,.F.,.F.,(2,2),(2,2),(-0.800001171279125,-0.6967642868476),(-0.276,0.276),.UNSPECIFIED.);
#328=FACE_OUTER_BOUND('',#1197,.T.);
#329=B_SPLINE_SURFACE_WITH_KNOTS('',1,1,((#1198,#1199),(#1200,#1201)),.UNSPECIFIED.,.F.,.F.,.F.,(2,2),(2,2),(-0.276,0.276),(-0.800000073142308,-0.6967642868476),.UNSPECIFIED.);
#330=FACE_OUTER_BOUND('',#1202,.T.);
#331=B_SPLINE_SURFACE_WITH_KNOTS('',1,1,((#1203,#1204),(#1205,#1206)),.UNSPECIFIED.,.F.,.F.,.F.,(2,2),(2,2),(0.6967642868476,0.800001171279125),(-0.276,0.276),.UNSPECIFIED.);
#332=FACE_OUTER_BOUND('',#1207,.T.);
#333=B_SPLINE_SURFACE_WITH_KNOTS('',1,1,((#1208,#1209),(#1210,#1211)),.UNSPECIFIED.,.F.,.F.,.F.,(2,2),(2,2),(-0.276,0.276),(0.6967642868476,0.800000073142308),.UNSPECIFIED.);
#334=FACE_OUTER_BOUND('',#1212,.T.);
#335=(B_SPLINE_SURFACE(3,3,((#1214,#1215,#1216,#1217),(#1218,#1219,#1220,#1221),(#1222,#1223,#1224,#1225),(#1226,#1227,#1228,#1229),(#1230,#1231,#1232,#1233),(#1234,#1235,#1236,#1237),(#1238,#1239,#1240,#1241)),.UNSPECIFIED.,.F.,.F.,.F.)B_SPLINE_SURFACE_WITH_KNOTS((4,3,4),(4,4),(0.0415321774576543,1.0,1.95846782254235),(0.124,0.425999999999906),.UNSPECIFIED.)RATIONAL_B_SPLINE_SURFACE(((1.15744507059715,1.15744507059715,1.15744507059715,1.15744507059715),(0.93800977391918,0.93800977391918,0.93800977391918,0.93800977391918),(0.947948994551464,0.947948994551464,0.947948994551464,0.947948994551464),(1.187262732494,1.187262732494,1.187262732494,1.187262732494),(0.947948994551464,0.947948994551464,0.947948994551464,0.947948994551464),(0.93800977391918,0.93800977391918,0.93800977391918,0.93800977391918),(1.15744507059715,1.15744507059715,1.15744507059715,1.15744507059715)))BOUNDED_SURFACE()REPRESENTATION_ITEM('')GEOMETRIC_REPRESENTATION_ITEM()SURFACE());
#336=FACE_OUTER_BOUND('',#1248,.T.);
#337=(B_SPLINE_SURFACE(3,3,((#1250,#1251,#1252,#1253),(#1254,#1255,#1256,#1257),(#1258,#1259,#1260,#1261),(#1262,#1263,#1264,#1265)),.UNSPECIFIED.,.F.,.F.,.F.)B_SPLINE_SURFACE_WITH_KNOTS((4,4),(4,4),(0.582872864381347,0.998010009690176),(0.0528318148091511,0.947168185195922),.UNSPECIFIED.)RATIONAL_B_SPLINE_SURFACE(((1.21340369546149,0.949641075421365,0.949641075422861,1.21340369546598),(1.27557559061848,0.99829840652949,0.998298406531063,1.2755755906232),(1.49346711286078,1.16882594017836,1.1688259401802,1.49346711286631),(1.8670782621884,1.46122367636798,1.46122367637028,1.86707826219531)))BOUNDED_SURFACE()REPRESENTATION_ITEM('')GEOMETRIC_REPRESENTATION_ITEM()SURFACE());
#338=FACE_OUTER_BOUND('',#1272,.T.);
#339=(B_SPLINE_SURFACE(3,3,((#1274,#1275,#1276,#1277),(#1278,#1279,#1280,#1281),(#1282,#1283,#1284,#1285),(#1286,#1287,#1288,#1289)),.UNSPECIFIED.,.F.,.F.,.F.)B_SPLINE_SURFACE_WITH_KNOTS((4,4),(4,4),(0.0024515221721008,0.417837875670836),(0.0521210747569642,0.947878925248107),.UNSPECIFIED.)RATIONAL_B_SPLINE_SURFACE(((1.86680048031456,1.45992632348401,1.45992632348631,1.86680048032147),(1.49311778940066,1.16768877434657,1.16768877434842,1.49311778940618),(1.27542260248029,0.997440835569875,0.997440835571449,1.27542260248501),(1.21371491955348,0.949182507153914,0.949182507155412,1.21371491955797)))BOUNDED_SURFACE()REPRESENTATION_ITEM('')GEOMETRIC_REPRESENTATION_ITEM()SURFACE());
#340=FACE_OUTER_BOUND('',#1296,.T.);
#341=B_SPLINE_SURFACE_WITH_KNOTS('',1,1,((#1297,#1298),(#1299,#1300)),.UNSPECIFIED.,.F.,.F.,.F.,(2,2),(2,2),(-0.00100000000004922,0.553235713152399),(-0.251000000000002,0.000999999999934085),.UNSPECIFIED.);
#342=FACE_OUTER_BOUND('',#1301,.T.);
#343=B_SPLINE_SURFACE_WITH_KNOTS('',1,1,((#1302,#1303),(#1304,#1305)),.UNSPECIFIED.,.F.,.F.,.F.,(2,2),(2,2),(-0.00100000000000009,0.551),(-0.0509999999999442,0.000999999999946633),.UNSPECIFIED.);
#344=FACE_OUTER_BOUND('',#1306,.T.);
#345=B_SPLINE_SURFACE_WITH_KNOTS('',1,1,((#1307,#1308),(#1309,#1310)),.UNSPECIFIED.,.F.,.F.,.F.,(2,2),(2,2),(0.4217642868476,0.976),(-0.251000000000002,0.000999999999934052),.UNSPECIFIED.);
#346=FACE_OUTER_BOUND('',#1311,.T.);
#347=(B_SPLINE_SURFACE(3,3,((#1313,#1314,#1315,#1316),(#1317,#1318,#1319,#1320),(#1321,#1322,#1323,#1324),(#1325,#1326,#1327,#1328)),.UNSPECIFIED.,.F.,.F.,.F.)B_SPLINE_SURFACE_WITH_KNOTS((4,4),(4,4),(0.01798541259073,0.396438574540178),(0.0356973865979275,0.964302613400847),.UNSPECIFIED.)RATIONAL_B_SPLINE_SURFACE(((1.79766357034251,1.43694181309896,1.43694181309849,1.79766357034109),(1.47287057108225,1.17732224415495,1.17732224415456,1.47287057108108),(1.27558298427201,1.01962266823325,1.01962266823291,1.27558298427099),(1.20580080991179,0.963843085333867,0.963843085333547,1.20580080991083)))BOUNDED_SURFACE()REPRESENTATION_ITEM('')GEOMETRIC_REPRESENTATION_ITEM()SURFACE());
#348=FACE_OUTER_BOUND('',#1335,.T.);
#349=(B_SPLINE_SURFACE(3,3,((#1337,#1338,#1339,#1340),(#1341,#1342,#1343,#1344),(#1345,#1346,#1347,#1348),(#1349,#1350,#1351,#1352)),.UNSPECIFIED.,.F.,.F.,.F.)B_SPLINE_SURFACE_WITH_KNOTS((4,4),(4,4),(0.603562594565888,0.982018680474529),(0.0356932935326652,0.964306706466105),.UNSPECIFIED.)RATIONAL_B_SPLINE_SURFACE(((1.20580465611004,0.963842535778703,0.963842535778383,1.20580465610908),(1.27558834255506,1.01962311761531,1.01962311761497,1.27558834255404),(1.47287975002118,1.17732515458771,1.17732515458732,1.47287975002),(1.7976788785084,1.43694864669592,1.43694864669544,1.79767887850696)))BOUNDED_SURFACE()REPRESENTATION_ITEM('')GEOMETRIC_REPRESENTATION_ITEM()SURFACE());
#350=FACE_OUTER_BOUND('',#1359,.T.);
#351=(B_SPLINE_SURFACE(3,3,((#1361,#1362,#1363,#1364),(#1365,#1366,#1367,#1368),(#1369,#1370,#1371,#1372),(#1373,#1374,#1375,#1376),(#1377,#1378,#1379,#1380),(#1381,#1382,#1383,#1384),(#1385,#1386,#1387,#1388)),.UNSPECIFIED.,.F.,.F.,.F.)B_SPLINE_SURFACE_WITH_KNOTS((4,3,4),(4,4),(0.0415321774576551,1.0,1.95846782254234),(0.124,0.425999999999906),.UNSPECIFIED.)RATIONAL_B_SPLINE_SURFACE(((1.15744507059715,1.15744507059715,1.15744507059715,1.15744507059715),(0.93800977391918,0.93800977391918,0.93800977391918,0.93800977391918),(0.947948994551464,0.947948994551464,0.947948994551464,0.947948994551464),(1.187262732494,1.187262732494,1.187262732494,1.187262732494),(0.947948994551464,0.947948994551464,0.947948994551464,0.947948994551464),(0.93800977391918,0.93800977391918,0.93800977391918,0.93800977391918),(1.15744507059715,1.15744507059715,1.15744507059715,1.15744507059715)))BOUNDED_SURFACE()REPRESENTATION_ITEM('')GEOMETRIC_REPRESENTATION_ITEM()SURFACE());
#352=FACE_OUTER_BOUND('',#1395,.T.);
#353=B_SPLINE_SURFACE_WITH_KNOTS('',1,1,((#1396,#1397),(#1398,#1399)),.UNSPECIFIED.,.F.,.F.,.F.,(2,2),(2,2),(0.4217642868476,0.976),(-0.251000000000002,0.000999999999934054),.UNSPECIFIED.);
#354=FACE_OUTER_BOUND('',#1400,.T.);
#355=(B_SPLINE_SURFACE(3,3,((#1402,#1403,#1404,#1405),(#1406,#1407,#1408,#1409),(#1410,#1411,#1412,#1413),(#1414,#1415,#1416,#1417),(#1418,#1419,#1420,#1421),(#1422,#1423,#1424,#1425),(#1426,#1427,#1428,#1429)),.UNSPECIFIED.,.F.,.F.,.F.)B_SPLINE_SURFACE_WITH_KNOTS((4,3,4),(4,4),(0.0425235032690952,1.0,1.9574764967309),(0.0430656688715143,0.956934331128476),.UNSPECIFIED.)RATIONAL_B_SPLINE_SURFACE(((1.35524195393629,1.0906059259123,1.0906059259123,1.35524195393628),(1.09897729333803,0.884381674486981,0.884381674486979,1.09897729333802),(1.11088749114117,0.893966186142025,0.893966186142022,1.11088749114116),(1.39097254734571,1.11935946087743,1.11935946087743,1.3909725473457),(1.11088749114117,0.893966186142025,0.893966186142022,1.11088749114116),(1.09897729333803,0.884381674486981,0.884381674486979,1.09897729333802),(1.35524195393629,1.0906059259123,1.0906059259123,1.35524195393628)))BOUNDED_SURFACE()REPRESENTATION_ITEM('')GEOMETRIC_REPRESENTATION_ITEM()SURFACE());
#356=FACE_OUTER_BOUND('',#1436,.T.);
#357=(B_SPLINE_SURFACE(3,3,((#1438,#1439,#1440,#1441),(#1442,#1443,#1444,#1445),(#1446,#1447,#1448,#1449),(#1450,#1451,#1452,#1453),(#1454,#1455,#1456,#1457),(#1458,#1459,#1460,#1461),(#1462,#1463,#1464,#1465)),.UNSPECIFIED.,.F.,.F.,.F.)B_SPLINE_SURFACE_WITH_KNOTS((4,3,4),(4,4),(0.0425235032690953,1.0,1.9574764967309),(0.0430656688715144,0.956934331128478),.UNSPECIFIED.)RATIONAL_B_SPLINE_SURFACE(((1.35524195393629,1.0906059259123,1.0906059259123,1.35524195393629),(1.09897729333803,0.884381674486981,0.884381674486979,1.09897729333802),(1.11088749114117,0.893966186142024,0.893966186142022,1.11088749114116),(1.39097254734571,1.11935946087743,1.11935946087743,1.3909725473457),(1.11088749114117,0.893966186142024,0.893966186142022,1.11088749114116),(1.09897729333803,0.884381674486981,0.884381674486979,1.09897729333802),(1.35524195393629,1.0906059259123,1.0906059259123,1.35524195393628)))BOUNDED_SURFACE()REPRESENTATION_ITEM('')GEOMETRIC_REPRESENTATION_ITEM()SURFACE());
#358=FACE_OUTER_BOUND('',#1472,.T.);
#359=B_SPLINE_SURFACE_WITH_KNOTS('',1,1,((#1473,#1474),(#1475,#1476)),.UNSPECIFIED.,.F.,.F.,.F.,(2,2),(2,2),(-0.000999999999999981,0.621),(-0.0509999999999442,0.000999999999946633),.UNSPECIFIED.);
#360=FACE_OUTER_BOUND('',#1477,.T.);
#361=(B_SPLINE_SURFACE(3,3,((#1479,#1480,#1481,#1482),(#1483,#1484,#1485,#1486),(#1487,#1488,#1489,#1490),(#1491,#1492,#1493,#1494)),.UNSPECIFIED.,.F.,.F.,.F.)B_SPLINE_SURFACE_WITH_KNOTS((4,4),(4,4),(0.0473373631460096,0.741226595078486),(-0.000999999999862283,0.0509999999998607),.UNSPECIFIED.)RATIONAL_B_SPLINE_SURFACE(((1.39696471266312,1.39696471266312,1.39696471266312,1.39696471266312),(0.991291676206964,0.991291676206964,0.991291676206964,0.991291676206964),(0.896547937603456,0.896547937603455,0.896547937603455,0.896547937603455),(1.11273349685259,1.11273349685259,1.11273349685259,1.11273349685259)))BOUNDED_SURFACE()REPRESENTATION_ITEM('')GEOMETRIC_REPRESENTATION_ITEM()SURFACE());
#362=FACE_OUTER_BOUND('',#1501,.T.);
#363=(B_SPLINE_SURFACE(3,3,((#1503,#1504,#1505,#1506),(#1507,#1508,#1509,#1510),(#1511,#1512,#1513,#1514),(#1515,#1516,#1517,#1518)),.UNSPECIFIED.,.F.,.F.,.F.)B_SPLINE_SURFACE_WITH_KNOTS((4,4),(4,4),(1.25877340492151,1.95266263685399),(-0.000999999999862295,0.0509999999998609),.UNSPECIFIED.)RATIONAL_B_SPLINE_SURFACE(((1.11273349685259,1.11273349685259,1.11273349685259,1.11273349685259),(0.896547937603455,0.896547937603455,0.896547937603455,0.896547937603455),(0.991291676206964,0.991291676206964,0.991291676206964,0.991291676206964),(1.39696471266312,1.39696471266312,1.39696471266312,1.39696471266312)))BOUNDED_SURFACE()REPRESENTATION_ITEM('')GEOMETRIC_REPRESENTATION_ITEM()SURFACE());
#364=FACE_OUTER_BOUND('',#1525,.T.);
#365=B_SPLINE_SURFACE_WITH_KNOTS('',1,1,((#1526,#1527),(#1528,#1529)),.UNSPECIFIED.,.F.,.F.,.F.,(2,2),(2,2),(-0.00100000000000168,0.401000000000002),(-0.050999999999944,0.000999999999946392),.UNSPECIFIED.);
#366=FACE_OUTER_BOUND('',#1530,.T.);
#367=B_SPLINE_SURFACE_WITH_KNOTS('',1,1,((#1531,#1532),(#1533,#1534)),.UNSPECIFIED.,.F.,.F.,.F.,(2,2),(2,2),(-0.000999999999999886,0.351),(-0.0509999999999442,0.000999999999946633),.UNSPECIFIED.);
#368=FACE_OUTER_BOUND('',#1535,.T.);
#369=B_SPLINE_SURFACE_WITH_KNOTS('',1,1,((#1536,#1537),(#1538,#1539)),.UNSPECIFIED.,.F.,.F.,.F.,(2,2),(2,2),(-0.00100000000004363,1.79136676939809),(-0.000999999999947049,0.0509999999999444),.UNSPECIFIED.);
#370=FACE_OUTER_BOUND('',#1540,.T.);
#371=B_SPLINE_SURFACE_WITH_KNOTS('',1,1,((#1541,#1542),(#1543,#1544)),.UNSPECIFIED.,.F.,.F.,.F.,(2,2),(2,2),(-0.201,0.151),(-0.0509999999999442,0.000999999999946633),.UNSPECIFIED.);
#372=FACE_OUTER_BOUND('',#1545,.T.);
#373=B_SPLINE_SURFACE_WITH_KNOTS('',1,1,((#1546,#1547),(#1548,#1549)),.UNSPECIFIED.,.F.,.F.,.F.,(2,2),(2,2),(-0.00100000000000157,0.401000000000002),(-0.050999999999944,0.000999999999946413),.UNSPECIFIED.);
#374=FACE_OUTER_BOUND('',#1550,.T.);
#375=B_SPLINE_SURFACE_WITH_KNOTS('',1,1,((#1551,#1552),(#1553,#1554)),.UNSPECIFIED.,.F.,.F.,.F.,(2,2),(2,2),(-0.00100000000000003,0.621),(-0.0509999999999442,0.000999999999946633),.UNSPECIFIED.);
#376=FACE_OUTER_BOUND('',#1555,.T.);
#377=(B_SPLINE_SURFACE(3,3,((#1557,#1558,#1559,#1560),(#1561,#1562,#1563,#1564),(#1565,#1566,#1567,#1568),(#1569,#1570,#1571,#1572)),.UNSPECIFIED.,.F.,.F.,.F.)B_SPLINE_SURFACE_WITH_KNOTS((4,4),(4,4),(0.0200247511656375,0.979975248834362),(-0.0513585723255697,0.00135857232557171),.UNSPECIFIED.)RATIONAL_B_SPLINE_SURFACE(((1.1708183549508,1.1708183549508,1.1708183549508,1.1708183549508),(0.9430605483497,0.9430605483497,0.9430605483497,0.9430605483497),(0.9430605483497,0.9430605483497,0.9430605483497,0.9430605483497),(1.1708183549508,1.1708183549508,1.1708183549508,1.1708183549508)))BOUNDED_SURFACE()REPRESENTATION_ITEM('')GEOMETRIC_REPRESENTATION_ITEM()SURFACE());
#378=FACE_OUTER_BOUND('',#1579,.T.);
#379=(B_SPLINE_SURFACE(3,3,((#1581,#1582,#1583,#1584,#1585,#1586,#1587),(#1588,#1589,#1590,#1591,#1592,#1593,#1594),(#1595,#1596,#1597,#1598,#1599,#1600,#1601),(#1602,#1603,#1604,#1605,#1606,#1607,#1608),(#1609,#1610,#1611,#1612,#1613,#1614,#1615),(#1616,#1617,#1618,#1619,#1620,#1621,#1622),(#1623,#1624,#1625,#1626,#1627,#1628,#1629)),.UNSPECIFIED.,.F.,.F.,.F.)B_SPLINE_SURFACE_WITH_KNOTS((4,3,4),(4,3,4),(0.0425235034939659,1.0,1.95747649673361),(0.0425235032629952,1.0,1.95747649673714),.UNSPECIFIED.)RATIONAL_B_SPLINE_SURFACE(((1.33810510990065,1.08508087991543,1.09684047493959,1.37338389497311,1.09684047493955,1.08508087991543,1.33810510990075),(1.0850808800144,0.879901367503637,0.889437323702461,1.11368874861087,0.889437323702429,0.879901367503634,1.08508088001449),(1.09684047510376,0.889437323754471,0.899076626151494,1.12575838229483,0.899076626151461,0.889437323754468,1.09684047510385),(1.37338389516875,1.11368874866793,1.12575838228668,1.409592796025,1.12575838228664,1.11368874866793,1.37338389516886),(1.09684047503803,0.889437323701169,0.899076626097615,1.12575838222737,0.899076626097582,0.889437323701167,1.09684047503812),(1.08508088000881,0.879901367499103,0.889437323697878,1.11368874860513,0.889437323697846,0.879901367499101,1.0850808800089),(1.33810511008107,1.08508088006174,1.09684047508748,1.37338389515829,1.09684047508744,1.08508088006173,1.33810511008118)))BOUNDED_SURFACE()REPRESENTATION_ITEM('')GEOMETRIC_REPRESENTATION_ITEM()SURFACE());
#380=FACE_OUTER_BOUND('',#1636,.T.);
#381=(B_SPLINE_SURFACE(3,3,((#1638,#1639,#1640,#1641),(#1642,#1643,#1644,#1645),(#1646,#1647,#1648,#1649),(#1650,#1651,#1652,#1653),(#1654,#1655,#1656,#1657),(#1658,#1659,#1660,#1661),(#1662,#1663,#1664,#1665)),.UNSPECIFIED.,.F.,.F.,.F.)B_SPLINE_SURFACE_WITH_KNOTS((4,3,4),(4,4),(0.0404273646226813,1.0,1.95957263538175),(0.162995187163763,0.675204812836238),.UNSPECIFIED.)RATIONAL_B_SPLINE_SURFACE(((1.15820480515135,1.15820480515135,1.15820480515135,1.15820480515135),(0.937987165076753,0.937987165076753,0.937987165076753,0.937987165076753),(0.947673140857635,0.947673140857635,0.947673140857635,0.947673140857635),(1.187262732494,1.187262732494,1.187262732494,1.187262732494),(0.947673140856529,0.947673140856529,0.947673140856529,0.947673140856529),(0.937987165076664,0.937987165076664,0.937987165076663,0.937987165076663),(1.1582048051544,1.1582048051544,1.1582048051544,1.1582048051544)))BOUNDED_SURFACE()REPRESENTATION_ITEM('')GEOMETRIC_REPRESENTATION_ITEM()SURFACE());
#382=FACE_OUTER_BOUND('',#1672,.T.);
#383=B_SPLINE_SURFACE_WITH_KNOTS('',1,1,((#1673,#1674),(#1675,#1676)),.UNSPECIFIED.,.F.,.F.,.F.,(2,2),(2,2),(-0.00100000000000008,0.636),(-0.000999999999999851,0.425264068711961),.UNSPECIFIED.);
#384=FACE_OUTER_BOUND('',#1677,.T.);
#385=B_SPLINE_SURFACE_WITH_KNOTS('',1,1,((#1678,#1679),(#1680,#1681)),.UNSPECIFIED.,.F.,.F.,.F.,(2,2),(2,2),(-0.000999999999999945,3.501),(-0.001,0.636),.UNSPECIFIED.);
#386=FACE_OUTER_BOUND('',#1682,.T.);
#387=B_SPLINE_SURFACE_WITH_KNOTS('',1,1,((#1683,#1684),(#1685,#1686)),.UNSPECIFIED.,.F.,.F.,.F.,(2,2),(2,2),(-0.013699999999822,1.05964018374021),(-0.65378,0.0137),.UNSPECIFIED.);
#388=FACE_OUTER_BOUND('',#1687,.T.);
#389=B_SPLINE_SURFACE_WITH_KNOTS('',1,1,((#1688,#1689),(#1690,#1691)),.UNSPECIFIED.,.F.,.F.,.F.,(2,2),(2,2),(-1.351,-0.399),(-1.5256,-1.499),.UNSPECIFIED.);
#390=FACE_OUTER_BOUND('',#1692,.T.);
#391=B_SPLINE_SURFACE_WITH_KNOTS('',1,1,((#1693,#1694),(#1695,#1696)),.UNSPECIFIED.,.F.,.F.,.F.,(2,2),(2,2),(0.399,1.351),(-1.5256,-1.499),.UNSPECIFIED.);
#392=FACE_OUTER_BOUND('',#1697,.T.);
#393=(B_SPLINE_SURFACE(3,3,((#1699,#1700,#1701,#1702),(#1703,#1704,#1705,#1706),(#1707,#1708,#1709,#1710),(#1711,#1712,#1713,#1714)),.UNSPECIFIED.,.F.,.F.,.F.)B_SPLINE_SURFACE_WITH_KNOTS((4,4),(4,4),(0.119979547246827,0.880020452751756),(-0.0124055651977,0.9755944348023),.UNSPECIFIED.)RATIONAL_B_SPLINE_SURFACE(((1.19121031814701,1.19121031814701,1.19121031814701,1.19121031814701),(0.936263227284872,0.936263227284872,0.936263227284872,0.936263227284872),(0.936263227284397,0.936263227284397,0.936263227284397,0.936263227284397),(1.19121031814558,1.19121031814558,1.19121031814558,1.19121031814558)))BOUNDED_SURFACE()REPRESENTATION_ITEM('')GEOMETRIC_REPRESENTATION_ITEM()SURFACE());
#394=FACE_OUTER_BOUND('',#1721,.T.);
#395=B_SPLINE_SURFACE_WITH_KNOTS('',1,1,((#1722,#1723),(#1724,#1725)),.UNSPECIFIED.,.F.,.F.,.F.,(2,2),(2,2),(-0.00100000000000001,0.8137),(-0.66648,0.00100000000000011),.UNSPECIFIED.);
#396=FACE_OUTER_BOUND('',#1726,.T.);
#397=(B_SPLINE_SURFACE(3,3,((#1728,#1729,#1730,#1731),(#1732,#1733,#1734,#1735),(#1736,#1737,#1738,#1739),(#1740,#1741,#1742,#1743)),.UNSPECIFIED.,.F.,.F.,.F.)B_SPLINE_SURFACE_WITH_KNOTS((4,4),(4,4),(0.119979547247998,0.880020452753146),(-0.01259801743434,0.9754019825657),.UNSPECIFIED.)RATIONAL_B_SPLINE_SURFACE(((1.19121031814583,1.19121031814583,1.19121031814583,1.19121031814583),(0.936263227284406,0.936263227284406,0.936263227284406,0.936263227284406),(0.93626322728479,0.93626322728479,0.93626322728479,0.93626322728479),(1.19121031814698,1.19121031814698,1.19121031814698,1.19121031814698)))BOUNDED_SURFACE()REPRESENTATION_ITEM('')GEOMETRIC_REPRESENTATION_ITEM()SURFACE());
#398=FACE_OUTER_BOUND('',#1750,.T.);
#399=B_SPLINE_SURFACE_WITH_KNOTS('',1,1,((#1751,#1752),(#1753,#1754)),.UNSPECIFIED.,.F.,.F.,.F.,(2,2),(2,2),(-0.000999999999999704,0.7629),(-0.000999999999999979,0.951),.UNSPECIFIED.);
#400=FACE_OUTER_BOUND('',#1755,.T.);
#401=B_SPLINE_SURFACE_WITH_KNOTS('',1,1,((#1756,#1757),(#1758,#1759)),.UNSPECIFIED.,.F.,.F.,.F.,(2,2),(2,2),(-0.001000000000002,0.013699999999998),(0.199,0.951),.UNSPECIFIED.);
#402=FACE_OUTER_BOUND('',#1760,.T.);
#403=B_SPLINE_SURFACE_WITH_KNOTS('',1,1,((#1761,#1762),(#1763,#1764)),.UNSPECIFIED.,.F.,.F.,.F.,(2,2),(2,2),(-0.001000000000002,0.013699999999998),(-0.00099999999992875,0.283842712474597),.UNSPECIFIED.);
#404=FACE_OUTER_BOUND('',#1765,.T.);
#405=B_SPLINE_SURFACE_WITH_KNOTS('',1,1,((#1766,#1767),(#1768,#1769)),.UNSPECIFIED.,.F.,.F.,.F.,(2,2),(2,2),(0.0370999999999996,0.801),(-0.000999999999999976,0.951),.UNSPECIFIED.);
#406=FACE_OUTER_BOUND('',#1770,.T.);
#407=(B_SPLINE_SURFACE(3,3,((#1772,#1773,#1774,#1775),(#1776,#1777,#1778,#1779),(#1780,#1781,#1782,#1783),(#1784,#1785,#1786,#1787)),.UNSPECIFIED.,.F.,.F.,.F.)B_SPLINE_SURFACE_WITH_KNOTS((4,4),(4,4),(0.0863646711120475,0.913635328888959),(-0.00933384668809838,0.970274167201322),.UNSPECIFIED.)RATIONAL_B_SPLINE_SURFACE(((1.18454630896381,1.18454630896381,1.18454630896381,1.18454630896381),(0.938484563678497,0.938484563678497,0.938484563678497,0.938484563678497),(0.938484563678796,0.938484563678796,0.938484563678796,0.938484563678796),(1.18454630896471,1.18454630896471,1.18454630896471,1.18454630896471)))BOUNDED_SURFACE()REPRESENTATION_ITEM('')GEOMETRIC_REPRESENTATION_ITEM()SURFACE());
#408=FACE_OUTER_BOUND('',#1794,.T.);
#409=B_SPLINE_SURFACE_WITH_KNOTS('',1,1,((#1795,#1796),(#1797,#1798)),.UNSPECIFIED.,.F.,.F.,.F.,(2,2),(2,2),(0.0370999999999998,0.62838),(-0.000999999999999924,0.951),.UNSPECIFIED.);
#410=FACE_OUTER_BOUND('',#1799,.T.);
#411=(B_SPLINE_SURFACE(3,3,((#1801,#1802,#1803,#1804),(#1805,#1806,#1807,#1808),(#1809,#1810,#1811,#1812),(#1813,#1814,#1815,#1816)),.UNSPECIFIED.,.F.,.F.,.F.)B_SPLINE_SURFACE_WITH_KNOTS((4,4),(4,4),(0.0863646711113452,0.913635328887971),(-0.00863424353195764,0.970973770357522),.UNSPECIFIED.)RATIONAL_B_SPLINE_SURFACE(((1.18454630896444,1.18454630896444,1.18454630896444,1.18454630896444),(0.938484563678791,0.938484563678791,0.938484563678791,0.938484563678791),(0.938484563678587,0.938484563678587,0.938484563678587,0.938484563678587),(1.18454630896383,1.18454630896383,1.18454630896383,1.18454630896383)))BOUNDED_SURFACE()REPRESENTATION_ITEM('')GEOMETRIC_REPRESENTATION_ITEM()SURFACE());
#412=FACE_OUTER_BOUND('',#1823,.T.);
#413=B_SPLINE_SURFACE_WITH_KNOTS('',1,1,((#1824,#1825),(#1826,#1827)),.UNSPECIFIED.,.F.,.F.,.F.,(2,2),(2,2),(0.399,1.35100000000001),(-1.5256,-0.2897171218268),.UNSPECIFIED.);
#414=FACE_OUTER_BOUND('',#1828,.T.);
#415=B_SPLINE_SURFACE_WITH_KNOTS('',1,1,((#1829,#1830),(#1831,#1832)),.UNSPECIFIED.,.F.,.F.,.F.,(2,2),(2,2),(-1.351,-0.399),(-1.5256,-0.289717121826815),.UNSPECIFIED.);
#416=FACE_OUTER_BOUND('',#1833,.T.);
#417=(B_SPLINE_SURFACE(3,3,((#1835,#1836,#1837,#1838),(#1839,#1840,#1841,#1842),(#1843,#1844,#1845,#1846),(#1847,#1848,#1849,#1850)),.UNSPECIFIED.,.F.,.F.,.F.)B_SPLINE_SURFACE_WITH_KNOTS((4,4),(4,4),(0.0863646711113486,0.913635328887963),(-0.00840202437906054,0.971205989510438),.UNSPECIFIED.)RATIONAL_B_SPLINE_SURFACE(((1.18454630896444,1.18454630896444,1.18454630896444,1.18454630896444),(0.938484563678793,0.938484563678793,0.938484563678793,0.938484563678793),(0.938484563678588,0.938484563678588,0.938484563678588,0.938484563678588),(1.18454630896382,1.18454630896382,1.18454630896382,1.18454630896382)))BOUNDED_SURFACE()REPRESENTATION_ITEM('')GEOMETRIC_REPRESENTATION_ITEM()SURFACE());
#418=FACE_OUTER_BOUND('',#1857,.T.);
#419=B_SPLINE_SURFACE_WITH_KNOTS('',1,1,((#1858,#1859),(#1860,#1861)),.UNSPECIFIED.,.F.,.F.,.F.,(2,2),(2,2),(0.0370999999999998,0.62838),(-0.000999999999999924,0.951),.UNSPECIFIED.);
#420=FACE_OUTER_BOUND('',#1862,.T.);
#421=(B_SPLINE_SURFACE(3,3,((#1864,#1865,#1866,#1867),(#1868,#1869,#1870,#1871),(#1872,#1873,#1874,#1875),(#1876,#1877,#1878,#1879)),.UNSPECIFIED.,.F.,.F.,.F.)B_SPLINE_SURFACE_WITH_KNOTS((4,4),(4,4),(0.0863646711120434,0.913635328888959),(-0.00840202437906048,0.971205989510437),.UNSPECIFIED.)RATIONAL_B_SPLINE_SURFACE(((1.18454630896382,1.18454630896382,1.18454630896382,1.18454630896382),(0.938484563678497,0.938484563678497,0.938484563678497,0.938484563678497),(0.938484563678795,0.938484563678795,0.938484563678795,0.938484563678795),(1.18454630896471,1.18454630896471,1.18454630896471,1.18454630896471)))BOUNDED_SURFACE()REPRESENTATION_ITEM('')GEOMETRIC_REPRESENTATION_ITEM()SURFACE());
#422=FACE_OUTER_BOUND('',#1886,.T.);
#423=B_SPLINE_SURFACE_WITH_KNOTS('',1,1,((#1887,#1888),(#1889,#1890)),.UNSPECIFIED.,.F.,.F.,.F.,(2,2),(2,2),(0.0370999999999999,0.901),(-0.000999999999999976,0.951),.UNSPECIFIED.);
#424=FACE_OUTER_BOUND('',#1891,.T.);
#425=B_SPLINE_SURFACE_WITH_KNOTS('',1,1,((#1892,#1893),(#1894,#1895)),.UNSPECIFIED.,.F.,.F.,.F.,(2,2),(2,2),(-0.001000000000002,0.013699999999998),(0.199,0.951),.UNSPECIFIED.);
#426=FACE_OUTER_BOUND('',#1896,.T.);
#427=B_SPLINE_SURFACE_WITH_KNOTS('',1,1,((#1897,#1898),(#1899,#1900)),.UNSPECIFIED.,.F.,.F.,.F.,(2,2),(2,2),(-0.001000000000002,0.013699999999998),(-0.000999999999928586,0.283842712474597),.UNSPECIFIED.);
#428=FACE_OUTER_BOUND('',#1901,.T.);
#429=B_SPLINE_SURFACE_WITH_KNOTS('',1,1,((#1902,#1903),(#1904,#1905)),.UNSPECIFIED.,.F.,.F.,.F.,(2,2),(2,2),(-0.0137000000000002,0.801),(-0.66648,0.00100000000000011),.UNSPECIFIED.);
#430=FACE_OUTER_BOUND('',#1906,.T.);
#431=(B_SPLINE_SURFACE(3,3,((#1908,#1909,#1910,#1911),(#1912,#1913,#1914,#1915),(#1916,#1917,#1918,#1919),(#1920,#1921,#1922,#1923)),.UNSPECIFIED.,.F.,.F.,.F.)B_SPLINE_SURFACE_WITH_KNOTS((4,4),(4,4),(0.0180960060539913,0.981903993945732),(-0.014279439700371,0.00157943970037306),.UNSPECIFIED.)RATIONAL_B_SPLINE_SURFACE(((1.03445489053107,1.03445489053107,1.03445489053107,1.03445489053107),(0.988515036489524,0.988515036489524,0.988515036489524,0.988515036489524),(0.988515036489511,0.988515036489511,0.988515036489511,0.988515036489511),(1.03445489053103,1.03445489053103,1.03445489053103,1.03445489053103)))BOUNDED_SURFACE()REPRESENTATION_ITEM('')GEOMETRIC_REPRESENTATION_ITEM()SURFACE());
#432=FACE_OUTER_BOUND('',#1930,.T.);
#433=B_SPLINE_SURFACE_WITH_KNOTS('',1,1,((#1931,#1932),(#1933,#1934)),.UNSPECIFIED.,.F.,.F.,.F.,(2,2),(2,2),(-0.00100000000006385,0.587639992842138),(-0.0137000000000166,0.00100000000001874),.UNSPECIFIED.);
#434=FACE_OUTER_BOUND('',#1935,.T.);
#435=B_SPLINE_SURFACE_WITH_KNOTS('',1,1,((#1936,#1937),(#1938,#1939)),.UNSPECIFIED.,.F.,.F.,.F.,(2,2),(2,2),(-0.00100000000000014,0.8629),(-0.000999999999999979,0.951),.UNSPECIFIED.);
#436=FACE_OUTER_BOUND('',#1940,.T.);
#437=(B_SPLINE_SURFACE(3,3,((#1942,#1943,#1944,#1945),(#1946,#1947,#1948,#1949),(#1950,#1951,#1952,#1953),(#1954,#1955,#1956,#1957)),.UNSPECIFIED.,.F.,.F.,.F.)B_SPLINE_SURFACE_WITH_KNOTS((4,4),(4,4),(0.119979547247998,0.880020452753157),(-0.01352983974336,0.9744701602566),.UNSPECIFIED.)RATIONAL_B_SPLINE_SURFACE(((1.19121031814583,1.19121031814583,1.19121031814583,1.19121031814583),(0.936263227284402,0.936263227284402,0.936263227284402,0.936263227284402),(0.93626322728479,0.93626322728479,0.93626322728479,0.93626322728479),(1.19121031814699,1.19121031814699,1.19121031814699,1.19121031814699)))BOUNDED_SURFACE()REPRESENTATION_ITEM('')GEOMETRIC_REPRESENTATION_ITEM()SURFACE());
#438=FACE_OUTER_BOUND('',#1964,.T.);
#439=B_SPLINE_SURFACE_WITH_KNOTS('',1,1,((#1965,#1966),(#1967,#1968)),.UNSPECIFIED.,.F.,.F.,.F.,(2,2),(2,2),(0.58908,0.61568),(-0.00099999999999998,0.951),.UNSPECIFIED.);
#440=FACE_OUTER_BOUND('',#1969,.T.);
#441=B_SPLINE_SURFACE_WITH_KNOTS('',1,1,((#1970,#1971),(#1972,#1973)),.UNSPECIFIED.,.F.,.F.,.F.,(2,2),(2,2),(0.0244,0.05608),(-0.00100000000000003,0.951000000000001),.UNSPECIFIED.);
#442=FACE_OUTER_BOUND('',#1974,.T.);
#443=(B_SPLINE_SURFACE(3,3,((#1976,#1977,#1978,#1979),(#1980,#1981,#1982,#1983),(#1984,#1985,#1986,#1987),(#1988,#1989,#1990,#1991)),.UNSPECIFIED.,.F.,.F.,.F.)B_SPLINE_SURFACE_WITH_KNOTS((4,4),(4,4),(0.119979547246836,0.880020452751759),(-0.01352983974336,0.9744701602566),.UNSPECIFIED.)RATIONAL_B_SPLINE_SURFACE(((1.191210318147,1.191210318147,1.191210318147,1.191210318147),(0.936263227284871,0.936263227284871,0.936263227284871,0.936263227284871),(0.9362632272844,0.9362632272844,0.9362632272844,0.9362632272844),(1.19121031814559,1.19121031814559,1.19121031814559,1.19121031814559)))BOUNDED_SURFACE()REPRESENTATION_ITEM('')GEOMETRIC_REPRESENTATION_ITEM()SURFACE());
#444=FACE_OUTER_BOUND('',#1998,.T.);
#445=B_SPLINE_SURFACE_WITH_KNOTS('',1,1,((#1999,#2000),(#2001,#2002)),.UNSPECIFIED.,.F.,.F.,.F.,(2,2),(2,2),(-0.000999999999688239,0.587639992842514),(-0.0137000000000166,0.00100000000001874),.UNSPECIFIED.);
#446=FACE_OUTER_BOUND('',#2003,.T.);
#447=(B_SPLINE_SURFACE(3,3,((#2005,#2006,#2007,#2008),(#2009,#2010,#2011,#2012),(#2013,#2014,#2015,#2016),(#2017,#2018,#2019,#2020)),.UNSPECIFIED.,.F.,.F.,.F.)B_SPLINE_SURFACE_WITH_KNOTS((4,4),(4,4),(0.0180960060542682,0.981903993946009),(-0.0142794397003709,0.00157943970037314),.UNSPECIFIED.)RATIONAL_B_SPLINE_SURFACE(((1.03445489053103,1.03445489053103,1.03445489053103,1.03445489053103),(0.988515036489511,0.988515036489511,0.988515036489511,0.988515036489511),(0.988515036489524,0.988515036489524,0.988515036489524,0.988515036489524),(1.03445489053107,1.03445489053107,1.03445489053107,1.03445489053107)))BOUNDED_SURFACE()REPRESENTATION_ITEM('')GEOMETRIC_REPRESENTATION_ITEM()SURFACE());
#448=EDGE_LOOP('',(#2027,#2028,#2029,#2030,#2031,#2032,#2033,#2034,#2035,#2036));
#449=CARTESIAN_POINT('',(-1.80099999999991,0.0,1.85100000000002));
#450=CARTESIAN_POINT('',(-1.80099999999991,0.0,-1.90099999999998));
#451=CARTESIAN_POINT('',(1.80100000000009,0.0,1.85100000000002));
#452=CARTESIAN_POINT('',(1.80100000000009,0.0,-1.90099999999998));
#453=EDGE_LOOP('',(#2037,#2038,#2039,#2040,#2041,#2042,#2043,#2044));
#455=CARTESIAN_POINT('',(1.81187026431004,9.916685678264E-06,1.84900422380692));
#456=CARTESIAN_POINT('',(0.603956754770073,9.916685678264E-06,1.84900422380692));
#457=CARTESIAN_POINT('',(-0.603956754769896,9.916685678264E-06,1.84900422380692));
#458=CARTESIAN_POINT('',(-1.81187026430987,9.916685678264E-06,1.84900422380692));
#459=CARTESIAN_POINT('',(1.81187026431004,-0.000591988685500993,1.87922115393107));
#460=CARTESIAN_POINT('',(0.603956754770073,-0.000591988685500993,1.87922115393107));
#461=CARTESIAN_POINT('',(-0.603956754769896,-0.000591988685500993,1.87922115393107));
#462=CARTESIAN_POINT('',(-1.81187026430987,-0.000591988685500993,1.87922115393107));
#463=CARTESIAN_POINT('',(1.81187026431004,0.0207788460689068,1.90059198868534));
#464=CARTESIAN_POINT('',(0.603956754770073,0.0207788460689068,1.90059198868534));
#465=CARTESIAN_POINT('',(-0.603956754769896,0.0207788460689068,1.90059198868534));
#466=CARTESIAN_POINT('',(-1.81187026430987,0.0207788460689068,1.90059198868534));
#467=CARTESIAN_POINT('',(1.81187026431004,0.0509957761931006,1.89999008331427));
#468=CARTESIAN_POINT('',(0.603956754770073,0.0509957761931006,1.89999008331427));
#469=CARTESIAN_POINT('',(-0.603956754769897,0.0509957761931006,1.89999008331427));
#470=CARTESIAN_POINT('',(-1.81187026430987,0.0509957761931006,1.89999008331427));
#477=EDGE_LOOP('',(#2045,#2046,#2047,#2048));
#478=CARTESIAN_POINT('',(-0.398999999999912,0.584,1.90000000000002));
#479=CARTESIAN_POINT('',(-1.35099999999991,0.584,1.90000000000002));
#480=CARTESIAN_POINT('',(-0.398999999999912,0.6106,1.90000000000002));
#481=CARTESIAN_POINT('',(-1.35099999999991,0.6106,1.90000000000002));
#482=EDGE_LOOP('',(#2049,#2050,#2051,#2052));
#483=CARTESIAN_POINT('',(-0.398999999999912,0.01932,1.90000000000002));
#484=CARTESIAN_POINT('',(-1.35099999999991,0.01932,1.90000000000002));
#485=CARTESIAN_POINT('',(-0.398999999999912,0.051,1.90000000000002));
#486=CARTESIAN_POINT('',(-1.35099999999991,0.051,1.90000000000002));
#487=EDGE_LOOP('',(#2053,#2054,#2055,#2056,#2057,#2058,#2059,#2060,#2061,#2062,#2063,#2064));
#489=CARTESIAN_POINT('',(-1.81187026430987,0.634990083314339,1.84900422380692));
#490=CARTESIAN_POINT('',(-0.603956754769898,0.634990083314339,1.84900422380692));
#491=CARTESIAN_POINT('',(0.603956754770073,0.634990083314339,1.84900422380692));
#492=CARTESIAN_POINT('',(1.81187026431004,0.634990083314339,1.84900422380692));
#493=CARTESIAN_POINT('',(-1.81187026430987,0.635591988685503,1.87922115393108));
#494=CARTESIAN_POINT('',(-0.603956754769898,0.635591988685503,1.87922115393108));
#495=CARTESIAN_POINT('',(0.603956754770073,0.635591988685503,1.87922115393108));
#496=CARTESIAN_POINT('',(1.81187026431004,0.635591988685503,1.87922115393108));
#497=CARTESIAN_POINT('',(-1.81187026430987,0.614221153931117,1.90059198868534));
#498=CARTESIAN_POINT('',(-0.603956754769898,0.614221153931117,1.90059198868534));
#499=CARTESIAN_POINT('',(0.603956754770073,0.614221153931117,1.90059198868534));
#500=CARTESIAN_POINT('',(1.81187026431004,0.614221153931117,1.90059198868534));
#501=CARTESIAN_POINT('',(-1.81187026430987,0.584004223806899,1.89999008331427));
#502=CARTESIAN_POINT('',(-0.603956754769898,0.584004223806899,1.89999008331427));
#503=CARTESIAN_POINT('',(0.603956754770073,0.584004223806899,1.89999008331427));
#504=CARTESIAN_POINT('',(1.81187026431004,0.584004223806899,1.89999008331427));
#511=EDGE_LOOP('',(#2065,#2066,#2067,#2068));
#512=CARTESIAN_POINT('',(-1.80099999999991,0.049,1.90000000000002));
#513=CARTESIAN_POINT('',(-1.80099999999991,0.586,1.90000000000002));
#514=CARTESIAN_POINT('',(-1.34899999999991,0.049,1.90000000000002));
#515=CARTESIAN_POINT('',(-1.34899999999991,0.586,1.90000000000002));
#516=EDGE_LOOP('',(#2069,#2070,#2071,#2072));
#517=CARTESIAN_POINT('',(-0.400999999999912,0.049,1.90000000000002));
#518=CARTESIAN_POINT('',(-0.400999999999912,0.586,1.90000000000002));
#519=CARTESIAN_POINT('',(0.401000000000088,0.049,1.90000000000002));
#520=CARTESIAN_POINT('',(0.401000000000088,0.586,1.90000000000002));
#521=EDGE_LOOP('',(#2073,#2074,#2075,#2076));
#522=CARTESIAN_POINT('',(1.34900000000009,0.049,1.90000000000002));
#523=CARTESIAN_POINT('',(1.34900000000009,0.586,1.90000000000002));
#524=CARTESIAN_POINT('',(1.80100000000009,0.049,1.90000000000002));
#525=CARTESIAN_POINT('',(1.80100000000009,0.586,1.90000000000002));
#526=EDGE_LOOP('',(#2077,#2078,#2079,#2080,#2081,#2082,#2083,#2084,#2085,#2086,#2087,#2088,#2089,#2090,#2091));
#527=CARTESIAN_POINT('',(-1.34999999999991,-0.01878,0.84035981625942));
#528=CARTESIAN_POINT('',(-1.34999999999991,0.6487,0.84035981625942));
#529=CARTESIAN_POINT('',(-1.34999999999991,-0.01878,1.91370000000002));
#530=CARTESIAN_POINT('',(-1.34999999999991,0.6487,1.91370000000002));
#531=EDGE_LOOP('',(#2092,#2093,#2094,#2095,#2096,#2097,#2098,#2099,#2100,#2101,#2102,#2103,#2104,#2105,#2106,#2107,#2108,#2109,#2110,#2111));
#532=EDGE_LOOP('',(#2112,#2113));
#533=CARTESIAN_POINT('',(-1.80099999999991,0.635,1.85100000000002));
#534=CARTESIAN_POINT('',(-1.80099999999991,0.635,-1.90099999999998));
#535=CARTESIAN_POINT('',(1.80100000000009,0.635,1.85100000000002));
#536=CARTESIAN_POINT('',(1.80100000000009,0.635,-1.90099999999998));
#537=EDGE_LOOP('',(#2114,#2115,#2116,#2117,#2118,#2119));
#538=CARTESIAN_POINT('',(-1.79999999999991,-0.001,-1.60099999999998));
#539=CARTESIAN_POINT('',(-1.79999999999991,0.636,-1.60099999999998));
#540=CARTESIAN_POINT('',(-1.79999999999991,-0.001,1.90100000000002));
#541=CARTESIAN_POINT('',(-1.79999999999991,0.636,1.90100000000002));
#542=EDGE_LOOP('',(#2120,#2121,#2122,#2123));
#543=CARTESIAN_POINT('',(-1.8007071067811,-0.00100000000000008,-1.59929289321879));
#544=CARTESIAN_POINT('',(-1.49929289321873,-0.00100000000000008,-1.90070710678117));
#545=CARTESIAN_POINT('',(-1.8007071067811,0.636,-1.59929289321879));
#546=CARTESIAN_POINT('',(-1.49929289321873,0.636,-1.90070710678117));
#547=EDGE_LOOP('',(#2124,#2125,#2126,#2127));
#548=CARTESIAN_POINT('',(1.50100000000009,-0.001,-1.89999999999998));
#549=CARTESIAN_POINT('',(1.50100000000009,0.636,-1.89999999999998));
#550=CARTESIAN_POINT('',(0.749000000000088,-0.001,-1.89999999999998));
#551=CARTESIAN_POINT('',(0.749000000000088,0.636,-1.89999999999998));
#552=EDGE_LOOP('',(#2128,#2129,#2130,#2131));
#553=CARTESIAN_POINT('',(-0.748999999999912,-0.001,-1.89999999999998));
#554=CARTESIAN_POINT('',(-0.748999999999912,0.636,-1.89999999999998));
#555=CARTESIAN_POINT('',(-1.50099999999991,-0.001,-1.89999999999998));
#556=CARTESIAN_POINT('',(-1.50099999999991,0.636,-1.89999999999998));
#557=EDGE_LOOP('',(#2132,#2133,#2134,#2135,#2136,#2137));
#558=CARTESIAN_POINT('',(0.750000000000088,0.636,-1.90099999999998));
#559=CARTESIAN_POINT('',(0.750000000000088,-0.000999999999999984,-1.90099999999998));
#560=CARTESIAN_POINT('',(0.750000000000088,0.636,0.00100000000001987));
#561=CARTESIAN_POINT('',(0.750000000000088,-0.000999999999999985,0.00100000000001987));
#562=EDGE_LOOP('',(#2138,#2139,#2140,#2141));
#563=CARTESIAN_POINT('',(0.751000000000088,0.636,-1.59999999999998));
#564=CARTESIAN_POINT('',(0.751000000000088,0.199,-1.59999999999998));
#565=CARTESIAN_POINT('',(-0.750999999999912,0.636,-1.59999999999998));
#566=CARTESIAN_POINT('',(-0.750999999999912,0.199,-1.59999999999998));
#567=EDGE_LOOP('',(#2142,#2143,#2144,#2145,#2146,#2147));
#568=CARTESIAN_POINT('',(-0.749999999999912,0.636,0.0010000000000201));
#569=CARTESIAN_POINT('',(-0.749999999999912,-0.000999999999999984,0.0010000000000201));
#570=CARTESIAN_POINT('',(-0.749999999999912,0.636,-1.90099999999998));
#571=CARTESIAN_POINT('',(-0.749999999999912,-0.000999999999999985,-1.90099999999998));
#572=EDGE_LOOP('',(#2148,#2149,#2150,#2151));
#573=EDGE_LOOP('',(#2152,#2153,#2154,#2155));
#574=CARTESIAN_POINT('',(0.751000000000088,0.2,0.65695568904599));
#575=CARTESIAN_POINT('',(0.751000000000088,0.2,-1.60099999999998));
#576=CARTESIAN_POINT('',(-0.750999999999912,0.2,0.65695568904599));
#577=CARTESIAN_POINT('',(-0.750999999999912,0.2,-1.60099999999998));
#578=EDGE_LOOP('',(#2156,#2157,#2158,#2159));
#580=CARTESIAN_POINT('',(0.75020820740134,0.201,-0.00157416219408257));
#581=CARTESIAN_POINT('',(0.75020820740134,0.133666666666647,-0.00157416219408257));
#582=CARTESIAN_POINT('',(0.75020820740134,0.0663333333333456,-0.00157416219408257));
#583=CARTESIAN_POINT('',(0.75020820740134,-0.00100000000000031,-0.00157416219408257));
#584=CARTESIAN_POINT('',(0.595324672461813,0.201000000000001,1.17895832493687));
#585=CARTESIAN_POINT('',(0.595324672461813,0.133666666666647,1.17895832493687));
#586=CARTESIAN_POINT('',(0.595324672461813,0.0663333333333456,1.17895832493687));
#587=CARTESIAN_POINT('',(0.595324672461813,-0.00100000000000029,1.17895832493687));
#588=CARTESIAN_POINT('',(-0.595324672461637,0.201,1.17895832493687));
#589=CARTESIAN_POINT('',(-0.595324672461637,0.133666666666647,1.17895832493687));
#590=CARTESIAN_POINT('',(-0.595324672461637,0.0663333333333456,1.17895832493687));
#591=CARTESIAN_POINT('',(-0.595324672461637,-0.00100000000000034,1.17895832493687));
#592=CARTESIAN_POINT('',(-0.750208207401163,0.201,-0.0015741621940828));
#593=CARTESIAN_POINT('',(-0.750208207401163,0.133666666666647,-0.0015741621940828));
#594=CARTESIAN_POINT('',(-0.750208207401163,0.0663333333333456,-0.0015741621940828));
#595=CARTESIAN_POINT('',(-0.750208207401163,-0.00100000000000031,-0.0015741621940828));
#602=EDGE_LOOP('',(#2160,#2161,#2162,#2163));
#604=CARTESIAN_POINT('',(-0.729999183190089,0.0990000000000005,-0.101092035538204));
#605=CARTESIAN_POINT('',(-0.72999918319009,0.132999999999991,-0.101092035538204));
#606=CARTESIAN_POINT('',(-0.72999918319009,0.167000000000032,-0.101092035538204));
#607=CARTESIAN_POINT('',(-0.72999918319009,0.200999999999999,-0.101092035538204));
#608=CARTESIAN_POINT('',(-0.730643013414053,0.0990000000000005,0.329292801910813));
#609=CARTESIAN_POINT('',(-0.730643013414053,0.132999999999991,0.329292801910813));
#610=CARTESIAN_POINT('',(-0.730643013414053,0.167000000000032,0.329292801910813));
#611=CARTESIAN_POINT('',(-0.730643013414053,0.200999999999999,0.329292801910813));
#612=CARTESIAN_POINT('',(-0.425872740102434,0.0990000000000005,0.63000000000002));
#613=CARTESIAN_POINT('',(-0.425872740102434,0.132999999999991,0.63000000000002));
#614=CARTESIAN_POINT('',(-0.425872740102434,0.167000000000032,0.63000000000002));
#615=CARTESIAN_POINT('',(-0.425872740102434,0.200999999999999,0.63000000000002));
#616=CARTESIAN_POINT('',(8.81517081552374E-14,0.0990000000000005,0.63000000000002));
#617=CARTESIAN_POINT('',(8.81517081552374E-14,0.132999999999991,0.63000000000002));
#618=CARTESIAN_POINT('',(8.81517081552374E-14,0.167000000000032,0.63000000000002));
#619=CARTESIAN_POINT('',(8.81517081552374E-14,0.200999999999999,0.63000000000002));
#620=CARTESIAN_POINT('',(0.425872740102611,0.0990000000000005,0.63000000000002));
#621=CARTESIAN_POINT('',(0.425872740102611,0.132999999999991,0.63000000000002));
#622=CARTESIAN_POINT('',(0.425872740102611,0.167000000000032,0.63000000000002));
#623=CARTESIAN_POINT('',(0.425872740102611,0.200999999999999,0.63000000000002));
#624=CARTESIAN_POINT('',(0.73064301341423,0.0990000000000005,0.329292801910813));
#625=CARTESIAN_POINT('',(0.73064301341423,0.132999999999991,0.329292801910813));
#626=CARTESIAN_POINT('',(0.73064301341423,0.167000000000032,0.329292801910813));
#627=CARTESIAN_POINT('',(0.73064301341423,0.200999999999999,0.329292801910813));
#628=CARTESIAN_POINT('',(0.729999183190266,0.0990000000000005,-0.101092035538204));
#629=CARTESIAN_POINT('',(0.729999183190266,0.132999999999991,-0.101092035538204));
#630=CARTESIAN_POINT('',(0.729999183190266,0.167000000000032,-0.101092035538204));
#631=CARTESIAN_POINT('',(0.729999183190266,0.200999999999999,-0.101092035538204));
#638=EDGE_LOOP('',(#2164,#2165,#2166,#2167,#2168,#2169,#2170,#2171));
#639=CARTESIAN_POINT('',(0.730000000000088,-0.00100000000000017,-0.09899999999998));
#640=CARTESIAN_POINT('',(0.730000000000088,0.201,-0.09899999999998));
#641=CARTESIAN_POINT('',(0.730000000000088,-0.00100000000000017,-2.05099999999998));
#642=CARTESIAN_POINT('',(0.730000000000088,0.201,-2.05099999999998));
#643=EDGE_LOOP('',(#2172,#2173,#2174,#2175));
#644=CARTESIAN_POINT('',(0.731000000000088,0.200707106781094,-1.0492928932187));
#645=CARTESIAN_POINT('',(-0.730999999999912,0.200707106781094,-1.0492928932187));
#646=CARTESIAN_POINT('',(0.731000000000088,0.0992928932188812,-1.15070710678124));
#647=CARTESIAN_POINT('',(-0.730999999999912,0.0992928932188812,-1.15070710678124));
#648=EDGE_LOOP('',(#2176,#2177,#2178,#2179,#2180,#2181,#2182,#2183));
#649=CARTESIAN_POINT('',(-0.729999999999912,-0.00100000000000017,-2.05099999999998));
#650=CARTESIAN_POINT('',(-0.729999999999912,0.201,-2.05099999999998));
#651=CARTESIAN_POINT('',(-0.729999999999912,-0.00100000000000017,-0.09899999999997));
#652=CARTESIAN_POINT('',(-0.729999999999912,0.201,-0.09899999999997));
#653=EDGE_LOOP('',(#2184,#2185,#2186,#2187));
#654=EDGE_LOOP('',(#2188,#2189));
#655=CARTESIAN_POINT('',(0.731000000000088,0.1,-1.05099999999998));
#656=CARTESIAN_POINT('',(0.731000000000088,0.1,0.63043873244521));
#657=CARTESIAN_POINT('',(-0.730999999999912,0.1,-1.05099999999998));
#658=CARTESIAN_POINT('',(-0.730999999999912,0.1,0.630438732445211));
#659=EDGE_LOOP('',(#2190,#2191,#2192,#2193));
#660=CARTESIAN_POINT('',(0.731000000000088,-0.00070710678111786,-1.15070710678124));
#661=CARTESIAN_POINT('',(-0.730999999999912,-0.00070710678111786,-1.15070710678124));
#662=CARTESIAN_POINT('',(0.731000000000088,0.100707106781094,-1.0492928932187));
#663=CARTESIAN_POINT('',(-0.730999999999912,0.100707106781094,-1.0492928932187));
#664=EDGE_LOOP('',(#2194,#2195,#2196,#2197,#2198,#2199,#2200,#2201,#2202,#2203,#2204,#2205));
#665=CARTESIAN_POINT('',(0.731000000000088,0.0,-2.05099999999998));
#666=CARTESIAN_POINT('',(-0.730999999999912,0.0,-2.05099999999998));
#667=CARTESIAN_POINT('',(0.731000000000088,0.0,-1.14899999999998));
#668=CARTESIAN_POINT('',(-0.730999999999912,0.0,-1.14899999999998));
#669=EDGE_LOOP('',(#2206,#2207,#2208,#2209));
#670=CARTESIAN_POINT('',(0.419000000000088,-0.00100000000000002,-1.79999999999998));
#671=CARTESIAN_POINT('',(0.419000000000088,0.101,-1.79999999999998));
#672=CARTESIAN_POINT('',(0.426000000000088,-0.00100000000000002,-1.79999999999998));
#673=CARTESIAN_POINT('',(0.426000000000088,0.101,-1.79999999999998));
#674=EDGE_LOOP('',(#2210,#2211,#2212,#2213));
#675=CARTESIAN_POINT('',(-0.425999999999912,-0.00100000000000002,-1.79999999999998));
#676=CARTESIAN_POINT('',(-0.425999999999912,0.101,-1.79999999999998));
#677=CARTESIAN_POINT('',(-0.418999999999912,-0.00100000000000002,-1.79999999999998));
#678=CARTESIAN_POINT('',(-0.418999999999912,0.101,-1.79999999999998));
#679=EDGE_LOOP('',(#2214,#2215,#2216,#2217,#2218));
#680=CARTESIAN_POINT('',(0.420000000000088,-0.00100000000000001,-1.79899999999998));
#681=CARTESIAN_POINT('',(0.420000000000088,1.101,-1.79899999999998));
#682=CARTESIAN_POINT('',(0.420000000000088,-0.001,-1.90099999999998));
#683=CARTESIAN_POINT('',(0.420000000000088,1.101,-1.90099999999998));
#684=EDGE_LOOP('',(#2219,#2220,#2221,#2222));
#685=CARTESIAN_POINT('',(-0.420999999999912,0.099,-1.79999999999998));
#686=CARTESIAN_POINT('',(-0.420999999999912,1.101,-1.79999999999998));
#687=CARTESIAN_POINT('',(0.421000000000088,0.099,-1.79999999999998));
#688=CARTESIAN_POINT('',(0.421000000000088,1.101,-1.79999999999998));
#689=EDGE_LOOP('',(#2223,#2224,#2225,#2226,#2227,#2228,#2229,#2230,#2231,#2232));
#690=CARTESIAN_POINT('',(0.731000000000088,0.1,-1.14899999999998));
#691=CARTESIAN_POINT('',(-0.730999999999912,0.1,-1.14899999999998));
#692=CARTESIAN_POINT('',(0.731000000000088,0.1,-2.05099999999998));
#693=CARTESIAN_POINT('',(-0.730999999999912,0.1,-2.05099999999998));
#694=EDGE_LOOP('',(#2233,#2234,#2235,#2236));
#695=CARTESIAN_POINT('',(0.425000000000088,-0.00100000000000002,-1.79899999999998));
#696=CARTESIAN_POINT('',(0.425000000000088,0.101,-1.79899999999998));
#697=CARTESIAN_POINT('',(0.425000000000088,-0.00100000000000002,-2.05099999999998));
#698=CARTESIAN_POINT('',(0.425000000000088,0.101,-2.05099999999998));
#699=EDGE_LOOP('',(#2237,#2238,#2239,#2240));
#700=CARTESIAN_POINT('',(-0.423999999999912,0.101,-2.04999999999998));
#701=CARTESIAN_POINT('',(-0.730999999999912,0.101,-2.04999999999998));
#702=CARTESIAN_POINT('',(-0.423999999999912,-0.00100000000000002,-2.04999999999998));
#703=CARTESIAN_POINT('',(-0.730999999999912,-0.00100000000000002,-2.04999999999998));
#704=EDGE_LOOP('',(#2241,#2242,#2243,#2244));
#705=CARTESIAN_POINT('',(0.731000000000088,0.101,-2.04999999999998));
#706=CARTESIAN_POINT('',(0.424000000000088,0.101,-2.04999999999998));
#707=CARTESIAN_POINT('',(0.731000000000088,-0.00100000000000002,-2.04999999999998));
#708=CARTESIAN_POINT('',(0.424000000000088,-0.00100000000000002,-2.04999999999998));
#709=EDGE_LOOP('',(#2245,#2246,#2247,#2248));
#710=CARTESIAN_POINT('',(-0.424999999999912,-0.00100000000000002,-2.05099999999998));
#711=CARTESIAN_POINT('',(-0.424999999999912,0.101,-2.05099999999998));
#712=CARTESIAN_POINT('',(-0.424999999999912,-0.00100000000000002,-1.79899999999998));
#713=CARTESIAN_POINT('',(-0.424999999999912,0.101,-1.79899999999998));
#714=EDGE_LOOP('',(#2249,#2250,#2251,#2252,#2253));
#715=CARTESIAN_POINT('',(-0.419999999999912,-0.001,-1.90099999999998));
#716=CARTESIAN_POINT('',(-0.419999999999912,1.101,-1.90099999999998));
#717=CARTESIAN_POINT('',(-0.419999999999912,-0.001,-1.79899999999998));
#718=CARTESIAN_POINT('',(-0.419999999999912,1.101,-1.79899999999998));
#719=EDGE_LOOP('',(#2254,#2255,#2256,#2257));
#720=CARTESIAN_POINT('',(0.421000000000088,-0.001,-1.89999999999998));
#721=CARTESIAN_POINT('',(0.421000000000088,1.101,-1.89999999999998));
#722=CARTESIAN_POINT('',(-0.420999999999912,-0.001,-1.89999999999998));
#723=CARTESIAN_POINT('',(-0.420999999999912,1.101,-1.89999999999998));
#724=EDGE_LOOP('',(#2258,#2259,#2260,#2261));
#725=CARTESIAN_POINT('',(0.421000000000088,1.1,-1.90099999999998));
#726=CARTESIAN_POINT('',(0.421000000000088,1.1,-1.79899999999998));
#727=CARTESIAN_POINT('',(-0.420999999999912,1.1,-1.90099999999998));
#728=CARTESIAN_POINT('',(-0.420999999999912,1.1,-1.79899999999998));
#729=EDGE_LOOP('',(#2262,#2263,#2264,#2265));
#731=CARTESIAN_POINT('',(-0.545497998584733,0.100003868690552,-0.0999843688163773));
#732=CARTESIAN_POINT('',(-0.456528551614363,-0.0166998662894252,-0.0999869182258346));
#733=CARTESIAN_POINT('',(-0.31749437870795,0.0302556765924746,-0.0999909022343739));
#734=CARTESIAN_POINT('',(-0.317499999962754,0.177004864758519,-0.0999909020732981));
#735=CARTESIAN_POINT('',(-0.545507204612048,0.100003868690552,-0.421256871455622));
#736=CARTESIAN_POINT('',(-0.456536256160198,-0.0166998662894253,-0.368860627540886));
#737=CARTESIAN_POINT('',(-0.317499736861267,0.0302556765924745,-0.286980064222175));
#738=CARTESIAN_POINT('',(-0.317505358210904,0.177004864758519,-0.286983374714169));
#739=CARTESIAN_POINT('',(-0.317828833789455,0.100003868690552,-0.645497998771249));
#740=CARTESIAN_POINT('',(-0.265991694795623,-0.0166998662894253,-0.556528551770475));
#741=CARTESIAN_POINT('',(-0.184984854905538,0.0302556765924745,-0.417494378816503));
#742=CARTESIAN_POINT('',(-0.184988130072167,0.177004864758519,-0.4175000000713));
#743=CARTESIAN_POINT('',(-6.43760600382848E-11,0.100003868690552,-0.645497998808761));
#744=CARTESIAN_POINT('',(-5.38622479950845E-11,-0.0166998662894252,-0.556528551801873));
#745=CARTESIAN_POINT('',(-3.74318354090519E-11,0.0302556765924746,-0.417494378838356));
#746=CARTESIAN_POINT('',(-3.74325015428667E-11,0.177004864758519,-0.417500000093158));
#747=CARTESIAN_POINT('',(0.317828833662842,0.100003868690552,-0.645497998846363));
#748=CARTESIAN_POINT('',(0.265991694689719,-0.0166998662894253,-0.556528551833275));
#749=CARTESIAN_POINT('',(0.18498485483185,0.0302556765924745,-0.417494378860211));
#750=CARTESIAN_POINT('',(0.184988129998507,0.177004864758519,-0.417500000115016));
#751=CARTESIAN_POINT('',(0.545507204538724,0.100003868690552,-0.421256871582161));
#752=CARTESIAN_POINT('',(0.456536256098887,-0.0166998662894253,-0.368860627646818));
#753=CARTESIAN_POINT('',(0.317499736818687,0.0302556765924745,-0.286980064295886));
#754=CARTESIAN_POINT('',(0.3175053581683,0.177004864758519,-0.28698337478779));
#755=CARTESIAN_POINT('',(0.545497998584952,0.100003868690552,-0.099984368941177));
#756=CARTESIAN_POINT('',(0.456528551614523,-0.0166998662894252,-0.0999869183302857));
#757=CARTESIAN_POINT('',(0.317494378708054,0.0302556765924746,-0.0999909023070205));
#758=CARTESIAN_POINT('',(0.317499999962917,0.177004864758519,-0.0999909021459398));
#765=EDGE_LOOP('',(#2266,#2267,#2268,#2269));
#767=CARTESIAN_POINT('',(0.545497998584904,0.100003868690552,-0.100015631324115));
#768=CARTESIAN_POINT('',(0.456528551614536,-0.0166998662894252,-0.10001308189176));
#769=CARTESIAN_POINT('',(0.317494378708124,0.0302556765924745,-0.100009097847369));
#770=CARTESIAN_POINT('',(0.317499999962928,0.177004864758519,-0.100009098008448));
#771=CARTESIAN_POINT('',(0.545507204694988,0.100003868690552,0.221256871374148));
#772=CARTESIAN_POINT('',(0.45653625622964,-0.0166998662894253,0.168860627472708));
#773=CARTESIAN_POINT('',(0.317499736909614,0.0302556765924743,0.086980064174796));
#774=CARTESIAN_POINT('',(0.317505358259252,0.177004864758519,0.0869833746667565));
#775=CARTESIAN_POINT('',(0.317828833861188,0.100003868690552,0.44549799877129));
#776=CARTESIAN_POINT('',(0.265991694855685,-0.0166998662894253,0.356528551770515));
#777=CARTESIAN_POINT('',(0.184984854947362,0.0302556765924743,0.217494378816543));
#778=CARTESIAN_POINT('',(0.184988130113992,0.177004864758519,0.217500000071339));
#779=CARTESIAN_POINT('',(6.45523634545953E-11,0.100003868690552,0.445497998808801));
#780=CARTESIAN_POINT('',(5.40383293667901E-11,-0.0166998662894252,0.356528551801913));
#781=CARTESIAN_POINT('',(3.76081388253624E-11,0.0302556765924745,0.217494378838397));
#782=CARTESIAN_POINT('',(3.76088049591772E-11,0.177004864758519,0.217500000093198));
#783=CARTESIAN_POINT('',(-0.317828833734221,0.100003868690552,0.445497998846404));
#784=CARTESIAN_POINT('',(-0.265991694749428,-0.0166998662894253,0.356528551833316));
#785=CARTESIAN_POINT('',(-0.184984854873321,0.0302556765924744,0.217494378860251));
#786=CARTESIAN_POINT('',(-0.184988130039979,0.177004864758519,0.217500000115056));
#787=CARTESIAN_POINT('',(-0.54550720462131,0.100003868690552,0.221256871500688));
#788=CARTESIAN_POINT('',(-0.456536256167975,-0.0166998662894253,0.168860627578638));
#789=CARTESIAN_POINT('',(-0.317499736866681,0.0302556765924743,0.0869800642484508));
#790=CARTESIAN_POINT('',(-0.317505358216295,0.177004864758519,0.0869833747404107));
#791=CARTESIAN_POINT('',(-0.545497998584771,0.100003868690552,-0.100015631199294));
#792=CARTESIAN_POINT('',(-0.456528551614344,-0.0166998662894252,-0.100013081787274));
#793=CARTESIAN_POINT('',(-0.317494378707875,0.0302556765924745,-0.100009097774727));
#794=CARTESIAN_POINT('',(-0.317499999962738,0.177004864758519,-0.100009097935836));
#801=EDGE_LOOP('',(#2270,#2271,#2272,#2273));
#803=CARTESIAN_POINT('',(0.317498427162827,0.687104812836237,-0.100999374405158));
#804=CARTESIAN_POINT('',(0.317498427162827,0.516368270945382,-0.100999374405158));
#805=CARTESIAN_POINT('',(0.317498427162827,0.345631729054618,-0.100999374405158));
#806=CARTESIAN_POINT('',(0.317498427162827,0.174895187163763,-0.100999374405158));
#807=CARTESIAN_POINT('',(0.31808832064283,0.687104812836237,0.0864081188567827));
#808=CARTESIAN_POINT('',(0.31808832064283,0.516368270945382,0.0864081188567827));
#809=CARTESIAN_POINT('',(0.31808832064283,0.345631729054618,0.0864081188567827));
#810=CARTESIAN_POINT('',(0.31808832064283,0.174895187163763,0.0864081188567827));
#811=CARTESIAN_POINT('',(0.185492958020665,0.687104812836237,0.21750000000002));
#812=CARTESIAN_POINT('',(0.185492958020665,0.516368270945382,0.21750000000002));
#813=CARTESIAN_POINT('',(0.185492958020665,0.345631729054618,0.21750000000002));
#814=CARTESIAN_POINT('',(0.185492958020665,0.174895187163763,0.21750000000002));
#815=CARTESIAN_POINT('',(8.81517081552374E-14,0.687104812836237,0.21750000000002));
#816=CARTESIAN_POINT('',(8.81517081552374E-14,0.516368270945382,0.21750000000002));
#817=CARTESIAN_POINT('',(8.81517081552374E-14,0.345631729054618,0.21750000000002));
#818=CARTESIAN_POINT('',(8.81517081552374E-14,0.174895187163763,0.21750000000002));
#819=CARTESIAN_POINT('',(-0.185492958020719,0.687104812836237,0.21750000000002));
#820=CARTESIAN_POINT('',(-0.185492958020719,0.516368270945382,0.21750000000002));
#821=CARTESIAN_POINT('',(-0.185492958020719,0.345631729054618,0.21750000000002));
#822=CARTESIAN_POINT('',(-0.185492958020719,0.174895187163763,0.21750000000002));
#823=CARTESIAN_POINT('',(-0.318088320642919,0.687104812836237,0.0864081188565202));
#824=CARTESIAN_POINT('',(-0.318088320642919,0.516368270945382,0.0864081188565202));
#825=CARTESIAN_POINT('',(-0.318088320642919,0.345631729054618,0.0864081188565202));
#826=CARTESIAN_POINT('',(-0.318088320642919,0.174895187163763,0.0864081188565202));
#827=CARTESIAN_POINT('',(-0.317498427162649,0.687104812836237,-0.100999374405609));
#828=CARTESIAN_POINT('',(-0.317498427162649,0.516368270945382,-0.100999374405609));
#829=CARTESIAN_POINT('',(-0.317498427162649,0.345631729054618,-0.100999374405609));
#830=CARTESIAN_POINT('',(-0.317498427162649,0.174895187163763,-0.100999374405609));
#837=EDGE_LOOP('',(#2274,#2275,#2276,#2277));
#839=CARTESIAN_POINT('',(0.317499999984042,0.684998351554667,-0.100004121113334));
#840=CARTESIAN_POINT('',(0.317499029138568,0.759794504570694,-0.100004121100709));
#841=CARTESIAN_POINT('',(0.370505761617832,0.812,-0.100004809121976));
#842=CARTESIAN_POINT('',(0.444499999962674,0.812,-0.100005769558632));
#843=CARTESIAN_POINT('',(0.518494238307519,0.812,-0.100006729995302));
#844=CARTESIAN_POINT('',(0.571500970786701,0.759794504570679,-0.100007418016573));
#845=CARTESIAN_POINT('',(0.571499999941207,0.684998351554641,-0.100007418003937));
#846=CARTESIAN_POINT('',(0.317502427097595,0.684998351554665,0.0869862614135486));
#847=CARTESIAN_POINT('',(0.317501456244696,0.759794504570694,0.0869856896505272));
#848=CARTESIAN_POINT('',(0.370508593931379,0.812,0.118203109293162));
#849=CARTESIAN_POINT('',(0.444503397921657,0.812,0.161780765970142));
#850=CARTESIAN_POINT('',(0.518498201911861,0.812,0.20535842264713));
#851=CARTESIAN_POINT('',(0.571505339598542,0.759794504570679,0.236575842289724));
#852=CARTESIAN_POINT('',(0.571504368745627,0.684998351554639,0.236575270526683));
#853=CARTESIAN_POINT('',(0.184985595907227,0.684998351554665,0.217499999979587));
#854=CARTESIAN_POINT('',(0.184985030261757,0.759794504570694,0.217499029134161));
#855=CARTESIAN_POINT('',(0.21586843812083,0.812,0.270505761612662));
#856=CARTESIAN_POINT('',(0.258979834261347,0.812,0.344499999956469));
#857=CARTESIAN_POINT('',(0.302091230401864,0.812,0.41849423830029));
#858=CARTESIAN_POINT('',(0.332974638260938,0.759794504570679,0.471500970778793));
#859=CARTESIAN_POINT('',(0.332974072615466,0.68499835155464,0.471499999933266));
#860=CARTESIAN_POINT('',(5.35038680027355E-11,0.684998351554667,0.217500000010711));
#861=CARTESIAN_POINT('',(5.35036459581306E-11,0.759794504570694,0.217499029165289));
#862=CARTESIAN_POINT('',(6.24214013811297E-11,0.812,0.270505761648951));
#863=CARTESIAN_POINT('',(7.48701101116467E-11,0.812,0.34450000000002));
#864=CARTESIAN_POINT('',(8.73188188421636E-11,0.812,0.418494238351102));
#865=CARTESIAN_POINT('',(9.62365742651627E-11,0.759794504570679,0.471500970834766));
#866=CARTESIAN_POINT('',(9.62363522205578E-11,0.684998351554641,0.471499999989329));
#867=CARTESIAN_POINT('',(-0.184985595855296,0.684998351554665,0.217500000041835));
#868=CARTESIAN_POINT('',(-0.184985030209868,0.759794504570694,0.217499029196417));
#869=CARTESIAN_POINT('',(-0.215868438060294,0.812,0.270505761685242));
#870=CARTESIAN_POINT('',(-0.258979834188653,0.812,0.344500000043571));
#871=CARTESIAN_POINT('',(-0.302091230317102,0.812,0.418494238401912));
#872=CARTESIAN_POINT('',(-0.332974638167534,0.759794504570679,0.471500970890826));
#873=CARTESIAN_POINT('',(-0.332974072522104,0.684998351554639,0.471500000045315));
#874=CARTESIAN_POINT('',(-0.31750242709815,0.684998351554665,0.0869862614576655));
#875=CARTESIAN_POINT('',(-0.317501456245322,0.759794504570694,0.086985689694639));
#876=CARTESIAN_POINT('',(-0.370508593932071,0.812,0.118203109344645));
#877=CARTESIAN_POINT('',(-0.44450339792252,0.812,0.161780766031854));
#878=CARTESIAN_POINT('',(-0.518498201912989,0.812,0.205358422719157));
#879=CARTESIAN_POINT('',(-0.57150533959974,0.759794504570679,0.236575842369151));
#880=CARTESIAN_POINT('',(-0.571504368746815,0.684998351554639,0.236575270606123));
#881=CARTESIAN_POINT('',(-0.31749999998385,0.684998351554667,-0.10000412111455));
#882=CARTESIAN_POINT('',(-0.317499029138385,0.759794504570694,-0.100004121101973));
#883=CARTESIAN_POINT('',(-0.37050576161762,0.812,-0.100004809123507));
#884=CARTESIAN_POINT('',(-0.444499999962502,0.812,-0.100005769560426));
#885=CARTESIAN_POINT('',(-0.518494238307313,0.812,-0.100006729997433));
#886=CARTESIAN_POINT('',(-0.571500970786545,0.759794504570679,-0.100007418018891));
#887=CARTESIAN_POINT('',(-0.571499999941056,0.684998351554641,-0.100007418006294));
#894=EDGE_LOOP('',(#2278,#2279));
#895=EDGE_LOOP('',(#2280,#2281));
#896=CARTESIAN_POINT('',(0.700420702344791,0.685,0.600420702344723));
#897=CARTESIAN_POINT('',(-0.700420702344615,0.685,0.600420702344723));
#898=CARTESIAN_POINT('',(0.700420702344791,0.685,-0.800420702344683));
#899=CARTESIAN_POINT('',(-0.700420702344615,0.685,-0.800420702344683));
#900=EDGE_LOOP('',(#2282,#2283,#2284,#2285));
#902=CARTESIAN_POINT('',(-0.0105676298692503,0.685007233765998,0.599069645960064));
#903=CARTESIAN_POINT('',(-0.0110223074425335,0.684495486710591,0.629147467961624));
#904=CARTESIAN_POINT('',(-0.0113438595585214,0.705769226310176,0.650418777295789));
#905=CARTESIAN_POINT('',(-0.0113361245128103,0.735850484728942,0.649907088701255));
#906=CARTESIAN_POINT('',(0.405583701768583,0.685007233765998,0.605360483028746));
#907=CARTESIAN_POINT('',(0.423034143879819,0.684495486710591,0.635708971449158));
#908=CARTESIAN_POINT('',(0.435375255285639,0.705769226310175,0.657171698536914));
#909=CARTESIAN_POINT('',(0.435078385645316,0.735850484728941,0.656655405323052));
#910=CARTESIAN_POINT('',(0.699149515271155,0.685007233765998,0.312753821213226));
#911=CARTESIAN_POINT('',(0.729230773689921,0.684495486710591,0.330512761308376));
#912=CARTESIAN_POINT('',(0.750504513289501,0.705769226310175,0.343072045294774));
#913=CARTESIAN_POINT('',(0.74999276623409,0.735850484728941,0.342769927438699));
#914=CARTESIAN_POINT('',(0.699149515271153,0.685007233765998,-0.0999999999999801));
#915=CARTESIAN_POINT('',(0.729230773689921,0.684495486710592,-0.0999999999999801));
#916=CARTESIAN_POINT('',(0.750504513289501,0.705769226310176,-0.0999999999999801));
#917=CARTESIAN_POINT('',(0.74999276623409,0.735850484728943,-0.0999999999999801));
#918=CARTESIAN_POINT('',(0.699149515271155,0.685007233765998,-0.512753821213186));
#919=CARTESIAN_POINT('',(0.729230773689921,0.684495486710591,-0.530512761308336));
#920=CARTESIAN_POINT('',(0.750504513289501,0.705769226310175,-0.543072045294734));
#921=CARTESIAN_POINT('',(0.74999276623409,0.735850484728941,-0.542769927438659));
#922=CARTESIAN_POINT('',(0.405583701768583,0.685007233765998,-0.805360483028706));
#923=CARTESIAN_POINT('',(0.423034143879819,0.684495486710591,-0.835708971449117));
#924=CARTESIAN_POINT('',(0.435375255285639,0.705769226310175,-0.857171698536874));
#925=CARTESIAN_POINT('',(0.435078385645316,0.735850484728941,-0.856655405323012));
#926=CARTESIAN_POINT('',(-0.0105676298692505,0.685007233765998,-0.799069645960024));
#927=CARTESIAN_POINT('',(-0.0110223074425335,0.684495486710592,-0.829147467961584));
#928=CARTESIAN_POINT('',(-0.0113438595585211,0.705769226310176,-0.85041877729575));
#929=CARTESIAN_POINT('',(-0.0113361245128103,0.735850484728942,-0.849907088701215));
#936=EDGE_LOOP('',(#2286,#2287,#2288,#2289));
#938=CARTESIAN_POINT('',(0.0105676298694268,0.685007233765998,-0.799069645960024));
#939=CARTESIAN_POINT('',(0.0110223074427098,0.684495486710591,-0.829147467961584));
#940=CARTESIAN_POINT('',(0.0113438595586977,0.705769226310176,-0.850418777295749));
#941=CARTESIAN_POINT('',(0.0113361245129866,0.735850484728943,-0.849907088701215));
#942=CARTESIAN_POINT('',(-0.405583701768406,0.685007233765998,-0.805360483028706));
#943=CARTESIAN_POINT('',(-0.423034143879643,0.684495486710591,-0.835708971449118));
#944=CARTESIAN_POINT('',(-0.435375255285462,0.705769226310175,-0.857171698536874));
#945=CARTESIAN_POINT('',(-0.435078385645139,0.735850484728941,-0.856655405323012));
#946=CARTESIAN_POINT('',(-0.699149515270979,0.685007233765998,-0.512753821213186));
#947=CARTESIAN_POINT('',(-0.729230773689745,0.684495486710591,-0.530512761308336));
#948=CARTESIAN_POINT('',(-0.750504513289325,0.705769226310175,-0.543072045294734));
#949=CARTESIAN_POINT('',(-0.749992766233914,0.735850484728941,-0.542769927438659));
#950=CARTESIAN_POINT('',(-0.699149515270977,0.685007233765998,-0.0999999999999801));
#951=CARTESIAN_POINT('',(-0.729230773689744,0.684495486710592,-0.0999999999999799));
#952=CARTESIAN_POINT('',(-0.750504513289325,0.705769226310176,-0.0999999999999799));
#953=CARTESIAN_POINT('',(-0.749992766233914,0.735850484728943,-0.0999999999999801));
#954=CARTESIAN_POINT('',(-0.699149515270979,0.685007233765998,0.312753821213226));
#955=CARTESIAN_POINT('',(-0.729230773689745,0.684495486710591,0.330512761308376));
#956=CARTESIAN_POINT('',(-0.750504513289325,0.705769226310175,0.343072045294774));
#957=CARTESIAN_POINT('',(-0.749992766233914,0.735850484728941,0.342769927438699));
#958=CARTESIAN_POINT('',(-0.405583701768406,0.685007233765998,0.605360483028746));
#959=CARTESIAN_POINT('',(-0.423034143879643,0.684495486710591,0.635708971449158));
#960=CARTESIAN_POINT('',(-0.435375255285462,0.705769226310175,0.657171698536914));
#961=CARTESIAN_POINT('',(-0.435078385645139,0.735850484728941,0.656655405323052));
#962=CARTESIAN_POINT('',(0.0105676298694268,0.685007233765998,0.599069645960064));
#963=CARTESIAN_POINT('',(0.01102230744271,0.684495486710592,0.629147467961624));
#964=CARTESIAN_POINT('',(0.0113438595586979,0.705769226310176,0.650418777295789));
#965=CARTESIAN_POINT('',(0.0113361245129868,0.735850484728943,0.649907088701255));
#972=EDGE_LOOP('',(#2290,#2291,#2292,#2293,#2294,#2295,#2296,#2297,#2298,#2299,#2300,#2301));
#974=CARTESIAN_POINT('',(0.00112195432018125,0.734,-0.849999160811839));
#975=CARTESIAN_POINT('',(0.00112195432018125,0.834666666666635,-0.849999160811839));
#976=CARTESIAN_POINT('',(0.00112195432018125,0.935333333333272,-0.849999160811839));
#977=CARTESIAN_POINT('',(0.00112195432018125,1.036,-0.849999160811839));
#978=CARTESIAN_POINT('',(-0.441054248538378,0.734,-0.850660630219992));
#979=CARTESIAN_POINT('',(-0.441054248538378,0.834666666666635,-0.850660630219992));
#980=CARTESIAN_POINT('',(-0.441054248538378,0.935333333333272,-0.850660630219992));
#981=CARTESIAN_POINT('',(-0.441054248538378,1.036,-0.850660630219992));
#982=CARTESIAN_POINT('',(-0.749999999999912,0.733999999999999,-0.53754048640673));
#983=CARTESIAN_POINT('',(-0.749999999999912,0.834666666666635,-0.53754048640673));
#984=CARTESIAN_POINT('',(-0.749999999999912,0.935333333333272,-0.53754048640673));
#985=CARTESIAN_POINT('',(-0.749999999999912,1.036,-0.53754048640673));
#986=CARTESIAN_POINT('',(-0.749999999999912,0.734,-0.0999999999999801));
#987=CARTESIAN_POINT('',(-0.749999999999912,0.834666666666635,-0.0999999999999801));
#988=CARTESIAN_POINT('',(-0.749999999999912,0.935333333333272,-0.0999999999999801));
#989=CARTESIAN_POINT('',(-0.749999999999912,1.036,-0.0999999999999801));
#990=CARTESIAN_POINT('',(-0.749999999999912,0.733999999999999,0.33754048640677));
#991=CARTESIAN_POINT('',(-0.749999999999912,0.834666666666635,0.33754048640677));
#992=CARTESIAN_POINT('',(-0.749999999999912,0.935333333333272,0.33754048640677));
#993=CARTESIAN_POINT('',(-0.749999999999912,1.036,0.33754048640677));
#994=CARTESIAN_POINT('',(-0.441054248538378,0.733999999999999,0.650660630220032));
#995=CARTESIAN_POINT('',(-0.441054248538378,0.834666666666635,0.650660630220032));
#996=CARTESIAN_POINT('',(-0.441054248538378,0.935333333333272,0.650660630220032));
#997=CARTESIAN_POINT('',(-0.441054248538378,1.036,0.650660630220032));
#998=CARTESIAN_POINT('',(0.00112195432018125,0.734,0.649999160811879));
#999=CARTESIAN_POINT('',(0.00112195432018125,0.834666666666635,0.649999160811879));
#1000=CARTESIAN_POINT('',(0.00112195432018125,0.935333333333272,0.649999160811879));
#1001=CARTESIAN_POINT('',(0.00112195432018125,1.036,0.649999160811879));
#1008=EDGE_LOOP('',(#2302,#2303,#2304,#2305,#2306,#2307,#2308,#2309));
#1009=CARTESIAN_POINT('',(-1.25099999999991,0.883999999999999,0.17500000000002));
#1010=CARTESIAN_POINT('',(-1.25099999999991,1.136,0.17500000000002));
#1011=CARTESIAN_POINT('',(-0.696764286847512,0.883999999999999,0.17500000000002));
#1012=CARTESIAN_POINT('',(-0.696764286847511,1.136,0.17500000000002));
#1013=EDGE_LOOP('',(#2310,#2311,#2312,#2313,#2314,#2315,#2316,#2317,#2318,#2319));
#1014=EDGE_LOOP('',(#2320,#2321,#2322,#2323,#2324,#2325,#2326,#2327,#2328,#2329,#2330,#2331,#2332,#2333,#2334,#2335));
#1015=CARTESIAN_POINT('',(-1.8189395836811,1.085,1.50100000000002));
#1016=CARTESIAN_POINT('',(-1.8189395836811,1.085,-1.76001812255068));
#1017=CARTESIAN_POINT('',(1.81893958368127,1.085,1.50100000000002));
#1018=CARTESIAN_POINT('',(1.81893958368127,1.085,-1.76001812255068));
#1019=EDGE_LOOP('',(#2336,#2337,#2338,#2339));
#1020=CARTESIAN_POINT('',(-1.24999999999991,1.084,-0.37599999999998));
#1021=CARTESIAN_POINT('',(-1.24999999999991,1.136,-0.37599999999998));
#1022=CARTESIAN_POINT('',(-1.24999999999991,1.084,0.17600000000002));
#1023=CARTESIAN_POINT('',(-1.24999999999991,1.136,0.17600000000002));
#1024=EDGE_LOOP('',(#2340,#2341,#2342,#2343,#2344,#2345,#2346,#2347,#2348,#2349));
#1025=EDGE_LOOP('',(#2350,#2351,#2352,#2353,#2354,#2355,#2356,#2357,#2358,#2359,#2360,#2361,#2362,#2363,#2364,#2365));
#1026=CARTESIAN_POINT('',(-1.8189395836811,1.135,1.50100000000002));
#1027=CARTESIAN_POINT('',(-1.8189395836811,1.135,-1.76001812255068));
#1028=CARTESIAN_POINT('',(1.81893958368127,1.135,1.50100000000002));
#1029=CARTESIAN_POINT('',(1.81893958368127,1.135,-1.76001812255068));
#1030=EDGE_LOOP('',(#2366,#2367,#2368,#2369));
#1032=CARTESIAN_POINT('',(-0.810701813470804,1.13499350739941,0.159231617207508));
#1033=CARTESIAN_POINT('',(-0.753896395009022,1.1356731410376,0.14106740411549));
#1034=CARTESIAN_POINT('',(-0.713726290322047,1.0934993570849,0.128222531896972));
#1035=CARTESIAN_POINT('',(-0.714373634521243,1.03386049220784,0.128429527959953));
#1036=CARTESIAN_POINT('',(-0.719787362612527,1.13499350739941,0.443550756112874));
#1037=CARTESIAN_POINT('',(-0.669352268404921,1.1356731410376,0.40546446144437));
#1038=CARTESIAN_POINT('',(-0.63368695567455,1.0934993570849,0.378531635573209));
#1039=CARTESIAN_POINT('',(-0.634261704819165,1.03386049220784,0.378965660048133));
#1040=CARTESIAN_POINT('',(-0.50936259895835,1.13499350739941,0.629259347284537));
#1041=CARTESIAN_POINT('',(-0.473671849163855,1.1356731410376,0.578160556457638));
#1042=CARTESIAN_POINT('',(-0.44843303930328,1.0934993570849,0.542025908875151));
#1043=CARTESIAN_POINT('',(-0.44883976458528,1.03386049220784,0.542608221385445));
#1044=CARTESIAN_POINT('',(-0.263551234169331,1.13499350739941,0.709307857797351));
#1045=CARTESIAN_POINT('',(-0.245084347955139,1.1356731410376,0.652600113022987));
#1046=CARTESIAN_POINT('',(-0.23202543962276,1.0934993570849,0.612499078547197));
#1047=CARTESIAN_POINT('',(-0.232235884893506,1.03386049220784,0.613145309674723));
#1054=EDGE_LOOP('',(#2370,#2371,#2372,#2373));
#1056=CARTESIAN_POINT('',(-0.263557573473669,1.13499351458098,-0.909305130422122));
#1057=CARTESIAN_POINT('',(-0.245090411296141,1.13567276551092,-0.852598093330842));
#1058=CARTESIAN_POINT('',(-0.232031308753456,1.09349940000351,-0.812497562175086));
#1059=CARTESIAN_POINT('',(-0.232241640735291,1.0338611225758,-0.813143427705395));
#1060=CARTESIAN_POINT('',(-0.509367090384069,1.13499351458098,-0.829255026476968));
#1061=CARTESIAN_POINT('',(-0.47367635100565,1.13567276551092,-0.778157003888276));
#1062=CARTESIAN_POINT('',(-0.448437550323493,1.09349940000351,-0.742022902162671));
#1063=CARTESIAN_POINT('',(-0.448844050460004,1.0338611225758,-0.742604883749987));
#1064=CARTESIAN_POINT('',(-0.719789260120029,1.13499351458098,-0.64354612198721));
#1065=CARTESIAN_POINT('',(-0.669354492394831,1.13567276551092,-0.605460498973405));
#1066=CARTESIAN_POINT('',(-0.633689413098853,1.09349940000351,-0.578528149998965));
#1067=CARTESIAN_POINT('',(-0.634263840536418,1.0338611225758,-0.578961926693527));
#1068=CARTESIAN_POINT('',(-0.810702104349395,1.13499351458098,-0.359228637821049));
#1069=CARTESIAN_POINT('',(-0.753897182975044,1.13567276551092,-0.341064798957948));
#1070=CARTESIAN_POINT('',(-0.71372743268979,1.09349940000351,-0.328220192298921));
#1071=CARTESIAN_POINT('',(-0.714374413074528,1.0338611225758,-0.328427069575945));
#1078=EDGE_LOOP('',(#2374,#2375,#2376,#2377,#2378,#2379,#2380,#2381));
#1079=CARTESIAN_POINT('',(-0.274999999999912,0.884,0.59676428684762));
#1080=CARTESIAN_POINT('',(-0.274999999999912,1.136,0.59676428684762));
#1081=CARTESIAN_POINT('',(-0.274999999999912,0.884,1.15100000000002));
#1082=CARTESIAN_POINT('',(-0.274999999999912,1.136,1.15100000000002));
#1083=EDGE_LOOP('',(#2382,#2383,#2384,#2385));
#1084=CARTESIAN_POINT('',(-0.275999999999912,1.084,1.15000000000002));
#1085=CARTESIAN_POINT('',(-0.275999999999912,1.136,1.15000000000002));
#1086=CARTESIAN_POINT('',(0.276000000000088,1.084,1.15000000000002));
#1087=CARTESIAN_POINT('',(0.276000000000088,1.136,1.15000000000002));
#1088=EDGE_LOOP('',(#2386,#2387,#2388,#2389,#2390,#2391,#2392,#2393));
#1089=CARTESIAN_POINT('',(0.275000000000088,0.884,1.15100000000002));
#1090=CARTESIAN_POINT('',(0.275000000000088,1.136,1.15100000000002));
#1091=CARTESIAN_POINT('',(0.275000000000088,0.884,0.59676428684762));
#1092=CARTESIAN_POINT('',(0.275000000000088,1.136,0.59676428684762));
#1093=EDGE_LOOP('',(#2394,#2395,#2396,#2397));
#1095=CARTESIAN_POINT('',(0.239255808033904,1.08494467981041,0.71808283364066));
#1096=CARTESIAN_POINT('',(0.230417020846242,1.08642713402979,0.687860536728107));
#1097=CARTESIAN_POINT('',(0.22416013184268,1.0641369000683,0.666466475167512));
#1098=CARTESIAN_POINT('',(0.22457625809426,1.03264862622525,0.6678893277446));
#1099=CARTESIAN_POINT('',(0.512452411822056,1.08494467981041,0.638183987822652));
#1100=CARTESIAN_POINT('',(0.493520968321725,1.08642713402979,0.610913380570358));
#1101=CARTESIAN_POINT('',(0.480119588907979,1.0641369000683,0.591608790583748));
#1102=CARTESIAN_POINT('',(0.481010873023631,1.03264862622525,0.592892678897046));
#1103=CARTESIAN_POINT('',(0.74540360355831,1.08494467981041,0.430956453212105));
#1104=CARTESIAN_POINT('',(0.717866283252734,1.08642713402979,0.411341418014298));
#1105=CARTESIAN_POINT('',(0.698372889764423,1.0641369000683,0.397456130878449));
#1106=CARTESIAN_POINT('',(0.699669334812367,1.03264862622525,0.398379598193338));
#1107=CARTESIAN_POINT('',(0.826636647617202,1.08494467981041,0.107785267023789));
#1108=CARTESIAN_POINT('',(0.796098348589544,1.08642713402979,0.100109090754344));
#1109=CARTESIAN_POINT('',(0.774480592293564,1.0641369000683,0.094675202385967));
#1110=CARTESIAN_POINT('',(0.775918322112868,1.03264862622525,0.0950365934218024));
#1117=EDGE_LOOP('',(#2398,#2399,#2400,#2401));
#1119=CARTESIAN_POINT('',(0.826139855736019,1.08494740577126,-0.30951337289981));
#1120=CARTESIAN_POINT('',(0.795671314431047,1.08639028090577,-0.301786392035978));
#1121=CARTESIAN_POINT('',(0.774104116058065,1.06414033561193,-0.296316838129704));
#1122=CARTESIAN_POINT('',(0.775502716092969,1.03270725999856,-0.296671530387372));
#1123=CARTESIAN_POINT('',(0.744332602483293,1.08494740577126,-0.632090550026463));
#1124=CARTESIAN_POINT('',(0.71688116252922,1.08639028090578,-0.612466726301149));
#1125=CARTESIAN_POINT('',(0.697449623448073,1.06414033561193,-0.598575976006272));
#1126=CARTESIAN_POINT('',(0.698709729223852,1.03270725999856,-0.599476770050407));
#1127=CARTESIAN_POINT('',(0.511390662668347,1.08494740577126,-0.838696637377653));
#1128=CARTESIAN_POINT('',(0.492530263402646,1.08639028090578,-0.811453055251114));
#1129=CARTESIAN_POINT('',(0.479179904149004,1.06414033561193,-0.792168648615875));
#1130=CARTESIAN_POINT('',(0.480045654655626,1.03270725999856,-0.793419213075926));
#1131=CARTESIAN_POINT('',(0.238511194414608,1.08494740577126,-0.918239161124539));
#1132=CARTESIAN_POINT('',(0.229714756222902,1.08639028090578,-0.888062002251322));
#1133=CARTESIAN_POINT('',(0.223488185493571,1.06414033561193,-0.8667010593289));
#1134=CARTESIAN_POINT('',(0.22389196914165,1.03270725999856,-0.868086284011084));
#1141=EDGE_LOOP('',(#2402,#2403,#2404,#2405,#2406,#2407,#2408,#2409));
#1142=CARTESIAN_POINT('',(0.696764286847688,0.884,0.17500000000002));
#1143=CARTESIAN_POINT('',(0.696764286847688,1.136,0.17500000000002));
#1144=CARTESIAN_POINT('',(1.25100000000009,0.884,0.17500000000002));
#1145=CARTESIAN_POINT('',(1.25100000000009,1.136,0.17500000000002));
#1146=EDGE_LOOP('',(#2410,#2411,#2412,#2413));
#1147=CARTESIAN_POINT('',(1.25000000000009,1.084,0.17600000000002));
#1148=CARTESIAN_POINT('',(1.25000000000009,1.136,0.17600000000002));
#1149=CARTESIAN_POINT('',(1.25000000000009,1.084,-0.37599999999998));
#1150=CARTESIAN_POINT('',(1.25000000000009,1.136,-0.37599999999998));
#1151=EDGE_LOOP('',(#2414,#2415,#2416,#2417,#2418,#2419,#2420,#2421));
#1152=CARTESIAN_POINT('',(1.25100000000009,0.883999999999999,-0.37499999999998));
#1153=CARTESIAN_POINT('',(1.25100000000009,1.136,-0.37499999999998));
#1154=CARTESIAN_POINT('',(0.696764286847688,0.883999999999999,-0.37499999999998));
#1155=CARTESIAN_POINT('',(0.696764286847688,1.136,-0.37499999999998));
#1156=EDGE_LOOP('',(#2422,#2423,#2424,#2425,#2426,#2427,#2428,#2429,#2430,#2431,#2432,#2433));
#1158=CARTESIAN_POINT('',(-0.00119675127467778,0.734,0.699999104865999));
#1159=CARTESIAN_POINT('',(-0.00119675127467778,0.834666666666635,0.699999104865999));
#1160=CARTESIAN_POINT('',(-0.00119675127467778,0.935333333333272,0.699999104865999));
#1161=CARTESIAN_POINT('',(-0.00119675127467778,1.036,0.699999104865999));
#1162=CARTESIAN_POINT('',(0.470457865107748,0.734,0.700704672234782));
#1163=CARTESIAN_POINT('',(0.470457865107748,0.834666666666635,0.700704672234782));
#1164=CARTESIAN_POINT('',(0.470457865107748,0.935333333333272,0.700704672234782));
#1165=CARTESIAN_POINT('',(0.470457865107748,1.036,0.700704672234782));
#1166=CARTESIAN_POINT('',(0.800000000000088,0.734,0.366709852167235));
#1167=CARTESIAN_POINT('',(0.800000000000088,0.834666666666635,0.366709852167235));
#1168=CARTESIAN_POINT('',(0.800000000000088,0.935333333333272,0.366709852167235));
#1169=CARTESIAN_POINT('',(0.800000000000088,1.036,0.366709852167235));
#1170=CARTESIAN_POINT('',(0.800000000000088,0.734,-0.0999999999999801));
#1171=CARTESIAN_POINT('',(0.800000000000088,0.834666666666635,-0.0999999999999801));
#1172=CARTESIAN_POINT('',(0.800000000000088,0.935333333333272,-0.0999999999999801));
#1173=CARTESIAN_POINT('',(0.800000000000088,1.036,-0.0999999999999801));
#1174=CARTESIAN_POINT('',(0.800000000000088,0.734,-0.566709852167195));
#1175=CARTESIAN_POINT('',(0.800000000000088,0.834666666666635,-0.566709852167195));
#1176=CARTESIAN_POINT('',(0.800000000000088,0.935333333333272,-0.566709852167195));
#1177=CARTESIAN_POINT('',(0.800000000000088,1.036,-0.566709852167195));
#1178=CARTESIAN_POINT('',(0.470457865107748,0.734,-0.900704672234742));
#1179=CARTESIAN_POINT('',(0.470457865107748,0.834666666666635,-0.900704672234742));
#1180=CARTESIAN_POINT('',(0.470457865107748,0.935333333333272,-0.900704672234742));
#1181=CARTESIAN_POINT('',(0.470457865107748,1.036,-0.900704672234742));
#1182=CARTESIAN_POINT('',(-0.00119675127467778,0.734,-0.899999104865959));
#1183=CARTESIAN_POINT('',(-0.00119675127467778,0.834666666666635,-0.899999104865959));
#1184=CARTESIAN_POINT('',(-0.00119675127467778,0.935333333333272,-0.899999104865959));
#1185=CARTESIAN_POINT('',(-0.00119675127467778,1.036,-0.899999104865959));
#1192=EDGE_LOOP('',(#2434,#2435,#2436,#2437));
#1193=CARTESIAN_POINT('',(-0.800001171279036,0.885,0.17600000000002));
#1194=CARTESIAN_POINT('',(-0.800001171279036,0.885,-0.37599999999998));
#1195=CARTESIAN_POINT('',(-0.696764286847512,0.885,0.17600000000002));
#1196=CARTESIAN_POINT('',(-0.696764286847512,0.885,-0.37599999999998));
#1197=EDGE_LOOP('',(#2438,#2439,#2440,#2441,#2442,#2443));
#1198=CARTESIAN_POINT('',(-0.275999999999912,0.885,0.700000073142328));
#1199=CARTESIAN_POINT('',(-0.275999999999912,0.885,0.59676428684762));
#1200=CARTESIAN_POINT('',(0.276000000000088,0.885,0.700000073142328));
#1201=CARTESIAN_POINT('',(0.276000000000088,0.885,0.59676428684762));
#1202=EDGE_LOOP('',(#2444,#2445,#2446,#2447));
#1203=CARTESIAN_POINT('',(0.696764286847688,0.885,0.17600000000002));
#1204=CARTESIAN_POINT('',(0.696764286847688,0.885,-0.37599999999998));
#1205=CARTESIAN_POINT('',(0.800001171279213,0.885,0.17600000000002));
#1206=CARTESIAN_POINT('',(0.800001171279213,0.885,-0.37599999999998));
#1207=EDGE_LOOP('',(#2448,#2449,#2450,#2451,#2452,#2453));
#1208=CARTESIAN_POINT('',(-0.275999999999912,0.885,-0.79676428684758));
#1209=CARTESIAN_POINT('',(-0.275999999999912,0.885,-0.900000073142288));
#1210=CARTESIAN_POINT('',(0.276000000000088,0.885,-0.79676428684758));
#1211=CARTESIAN_POINT('',(0.276000000000088,0.885,-0.900000073142288));
#1212=EDGE_LOOP('',(#2454,#2455,#2456,#2457,#2458,#2459,#2460,#2461,#2462,#2463,#2464,#2465));
#1214=CARTESIAN_POINT('',(0.00119675127485408,0.734,-0.899999104865959));
#1215=CARTESIAN_POINT('',(0.00119675127485408,0.834666666666635,-0.899999104865959));
#1216=CARTESIAN_POINT('',(0.00119675127485408,0.935333333333272,-0.899999104865959));
#1217=CARTESIAN_POINT('',(0.00119675127485408,1.036,-0.899999104865959));
#1218=CARTESIAN_POINT('',(-0.470457865107571,0.734,-0.900704672234742));
#1219=CARTESIAN_POINT('',(-0.470457865107571,0.834666666666635,-0.900704672234742));
#1220=CARTESIAN_POINT('',(-0.470457865107571,0.935333333333272,-0.900704672234742));
#1221=CARTESIAN_POINT('',(-0.470457865107571,1.036,-0.900704672234742));
#1222=CARTESIAN_POINT('',(-0.799999999999912,0.734,-0.566709852167195));
#1223=CARTESIAN_POINT('',(-0.799999999999912,0.834666666666635,-0.566709852167194));
#1224=CARTESIAN_POINT('',(-0.799999999999912,0.935333333333272,-0.566709852167194));
#1225=CARTESIAN_POINT('',(-0.799999999999912,1.036,-0.566709852167194));
#1226=CARTESIAN_POINT('',(-0.799999999999912,0.734,-0.0999999999999801));
#1227=CARTESIAN_POINT('',(-0.799999999999912,0.834666666666635,-0.0999999999999801));
#1228=CARTESIAN_POINT('',(-0.799999999999912,0.935333333333272,-0.0999999999999801));
#1229=CARTESIAN_POINT('',(-0.799999999999912,1.036,-0.0999999999999801));
#1230=CARTESIAN_POINT('',(-0.799999999999912,0.734,0.366709852167235));
#1231=CARTESIAN_POINT('',(-0.799999999999912,0.834666666666635,0.366709852167235));
#1232=CARTESIAN_POINT('',(-0.799999999999912,0.935333333333272,0.366709852167235));
#1233=CARTESIAN_POINT('',(-0.799999999999912,1.036,0.366709852167235));
#1234=CARTESIAN_POINT('',(-0.470457865107571,0.734,0.700704672234782));
#1235=CARTESIAN_POINT('',(-0.470457865107571,0.834666666666635,0.700704672234782));
#1236=CARTESIAN_POINT('',(-0.470457865107571,0.935333333333272,0.700704672234782));
#1237=CARTESIAN_POINT('',(-0.470457865107571,1.036,0.700704672234782));
#1238=CARTESIAN_POINT('',(0.00119675127485408,0.734,0.699999104865999));
#1239=CARTESIAN_POINT('',(0.00119675127485408,0.834666666666635,0.699999104865999));
#1240=CARTESIAN_POINT('',(0.00119675127485408,0.935333333333272,0.699999104865999));
#1241=CARTESIAN_POINT('',(0.00119675127485408,1.036,0.699999104865999));
#1248=EDGE_LOOP('',(#2466,#2467,#2468,#2469));
#1250=CARTESIAN_POINT('',(-0.826139855746561,1.0849474057712,0.109513372862715));
#1251=CARTESIAN_POINT('',(-0.795671314440088,1.08639028090657,0.101786391999973));
#1252=CARTESIAN_POINT('',(-0.774104116066019,1.06414033561186,0.0963168380944633));
#1253=CARTESIAN_POINT('',(-0.775502716101763,1.0327072599973,0.0966715303522766));
#1254=CARTESIAN_POINT('',(-0.744332602504568,1.0849474057712,0.432090550008406));
#1255=CARTESIAN_POINT('',(-0.716881162548708,1.08639028090657,0.412466726283047));
#1256=CARTESIAN_POINT('',(-0.697449623466274,1.06414033561186,0.398575975988123));
#1257=CARTESIAN_POINT('',(-0.698709729242829,1.0327072599973,0.399476770032756));
#1258=CARTESIAN_POINT('',(-0.51139066268288,1.0849474057712,0.638696637373886));
#1259=CARTESIAN_POINT('',(-0.492530263415953,1.08639028090657,0.6114530552465));
#1260=CARTESIAN_POINT('',(-0.479179904161428,1.06414033561186,0.592168648610638));
#1261=CARTESIAN_POINT('',(-0.480045654668583,1.0327072599973,0.593419213071418));
#1262=CARTESIAN_POINT('',(-0.238511194417084,1.0849474057712,0.718239161125119));
#1263=CARTESIAN_POINT('',(-0.22971475622496,1.08639028090657,0.688062002250788));
#1264=CARTESIAN_POINT('',(-0.223488185495327,1.06414033561186,0.666701059327552));
#1265=CARTESIAN_POINT('',(-0.223891969143648,1.0327072599973,0.668086284010551));
#1272=EDGE_LOOP('',(#2470,#2471,#2472,#2473));
#1274=CARTESIAN_POINT('',(-0.239255808033016,1.08494467981041,-0.918082833640743));
#1275=CARTESIAN_POINT('',(-0.230417020845401,1.08642713402974,-0.887860536728257));
#1276=CARTESIAN_POINT('',(-0.224160131841873,1.06413690006831,-0.86646647516771));
#1277=CARTESIAN_POINT('',(-0.224576258093436,1.03264862622533,-0.867889327744745));
#1278=CARTESIAN_POINT('',(-0.512452411820599,1.08494467981041,-0.838183987823151));
#1279=CARTESIAN_POINT('',(-0.49352096832036,1.08642713402974,-0.810913380570901));
#1280=CARTESIAN_POINT('',(-0.48011958890668,1.06413690006831,-0.791608790584324));
#1281=CARTESIAN_POINT('',(-0.481010873022296,1.03264862622533,-0.792892678897575));
#1282=CARTESIAN_POINT('',(-0.745403603556682,1.08494467981041,-0.630956453213493));
#1283=CARTESIAN_POINT('',(-0.717866283251225,1.08642713402974,-0.611341418015679));
#1284=CARTESIAN_POINT('',(-0.698372889762999,1.06413690006831,-0.597456130879827));
#1285=CARTESIAN_POINT('',(-0.699669334810892,1.03264862622533,-0.598379598194683));
#1286=CARTESIAN_POINT('',(-0.826636647616337,1.08494467981041,-0.307785267026155));
#1287=CARTESIAN_POINT('',(-0.796098348588776,1.08642713402974,-0.30010909075664));
#1288=CARTESIAN_POINT('',(-0.774480592292867,1.06413690006831,-0.294675202388213));
#1289=CARTESIAN_POINT('',(-0.775918322112115,1.03264862622533,-0.295036593424039));
#1296=EDGE_LOOP('',(#2474,#2475,#2476,#2477,#2478,#2479,#2480,#2481));
#1297=CARTESIAN_POINT('',(-0.274999999999912,0.883999999999999,-1.35099999999998));
#1298=CARTESIAN_POINT('',(-0.274999999999912,1.136,-1.35099999999998));
#1299=CARTESIAN_POINT('',(-0.274999999999912,0.883999999999999,-0.79676428684758));
#1300=CARTESIAN_POINT('',(-0.274999999999912,1.136,-0.79676428684758));
#1301=EDGE_LOOP('',(#2482,#2483,#2484,#2485));
#1302=CARTESIAN_POINT('',(0.276000000000088,1.084,-1.34999999999998));
#1303=CARTESIAN_POINT('',(0.276000000000088,1.136,-1.34999999999998));
#1304=CARTESIAN_POINT('',(-0.275999999999912,1.084,-1.34999999999998));
#1305=CARTESIAN_POINT('',(-0.275999999999912,1.136,-1.34999999999998));
#1306=EDGE_LOOP('',(#2486,#2487,#2488,#2489,#2490,#2491,#2492,#2493));
#1307=CARTESIAN_POINT('',(0.275000000000088,0.884,-0.79676428684758));
#1308=CARTESIAN_POINT('',(0.275000000000088,1.136,-0.79676428684758));
#1309=CARTESIAN_POINT('',(0.275000000000088,0.884,-1.35099999999998));
#1310=CARTESIAN_POINT('',(0.275000000000088,1.136,-1.35099999999998));
#1311=EDGE_LOOP('',(#2494,#2495,#2496,#2497));
#1313=CARTESIAN_POINT('',(0.263557573473845,1.13499351458098,0.709305130422161));
#1314=CARTESIAN_POINT('',(0.245090411296317,1.13567276551092,0.652598093330881));
#1315=CARTESIAN_POINT('',(0.232031308753632,1.09349940000351,0.612497562175126));
#1316=CARTESIAN_POINT('',(0.232241640735467,1.0338611225758,0.613143427705435));
#1317=CARTESIAN_POINT('',(0.509367090386067,1.13499351458098,0.629255026476415));
#1318=CARTESIAN_POINT('',(0.47367635100752,1.13567276551092,0.578157003887764));
#1319=CARTESIAN_POINT('',(0.448437550325273,1.09349940000351,0.542022902162189));
#1320=CARTESIAN_POINT('',(0.448844050461785,1.0338611225758,0.542604883749504));
#1321=CARTESIAN_POINT('',(0.719789260123155,1.13499351458098,0.443546121984646));
#1322=CARTESIAN_POINT('',(0.66935449239775,1.13567276551092,0.405460498971024));
#1323=CARTESIAN_POINT('',(0.633689413101627,1.09349940000351,0.378528149996713));
#1324=CARTESIAN_POINT('',(0.634263840539194,1.0338611225758,0.378961926691272));
#1325=CARTESIAN_POINT('',(0.810702104351323,1.13499351458098,0.159228637815611));
#1326=CARTESIAN_POINT('',(0.753897182976849,1.13567276551092,0.141064798952894));
#1327=CARTESIAN_POINT('',(0.713727432691509,1.09349940000351,0.128220192294139));
#1328=CARTESIAN_POINT('',(0.714374413076247,1.0338611225758,0.128427069571158));
#1335=EDGE_LOOP('',(#2498,#2499,#2500,#2501));
#1337=CARTESIAN_POINT('',(0.810701813470914,1.13499350739941,-0.359231617207354));
#1338=CARTESIAN_POINT('',(0.753896395009218,1.13567314103754,-0.34106740411537));
#1339=CARTESIAN_POINT('',(0.713726290322303,1.0934993570849,-0.328222531896875));
#1340=CARTESIAN_POINT('',(0.714373634521442,1.03386049220794,-0.328429527959839));
#1341=CARTESIAN_POINT('',(0.719787362612811,1.13499350739941,-0.643550756112278));
#1342=CARTESIAN_POINT('',(0.669352268405269,1.13567314103754,-0.605464461443867));
#1343=CARTESIAN_POINT('',(0.633686955674944,1.0934993570849,-0.578531635572772));
#1344=CARTESIAN_POINT('',(0.634261704819508,1.03386049220794,-0.578965660047656));
#1345=CARTESIAN_POINT('',(0.509362598959112,1.13499350739941,-0.829259347283861));
#1346=CARTESIAN_POINT('',(0.473671849164626,1.13567314103754,-0.778160556457079));
#1347=CARTESIAN_POINT('',(0.448433039304058,1.0934993570849,-0.742025908874675));
#1348=CARTESIAN_POINT('',(0.448839764586023,1.03386049220794,-0.742608221384917));
#1349=CARTESIAN_POINT('',(0.263551234170498,1.13499350739941,-0.909307857796885));
#1350=CARTESIAN_POINT('',(0.245084347956263,1.13567314103754,-0.852600113022632));
#1351=CARTESIAN_POINT('',(0.232025439623853,1.0934993570849,-0.812499078546921));
#1352=CARTESIAN_POINT('',(0.232235884894581,1.03386049220794,-0.813145309674389));
#1359=EDGE_LOOP('',(#2502,#2503,#2504,#2505,#2506,#2507,#2508,#2509,#2510,#2511,#2512,#2513));
#1361=CARTESIAN_POINT('',(-0.00112195432000495,0.734,0.649999160811879));
#1362=CARTESIAN_POINT('',(-0.00112195432000495,0.834666666666635,0.649999160811879));
#1363=CARTESIAN_POINT('',(-0.00112195432000495,0.935333333333272,0.649999160811879));
#1364=CARTESIAN_POINT('',(-0.00112195432000495,1.036,0.649999160811879));
#1365=CARTESIAN_POINT('',(0.44105424853856,0.734,0.650660630220027));
#1366=CARTESIAN_POINT('',(0.44105424853856,0.834666666666635,0.650660630220027));
#1367=CARTESIAN_POINT('',(0.44105424853856,0.935333333333272,0.650660630220027));
#1368=CARTESIAN_POINT('',(0.44105424853856,1.036,0.650660630220027));
#1369=CARTESIAN_POINT('',(0.750000000000088,0.734,0.337540486406765));
#1370=CARTESIAN_POINT('',(0.750000000000088,0.834666666666635,0.337540486406765));
#1371=CARTESIAN_POINT('',(0.750000000000088,0.935333333333272,0.337540486406765));
#1372=CARTESIAN_POINT('',(0.750000000000088,1.036,0.337540486406765));
#1373=CARTESIAN_POINT('',(0.750000000000088,0.734,-0.0999999999999801));
#1374=CARTESIAN_POINT('',(0.750000000000088,0.834666666666635,-0.0999999999999801));
#1375=CARTESIAN_POINT('',(0.750000000000088,0.935333333333272,-0.0999999999999801));
#1376=CARTESIAN_POINT('',(0.750000000000088,1.036,-0.0999999999999801));
#1377=CARTESIAN_POINT('',(0.750000000000088,0.734,-0.537540486406726));
#1378=CARTESIAN_POINT('',(0.750000000000088,0.834666666666635,-0.537540486406726));
#1379=CARTESIAN_POINT('',(0.750000000000088,0.935333333333272,-0.537540486406726));
#1380=CARTESIAN_POINT('',(0.750000000000088,1.036,-0.537540486406726));
#1381=CARTESIAN_POINT('',(0.44105424853856,0.734,-0.850660630219987));
#1382=CARTESIAN_POINT('',(0.44105424853856,0.834666666666635,-0.850660630219987));
#1383=CARTESIAN_POINT('',(0.44105424853856,0.935333333333272,-0.850660630219987));
#1384=CARTESIAN_POINT('',(0.44105424853856,1.036,-0.850660630219987));
#1385=CARTESIAN_POINT('',(-0.00112195432000495,0.734,-0.849999160811839));
#1386=CARTESIAN_POINT('',(-0.00112195432000495,0.834666666666635,-0.849999160811839));
#1387=CARTESIAN_POINT('',(-0.00112195432000495,0.935333333333272,-0.849999160811839));
#1388=CARTESIAN_POINT('',(-0.00112195432000495,1.036,-0.849999160811839));
#1395=EDGE_LOOP('',(#2514,#2515,#2516,#2517,#2518,#2519,#2520,#2521));
#1396=CARTESIAN_POINT('',(-0.696764286847512,0.884,-0.37499999999998));
#1397=CARTESIAN_POINT('',(-0.696764286847512,1.136,-0.37499999999998));
#1398=CARTESIAN_POINT('',(-1.25099999999991,0.884,-0.37499999999998));
#1399=CARTESIAN_POINT('',(-1.25099999999991,1.136,-0.37499999999998));
#1400=EDGE_LOOP('',(#2522,#2523,#2524,#2525));
#1402=CARTESIAN_POINT('',(9.08589557102601E-06,0.635000000008977,-0.799998657586834));
#1403=CARTESIAN_POINT('',(9.8462552751144E-06,0.634999213659385,-0.858578548302971));
#1404=CARTESIAN_POINT('',(1.03839107761239E-05,0.676421451633099,-0.900000786273192));
#1405=CARTESIAN_POINT('',(1.038390056185E-05,0.735001342354145,-0.899999999923548));
#1406=CARTESIAN_POINT('',(-0.412252384245843,0.635000000008977,-0.800004008689409));
#1407=CARTESIAN_POINT('',(-0.446752021287776,0.634999213659385,-0.858584347216425));
#1408=CARTESIAN_POINT('',(-0.471146948590785,0.6764214516331,-0.900006901836791));
#1409=CARTESIAN_POINT('',(-0.471146485483421,0.735001342354147,-0.900006115481151));
#1410=CARTESIAN_POINT('',(-0.699998657645764,0.635000000008977,-0.507841476526407));
#1411=CARTESIAN_POINT('',(-0.758578548366811,0.634999213659385,-0.541971983585873));
#1412=CARTESIAN_POINT('',(-0.800000786340526,0.676421451633099,-0.566105896575198));
#1413=CARTESIAN_POINT('',(-0.799999999990935,0.735001342354147,-0.56610543842291));
#1414=CARTESIAN_POINT('',(-0.699998657645766,0.635000000008977,-0.0999999999999801));
#1415=CARTESIAN_POINT('',(-0.758578548366812,0.634999213659385,-0.0999999999999801));
#1416=CARTESIAN_POINT('',(-0.800000786340526,0.676421451633099,-0.0999999999999801));
#1417=CARTESIAN_POINT('',(-0.799999999990935,0.735001342354145,-0.0999999999999801));
#1418=CARTESIAN_POINT('',(-0.699998657645764,0.635000000008977,0.307841476526447));
#1419=CARTESIAN_POINT('',(-0.758578548366811,0.634999213659385,0.341971983585912));
#1420=CARTESIAN_POINT('',(-0.800000786340526,0.676421451633099,0.366105896575238));
#1421=CARTESIAN_POINT('',(-0.799999999990935,0.735001342354147,0.366105438422949));
#1422=CARTESIAN_POINT('',(-0.412252384245843,0.635000000008977,0.600004008689449));
#1423=CARTESIAN_POINT('',(-0.446752021287776,0.634999213659385,0.658584347216465));
#1424=CARTESIAN_POINT('',(-0.471146948590785,0.676421451633099,0.700006901836831));
#1425=CARTESIAN_POINT('',(-0.471146485483421,0.735001342354147,0.70000611548119));
#1426=CARTESIAN_POINT('',(9.08589557080397E-06,0.635000000008977,0.599998657586874));
#1427=CARTESIAN_POINT('',(9.8462552751144E-06,0.634999213659385,0.658578548303011));
#1428=CARTESIAN_POINT('',(1.03839107761239E-05,0.676421451633099,0.700000786273232));
#1429=CARTESIAN_POINT('',(1.0383900561628E-05,0.735001342354145,0.699999999923588));
#1436=EDGE_LOOP('',(#2526,#2527,#2528,#2529));
#1438=CARTESIAN_POINT('',(-9.08589539450055E-06,0.635000000008977,0.599998657586874));
#1439=CARTESIAN_POINT('',(-9.84625509881099E-06,0.634999213659385,0.658578548303011));
#1440=CARTESIAN_POINT('',(-1.03839105995984E-05,0.676421451633099,0.700000786273233));
#1441=CARTESIAN_POINT('',(-1.03839003853246E-05,0.735001342354145,0.699999999923588));
#1442=CARTESIAN_POINT('',(0.412252384246019,0.635000000008977,0.600004008689449));
#1443=CARTESIAN_POINT('',(0.446752021287952,0.634999213659385,0.658584347216465));
#1444=CARTESIAN_POINT('',(0.471146948590961,0.6764214516331,0.700006901836831));
#1445=CARTESIAN_POINT('',(0.471146485483597,0.735001342354147,0.70000611548119));
#1446=CARTESIAN_POINT('',(0.69999865764594,0.635000000008977,0.307841476526447));
#1447=CARTESIAN_POINT('',(0.758578548366987,0.634999213659385,0.341971983585913));
#1448=CARTESIAN_POINT('',(0.800000786340702,0.6764214516331,0.366105896575238));
#1449=CARTESIAN_POINT('',(0.799999999991111,0.735001342354147,0.366105438422949));
#1450=CARTESIAN_POINT('',(0.699998657645941,0.635000000008977,-0.0999999999999799));
#1451=CARTESIAN_POINT('',(0.758578548366988,0.634999213659385,-0.0999999999999799));
#1452=CARTESIAN_POINT('',(0.800000786340702,0.676421451633099,-0.0999999999999801));
#1453=CARTESIAN_POINT('',(0.799999999991111,0.735001342354145,-0.0999999999999801));
#1454=CARTESIAN_POINT('',(0.69999865764594,0.635000000008977,-0.507841476526407));
#1455=CARTESIAN_POINT('',(0.758578548366987,0.634999213659385,-0.541971983585873));
#1456=CARTESIAN_POINT('',(0.800000786340702,0.6764214516331,-0.566105896575198));
#1457=CARTESIAN_POINT('',(0.799999999991111,0.735001342354147,-0.566105438422909));
#1458=CARTESIAN_POINT('',(0.412252384246019,0.635000000008977,-0.800004008689408));
#1459=CARTESIAN_POINT('',(0.446752021287952,0.634999213659385,-0.858584347216425));
#1460=CARTESIAN_POINT('',(0.471146948590961,0.6764214516331,-0.900006901836791));
#1461=CARTESIAN_POINT('',(0.471146485483597,0.735001342354147,-0.90000611548115));
#1462=CARTESIAN_POINT('',(-9.08589539450055E-06,0.635000000008977,-0.799998657586834));
#1463=CARTESIAN_POINT('',(-9.84625509881099E-06,0.634999213659385,-0.858578548302971));
#1464=CARTESIAN_POINT('',(-1.03839105998205E-05,0.676421451633099,-0.900000786273192));
#1465=CARTESIAN_POINT('',(-1.03839003853246E-05,0.735001342354145,-0.899999999923548));
#1472=EDGE_LOOP('',(#2530,#2531,#2532,#2533));
#1473=CARTESIAN_POINT('',(0.351293851019588,1.084,-1.61480845893798));
#1474=CARTESIAN_POINT('',(0.351293851019588,1.136,-1.61480845893798));
#1475=CARTESIAN_POINT('',(0.973293851019588,1.084,-1.61480845893798));
#1476=CARTESIAN_POINT('',(0.973293851019588,1.136,-1.61480845893798));
#1477=EDGE_LOOP('',(#2534,#2535,#2536,#2537));
#1479=CARTESIAN_POINT('',(1.29268835014189,1.08400000000002,1.15258006906004));
#1480=CARTESIAN_POINT('',(1.29268835014189,1.10133333333315,1.15258006906004));
#1481=CARTESIAN_POINT('',(1.29268835014189,1.11866666666685,1.15258006906004));
#1482=CARTESIAN_POINT('',(1.29268835014189,1.13599999999998,1.15258006906004));
#1483=CARTESIAN_POINT('',(2.10627577788485,1.08400000000002,0.312941138469155));
#1484=CARTESIAN_POINT('',(2.10627577788485,1.10133333333315,0.312941138469155));
#1485=CARTESIAN_POINT('',(2.10627577788485,1.11866666666685,0.312941138469155));
#1486=CARTESIAN_POINT('',(2.10627577788485,1.13599999999998,0.312941138469155));
#1487=CARTESIAN_POINT('',(2.05813231775093,1.08400000000002,-0.921690739435179));
#1488=CARTESIAN_POINT('',(2.05813231775093,1.10133333333315,-0.921690739435179));
#1489=CARTESIAN_POINT('',(2.05813231775093,1.11866666666685,-0.921690739435179));
#1490=CARTESIAN_POINT('',(2.05813231775093,1.13599999999998,-0.921690739435179));
#1491=CARTESIAN_POINT('',(0.968499580367056,1.08400000000002,-1.61723714785434));
#1492=CARTESIAN_POINT('',(0.968499580367056,1.10133333333315,-1.61723714785434));
#1493=CARTESIAN_POINT('',(0.968499580367056,1.11866666666685,-1.61723714785434));
#1494=CARTESIAN_POINT('',(0.968499580367056,1.13599999999998,-1.61723714785434));
#1501=EDGE_LOOP('',(#2538,#2539,#2540,#2541));
#1503=CARTESIAN_POINT('',(-0.968499580366879,1.08400000000002,-1.61723714785434));
#1504=CARTESIAN_POINT('',(-0.968499580366879,1.10133333333315,-1.61723714785434));
#1505=CARTESIAN_POINT('',(-0.968499580366879,1.11866666666685,-1.61723714785434));
#1506=CARTESIAN_POINT('',(-0.968499580366879,1.13599999999999,-1.61723714785434));
#1507=CARTESIAN_POINT('',(-2.05813231775075,1.08400000000002,-0.921690739435179));
#1508=CARTESIAN_POINT('',(-2.05813231775075,1.10133333333315,-0.921690739435179));
#1509=CARTESIAN_POINT('',(-2.05813231775075,1.11866666666685,-0.921690739435179));
#1510=CARTESIAN_POINT('',(-2.05813231775075,1.13599999999998,-0.921690739435179));
#1511=CARTESIAN_POINT('',(-2.10627577788467,1.08400000000002,0.312941138469156));
#1512=CARTESIAN_POINT('',(-2.10627577788467,1.10133333333315,0.312941138469156));
#1513=CARTESIAN_POINT('',(-2.10627577788467,1.11866666666685,0.312941138469156));
#1514=CARTESIAN_POINT('',(-2.10627577788467,1.13599999999998,0.312941138469155));
#1515=CARTESIAN_POINT('',(-1.29268835014171,1.08400000000002,1.15258006906004));
#1516=CARTESIAN_POINT('',(-1.29268835014171,1.10133333333315,1.15258006906004));
#1517=CARTESIAN_POINT('',(-1.29268835014171,1.11866666666685,1.15258006906004));
#1518=CARTESIAN_POINT('',(-1.29268835014171,1.13599999999999,1.15258006906004));
#1525=EDGE_LOOP('',(#2542,#2543,#2544,#2545));
#1526=CARTESIAN_POINT('',(1.29618338469909,1.084,1.15000000000002));
#1527=CARTESIAN_POINT('',(1.29618338469909,1.136,1.15000000000002));
#1528=CARTESIAN_POINT('',(0.894183384698988,1.084,1.15000000000002));
#1529=CARTESIAN_POINT('',(0.894183384698988,1.136,1.15000000000002));
#1530=EDGE_LOOP('',(#2546,#2547,#2548,#2549));
#1531=CARTESIAN_POINT('',(0.895183384698988,1.084,1.14900000000002));
#1532=CARTESIAN_POINT('',(0.895183384698988,1.136,1.14900000000002));
#1533=CARTESIAN_POINT('',(0.895183384698988,1.084,1.50100000000002));
#1534=CARTESIAN_POINT('',(0.895183384698988,1.136,1.50100000000002));
#1535=EDGE_LOOP('',(#2550,#2551,#2552,#2553));
#1536=CARTESIAN_POINT('',(0.896183384698988,1.136,1.50000000000002));
#1537=CARTESIAN_POINT('',(0.896183384698988,1.084,1.50000000000002));
#1538=CARTESIAN_POINT('',(-0.896183384698812,1.136,1.50000000000002));
#1539=CARTESIAN_POINT('',(-0.896183384698812,1.084,1.50000000000002));
#1540=EDGE_LOOP('',(#2554,#2555,#2556,#2557));
#1541=CARTESIAN_POINT('',(-0.895183384698812,1.084,1.50100000000002));
#1542=CARTESIAN_POINT('',(-0.895183384698812,1.136,1.50100000000002));
#1543=CARTESIAN_POINT('',(-0.895183384698812,1.084,1.14900000000002));
#1544=CARTESIAN_POINT('',(-0.895183384698812,1.136,1.14900000000002));
#1545=EDGE_LOOP('',(#2558,#2559,#2560,#2561));
#1546=CARTESIAN_POINT('',(-0.894183384698812,1.084,1.15000000000002));
#1547=CARTESIAN_POINT('',(-0.894183384698812,1.136,1.15000000000002));
#1548=CARTESIAN_POINT('',(-1.29618338469891,1.084,1.15000000000002));
#1549=CARTESIAN_POINT('',(-1.29618338469891,1.136,1.15000000000002));
#1550=EDGE_LOOP('',(#2562,#2563,#2564,#2565));
#1551=CARTESIAN_POINT('',(-0.973293851019412,1.084,-1.61480845893798));
#1552=CARTESIAN_POINT('',(-0.973293851019412,1.136,-1.61480845893798));
#1553=CARTESIAN_POINT('',(-0.351293851019412,1.084,-1.61480845893798));
#1554=CARTESIAN_POINT('',(-0.351293851019412,1.136,-1.61480845893798));
#1555=EDGE_LOOP('',(#2566,#2567,#2568,#2569));
#1557=CARTESIAN_POINT('',(0.353002470886753,1.08364142767431,-1.61410345317137));
#1558=CARTESIAN_POINT('',(0.353002470886753,1.10121380922458,-1.61410345317137));
#1559=CARTESIAN_POINT('',(0.353002470886753,1.11878619077542,-1.61410345317137));
#1560=CARTESIAN_POINT('',(0.353002470886753,1.13635857232569,-1.61410345317137));
#1561=CARTESIAN_POINT('',(0.146085272743248,1.08364142767431,-1.82037730212513));
#1562=CARTESIAN_POINT('',(0.146085272743248,1.10121380922458,-1.82037730212513));
#1563=CARTESIAN_POINT('',(0.146085272743248,1.11878619077542,-1.82037730212513));
#1564=CARTESIAN_POINT('',(0.146085272743248,1.13635857232569,-1.82037730212513));
#1565=CARTESIAN_POINT('',(-0.146085272743072,1.08364142767431,-1.82037730212513));
#1566=CARTESIAN_POINT('',(-0.146085272743072,1.10121380922458,-1.82037730212513));
#1567=CARTESIAN_POINT('',(-0.146085272743072,1.11878619077542,-1.82037730212513));
#1568=CARTESIAN_POINT('',(-0.146085272743072,1.13635857232569,-1.82037730212513));
#1569=CARTESIAN_POINT('',(-0.353002470886576,1.08364142767431,-1.61410345317137));
#1570=CARTESIAN_POINT('',(-0.353002470886576,1.10121380922458,-1.61410345317137));
#1571=CARTESIAN_POINT('',(-0.353002470886576,1.11878619077542,-1.61410345317137));
#1572=CARTESIAN_POINT('',(-0.353002470886576,1.13635857232569,-1.61410345317137));
#1579=EDGE_LOOP('',(#2570,#2571,#2572,#2573));
#1581=CARTESIAN_POINT('',(-0.317499999983865,0.684998351554667,-0.0999958788866464));
#1582=CARTESIAN_POINT('',(-0.317499029138392,0.759794504570694,-0.0999958788992399));
#1583=CARTESIAN_POINT('',(-0.370505761617656,0.812,-0.099995190877983));
#1584=CARTESIAN_POINT('',(-0.444499999962498,0.812,-0.099994230441314));
#1585=CARTESIAN_POINT('',(-0.518494238307343,0.812,-0.0999932700046409));
#1586=CARTESIAN_POINT('',(-0.571500970786526,0.759794504570678,-0.0999925819833669));
#1587=CARTESIAN_POINT('',(-0.57149999994103,0.684998351554641,-0.0999925819959784));
#1588=CARTESIAN_POINT('',(-0.317502427097428,0.684998351554665,-0.286986261413454));
#1589=CARTESIAN_POINT('',(-0.317501456244529,0.759794504570694,-0.286985689650436));
#1590=CARTESIAN_POINT('',(-0.370508593931214,0.812,-0.318203109293111));
#1591=CARTESIAN_POINT('',(-0.444503397921494,0.812,-0.361780765970089));
#1592=CARTESIAN_POINT('',(-0.518498201911701,0.812,-0.405358422647075));
#1593=CARTESIAN_POINT('',(-0.571505339598383,0.759794504570678,-0.436575842289668));
#1594=CARTESIAN_POINT('',(-0.571504368745468,0.684998351554639,-0.436575270526626));
#1595=CARTESIAN_POINT('',(-0.184985595907059,0.684998351554665,-0.417499999979547));
#1596=CARTESIAN_POINT('',(-0.184985030261589,0.759794504570693,-0.41749902913412));
#1597=CARTESIAN_POINT('',(-0.215868438120664,0.812,-0.470505761612621));
#1598=CARTESIAN_POINT('',(-0.258979834261182,0.812,-0.544499999956429));
#1599=CARTESIAN_POINT('',(-0.302091230401702,0.812,-0.618494238300251));
#1600=CARTESIAN_POINT('',(-0.332974638260777,0.759794504570678,-0.671500970778754));
#1601=CARTESIAN_POINT('',(-0.332974072615305,0.684998351554639,-0.671499999933227));
#1602=CARTESIAN_POINT('',(-5.33275645864251E-11,0.684998351554667,-0.417500000010671));
#1603=CARTESIAN_POINT('',(-5.33273425418201E-11,0.759794504570694,-0.417499029165249));
#1604=CARTESIAN_POINT('',(-6.22453200094242E-11,0.812,-0.470505761648911));
#1605=CARTESIAN_POINT('',(-7.46938066953362E-11,0.812,-0.54449999999998));
#1606=CARTESIAN_POINT('',(-8.71425154258532E-11,0.812,-0.618494238351063));
#1607=CARTESIAN_POINT('',(-9.60602708488523E-11,0.759794504570678,-0.671500970834727));
#1608=CARTESIAN_POINT('',(-9.60602708488523E-11,0.684998351554641,-0.671499999989289));
#1609=CARTESIAN_POINT('',(0.184985595855478,0.684998351554665,-0.417500000041795));
#1610=CARTESIAN_POINT('',(0.18498503021005,0.759794504570693,-0.417499029196377));
#1611=CARTESIAN_POINT('',(0.215868438060477,0.812,-0.470505761685202));
#1612=CARTESIAN_POINT('',(0.258979834188837,0.812,-0.544500000043531));
#1613=CARTESIAN_POINT('',(0.302091230317287,0.812,-0.618494238401873));
#1614=CARTESIAN_POINT('',(0.33297463816772,0.759794504570678,-0.671500970890787));
#1615=CARTESIAN_POINT('',(0.332974072522289,0.684998351554639,-0.671500000045275));
#1616=CARTESIAN_POINT('',(0.317502427098332,0.684998351554665,-0.286986261457631));
#1617=CARTESIAN_POINT('',(0.317501456245504,0.759794504570694,-0.286985689694618));
#1618=CARTESIAN_POINT('',(0.370508593932254,0.812,-0.318203109344598));
#1619=CARTESIAN_POINT('',(0.444503397922704,0.812,-0.361780766031805));
#1620=CARTESIAN_POINT('',(0.518498201913175,0.812,-0.405358422719108));
#1621=CARTESIAN_POINT('',(0.571505339599928,0.759794504570678,-0.4365758423691));
#1622=CARTESIAN_POINT('',(0.571504368747003,0.684998351554639,-0.436575270606072));
#1623=CARTESIAN_POINT('',(0.317499999984026,0.684998351554667,-0.0999958788853574));
#1624=CARTESIAN_POINT('',(0.317499029138561,0.759794504570693,-0.0999958788979574));
#1625=CARTESIAN_POINT('',(0.370505761617795,0.812,-0.0999951908764738));
#1626=CARTESIAN_POINT('',(0.444499999962678,0.812,-0.0999942304395019));
#1627=CARTESIAN_POINT('',(0.518494238307489,0.812,-0.099993270002535));
#1628=CARTESIAN_POINT('',(0.571500970786721,0.759794504570678,-0.0999925819810523));
#1629=CARTESIAN_POINT('',(0.571499999941232,0.684998351554641,-0.0999925819936556));
#1636=EDGE_LOOP('',(#2574,#2575,#2576,#2577));
#1638=CARTESIAN_POINT('',(-0.317498427162654,0.687104812836236,-0.0990006255961005));
#1639=CARTESIAN_POINT('',(-0.317498427162654,0.516368270945382,-0.0990006255961005));
#1640=CARTESIAN_POINT('',(-0.317498427162654,0.345631729054618,-0.0990006255961005));
#1641=CARTESIAN_POINT('',(-0.317498427162654,0.174895187163764,-0.0990006255961005));
#1642=CARTESIAN_POINT('',(-0.318088320641912,0.687104812836236,-0.286408118857503));
#1643=CARTESIAN_POINT('',(-0.318088320641912,0.516368270945382,-0.286408118857503));
#1644=CARTESIAN_POINT('',(-0.318088320641912,0.345631729054618,-0.286408118857503));
#1645=CARTESIAN_POINT('',(-0.318088320641912,0.174895187163764,-0.286408118857503));
#1646=CARTESIAN_POINT('',(-0.185492958019846,0.687104812836236,-0.41749999999998));
#1647=CARTESIAN_POINT('',(-0.185492958019846,0.516368270945382,-0.41749999999998));
#1648=CARTESIAN_POINT('',(-0.185492958019846,0.345631729054618,-0.41749999999998));
#1649=CARTESIAN_POINT('',(-0.185492958019846,0.174895187163764,-0.41749999999998));
#1650=CARTESIAN_POINT('',(8.81517081552374E-14,0.687104812836236,-0.41749999999998));
#1651=CARTESIAN_POINT('',(8.81517081552374E-14,0.516368270945382,-0.41749999999998));
#1652=CARTESIAN_POINT('',(8.81517081552374E-14,0.345631729054618,-0.41749999999998));
#1653=CARTESIAN_POINT('',(8.81517081552374E-14,0.174895187163764,-0.41749999999998));
#1654=CARTESIAN_POINT('',(0.185492958021096,0.687104812836236,-0.41749999999998));
#1655=CARTESIAN_POINT('',(0.185492958021096,0.516368270945382,-0.41749999999998));
#1656=CARTESIAN_POINT('',(0.185492958021096,0.345631729054618,-0.41749999999998));
#1657=CARTESIAN_POINT('',(0.185492958021096,0.174895187163764,-0.41749999999998));
#1658=CARTESIAN_POINT('',(0.318088320643326,0.687104812836236,-0.28640811885628));
#1659=CARTESIAN_POINT('',(0.318088320643326,0.516368270945382,-0.28640811885628));
#1660=CARTESIAN_POINT('',(0.318088320643326,0.345631729054618,-0.28640811885628));
#1661=CARTESIAN_POINT('',(0.318088320643326,0.174895187163764,-0.28640811885628));
#1662=CARTESIAN_POINT('',(0.317498427162824,0.687104812836236,-0.0990006255939975));
#1663=CARTESIAN_POINT('',(0.317498427162824,0.516368270945382,-0.0990006255939975));
#1664=CARTESIAN_POINT('',(0.317498427162824,0.345631729054618,-0.0990006255939975));
#1665=CARTESIAN_POINT('',(0.317498427162824,0.174895187163764,-0.0990006255939975));
#1672=EDGE_LOOP('',(#2578,#2579,#2580,#2581));
#1673=CARTESIAN_POINT('',(1.4992928932189,-0.00100000000000008,-1.90070710678117));
#1674=CARTESIAN_POINT('',(1.80070710678127,-0.00100000000000008,-1.59929289321879));
#1675=CARTESIAN_POINT('',(1.4992928932189,0.636,-1.90070710678117));
#1676=CARTESIAN_POINT('',(1.80070710678127,0.636,-1.59929289321879));
#1677=EDGE_LOOP('',(#2582,#2583,#2584,#2585,#2586,#2587));
#1678=CARTESIAN_POINT('',(1.80000000000009,-0.001,1.90100000000002));
#1679=CARTESIAN_POINT('',(1.80000000000009,0.636,1.90100000000002));
#1680=CARTESIAN_POINT('',(1.80000000000009,-0.001,-1.60099999999998));
#1681=CARTESIAN_POINT('',(1.80000000000009,0.636,-1.60099999999998));
#1682=EDGE_LOOP('',(#2588,#2589,#2590,#2591,#2592,#2593,#2594,#2595,#2596,#2597,#2598,#2599,#2600,#2601,#2602));
#1683=CARTESIAN_POINT('',(1.35000000000009,-0.01878,1.91370000000002));
#1684=CARTESIAN_POINT('',(1.35000000000009,0.6487,1.91370000000002));
#1685=CARTESIAN_POINT('',(1.35000000000009,-0.01878,0.84035981625942));
#1686=CARTESIAN_POINT('',(1.35000000000009,0.6487,0.840359816259419));
#1687=EDGE_LOOP('',(#2603,#2604,#2605,#2606));
#1688=CARTESIAN_POINT('',(-1.35099999999991,0.635,1.87560000000002));
#1689=CARTESIAN_POINT('',(-1.35099999999991,0.635,1.84900000000002));
#1690=CARTESIAN_POINT('',(-0.398999999999912,0.635,1.87560000000002));
#1691=CARTESIAN_POINT('',(-0.398999999999912,0.635,1.84900000000002));
#1692=EDGE_LOOP('',(#2607,#2608,#2609,#2610));
#1693=CARTESIAN_POINT('',(0.399000000000088,0.635,1.87560000000002));
#1694=CARTESIAN_POINT('',(0.399000000000088,0.635,1.84900000000002));
#1695=CARTESIAN_POINT('',(1.35100000000009,0.635,1.87560000000002));
#1696=CARTESIAN_POINT('',(1.35100000000009,0.635,1.84900000000002));
#1697=EDGE_LOOP('',(#2611,#2612,#2613,#2614));
#1699=CARTESIAN_POINT('',(-1.36899999999991,0.634980639474104,1.87360846589372));
#1700=CARTESIAN_POINT('',(-1.03966666666691,0.634980639474104,1.87360846589372));
#1701=CARTESIAN_POINT('',(-0.710333333333212,0.634980639474104,1.87360846589372));
#1702=CARTESIAN_POINT('',(-0.380999999999912,0.634980639474104,1.87360846589372));
#1703=CARTESIAN_POINT('',(-1.36899999999991,0.635598092736736,1.88941362937754));
#1704=CARTESIAN_POINT('',(-1.03966666666691,0.635598092736736,1.88941362937754));
#1705=CARTESIAN_POINT('',(-0.710333333333212,0.635598092736736,1.88941362937754));
#1706=CARTESIAN_POINT('',(-0.380999999999912,0.635598092736736,1.88941362937754));
#1707=CARTESIAN_POINT('',(-1.36899999999991,0.624413629377363,1.90059809273688));
#1708=CARTESIAN_POINT('',(-1.03966666666691,0.624413629377363,1.90059809273688));
#1709=CARTESIAN_POINT('',(-0.710333333333212,0.624413629377363,1.90059809273688));
#1710=CARTESIAN_POINT('',(-0.380999999999912,0.624413629377363,1.90059809273688));
#1711=CARTESIAN_POINT('',(-1.36899999999991,0.608608465893706,1.89998063947402));
#1712=CARTESIAN_POINT('',(-1.03966666666691,0.608608465893706,1.89998063947402));
#1713=CARTESIAN_POINT('',(-0.710333333333212,0.608608465893706,1.89998063947402));
#1714=CARTESIAN_POINT('',(-0.380999999999912,0.608608465893706,1.89998063947402));
#1721=EDGE_LOOP('',(#2615,#2616,#2617,#2618,#2619,#2620,#2621,#2622,#2623,#2624,#2625,#2626,#2627,#2628,#2629));
#1722=CARTESIAN_POINT('',(-0.399999999999912,-0.01878,1.09900000000002));
#1723=CARTESIAN_POINT('',(-0.399999999999912,0.6487,1.09900000000002));
#1724=CARTESIAN_POINT('',(-0.399999999999912,-0.01878,1.91370000000002));
#1725=CARTESIAN_POINT('',(-0.399999999999912,0.6487,1.91370000000002));
#1726=EDGE_LOOP('',(#2630,#2631,#2632,#2633));
#1728=CARTESIAN_POINT('',(-1.36899999999991,0.0213115341062943,1.89998063947402));
#1729=CARTESIAN_POINT('',(-1.03966666666691,0.0213115341062943,1.89998063947402));
#1730=CARTESIAN_POINT('',(-0.710333333333212,0.0213115341062943,1.89998063947402));
#1731=CARTESIAN_POINT('',(-0.380999999999912,0.0213115341062943,1.89998063947402));
#1732=CARTESIAN_POINT('',(-1.36899999999991,0.00550637062265108,1.90059809273688));
#1733=CARTESIAN_POINT('',(-1.03966666666691,0.00550637062265108,1.90059809273688));
#1734=CARTESIAN_POINT('',(-0.710333333333212,0.00550637062265108,1.90059809273688));
#1735=CARTESIAN_POINT('',(-0.380999999999912,0.00550637062265108,1.90059809273688));
#1736=CARTESIAN_POINT('',(-1.36899999999991,-0.0056780927367455,1.88941362937754));
#1737=CARTESIAN_POINT('',(-1.03966666666691,-0.0056780927367455,1.88941362937754));
#1738=CARTESIAN_POINT('',(-0.710333333333212,-0.0056780927367455,1.88941362937754));
#1739=CARTESIAN_POINT('',(-0.380999999999912,-0.0056780927367455,1.88941362937754));
#1740=CARTESIAN_POINT('',(-1.36899999999991,-0.0050606394741339,1.87360846589373));
#1741=CARTESIAN_POINT('',(-1.03966666666691,-0.0050606394741339,1.87360846589373));
#1742=CARTESIAN_POINT('',(-0.710333333333212,-0.0050606394741339,1.87360846589373));
#1743=CARTESIAN_POINT('',(-0.380999999999912,-0.0050606394741339,1.87360846589373));
#1750=EDGE_LOOP('',(#2634,#2635,#2636,#2637,#2638));
#1751=CARTESIAN_POINT('',(-0.398999999999912,-0.00508,1.11170000000002));
#1752=CARTESIAN_POINT('',(-1.35099999999991,-0.00508,1.11170000000002));
#1753=CARTESIAN_POINT('',(-0.398999999999912,-0.00508,1.87560000000002));
#1754=CARTESIAN_POINT('',(-1.35099999999991,-0.00508,1.87560000000002));
#1755=EDGE_LOOP('',(#2639,#2640,#2641,#2642));
#1756=CARTESIAN_POINT('',(-0.598999999999912,-0.01878,1.11270000000002));
#1757=CARTESIAN_POINT('',(-1.35099999999991,-0.01878,1.11270000000002));
#1758=CARTESIAN_POINT('',(-0.598999999999912,-0.00408,1.11270000000002));
#1759=CARTESIAN_POINT('',(-1.35099999999991,-0.00408,1.11270000000002));
#1760=EDGE_LOOP('',(#2643,#2644,#2645,#2646));
#1761=CARTESIAN_POINT('',(-0.399292893218821,-0.01878,1.3134071067813));
#1762=CARTESIAN_POINT('',(-0.600707106781002,-0.01878,1.11199289321874));
#1763=CARTESIAN_POINT('',(-0.399292893218821,-0.00408,1.3134071067813));
#1764=CARTESIAN_POINT('',(-0.600707106781002,-0.00408,1.11199289321874));
#1765=EDGE_LOOP('',(#2647,#2648,#2649,#2650,#2651));
#1766=CARTESIAN_POINT('',(-0.398999999999912,-0.01778,1.87560000000002));
#1767=CARTESIAN_POINT('',(-1.35099999999991,-0.01778,1.87560000000002));
#1768=CARTESIAN_POINT('',(-0.398999999999912,-0.01778,1.11170000000002));
#1769=CARTESIAN_POINT('',(-1.35099999999991,-0.01778,1.11170000000002));
#1770=EDGE_LOOP('',(#2652,#2653,#2654,#2655));
#1772=CARTESIAN_POINT('',(-0.385195993055173,-0.0177670203705832,1.8736055759));
#1773=CARTESIAN_POINT('',(-0.711731997684963,-0.0177670203705832,1.8736055759));
#1774=CARTESIAN_POINT('',(-1.03826800231514,-0.0177670203705832,1.8736055759));
#1775=CARTESIAN_POINT('',(-1.36480400694464,-0.0177670203705832,1.8736055759));
#1776=CARTESIAN_POINT('',(-0.385195993055173,-0.0183739466263734,1.89685120386549));
#1777=CARTESIAN_POINT('',(-0.711731997684963,-0.0183739466263734,1.89685120386549));
#1778=CARTESIAN_POINT('',(-1.03826800231514,-0.0183739466263734,1.89685120386549));
#1779=CARTESIAN_POINT('',(-1.36480400694464,-0.0183739466263734,1.89685120386549));
#1780=CARTESIAN_POINT('',(-0.385195993055173,-0.00193120386556825,1.91329394662662));
#1781=CARTESIAN_POINT('',(-0.711731997684963,-0.00193120386556825,1.91329394662662));
#1782=CARTESIAN_POINT('',(-1.03826800231514,-0.00193120386556825,1.91329394662662));
#1783=CARTESIAN_POINT('',(-1.36480400694464,-0.00193120386556825,1.91329394662662));
#1784=CARTESIAN_POINT('',(-0.385195993055173,0.0213144241000211,1.91268702037104));
#1785=CARTESIAN_POINT('',(-0.711731997684963,0.0213144241000211,1.91268702037104));
#1786=CARTESIAN_POINT('',(-1.03826800231514,0.0213144241000211,1.91268702037104));
#1787=CARTESIAN_POINT('',(-1.36480400694464,0.0213144241000211,1.91268702037104));
#1794=EDGE_LOOP('',(#2656,#2657,#2658,#2659));
#1795=CARTESIAN_POINT('',(-0.398999999999912,0.6106,1.91270000000002));
#1796=CARTESIAN_POINT('',(-1.35099999999991,0.6106,1.91270000000002));
#1797=CARTESIAN_POINT('',(-0.398999999999912,0.0193199999999999,1.91270000000002));
#1798=CARTESIAN_POINT('',(-1.35099999999991,0.01932,1.91270000000002));
#1799=EDGE_LOOP('',(#2660,#2661,#2662,#2663));
#1801=CARTESIAN_POINT('',(-0.385195993055174,0.608605575899979,1.91268702037104));
#1802=CARTESIAN_POINT('',(-0.711731997684964,0.608605575899979,1.91268702037104));
#1803=CARTESIAN_POINT('',(-1.03826800231514,0.608605575899979,1.91268702037104));
#1804=CARTESIAN_POINT('',(-1.36480400694464,0.608605575899979,1.91268702037104));
#1805=CARTESIAN_POINT('',(-0.385195993055174,0.631851203865599,1.9132939466266));
#1806=CARTESIAN_POINT('',(-0.711731997684964,0.631851203865599,1.9132939466266));
#1807=CARTESIAN_POINT('',(-1.03826800231514,0.631851203865599,1.9132939466266));
#1808=CARTESIAN_POINT('',(-1.36480400694464,0.631851203865599,1.9132939466266));
#1809=CARTESIAN_POINT('',(-0.385195993055174,0.648293946626399,1.89685120386548));
#1810=CARTESIAN_POINT('',(-0.711731997684964,0.648293946626399,1.89685120386548));
#1811=CARTESIAN_POINT('',(-1.03826800231514,0.648293946626399,1.89685120386548));
#1812=CARTESIAN_POINT('',(-1.36480400694464,0.648293946626399,1.89685120386548));
#1813=CARTESIAN_POINT('',(-0.385195993055174,0.647687020370589,1.8736055759));
#1814=CARTESIAN_POINT('',(-0.711731997684964,0.647687020370589,1.8736055759));
#1815=CARTESIAN_POINT('',(-1.03826800231514,0.647687020370588,1.8736055759));
#1816=CARTESIAN_POINT('',(-1.36480400694464,0.647687020370588,1.8736055759));
#1823=EDGE_LOOP('',(#2664,#2665,#2666,#2667,#2668));
#1824=CARTESIAN_POINT('',(0.399000000000088,0.6477,1.87560000000002));
#1825=CARTESIAN_POINT('',(0.399000000000088,0.6477,0.63971712182682));
#1826=CARTESIAN_POINT('',(1.35100000000009,0.6477,1.87560000000002));
#1827=CARTESIAN_POINT('',(1.35100000000009,0.6477,0.63971712182682));
#1828=EDGE_LOOP('',(#2669,#2670,#2671,#2672,#2673));
#1829=CARTESIAN_POINT('',(-1.35099999999991,0.6477,1.87560000000002));
#1830=CARTESIAN_POINT('',(-1.35099999999991,0.6477,0.639717121826835));
#1831=CARTESIAN_POINT('',(-0.398999999999912,0.6477,1.87560000000002));
#1832=CARTESIAN_POINT('',(-0.398999999999912,0.6477,0.639717121826835));
#1833=EDGE_LOOP('',(#2674,#2675,#2676,#2677));
#1835=CARTESIAN_POINT('',(1.36480400694481,0.608605575899979,1.91268702037104));
#1836=CARTESIAN_POINT('',(1.03826800231532,0.608605575899979,1.91268702037104));
#1837=CARTESIAN_POINT('',(0.71173199768514,0.608605575899979,1.91268702037104));
#1838=CARTESIAN_POINT('',(0.38519599305535,0.608605575899979,1.91268702037104));
#1839=CARTESIAN_POINT('',(1.36480400694481,0.631851203865599,1.9132939466266));
#1840=CARTESIAN_POINT('',(1.03826800231532,0.631851203865599,1.9132939466266));
#1841=CARTESIAN_POINT('',(0.71173199768514,0.631851203865599,1.9132939466266));
#1842=CARTESIAN_POINT('',(0.38519599305535,0.631851203865599,1.9132939466266));
#1843=CARTESIAN_POINT('',(1.36480400694481,0.648293946626399,1.89685120386548));
#1844=CARTESIAN_POINT('',(1.03826800231532,0.648293946626399,1.89685120386548));
#1845=CARTESIAN_POINT('',(0.71173199768514,0.648293946626399,1.89685120386548));
#1846=CARTESIAN_POINT('',(0.38519599305535,0.648293946626399,1.89685120386548));
#1847=CARTESIAN_POINT('',(1.36480400694481,0.647687020370588,1.8736055759));
#1848=CARTESIAN_POINT('',(1.03826800231532,0.647687020370588,1.8736055759));
#1849=CARTESIAN_POINT('',(0.71173199768514,0.647687020370588,1.8736055759));
#1850=CARTESIAN_POINT('',(0.38519599305535,0.647687020370588,1.8736055759));
#1857=EDGE_LOOP('',(#2678,#2679,#2680,#2681));
#1858=CARTESIAN_POINT('',(0.399000000000088,0.6106,1.91270000000002));
#1859=CARTESIAN_POINT('',(1.35100000000009,0.6106,1.91270000000002));
#1860=CARTESIAN_POINT('',(0.399000000000088,0.0193199999999999,1.91270000000002));
#1861=CARTESIAN_POINT('',(1.35100000000009,0.01932,1.91270000000002));
#1862=EDGE_LOOP('',(#2682,#2683,#2684,#2685));
#1864=CARTESIAN_POINT('',(1.36480400694481,-0.0177670203705832,1.8736055759));
#1865=CARTESIAN_POINT('',(1.03826800231532,-0.0177670203705832,1.8736055759));
#1866=CARTESIAN_POINT('',(0.71173199768514,-0.0177670203705832,1.8736055759));
#1867=CARTESIAN_POINT('',(0.385195993055351,-0.0177670203705832,1.8736055759));
#1868=CARTESIAN_POINT('',(1.36480400694481,-0.0183739466263735,1.89685120386549));
#1869=CARTESIAN_POINT('',(1.03826800231532,-0.0183739466263735,1.89685120386549));
#1870=CARTESIAN_POINT('',(0.71173199768514,-0.0183739466263735,1.89685120386549));
#1871=CARTESIAN_POINT('',(0.385195993055351,-0.0183739466263735,1.89685120386549));
#1872=CARTESIAN_POINT('',(1.36480400694481,-0.00193120386556839,1.91329394662662));
#1873=CARTESIAN_POINT('',(1.03826800231532,-0.00193120386556839,1.91329394662662));
#1874=CARTESIAN_POINT('',(0.71173199768514,-0.00193120386556839,1.91329394662662));
#1875=CARTESIAN_POINT('',(0.385195993055351,-0.00193120386556839,1.91329394662662));
#1876=CARTESIAN_POINT('',(1.36480400694481,0.0213144241000211,1.91268702037104));
#1877=CARTESIAN_POINT('',(1.03826800231532,0.0213144241000211,1.91268702037104));
#1878=CARTESIAN_POINT('',(0.71173199768514,0.0213144241000211,1.91268702037104));
#1879=CARTESIAN_POINT('',(0.385195993055351,0.0213144241000211,1.91268702037104));
#1886=EDGE_LOOP('',(#2686,#2687,#2688,#2689,#2690));
#1887=CARTESIAN_POINT('',(0.399000000000088,-0.01778,1.87560000000002));
#1888=CARTESIAN_POINT('',(1.35100000000009,-0.01778,1.87560000000002));
#1889=CARTESIAN_POINT('',(0.399000000000088,-0.01778,1.01170000000002));
#1890=CARTESIAN_POINT('',(1.35100000000009,-0.01778,1.01170000000002));
#1891=EDGE_LOOP('',(#2691,#2692,#2693,#2694));
#1892=CARTESIAN_POINT('',(0.599000000000088,-0.01878,1.01270000000002));
#1893=CARTESIAN_POINT('',(1.35100000000009,-0.01878,1.01270000000002));
#1894=CARTESIAN_POINT('',(0.599000000000088,-0.00408,1.01270000000002));
#1895=CARTESIAN_POINT('',(1.35100000000009,-0.00408,1.01270000000002));
#1896=EDGE_LOOP('',(#2695,#2696,#2697,#2698));
#1897=CARTESIAN_POINT('',(0.399292893218998,-0.01878,1.2134071067813));
#1898=CARTESIAN_POINT('',(0.600707106781179,-0.01878,1.01199289321874));
#1899=CARTESIAN_POINT('',(0.399292893218998,-0.00408,1.2134071067813));
#1900=CARTESIAN_POINT('',(0.600707106781179,-0.00408,1.01199289321874));
#1901=EDGE_LOOP('',(#2699,#2700,#2701,#2702,#2703,#2704,#2705,#2706,#2707,#2708,#2709,#2710,#2711,#2712,#2713));
#1902=CARTESIAN_POINT('',(0.400000000000088,-0.01878,1.91370000000002));
#1903=CARTESIAN_POINT('',(0.400000000000088,0.6487,1.91370000000002));
#1904=CARTESIAN_POINT('',(0.400000000000088,-0.01878,1.09900000000002));
#1905=CARTESIAN_POINT('',(0.400000000000088,0.6487,1.09900000000002));
#1906=EDGE_LOOP('',(#2714,#2715,#2716,#2717));
#1908=CARTESIAN_POINT('',(0.399117466624195,0.633420560299637,1.10047001794544));
#1909=CARTESIAN_POINT('',(0.399117466624195,0.638706853433205,1.10047001794544));
#1910=CARTESIAN_POINT('',(0.399117466624195,0.643993146566795,1.10047001794544));
#1911=CARTESIAN_POINT('',(0.399117466624195,0.649279439700363,1.10047001794544));
#1912=CARTESIAN_POINT('',(0.587012041328979,0.633420560299637,1.00054329888219));
#1913=CARTESIAN_POINT('',(0.587012041328979,0.638706853433205,1.00054329888219));
#1914=CARTESIAN_POINT('',(0.587012041328979,0.643993146566795,1.00054329888219));
#1915=CARTESIAN_POINT('',(0.587012041328979,0.649279439700363,1.00054329888219));
#1916=CARTESIAN_POINT('',(0.726528840662846,0.633420560299637,0.83984238696901));
#1917=CARTESIAN_POINT('',(0.726528840662846,0.638706853433205,0.83984238696901));
#1918=CARTESIAN_POINT('',(0.726528840662846,0.643993146566795,0.83984238696901));
#1919=CARTESIAN_POINT('',(0.726528840662846,0.649279439700363,0.83984238696901));
#1920=CARTESIAN_POINT('',(0.799080157835042,0.633420560299637,0.63977733064274));
#1921=CARTESIAN_POINT('',(0.799080157835042,0.638706853433205,0.63977733064274));
#1922=CARTESIAN_POINT('',(0.799080157835042,0.643993146566795,0.63977733064274));
#1923=CARTESIAN_POINT('',(0.799080157835042,0.649279439700363,0.63977733064274));
#1930=EDGE_LOOP('',(#2718,#2719,#2720,#2721));
#1931=CARTESIAN_POINT('',(0.797799035047289,0.634,0.640375101683523));
#1932=CARTESIAN_POINT('',(0.797799035047289,0.6487,0.640375101683523));
#1933=CARTESIAN_POINT('',(1.35093969262093,0.634,0.841701836402588));
#1934=CARTESIAN_POINT('',(1.35093969262093,0.6487,0.841701836402589));
#1935=EDGE_LOOP('',(#2722,#2723,#2724,#2725,#2726));
#1936=CARTESIAN_POINT('',(0.399000000000088,-0.00508,1.01170000000002));
#1937=CARTESIAN_POINT('',(1.35100000000009,-0.00508,1.01170000000002));
#1938=CARTESIAN_POINT('',(0.399000000000088,-0.00508,1.87560000000002));
#1939=CARTESIAN_POINT('',(1.35100000000009,-0.00508,1.87560000000002));
#1940=EDGE_LOOP('',(#2727,#2728,#2729,#2730));
#1942=CARTESIAN_POINT('',(0.381000000000088,0.0213115341062944,1.89998063947402));
#1943=CARTESIAN_POINT('',(0.710333333333388,0.0213115341062944,1.89998063947402));
#1944=CARTESIAN_POINT('',(1.03966666666709,0.0213115341062944,1.89998063947402));
#1945=CARTESIAN_POINT('',(1.36900000000009,0.0213115341062944,1.89998063947402));
#1946=CARTESIAN_POINT('',(0.381000000000088,0.00550637062265078,1.90059809273688));
#1947=CARTESIAN_POINT('',(0.710333333333388,0.00550637062265078,1.90059809273688));
#1948=CARTESIAN_POINT('',(1.03966666666709,0.00550637062265078,1.90059809273688));
#1949=CARTESIAN_POINT('',(1.36900000000009,0.00550637062265078,1.90059809273688));
#1950=CARTESIAN_POINT('',(0.381000000000088,-0.00567809273674584,1.88941362937754));
#1951=CARTESIAN_POINT('',(0.710333333333388,-0.00567809273674584,1.88941362937754));
#1952=CARTESIAN_POINT('',(1.03966666666709,-0.00567809273674584,1.88941362937754));
#1953=CARTESIAN_POINT('',(1.36900000000009,-0.00567809273674584,1.88941362937754));
#1954=CARTESIAN_POINT('',(0.381000000000088,-0.00506063947413388,1.87360846589372));
#1955=CARTESIAN_POINT('',(0.710333333333388,-0.00506063947413388,1.87360846589372));
#1956=CARTESIAN_POINT('',(1.03966666666709,-0.00506063947413388,1.87360846589372));
#1957=CARTESIAN_POINT('',(1.36900000000009,-0.00506063947413388,1.87360846589372));
#1964=EDGE_LOOP('',(#2731,#2732,#2733,#2734));
#1965=CARTESIAN_POINT('',(0.399000000000088,0.584,1.90000000000002));
#1966=CARTESIAN_POINT('',(1.35100000000009,0.584,1.90000000000002));
#1967=CARTESIAN_POINT('',(0.399000000000088,0.6106,1.90000000000002));
#1968=CARTESIAN_POINT('',(1.35100000000009,0.6106,1.90000000000002));
#1969=EDGE_LOOP('',(#2735,#2736,#2737,#2738));
#1970=CARTESIAN_POINT('',(0.399000000000088,0.01932,1.90000000000002));
#1971=CARTESIAN_POINT('',(1.35100000000009,0.01932,1.90000000000002));
#1972=CARTESIAN_POINT('',(0.399000000000088,0.051,1.90000000000002));
#1973=CARTESIAN_POINT('',(1.35100000000009,0.051,1.90000000000002));
#1974=EDGE_LOOP('',(#2739,#2740,#2741,#2742));
#1976=CARTESIAN_POINT('',(0.381000000000088,0.634980639474104,1.87360846589372));
#1977=CARTESIAN_POINT('',(0.710333333333388,0.634980639474104,1.87360846589372));
#1978=CARTESIAN_POINT('',(1.03966666666709,0.634980639474104,1.87360846589372));
#1979=CARTESIAN_POINT('',(1.36900000000009,0.634980639474104,1.87360846589372));
#1980=CARTESIAN_POINT('',(0.381000000000088,0.635598092736736,1.88941362937754));
#1981=CARTESIAN_POINT('',(0.710333333333388,0.635598092736736,1.88941362937754));
#1982=CARTESIAN_POINT('',(1.03966666666709,0.635598092736736,1.88941362937754));
#1983=CARTESIAN_POINT('',(1.36900000000009,0.635598092736736,1.88941362937754));
#1984=CARTESIAN_POINT('',(0.381000000000088,0.624413629377363,1.90059809273688));
#1985=CARTESIAN_POINT('',(0.710333333333388,0.624413629377363,1.90059809273688));
#1986=CARTESIAN_POINT('',(1.03966666666709,0.624413629377363,1.90059809273688));
#1987=CARTESIAN_POINT('',(1.36900000000009,0.624413629377363,1.90059809273688));
#1988=CARTESIAN_POINT('',(0.381000000000088,0.608608465893705,1.89998063947402));
#1989=CARTESIAN_POINT('',(0.710333333333388,0.608608465893705,1.89998063947402));
#1990=CARTESIAN_POINT('',(1.03966666666709,0.608608465893705,1.89998063947402));
#1991=CARTESIAN_POINT('',(1.36900000000009,0.608608465893705,1.89998063947402));
#1998=EDGE_LOOP('',(#2743,#2744,#2745,#2746));
#1999=CARTESIAN_POINT('',(-1.35093969262076,0.634,0.841701836402589));
#2000=CARTESIAN_POINT('',(-1.35093969262076,0.6487,0.841701836402589));
#2001=CARTESIAN_POINT('',(-0.797799035047112,0.634,0.640375101683523));
#2002=CARTESIAN_POINT('',(-0.797799035047112,0.6487,0.640375101683523));
#2003=EDGE_LOOP('',(#2747,#2748,#2749,#2750));
#2005=CARTESIAN_POINT('',(-0.799080157834866,0.633420560299637,0.63977733064274));
#2006=CARTESIAN_POINT('',(-0.799080157834866,0.638706853433205,0.63977733064274));
#2007=CARTESIAN_POINT('',(-0.799080157834866,0.643993146566795,0.63977733064274));
#2008=CARTESIAN_POINT('',(-0.799080157834866,0.649279439700363,0.63977733064274));
#2009=CARTESIAN_POINT('',(-0.726528840662669,0.633420560299638,0.83984238696901));
#2010=CARTESIAN_POINT('',(-0.726528840662669,0.638706853433205,0.83984238696901));
#2011=CARTESIAN_POINT('',(-0.726528840662669,0.643993146566795,0.83984238696901));
#2012=CARTESIAN_POINT('',(-0.726528840662669,0.649279439700363,0.83984238696901));
#2013=CARTESIAN_POINT('',(-0.587012041328803,0.633420560299638,1.00054329888219));
#2014=CARTESIAN_POINT('',(-0.587012041328803,0.638706853433205,1.00054329888219));
#2015=CARTESIAN_POINT('',(-0.587012041328803,0.643993146566795,1.00054329888219));
#2016=CARTESIAN_POINT('',(-0.587012041328803,0.649279439700363,1.00054329888219));
#2017=CARTESIAN_POINT('',(-0.399117466624019,0.633420560299637,1.10047001794544));
#2018=CARTESIAN_POINT('',(-0.399117466624019,0.638706853433205,1.10047001794544));
#2019=CARTESIAN_POINT('',(-0.399117466624019,0.643993146566795,1.10047001794544));
#2020=CARTESIAN_POINT('',(-0.399117466624019,0.649279439700363,1.10047001794544));
#2027=ORIENTED_EDGE('',*,*,#2751,.F.);
#2028=ORIENTED_EDGE('',*,*,#2752,.T.);
#2029=ORIENTED_EDGE('',*,*,#2753,.F.);
#2030=ORIENTED_EDGE('',*,*,#2754,.T.);
#2031=ORIENTED_EDGE('',*,*,#2755,.F.);
#2032=ORIENTED_EDGE('',*,*,#2756,.F.);
#2033=ORIENTED_EDGE('',*,*,#2757,.F.);
#2034=ORIENTED_EDGE('',*,*,#2758,.T.);
#2035=ORIENTED_EDGE('',*,*,#2759,.F.);
#2036=ORIENTED_EDGE('',*,*,#2760,.T.);
#2037=ORIENTED_EDGE('',*,*,#2761,.T.);
#2038=ORIENTED_EDGE('',*,*,#2762,.F.);
#2039=ORIENTED_EDGE('',*,*,#2760,.F.);
#2040=ORIENTED_EDGE('',*,*,#2763,.F.);
#2041=ORIENTED_EDGE('',*,*,#2764,.T.);
#2042=ORIENTED_EDGE('',*,*,#2765,.T.);
#2043=ORIENTED_EDGE('',*,*,#2766,.T.);
#2044=ORIENTED_EDGE('',*,*,#2767,.T.);
#2045=ORIENTED_EDGE('',*,*,#2768,.T.);
#2046=ORIENTED_EDGE('',*,*,#2769,.T.);
#2047=ORIENTED_EDGE('',*,*,#2770,.F.);
#2048=ORIENTED_EDGE('',*,*,#2771,.F.);
#2049=ORIENTED_EDGE('',*,*,#2772,.F.);
#2050=ORIENTED_EDGE('',*,*,#2773,.F.);
#2051=ORIENTED_EDGE('',*,*,#2774,.T.);
#2052=ORIENTED_EDGE('',*,*,#2767,.F.);
#2053=ORIENTED_EDGE('',*,*,#2775,.T.);
#2054=ORIENTED_EDGE('',*,*,#2776,.T.);
#2055=ORIENTED_EDGE('',*,*,#2777,.T.);
#2056=ORIENTED_EDGE('',*,*,#2778,.F.);
#2057=ORIENTED_EDGE('',*,*,#2779,.F.);
#2058=ORIENTED_EDGE('',*,*,#2780,.F.);
#2059=ORIENTED_EDGE('',*,*,#2781,.F.);
#2060=ORIENTED_EDGE('',*,*,#2782,.F.);
#2061=ORIENTED_EDGE('',*,*,#2783,.F.);
#2062=ORIENTED_EDGE('',*,*,#2784,.F.);
#2063=ORIENTED_EDGE('',*,*,#2785,.T.);
#2064=ORIENTED_EDGE('',*,*,#2771,.T.);
#2065=ORIENTED_EDGE('',*,*,#2785,.F.);
#2066=ORIENTED_EDGE('',*,*,#2786,.F.);
#2067=ORIENTED_EDGE('',*,*,#2761,.F.);
#2068=ORIENTED_EDGE('',*,*,#2787,.T.);
#2069=ORIENTED_EDGE('',*,*,#2766,.F.);
#2070=ORIENTED_EDGE('',*,*,#2788,.T.);
#2071=ORIENTED_EDGE('',*,*,#2775,.F.);
#2072=ORIENTED_EDGE('',*,*,#2789,.F.);
#2073=ORIENTED_EDGE('',*,*,#2764,.F.);
#2074=ORIENTED_EDGE('',*,*,#2790,.T.);
#2075=ORIENTED_EDGE('',*,*,#2777,.F.);
#2076=ORIENTED_EDGE('',*,*,#2791,.F.);
#2077=ORIENTED_EDGE('',*,*,#2792,.T.);
#2078=ORIENTED_EDGE('',*,*,#2793,.T.);
#2079=ORIENTED_EDGE('',*,*,#2768,.F.);
#2080=ORIENTED_EDGE('',*,*,#2787,.F.);
#2081=ORIENTED_EDGE('',*,*,#2774,.F.);
#2082=ORIENTED_EDGE('',*,*,#2794,.T.);
#2083=ORIENTED_EDGE('',*,*,#2795,.F.);
#2084=ORIENTED_EDGE('',*,*,#2796,.F.);
#2085=ORIENTED_EDGE('',*,*,#2797,.F.);
#2086=ORIENTED_EDGE('',*,*,#2798,.T.);
#2087=ORIENTED_EDGE('',*,*,#2799,.F.);
#2088=ORIENTED_EDGE('',*,*,#2800,.T.);
#2089=ORIENTED_EDGE('',*,*,#2801,.T.);
#2090=ORIENTED_EDGE('',*,*,#2802,.F.);
#2091=ORIENTED_EDGE('',*,*,#2803,.F.);
#2092=ORIENTED_EDGE('',*,*,#2804,.T.);
#2093=ORIENTED_EDGE('',*,*,#2805,.T.);
#2094=ORIENTED_EDGE('',*,*,#2806,.F.);
#2095=ORIENTED_EDGE('',*,*,#2781,.T.);
#2096=ORIENTED_EDGE('',*,*,#2807,.T.);
#2097=ORIENTED_EDGE('',*,*,#2808,.T.);
#2098=ORIENTED_EDGE('',*,*,#2809,.T.);
#2099=ORIENTED_EDGE('',*,*,#2810,.F.);
#2100=ORIENTED_EDGE('',*,*,#2779,.T.);
#2101=ORIENTED_EDGE('',*,*,#2811,.T.);
#2102=ORIENTED_EDGE('',*,*,#2812,.F.);
#2103=ORIENTED_EDGE('',*,*,#2813,.T.);
#2104=ORIENTED_EDGE('',*,*,#2814,.T.);
#2105=ORIENTED_EDGE('',*,*,#2815,.T.);
#2106=ORIENTED_EDGE('',*,*,#2816,.F.);
#2107=ORIENTED_EDGE('',*,*,#2817,.T.);
#2108=ORIENTED_EDGE('',*,*,#2818,.F.);
#2109=ORIENTED_EDGE('',*,*,#2819,.T.);
#2110=ORIENTED_EDGE('',*,*,#2783,.T.);
#2111=ORIENTED_EDGE('',*,*,#2803,.T.);
#2112=ORIENTED_EDGE('',*,*,#2820,.F.);
#2113=ORIENTED_EDGE('',*,*,#2821,.F.);
#2114=ORIENTED_EDGE('',*,*,#2819,.F.);
#2115=ORIENTED_EDGE('',*,*,#2822,.F.);
#2116=ORIENTED_EDGE('',*,*,#2751,.T.);
#2117=ORIENTED_EDGE('',*,*,#2762,.T.);
#2118=ORIENTED_EDGE('',*,*,#2786,.T.);
#2119=ORIENTED_EDGE('',*,*,#2784,.T.);
#2120=ORIENTED_EDGE('',*,*,#2818,.T.);
#2121=ORIENTED_EDGE('',*,*,#2823,.F.);
#2122=ORIENTED_EDGE('',*,*,#2752,.F.);
#2123=ORIENTED_EDGE('',*,*,#2822,.T.);
#2124=ORIENTED_EDGE('',*,*,#2813,.F.);
#2125=ORIENTED_EDGE('',*,*,#2824,.F.);
#2126=ORIENTED_EDGE('',*,*,#2757,.T.);
#2127=ORIENTED_EDGE('',*,*,#2825,.T.);
#2128=ORIENTED_EDGE('',*,*,#2753,.T.);
#2129=ORIENTED_EDGE('',*,*,#2823,.T.);
#2130=ORIENTED_EDGE('',*,*,#2817,.F.);
#2131=ORIENTED_EDGE('',*,*,#2826,.T.);
#2132=ORIENTED_EDGE('',*,*,#2756,.T.);
#2133=ORIENTED_EDGE('',*,*,#2827,.T.);
#2134=ORIENTED_EDGE('',*,*,#2828,.F.);
#2135=ORIENTED_EDGE('',*,*,#2829,.T.);
#2136=ORIENTED_EDGE('',*,*,#2814,.F.);
#2137=ORIENTED_EDGE('',*,*,#2825,.F.);
#2138=ORIENTED_EDGE('',*,*,#2829,.F.);
#2139=ORIENTED_EDGE('',*,*,#2830,.T.);
#2140=ORIENTED_EDGE('',*,*,#2831,.T.);
#2141=ORIENTED_EDGE('',*,*,#2815,.F.);
#2142=ORIENTED_EDGE('',*,*,#2832,.F.);
#2143=ORIENTED_EDGE('',*,*,#2754,.F.);
#2144=ORIENTED_EDGE('',*,*,#2826,.F.);
#2145=ORIENTED_EDGE('',*,*,#2816,.T.);
#2146=ORIENTED_EDGE('',*,*,#2831,.F.);
#2147=ORIENTED_EDGE('',*,*,#2833,.F.);
#2148=ORIENTED_EDGE('',*,*,#2828,.T.);
#2149=ORIENTED_EDGE('',*,*,#2834,.T.);
#2150=ORIENTED_EDGE('',*,*,#2833,.T.);
#2151=ORIENTED_EDGE('',*,*,#2830,.F.);
#2152=ORIENTED_EDGE('',*,*,#2835,.F.);
#2153=ORIENTED_EDGE('',*,*,#2836,.T.);
#2154=ORIENTED_EDGE('',*,*,#2837,.T.);
#2155=ORIENTED_EDGE('',*,*,#2838,.T.);
#2156=ORIENTED_EDGE('',*,*,#2832,.T.);
#2157=ORIENTED_EDGE('',*,*,#2834,.F.);
#2158=ORIENTED_EDGE('',*,*,#2827,.F.);
#2159=ORIENTED_EDGE('',*,*,#2755,.T.);
#2160=ORIENTED_EDGE('',*,*,#2839,.F.);
#2161=ORIENTED_EDGE('',*,*,#2840,.T.);
#2162=ORIENTED_EDGE('',*,*,#2841,.T.);
#2163=ORIENTED_EDGE('',*,*,#2838,.F.);
#2164=ORIENTED_EDGE('',*,*,#2841,.F.);
#2165=ORIENTED_EDGE('',*,*,#2842,.T.);
#2166=ORIENTED_EDGE('',*,*,#2843,.F.);
#2167=ORIENTED_EDGE('',*,*,#2844,.F.);
#2168=ORIENTED_EDGE('',*,*,#2845,.F.);
#2169=ORIENTED_EDGE('',*,*,#2846,.F.);
#2170=ORIENTED_EDGE('',*,*,#2847,.F.);
#2171=ORIENTED_EDGE('',*,*,#2835,.T.);
#2172=ORIENTED_EDGE('',*,*,#2847,.T.);
#2173=ORIENTED_EDGE('',*,*,#2848,.T.);
#2174=ORIENTED_EDGE('',*,*,#2849,.F.);
#2175=ORIENTED_EDGE('',*,*,#2836,.F.);
#2176=ORIENTED_EDGE('',*,*,#2849,.T.);
#2177=ORIENTED_EDGE('',*,*,#2850,.T.);
#2178=ORIENTED_EDGE('',*,*,#2851,.T.);
#2179=ORIENTED_EDGE('',*,*,#2852,.T.);
#2180=ORIENTED_EDGE('',*,*,#2853,.T.);
#2181=ORIENTED_EDGE('',*,*,#2854,.T.);
#2182=ORIENTED_EDGE('',*,*,#2839,.T.);
#2183=ORIENTED_EDGE('',*,*,#2837,.F.);
#2184=ORIENTED_EDGE('',*,*,#2842,.F.);
#2185=ORIENTED_EDGE('',*,*,#2840,.F.);
#2186=ORIENTED_EDGE('',*,*,#2854,.F.);
#2187=ORIENTED_EDGE('',*,*,#2855,.F.);
#2188=ORIENTED_EDGE('',*,*,#2856,.F.);
#2189=ORIENTED_EDGE('',*,*,#2857,.F.);
#2190=ORIENTED_EDGE('',*,*,#2853,.F.);
#2191=ORIENTED_EDGE('',*,*,#2858,.F.);
#2192=ORIENTED_EDGE('',*,*,#2843,.T.);
#2193=ORIENTED_EDGE('',*,*,#2855,.T.);
#2194=ORIENTED_EDGE('',*,*,#2859,.F.);
#2195=ORIENTED_EDGE('',*,*,#2860,.F.);
#2196=ORIENTED_EDGE('',*,*,#2844,.T.);
#2197=ORIENTED_EDGE('',*,*,#2858,.T.);
#2198=ORIENTED_EDGE('',*,*,#2852,.F.);
#2199=ORIENTED_EDGE('',*,*,#2861,.F.);
#2200=ORIENTED_EDGE('',*,*,#2862,.T.);
#2201=ORIENTED_EDGE('',*,*,#2863,.T.);
#2202=ORIENTED_EDGE('',*,*,#2864,.F.);
#2203=ORIENTED_EDGE('',*,*,#2865,.F.);
#2204=ORIENTED_EDGE('',*,*,#2866,.F.);
#2205=ORIENTED_EDGE('',*,*,#2867,.T.);
#2206=ORIENTED_EDGE('',*,*,#2868,.T.);
#2207=ORIENTED_EDGE('',*,*,#2869,.T.);
#2208=ORIENTED_EDGE('',*,*,#2867,.F.);
#2209=ORIENTED_EDGE('',*,*,#2870,.T.);
#2210=ORIENTED_EDGE('',*,*,#2863,.F.);
#2211=ORIENTED_EDGE('',*,*,#2871,.F.);
#2212=ORIENTED_EDGE('',*,*,#2872,.T.);
#2213=ORIENTED_EDGE('',*,*,#2873,.F.);
#2214=ORIENTED_EDGE('',*,*,#2866,.T.);
#2215=ORIENTED_EDGE('',*,*,#2874,.T.);
#2216=ORIENTED_EDGE('',*,*,#2875,.F.);
#2217=ORIENTED_EDGE('',*,*,#2876,.F.);
#2218=ORIENTED_EDGE('',*,*,#2870,.F.);
#2219=ORIENTED_EDGE('',*,*,#2876,.T.);
#2220=ORIENTED_EDGE('',*,*,#2877,.F.);
#2221=ORIENTED_EDGE('',*,*,#2878,.F.);
#2222=ORIENTED_EDGE('',*,*,#2879,.T.);
#2223=ORIENTED_EDGE('',*,*,#2872,.F.);
#2224=ORIENTED_EDGE('',*,*,#2880,.F.);
#2225=ORIENTED_EDGE('',*,*,#2881,.T.);
#2226=ORIENTED_EDGE('',*,*,#2850,.F.);
#2227=ORIENTED_EDGE('',*,*,#2848,.F.);
#2228=ORIENTED_EDGE('',*,*,#2846,.T.);
#2229=ORIENTED_EDGE('',*,*,#2882,.T.);
#2230=ORIENTED_EDGE('',*,*,#2883,.T.);
#2231=ORIENTED_EDGE('',*,*,#2868,.F.);
#2232=ORIENTED_EDGE('',*,*,#2879,.F.);
#2233=ORIENTED_EDGE('',*,*,#2884,.T.);
#2234=ORIENTED_EDGE('',*,*,#2859,.T.);
#2235=ORIENTED_EDGE('',*,*,#2869,.F.);
#2236=ORIENTED_EDGE('',*,*,#2883,.F.);
#2237=ORIENTED_EDGE('',*,*,#2861,.T.);
#2238=ORIENTED_EDGE('',*,*,#2851,.F.);
#2239=ORIENTED_EDGE('',*,*,#2881,.F.);
#2240=ORIENTED_EDGE('',*,*,#2885,.T.);
#2241=ORIENTED_EDGE('',*,*,#2882,.F.);
#2242=ORIENTED_EDGE('',*,*,#2845,.T.);
#2243=ORIENTED_EDGE('',*,*,#2860,.T.);
#2244=ORIENTED_EDGE('',*,*,#2884,.F.);
#2245=ORIENTED_EDGE('',*,*,#2871,.T.);
#2246=ORIENTED_EDGE('',*,*,#2862,.F.);
#2247=ORIENTED_EDGE('',*,*,#2885,.F.);
#2248=ORIENTED_EDGE('',*,*,#2880,.T.);
#2249=ORIENTED_EDGE('',*,*,#2878,.T.);
#2250=ORIENTED_EDGE('',*,*,#2886,.F.);
#2251=ORIENTED_EDGE('',*,*,#2887,.F.);
#2252=ORIENTED_EDGE('',*,*,#2864,.T.);
#2253=ORIENTED_EDGE('',*,*,#2873,.T.);
#2254=ORIENTED_EDGE('',*,*,#2887,.T.);
#2255=ORIENTED_EDGE('',*,*,#2888,.F.);
#2256=ORIENTED_EDGE('',*,*,#2874,.F.);
#2257=ORIENTED_EDGE('',*,*,#2865,.T.);
#2258=ORIENTED_EDGE('',*,*,#2888,.T.);
#2259=ORIENTED_EDGE('',*,*,#2886,.T.);
#2260=ORIENTED_EDGE('',*,*,#2877,.T.);
#2261=ORIENTED_EDGE('',*,*,#2875,.T.);
#2262=ORIENTED_EDGE('',*,*,#2889,.T.);
#2263=ORIENTED_EDGE('',*,*,#2890,.T.);
#2264=ORIENTED_EDGE('',*,*,#2891,.T.);
#2265=ORIENTED_EDGE('',*,*,#2857,.T.);
#2266=ORIENTED_EDGE('',*,*,#2891,.F.);
#2267=ORIENTED_EDGE('',*,*,#2892,.T.);
#2268=ORIENTED_EDGE('',*,*,#2889,.F.);
#2269=ORIENTED_EDGE('',*,*,#2856,.T.);
#2270=ORIENTED_EDGE('',*,*,#2893,.T.);
#2271=ORIENTED_EDGE('',*,*,#2892,.F.);
#2272=ORIENTED_EDGE('',*,*,#2894,.F.);
#2273=ORIENTED_EDGE('',*,*,#2895,.T.);
#2274=ORIENTED_EDGE('',*,*,#2896,.F.);
#2275=ORIENTED_EDGE('',*,*,#2895,.F.);
#2276=ORIENTED_EDGE('',*,*,#2897,.F.);
#2277=ORIENTED_EDGE('',*,*,#2898,.F.);
#2278=ORIENTED_EDGE('',*,*,#2899,.F.);
#2279=ORIENTED_EDGE('',*,*,#2900,.T.);
#2280=ORIENTED_EDGE('',*,*,#2898,.T.);
#2281=ORIENTED_EDGE('',*,*,#2901,.T.);
#2282=ORIENTED_EDGE('',*,*,#2902,.T.);
#2283=ORIENTED_EDGE('',*,*,#2903,.F.);
#2284=ORIENTED_EDGE('',*,*,#2900,.F.);
#2285=ORIENTED_EDGE('',*,*,#2904,.T.);
#2286=ORIENTED_EDGE('',*,*,#2899,.T.);
#2287=ORIENTED_EDGE('',*,*,#2903,.T.);
#2288=ORIENTED_EDGE('',*,*,#2905,.F.);
#2289=ORIENTED_EDGE('',*,*,#2904,.F.);
#2290=ORIENTED_EDGE('',*,*,#2906,.F.);
#2291=ORIENTED_EDGE('',*,*,#2907,.F.);
#2292=ORIENTED_EDGE('',*,*,#2908,.T.);
#2293=ORIENTED_EDGE('',*,*,#2909,.F.);
#2294=ORIENTED_EDGE('',*,*,#2905,.T.);
#2295=ORIENTED_EDGE('',*,*,#2910,.T.);
#2296=ORIENTED_EDGE('',*,*,#2911,.T.);
#2297=ORIENTED_EDGE('',*,*,#2912,.T.);
#2298=ORIENTED_EDGE('',*,*,#2913,.F.);
#2299=ORIENTED_EDGE('',*,*,#2914,.F.);
#2300=ORIENTED_EDGE('',*,*,#2915,.T.);
#2301=ORIENTED_EDGE('',*,*,#2916,.T.);
#2302=ORIENTED_EDGE('',*,*,#2917,.F.);
#2303=ORIENTED_EDGE('',*,*,#2918,.T.);
#2304=ORIENTED_EDGE('',*,*,#2919,.F.);
#2305=ORIENTED_EDGE('',*,*,#2916,.F.);
#2306=ORIENTED_EDGE('',*,*,#2920,.F.);
#2307=ORIENTED_EDGE('',*,*,#2921,.T.);
#2308=ORIENTED_EDGE('',*,*,#2922,.F.);
#2309=ORIENTED_EDGE('',*,*,#2923,.F.);
#2310=ORIENTED_EDGE('',*,*,#2924,.T.);
#2311=ORIENTED_EDGE('',*,*,#2925,.T.);
#2312=ORIENTED_EDGE('',*,*,#2926,.F.);
#2313=ORIENTED_EDGE('',*,*,#2927,.T.);
#2314=ORIENTED_EDGE('',*,*,#2928,.F.);
#2315=ORIENTED_EDGE('',*,*,#2929,.T.);
#2316=ORIENTED_EDGE('',*,*,#2930,.T.);
#2317=ORIENTED_EDGE('',*,*,#2931,.T.);
#2318=ORIENTED_EDGE('',*,*,#2932,.F.);
#2319=ORIENTED_EDGE('',*,*,#2933,.T.);
#2320=ORIENTED_EDGE('',*,*,#2934,.F.);
#2321=ORIENTED_EDGE('',*,*,#2935,.F.);
#2322=ORIENTED_EDGE('',*,*,#2936,.T.);
#2323=ORIENTED_EDGE('',*,*,#2937,.T.);
#2324=ORIENTED_EDGE('',*,*,#2938,.T.);
#2325=ORIENTED_EDGE('',*,*,#2939,.T.);
#2326=ORIENTED_EDGE('',*,*,#2940,.T.);
#2327=ORIENTED_EDGE('',*,*,#2941,.T.);
#2328=ORIENTED_EDGE('',*,*,#2942,.T.);
#2329=ORIENTED_EDGE('',*,*,#2943,.T.);
#2330=ORIENTED_EDGE('',*,*,#2944,.T.);
#2331=ORIENTED_EDGE('',*,*,#2945,.T.);
#2332=ORIENTED_EDGE('',*,*,#2946,.F.);
#2333=ORIENTED_EDGE('',*,*,#2947,.T.);
#2334=ORIENTED_EDGE('',*,*,#2948,.T.);
#2335=ORIENTED_EDGE('',*,*,#2923,.T.);
#2336=ORIENTED_EDGE('',*,*,#2949,.F.);
#2337=ORIENTED_EDGE('',*,*,#2950,.T.);
#2338=ORIENTED_EDGE('',*,*,#2917,.T.);
#2339=ORIENTED_EDGE('',*,*,#2948,.F.);
#2340=ORIENTED_EDGE('',*,*,#2951,.T.);
#2341=ORIENTED_EDGE('',*,*,#2952,.F.);
#2342=ORIENTED_EDGE('',*,*,#2953,.T.);
#2343=ORIENTED_EDGE('',*,*,#2954,.F.);
#2344=ORIENTED_EDGE('',*,*,#2955,.T.);
#2345=ORIENTED_EDGE('',*,*,#2956,.F.);
#2346=ORIENTED_EDGE('',*,*,#2957,.T.);
#2347=ORIENTED_EDGE('',*,*,#2958,.F.);
#2348=ORIENTED_EDGE('',*,*,#2959,.T.);
#2349=ORIENTED_EDGE('',*,*,#2960,.F.);
#2350=ORIENTED_EDGE('',*,*,#2950,.F.);
#2351=ORIENTED_EDGE('',*,*,#2961,.F.);
#2352=ORIENTED_EDGE('',*,*,#2962,.T.);
#2353=ORIENTED_EDGE('',*,*,#2963,.F.);
#2354=ORIENTED_EDGE('',*,*,#2964,.F.);
#2355=ORIENTED_EDGE('',*,*,#2965,.F.);
#2356=ORIENTED_EDGE('',*,*,#2966,.F.);
#2357=ORIENTED_EDGE('',*,*,#2967,.F.);
#2358=ORIENTED_EDGE('',*,*,#2968,.F.);
#2359=ORIENTED_EDGE('',*,*,#2969,.F.);
#2360=ORIENTED_EDGE('',*,*,#2970,.F.);
#2361=ORIENTED_EDGE('',*,*,#2971,.F.);
#2362=ORIENTED_EDGE('',*,*,#2972,.F.);
#2363=ORIENTED_EDGE('',*,*,#2973,.T.);
#2364=ORIENTED_EDGE('',*,*,#2974,.T.);
#2365=ORIENTED_EDGE('',*,*,#2918,.F.);
#2366=ORIENTED_EDGE('',*,*,#2974,.F.);
#2367=ORIENTED_EDGE('',*,*,#2975,.T.);
#2368=ORIENTED_EDGE('',*,*,#2906,.T.);
#2369=ORIENTED_EDGE('',*,*,#2919,.T.);
#2370=ORIENTED_EDGE('',*,*,#2962,.F.);
#2371=ORIENTED_EDGE('',*,*,#2976,.T.);
#2372=ORIENTED_EDGE('',*,*,#2913,.T.);
#2373=ORIENTED_EDGE('',*,*,#2977,.T.);
#2374=ORIENTED_EDGE('',*,*,#2978,.F.);
#2375=ORIENTED_EDGE('',*,*,#2979,.F.);
#2376=ORIENTED_EDGE('',*,*,#2980,.F.);
#2377=ORIENTED_EDGE('',*,*,#2907,.T.);
#2378=ORIENTED_EDGE('',*,*,#2975,.F.);
#2379=ORIENTED_EDGE('',*,*,#2973,.F.);
#2380=ORIENTED_EDGE('',*,*,#2981,.T.);
#2381=ORIENTED_EDGE('',*,*,#2935,.T.);
#2382=ORIENTED_EDGE('',*,*,#2981,.F.);
#2383=ORIENTED_EDGE('',*,*,#2972,.T.);
#2384=ORIENTED_EDGE('',*,*,#2982,.T.);
#2385=ORIENTED_EDGE('',*,*,#2936,.F.);
#2386=ORIENTED_EDGE('',*,*,#2982,.F.);
#2387=ORIENTED_EDGE('',*,*,#2971,.T.);
#2388=ORIENTED_EDGE('',*,*,#2983,.F.);
#2389=ORIENTED_EDGE('',*,*,#2984,.F.);
#2390=ORIENTED_EDGE('',*,*,#2985,.F.);
#2391=ORIENTED_EDGE('',*,*,#2986,.T.);
#2392=ORIENTED_EDGE('',*,*,#2987,.F.);
#2393=ORIENTED_EDGE('',*,*,#2937,.F.);
#2394=ORIENTED_EDGE('',*,*,#2988,.T.);
#2395=ORIENTED_EDGE('',*,*,#2989,.T.);
#2396=ORIENTED_EDGE('',*,*,#2938,.F.);
#2397=ORIENTED_EDGE('',*,*,#2987,.T.);
#2398=ORIENTED_EDGE('',*,*,#2990,.T.);
#2399=ORIENTED_EDGE('',*,*,#2991,.T.);
#2400=ORIENTED_EDGE('',*,*,#2942,.F.);
#2401=ORIENTED_EDGE('',*,*,#2992,.T.);
#2402=ORIENTED_EDGE('',*,*,#2989,.F.);
#2403=ORIENTED_EDGE('',*,*,#2993,.F.);
#2404=ORIENTED_EDGE('',*,*,#2994,.F.);
#2405=ORIENTED_EDGE('',*,*,#2995,.T.);
#2406=ORIENTED_EDGE('',*,*,#2996,.F.);
#2407=ORIENTED_EDGE('',*,*,#2969,.T.);
#2408=ORIENTED_EDGE('',*,*,#2997,.T.);
#2409=ORIENTED_EDGE('',*,*,#2939,.F.);
#2410=ORIENTED_EDGE('',*,*,#2997,.F.);
#2411=ORIENTED_EDGE('',*,*,#2968,.T.);
#2412=ORIENTED_EDGE('',*,*,#2998,.T.);
#2413=ORIENTED_EDGE('',*,*,#2940,.F.);
#2414=ORIENTED_EDGE('',*,*,#2998,.F.);
#2415=ORIENTED_EDGE('',*,*,#2967,.T.);
#2416=ORIENTED_EDGE('',*,*,#2999,.F.);
#2417=ORIENTED_EDGE('',*,*,#3000,.F.);
#2418=ORIENTED_EDGE('',*,*,#3001,.F.);
#2419=ORIENTED_EDGE('',*,*,#3002,.T.);
#2420=ORIENTED_EDGE('',*,*,#2992,.F.);
#2421=ORIENTED_EDGE('',*,*,#2941,.F.);
#2422=ORIENTED_EDGE('',*,*,#3003,.F.);
#2423=ORIENTED_EDGE('',*,*,#3004,.T.);
#2424=ORIENTED_EDGE('',*,*,#3005,.T.);
#2425=ORIENTED_EDGE('',*,*,#3006,.F.);
#2426=ORIENTED_EDGE('',*,*,#3007,.F.);
#2427=ORIENTED_EDGE('',*,*,#3008,.T.);
#2428=ORIENTED_EDGE('',*,*,#2990,.F.);
#2429=ORIENTED_EDGE('',*,*,#3002,.F.);
#2430=ORIENTED_EDGE('',*,*,#3009,.F.);
#2431=ORIENTED_EDGE('',*,*,#2993,.T.);
#2432=ORIENTED_EDGE('',*,*,#2988,.F.);
#2433=ORIENTED_EDGE('',*,*,#2986,.F.);
#2434=ORIENTED_EDGE('',*,*,#2915,.F.);
#2435=ORIENTED_EDGE('',*,*,#3010,.T.);
#2436=ORIENTED_EDGE('',*,*,#3011,.T.);
#2437=ORIENTED_EDGE('',*,*,#2920,.T.);
#2438=ORIENTED_EDGE('',*,*,#3012,.T.);
#2439=ORIENTED_EDGE('',*,*,#3003,.T.);
#2440=ORIENTED_EDGE('',*,*,#2985,.T.);
#2441=ORIENTED_EDGE('',*,*,#3013,.F.);
#2442=ORIENTED_EDGE('',*,*,#2908,.F.);
#2443=ORIENTED_EDGE('',*,*,#2980,.T.);
#2444=ORIENTED_EDGE('',*,*,#3009,.T.);
#2445=ORIENTED_EDGE('',*,*,#3001,.T.);
#2446=ORIENTED_EDGE('',*,*,#3014,.F.);
#2447=ORIENTED_EDGE('',*,*,#2994,.T.);
#2448=ORIENTED_EDGE('',*,*,#3007,.T.);
#2449=ORIENTED_EDGE('',*,*,#3015,.T.);
#2450=ORIENTED_EDGE('',*,*,#3016,.T.);
#2451=ORIENTED_EDGE('',*,*,#2911,.F.);
#2452=ORIENTED_EDGE('',*,*,#3017,.F.);
#2453=ORIENTED_EDGE('',*,*,#3018,.T.);
#2454=ORIENTED_EDGE('',*,*,#3011,.F.);
#2455=ORIENTED_EDGE('',*,*,#3019,.T.);
#2456=ORIENTED_EDGE('',*,*,#3020,.T.);
#2457=ORIENTED_EDGE('',*,*,#3021,.F.);
#2458=ORIENTED_EDGE('',*,*,#3015,.F.);
#2459=ORIENTED_EDGE('',*,*,#3006,.T.);
#2460=ORIENTED_EDGE('',*,*,#3022,.F.);
#2461=ORIENTED_EDGE('',*,*,#3004,.F.);
#2462=ORIENTED_EDGE('',*,*,#3012,.F.);
#2463=ORIENTED_EDGE('',*,*,#2979,.T.);
#2464=ORIENTED_EDGE('',*,*,#3023,.T.);
#2465=ORIENTED_EDGE('',*,*,#2921,.F.);
#2466=ORIENTED_EDGE('',*,*,#3023,.F.);
#2467=ORIENTED_EDGE('',*,*,#2978,.T.);
#2468=ORIENTED_EDGE('',*,*,#2934,.T.);
#2469=ORIENTED_EDGE('',*,*,#2922,.T.);
#2470=ORIENTED_EDGE('',*,*,#3020,.F.);
#2471=ORIENTED_EDGE('',*,*,#3024,.T.);
#2472=ORIENTED_EDGE('',*,*,#2946,.T.);
#2473=ORIENTED_EDGE('',*,*,#3025,.T.);
#2474=ORIENTED_EDGE('',*,*,#3026,.F.);
#2475=ORIENTED_EDGE('',*,*,#2963,.T.);
#2476=ORIENTED_EDGE('',*,*,#2977,.F.);
#2477=ORIENTED_EDGE('',*,*,#2912,.F.);
#2478=ORIENTED_EDGE('',*,*,#3016,.F.);
#2479=ORIENTED_EDGE('',*,*,#3021,.T.);
#2480=ORIENTED_EDGE('',*,*,#3025,.F.);
#2481=ORIENTED_EDGE('',*,*,#2945,.F.);
#2482=ORIENTED_EDGE('',*,*,#3027,.F.);
#2483=ORIENTED_EDGE('',*,*,#2964,.T.);
#2484=ORIENTED_EDGE('',*,*,#3026,.T.);
#2485=ORIENTED_EDGE('',*,*,#2944,.F.);
#2486=ORIENTED_EDGE('',*,*,#2991,.F.);
#2487=ORIENTED_EDGE('',*,*,#3008,.F.);
#2488=ORIENTED_EDGE('',*,*,#3018,.F.);
#2489=ORIENTED_EDGE('',*,*,#3028,.T.);
#2490=ORIENTED_EDGE('',*,*,#3029,.F.);
#2491=ORIENTED_EDGE('',*,*,#2965,.T.);
#2492=ORIENTED_EDGE('',*,*,#3027,.T.);
#2493=ORIENTED_EDGE('',*,*,#2943,.F.);
#2494=ORIENTED_EDGE('',*,*,#2970,.T.);
#2495=ORIENTED_EDGE('',*,*,#2996,.T.);
#2496=ORIENTED_EDGE('',*,*,#3030,.F.);
#2497=ORIENTED_EDGE('',*,*,#2983,.T.);
#2498=ORIENTED_EDGE('',*,*,#2966,.T.);
#2499=ORIENTED_EDGE('',*,*,#3029,.T.);
#2500=ORIENTED_EDGE('',*,*,#3031,.F.);
#2501=ORIENTED_EDGE('',*,*,#2999,.T.);
#2502=ORIENTED_EDGE('',*,*,#3030,.T.);
#2503=ORIENTED_EDGE('',*,*,#2995,.F.);
#2504=ORIENTED_EDGE('',*,*,#3014,.T.);
#2505=ORIENTED_EDGE('',*,*,#3000,.T.);
#2506=ORIENTED_EDGE('',*,*,#3031,.T.);
#2507=ORIENTED_EDGE('',*,*,#3028,.F.);
#2508=ORIENTED_EDGE('',*,*,#3017,.T.);
#2509=ORIENTED_EDGE('',*,*,#2910,.F.);
#2510=ORIENTED_EDGE('',*,*,#2902,.F.);
#2511=ORIENTED_EDGE('',*,*,#2909,.T.);
#2512=ORIENTED_EDGE('',*,*,#3013,.T.);
#2513=ORIENTED_EDGE('',*,*,#2984,.T.);
#2514=ORIENTED_EDGE('',*,*,#3024,.F.);
#2515=ORIENTED_EDGE('',*,*,#3019,.F.);
#2516=ORIENTED_EDGE('',*,*,#3010,.F.);
#2517=ORIENTED_EDGE('',*,*,#2914,.T.);
#2518=ORIENTED_EDGE('',*,*,#2976,.F.);
#2519=ORIENTED_EDGE('',*,*,#2961,.T.);
#2520=ORIENTED_EDGE('',*,*,#2949,.T.);
#2521=ORIENTED_EDGE('',*,*,#2947,.F.);
#2522=ORIENTED_EDGE('',*,*,#3032,.F.);
#2523=ORIENTED_EDGE('',*,*,#3022,.T.);
#2524=ORIENTED_EDGE('',*,*,#3033,.T.);
#2525=ORIENTED_EDGE('',*,*,#2820,.T.);
#2526=ORIENTED_EDGE('',*,*,#3033,.F.);
#2527=ORIENTED_EDGE('',*,*,#3005,.F.);
#2528=ORIENTED_EDGE('',*,*,#3032,.T.);
#2529=ORIENTED_EDGE('',*,*,#2821,.T.);
#2530=ORIENTED_EDGE('',*,*,#3034,.F.);
#2531=ORIENTED_EDGE('',*,*,#2960,.T.);
#2532=ORIENTED_EDGE('',*,*,#3035,.F.);
#2533=ORIENTED_EDGE('',*,*,#2933,.F.);
#2534=ORIENTED_EDGE('',*,*,#2959,.F.);
#2535=ORIENTED_EDGE('',*,*,#3036,.F.);
#2536=ORIENTED_EDGE('',*,*,#2924,.F.);
#2537=ORIENTED_EDGE('',*,*,#3035,.T.);
#2538=ORIENTED_EDGE('',*,*,#2930,.F.);
#2539=ORIENTED_EDGE('',*,*,#3037,.T.);
#2540=ORIENTED_EDGE('',*,*,#2953,.F.);
#2541=ORIENTED_EDGE('',*,*,#3038,.F.);
#2542=ORIENTED_EDGE('',*,*,#3036,.T.);
#2543=ORIENTED_EDGE('',*,*,#2958,.T.);
#2544=ORIENTED_EDGE('',*,*,#3039,.T.);
#2545=ORIENTED_EDGE('',*,*,#2925,.F.);
#2546=ORIENTED_EDGE('',*,*,#3039,.F.);
#2547=ORIENTED_EDGE('',*,*,#2957,.F.);
#2548=ORIENTED_EDGE('',*,*,#3040,.T.);
#2549=ORIENTED_EDGE('',*,*,#2926,.T.);
#2550=ORIENTED_EDGE('',*,*,#3041,.T.);
#2551=ORIENTED_EDGE('',*,*,#2927,.F.);
#2552=ORIENTED_EDGE('',*,*,#3040,.F.);
#2553=ORIENTED_EDGE('',*,*,#2956,.T.);
#2554=ORIENTED_EDGE('',*,*,#3042,.T.);
#2555=ORIENTED_EDGE('',*,*,#2928,.T.);
#2556=ORIENTED_EDGE('',*,*,#3041,.F.);
#2557=ORIENTED_EDGE('',*,*,#2955,.F.);
#2558=ORIENTED_EDGE('',*,*,#3042,.F.);
#2559=ORIENTED_EDGE('',*,*,#2954,.T.);
#2560=ORIENTED_EDGE('',*,*,#3037,.F.);
#2561=ORIENTED_EDGE('',*,*,#2929,.F.);
#2562=ORIENTED_EDGE('',*,*,#3038,.T.);
#2563=ORIENTED_EDGE('',*,*,#2952,.T.);
#2564=ORIENTED_EDGE('',*,*,#3043,.T.);
#2565=ORIENTED_EDGE('',*,*,#2931,.F.);
#2566=ORIENTED_EDGE('',*,*,#3043,.F.);
#2567=ORIENTED_EDGE('',*,*,#2951,.F.);
#2568=ORIENTED_EDGE('',*,*,#3034,.T.);
#2569=ORIENTED_EDGE('',*,*,#2932,.T.);
#2570=ORIENTED_EDGE('',*,*,#2897,.T.);
#2571=ORIENTED_EDGE('',*,*,#3044,.F.);
#2572=ORIENTED_EDGE('',*,*,#2896,.T.);
#2573=ORIENTED_EDGE('',*,*,#2901,.F.);
#2574=ORIENTED_EDGE('',*,*,#2894,.T.);
#2575=ORIENTED_EDGE('',*,*,#2890,.F.);
#2576=ORIENTED_EDGE('',*,*,#2893,.F.);
#2577=ORIENTED_EDGE('',*,*,#3044,.T.);
#2578=ORIENTED_EDGE('',*,*,#2812,.T.);
#2579=ORIENTED_EDGE('',*,*,#3045,.F.);
#2580=ORIENTED_EDGE('',*,*,#2758,.F.);
#2581=ORIENTED_EDGE('',*,*,#2824,.T.);
#2582=ORIENTED_EDGE('',*,*,#2790,.F.);
#2583=ORIENTED_EDGE('',*,*,#2763,.T.);
#2584=ORIENTED_EDGE('',*,*,#2759,.T.);
#2585=ORIENTED_EDGE('',*,*,#3045,.T.);
#2586=ORIENTED_EDGE('',*,*,#2811,.F.);
#2587=ORIENTED_EDGE('',*,*,#2778,.T.);
#2588=ORIENTED_EDGE('',*,*,#3046,.T.);
#2589=ORIENTED_EDGE('',*,*,#3047,.T.);
#2590=ORIENTED_EDGE('',*,*,#3048,.T.);
#2591=ORIENTED_EDGE('',*,*,#3049,.T.);
#2592=ORIENTED_EDGE('',*,*,#3050,.T.);
#2593=ORIENTED_EDGE('',*,*,#3051,.T.);
#2594=ORIENTED_EDGE('',*,*,#3052,.T.);
#2595=ORIENTED_EDGE('',*,*,#3053,.T.);
#2596=ORIENTED_EDGE('',*,*,#3054,.T.);
#2597=ORIENTED_EDGE('',*,*,#3055,.T.);
#2598=ORIENTED_EDGE('',*,*,#2791,.T.);
#2599=ORIENTED_EDGE('',*,*,#3056,.T.);
#2600=ORIENTED_EDGE('',*,*,#3057,.T.);
#2601=ORIENTED_EDGE('',*,*,#3058,.T.);
#2602=ORIENTED_EDGE('',*,*,#2810,.T.);
#2603=ORIENTED_EDGE('',*,*,#3059,.F.);
#2604=ORIENTED_EDGE('',*,*,#3060,.F.);
#2605=ORIENTED_EDGE('',*,*,#2792,.F.);
#2606=ORIENTED_EDGE('',*,*,#2782,.T.);
#2607=ORIENTED_EDGE('',*,*,#3058,.F.);
#2608=ORIENTED_EDGE('',*,*,#3061,.F.);
#2609=ORIENTED_EDGE('',*,*,#3062,.T.);
#2610=ORIENTED_EDGE('',*,*,#2780,.T.);
#2611=ORIENTED_EDGE('',*,*,#3063,.F.);
#2612=ORIENTED_EDGE('',*,*,#2769,.F.);
#2613=ORIENTED_EDGE('',*,*,#2793,.F.);
#2614=ORIENTED_EDGE('',*,*,#3060,.T.);
#2615=ORIENTED_EDGE('',*,*,#3064,.F.);
#2616=ORIENTED_EDGE('',*,*,#3065,.T.);
#2617=ORIENTED_EDGE('',*,*,#3066,.T.);
#2618=ORIENTED_EDGE('',*,*,#3067,.T.);
#2619=ORIENTED_EDGE('',*,*,#3068,.T.);
#2620=ORIENTED_EDGE('',*,*,#3069,.T.);
#2621=ORIENTED_EDGE('',*,*,#3070,.T.);
#2622=ORIENTED_EDGE('',*,*,#3071,.T.);
#2623=ORIENTED_EDGE('',*,*,#3072,.T.);
#2624=ORIENTED_EDGE('',*,*,#2772,.T.);
#2625=ORIENTED_EDGE('',*,*,#2789,.T.);
#2626=ORIENTED_EDGE('',*,*,#2770,.T.);
#2627=ORIENTED_EDGE('',*,*,#3063,.T.);
#2628=ORIENTED_EDGE('',*,*,#3059,.T.);
#2629=ORIENTED_EDGE('',*,*,#2806,.T.);
#2630=ORIENTED_EDGE('',*,*,#3072,.F.);
#2631=ORIENTED_EDGE('',*,*,#3073,.F.);
#2632=ORIENTED_EDGE('',*,*,#2794,.F.);
#2633=ORIENTED_EDGE('',*,*,#2773,.T.);
#2634=ORIENTED_EDGE('',*,*,#3071,.F.);
#2635=ORIENTED_EDGE('',*,*,#3074,.T.);
#2636=ORIENTED_EDGE('',*,*,#3075,.T.);
#2637=ORIENTED_EDGE('',*,*,#2795,.T.);
#2638=ORIENTED_EDGE('',*,*,#3073,.T.);
#2639=ORIENTED_EDGE('',*,*,#3076,.T.);
#2640=ORIENTED_EDGE('',*,*,#2796,.T.);
#2641=ORIENTED_EDGE('',*,*,#3075,.F.);
#2642=ORIENTED_EDGE('',*,*,#3077,.F.);
#2643=ORIENTED_EDGE('',*,*,#3078,.T.);
#2644=ORIENTED_EDGE('',*,*,#3077,.T.);
#2645=ORIENTED_EDGE('',*,*,#3074,.F.);
#2646=ORIENTED_EDGE('',*,*,#3070,.F.);
#2647=ORIENTED_EDGE('',*,*,#2797,.T.);
#2648=ORIENTED_EDGE('',*,*,#3076,.F.);
#2649=ORIENTED_EDGE('',*,*,#3078,.F.);
#2650=ORIENTED_EDGE('',*,*,#3069,.F.);
#2651=ORIENTED_EDGE('',*,*,#3079,.T.);
#2652=ORIENTED_EDGE('',*,*,#2798,.F.);
#2653=ORIENTED_EDGE('',*,*,#3079,.F.);
#2654=ORIENTED_EDGE('',*,*,#3068,.F.);
#2655=ORIENTED_EDGE('',*,*,#3080,.T.);
#2656=ORIENTED_EDGE('',*,*,#3067,.F.);
#2657=ORIENTED_EDGE('',*,*,#3081,.T.);
#2658=ORIENTED_EDGE('',*,*,#2799,.T.);
#2659=ORIENTED_EDGE('',*,*,#3080,.F.);
#2660=ORIENTED_EDGE('',*,*,#2800,.F.);
#2661=ORIENTED_EDGE('',*,*,#3081,.F.);
#2662=ORIENTED_EDGE('',*,*,#3066,.F.);
#2663=ORIENTED_EDGE('',*,*,#3082,.T.);
#2664=ORIENTED_EDGE('',*,*,#3047,.F.);
#2665=ORIENTED_EDGE('',*,*,#3083,.F.);
#2666=ORIENTED_EDGE('',*,*,#3084,.F.);
#2667=ORIENTED_EDGE('',*,*,#3085,.F.);
#2668=ORIENTED_EDGE('',*,*,#3086,.F.);
#2669=ORIENTED_EDGE('',*,*,#3065,.F.);
#2670=ORIENTED_EDGE('',*,*,#3087,.F.);
#2671=ORIENTED_EDGE('',*,*,#3088,.F.);
#2672=ORIENTED_EDGE('',*,*,#2801,.F.);
#2673=ORIENTED_EDGE('',*,*,#3082,.F.);
#2674=ORIENTED_EDGE('',*,*,#3089,.F.);
#2675=ORIENTED_EDGE('',*,*,#3090,.F.);
#2676=ORIENTED_EDGE('',*,*,#3048,.F.);
#2677=ORIENTED_EDGE('',*,*,#3086,.T.);
#2678=ORIENTED_EDGE('',*,*,#3049,.F.);
#2679=ORIENTED_EDGE('',*,*,#3090,.T.);
#2680=ORIENTED_EDGE('',*,*,#3091,.T.);
#2681=ORIENTED_EDGE('',*,*,#3092,.F.);
#2682=ORIENTED_EDGE('',*,*,#3093,.F.);
#2683=ORIENTED_EDGE('',*,*,#3094,.F.);
#2684=ORIENTED_EDGE('',*,*,#3050,.F.);
#2685=ORIENTED_EDGE('',*,*,#3092,.T.);
#2686=ORIENTED_EDGE('',*,*,#3095,.T.);
#2687=ORIENTED_EDGE('',*,*,#3096,.T.);
#2688=ORIENTED_EDGE('',*,*,#3097,.T.);
#2689=ORIENTED_EDGE('',*,*,#3051,.F.);
#2690=ORIENTED_EDGE('',*,*,#3094,.T.);
#2691=ORIENTED_EDGE('',*,*,#3098,.T.);
#2692=ORIENTED_EDGE('',*,*,#3052,.F.);
#2693=ORIENTED_EDGE('',*,*,#3097,.F.);
#2694=ORIENTED_EDGE('',*,*,#3099,.T.);
#2695=ORIENTED_EDGE('',*,*,#3100,.T.);
#2696=ORIENTED_EDGE('',*,*,#3099,.F.);
#2697=ORIENTED_EDGE('',*,*,#3096,.F.);
#2698=ORIENTED_EDGE('',*,*,#3101,.T.);
#2699=ORIENTED_EDGE('',*,*,#3062,.F.);
#2700=ORIENTED_EDGE('',*,*,#3102,.T.);
#2701=ORIENTED_EDGE('',*,*,#3103,.F.);
#2702=ORIENTED_EDGE('',*,*,#2788,.F.);
#2703=ORIENTED_EDGE('',*,*,#3104,.F.);
#2704=ORIENTED_EDGE('',*,*,#3105,.T.);
#2705=ORIENTED_EDGE('',*,*,#3106,.F.);
#2706=ORIENTED_EDGE('',*,*,#3101,.F.);
#2707=ORIENTED_EDGE('',*,*,#3095,.F.);
#2708=ORIENTED_EDGE('',*,*,#3093,.T.);
#2709=ORIENTED_EDGE('',*,*,#3091,.F.);
#2710=ORIENTED_EDGE('',*,*,#3089,.T.);
#2711=ORIENTED_EDGE('',*,*,#3085,.T.);
#2712=ORIENTED_EDGE('',*,*,#3107,.T.);
#2713=ORIENTED_EDGE('',*,*,#2807,.F.);
#2714=ORIENTED_EDGE('',*,*,#3107,.F.);
#2715=ORIENTED_EDGE('',*,*,#3084,.T.);
#2716=ORIENTED_EDGE('',*,*,#3108,.T.);
#2717=ORIENTED_EDGE('',*,*,#2808,.F.);
#2718=ORIENTED_EDGE('',*,*,#3108,.F.);
#2719=ORIENTED_EDGE('',*,*,#3083,.T.);
#2720=ORIENTED_EDGE('',*,*,#3046,.F.);
#2721=ORIENTED_EDGE('',*,*,#2809,.F.);
#2722=ORIENTED_EDGE('',*,*,#3053,.F.);
#2723=ORIENTED_EDGE('',*,*,#3098,.F.);
#2724=ORIENTED_EDGE('',*,*,#3100,.F.);
#2725=ORIENTED_EDGE('',*,*,#3106,.T.);
#2726=ORIENTED_EDGE('',*,*,#3109,.T.);
#2727=ORIENTED_EDGE('',*,*,#3054,.F.);
#2728=ORIENTED_EDGE('',*,*,#3109,.F.);
#2729=ORIENTED_EDGE('',*,*,#3105,.F.);
#2730=ORIENTED_EDGE('',*,*,#3110,.T.);
#2731=ORIENTED_EDGE('',*,*,#3103,.T.);
#2732=ORIENTED_EDGE('',*,*,#3111,.T.);
#2733=ORIENTED_EDGE('',*,*,#3056,.F.);
#2734=ORIENTED_EDGE('',*,*,#2776,.F.);
#2735=ORIENTED_EDGE('',*,*,#3055,.F.);
#2736=ORIENTED_EDGE('',*,*,#3110,.F.);
#2737=ORIENTED_EDGE('',*,*,#3104,.T.);
#2738=ORIENTED_EDGE('',*,*,#2765,.F.);
#2739=ORIENTED_EDGE('',*,*,#3057,.F.);
#2740=ORIENTED_EDGE('',*,*,#3111,.F.);
#2741=ORIENTED_EDGE('',*,*,#3102,.F.);
#2742=ORIENTED_EDGE('',*,*,#3061,.T.);
#2743=ORIENTED_EDGE('',*,*,#2802,.T.);
#2744=ORIENTED_EDGE('',*,*,#3088,.T.);
#2745=ORIENTED_EDGE('',*,*,#3112,.T.);
#2746=ORIENTED_EDGE('',*,*,#2804,.F.);
#2747=ORIENTED_EDGE('',*,*,#3112,.F.);
#2748=ORIENTED_EDGE('',*,*,#3087,.T.);
#2749=ORIENTED_EDGE('',*,*,#3064,.T.);
#2750=ORIENTED_EDGE('',*,*,#2805,.F.);
#2751=EDGE_CURVE('',#3113,#3114,#3115,.T.);
#2752=EDGE_CURVE('',#3113,#3116,#3117,.T.);
#2753=EDGE_CURVE('',#3118,#3116,#3119,.T.);
#2754=EDGE_CURVE('',#3118,#3120,#3121,.T.);
#2755=EDGE_CURVE('',#3122,#3120,#3123,.T.);
#2756=EDGE_CURVE('',#3124,#3122,#3125,.T.);
#2757=EDGE_CURVE('',#3126,#3124,#3127,.T.);
#2758=EDGE_CURVE('',#3126,#3128,#3129,.T.);
#2759=EDGE_CURVE('',#3130,#3128,#3131,.T.);
#2760=EDGE_CURVE('',#3130,#3114,#3132,.T.);
#2761=EDGE_CURVE('',#3133,#3134,#3135,.T.);
#2762=EDGE_CURVE('',#3114,#3134,#3136,.T.);
#2763=EDGE_CURVE('',#3137,#3130,#3138,.T.);
#2764=EDGE_CURVE('',#3137,#3139,#3140,.T.);
#2765=EDGE_CURVE('',#3139,#3141,#3142,.T.);
#2766=EDGE_CURVE('',#3141,#3143,#3144,.T.);
#2767=EDGE_CURVE('',#3143,#3133,#3145,.T.);
#2768=EDGE_CURVE('',#3146,#3147,#3148,.T.);
#2769=EDGE_CURVE('',#3147,#3149,#3150,.T.);
#2770=EDGE_CURVE('',#3151,#3149,#3152,.T.);
#2771=EDGE_CURVE('',#3146,#3151,#3153,.T.);
#2772=EDGE_CURVE('',#3154,#3143,#3155,.T.);
#2773=EDGE_CURVE('',#3156,#3154,#3157,.T.);
#2774=EDGE_CURVE('',#3156,#3133,#3158,.T.);
#2775=EDGE_CURVE('',#3151,#3159,#3160,.T.);
#2776=EDGE_CURVE('',#3159,#3161,#3162,.T.);
#2777=EDGE_CURVE('',#3161,#3163,#3164,.T.);
#2778=EDGE_CURVE('',#3165,#3163,#3166,.T.);
#2779=EDGE_CURVE('',#3167,#3165,#3168,.T.);
#2780=EDGE_CURVE('',#3169,#3167,#3170,.T.);
#2781=EDGE_CURVE('',#3171,#3169,#3172,.T.);
#2782=EDGE_CURVE('',#3173,#3171,#3174,.T.);
#2783=EDGE_CURVE('',#3175,#3173,#3176,.T.);
#2784=EDGE_CURVE('',#3177,#3175,#3178,.T.);
#2785=EDGE_CURVE('',#3177,#3146,#3179,.T.);
#2786=EDGE_CURVE('',#3134,#3177,#3180,.T.);
#2787=EDGE_CURVE('',#3133,#3146,#3181,.T.);
#2788=EDGE_CURVE('',#3141,#3159,#3182,.T.);
#2789=EDGE_CURVE('',#3143,#3151,#3183,.T.);
#2790=EDGE_CURVE('',#3137,#3163,#3184,.T.);
#2791=EDGE_CURVE('',#3139,#3161,#3185,.T.);
#2792=EDGE_CURVE('',#3173,#3186,#3187,.T.);
#2793=EDGE_CURVE('',#3186,#3147,#3188,.T.);
#2794=EDGE_CURVE('',#3156,#3189,#3190,.T.);
#2795=EDGE_CURVE('',#3191,#3189,#3192,.T.);
#2796=EDGE_CURVE('',#3193,#3191,#3194,.T.);
#2797=EDGE_CURVE('',#3195,#3193,#3196,.T.);
#2798=EDGE_CURVE('',#3195,#3197,#3198,.T.);
#2799=EDGE_CURVE('',#3199,#3197,#3200,.T.);
#2800=EDGE_CURVE('',#3199,#3201,#3202,.T.);
#2801=EDGE_CURVE('',#3201,#3203,#3204,.T.);
#2802=EDGE_CURVE('',#3205,#3203,#3206,.T.);
#2803=EDGE_CURVE('',#3173,#3205,#3207,.T.);
#2804=EDGE_CURVE('',#3205,#3208,#3209,.T.);
#2805=EDGE_CURVE('',#3208,#3210,#3211,.T.);
#2806=EDGE_CURVE('',#3171,#3210,#3212,.T.);
#2807=EDGE_CURVE('',#3169,#3213,#3214,.T.);
#2808=EDGE_CURVE('',#3213,#3215,#3216,.T.);
#2809=EDGE_CURVE('',#3215,#3217,#3218,.T.);
#2810=EDGE_CURVE('',#3167,#3217,#3219,.T.);
#2811=EDGE_CURVE('',#3165,#3220,#3221,.T.);
#2812=EDGE_CURVE('',#3222,#3220,#3223,.T.);
#2813=EDGE_CURVE('',#3222,#3224,#3225,.T.);
#2814=EDGE_CURVE('',#3224,#3226,#3227,.T.);
#2815=EDGE_CURVE('',#3226,#3228,#3229,.T.);
#2816=EDGE_CURVE('',#3230,#3228,#3231,.T.);
#2817=EDGE_CURVE('',#3230,#3232,#3233,.T.);
#2818=EDGE_CURVE('',#3234,#3232,#3235,.T.);
#2819=EDGE_CURVE('',#3234,#3175,#3236,.T.);
#2820=EDGE_CURVE('',#3237,#3238,#3239,.T.);
#2821=EDGE_CURVE('',#3238,#3237,#3240,.T.);
#2822=EDGE_CURVE('',#3113,#3234,#3241,.T.);
#2823=EDGE_CURVE('',#3116,#3232,#3242,.T.);
#2824=EDGE_CURVE('',#3126,#3222,#3243,.T.);
#2825=EDGE_CURVE('',#3124,#3224,#3244,.T.);
#2826=EDGE_CURVE('',#3230,#3118,#3245,.T.);
#2827=EDGE_CURVE('',#3122,#3246,#3247,.T.);
#2828=EDGE_CURVE('',#3248,#3246,#3249,.T.);
#2829=EDGE_CURVE('',#3248,#3226,#3250,.T.);
#2830=EDGE_CURVE('',#3248,#3251,#3252,.T.);
#2831=EDGE_CURVE('',#3251,#3228,#3253,.T.);
#2832=EDGE_CURVE('',#3120,#3254,#3255,.T.);
#2833=EDGE_CURVE('',#3254,#3251,#3256,.T.);
#2834=EDGE_CURVE('',#3246,#3254,#3257,.T.);
#2835=EDGE_CURVE('',#3258,#3259,#3260,.T.);
#2836=EDGE_CURVE('',#3258,#3261,#3262,.T.);
#2837=EDGE_CURVE('',#3261,#3263,#3264,.T.);
#2838=EDGE_CURVE('',#3263,#3259,#3265,.T.);
#2839=EDGE_CURVE('',#3266,#3263,#3267,.T.);
#2840=EDGE_CURVE('',#3266,#3268,#3269,.T.);
#2841=EDGE_CURVE('',#3268,#3259,#3270,.T.);
#2842=EDGE_CURVE('',#3268,#3271,#3272,.T.);
#2843=EDGE_CURVE('',#3273,#3271,#3274,.T.);
#2844=EDGE_CURVE('',#3275,#3273,#3276,.T.);
#2845=EDGE_CURVE('',#3277,#3275,#3278,.T.);
#2846=EDGE_CURVE('',#3279,#3277,#3280,.T.);
#2847=EDGE_CURVE('',#3258,#3279,#3281,.T.);
#2848=EDGE_CURVE('',#3279,#3282,#3283,.T.);
#2849=EDGE_CURVE('',#3261,#3282,#3284,.T.);
#2850=EDGE_CURVE('',#3282,#3285,#3286,.T.);
#2851=EDGE_CURVE('',#3285,#3287,#3288,.T.);
#2852=EDGE_CURVE('',#3287,#3289,#3290,.T.);
#2853=EDGE_CURVE('',#3289,#3291,#3292,.T.);
#2854=EDGE_CURVE('',#3291,#3266,#3293,.T.);
#2855=EDGE_CURVE('',#3271,#3291,#3294,.T.);
#2856=EDGE_CURVE('',#3295,#3296,#3297,.T.);
#2857=EDGE_CURVE('',#3296,#3295,#3298,.T.);
#2858=EDGE_CURVE('',#3273,#3289,#3299,.T.);
#2859=EDGE_CURVE('',#3300,#3301,#3302,.T.);
#2860=EDGE_CURVE('',#3275,#3300,#3303,.T.);
#2861=EDGE_CURVE('',#3304,#3287,#3305,.T.);
#2862=EDGE_CURVE('',#3304,#3306,#3307,.T.);
#2863=EDGE_CURVE('',#3306,#3308,#3309,.T.);
#2864=EDGE_CURVE('',#3310,#3308,#3311,.T.);
#2865=EDGE_CURVE('',#3312,#3310,#3313,.T.);
#2866=EDGE_CURVE('',#3314,#3312,#3315,.T.);
#2867=EDGE_CURVE('',#3314,#3301,#3316,.T.);
#2868=EDGE_CURVE('',#3317,#3318,#3319,.T.);
#2869=EDGE_CURVE('',#3318,#3301,#3320,.T.);
#2870=EDGE_CURVE('',#3314,#3317,#3321,.T.);
#2871=EDGE_CURVE('',#3322,#3306,#3323,.T.);
#2872=EDGE_CURVE('',#3322,#3324,#3325,.T.);
#2873=EDGE_CURVE('',#3308,#3324,#3326,.T.);
#2874=EDGE_CURVE('',#3312,#3327,#3328,.T.);
#2875=EDGE_CURVE('',#3329,#3327,#3330,.T.);
#2876=EDGE_CURVE('',#3317,#3329,#3331,.T.);
#2877=EDGE_CURVE('',#3332,#3329,#3333,.T.);
#2878=EDGE_CURVE('',#3324,#3332,#3334,.T.);
#2879=EDGE_CURVE('',#3324,#3317,#3335,.T.);
#2880=EDGE_CURVE('',#3336,#3322,#3337,.T.);
#2881=EDGE_CURVE('',#3336,#3285,#3338,.T.);
#2882=EDGE_CURVE('',#3277,#3339,#3340,.T.);
#2883=EDGE_CURVE('',#3339,#3318,#3341,.T.);
#2884=EDGE_CURVE('',#3339,#3300,#3342,.T.);
#2885=EDGE_CURVE('',#3336,#3304,#3343,.T.);
#2886=EDGE_CURVE('',#3344,#3332,#3345,.T.);
#2887=EDGE_CURVE('',#3310,#3344,#3346,.T.);
#2888=EDGE_CURVE('',#3327,#3344,#3347,.T.);
#2889=EDGE_CURVE('',#3295,#3348,#3349,.T.);
#2890=EDGE_CURVE('',#3348,#3350,#3351,.T.);
#2891=EDGE_CURVE('',#3350,#3296,#3352,.T.);
#2892=EDGE_CURVE('',#3350,#3348,#3353,.T.);
#2893=EDGE_CURVE('',#3354,#3348,#3355,.T.);
#2894=EDGE_CURVE('',#3356,#3350,#3357,.T.);
#2895=EDGE_CURVE('',#3356,#3354,#3358,.T.);
#2896=EDGE_CURVE('',#3354,#3359,#3360,.T.);
#2897=EDGE_CURVE('',#3361,#3356,#3362,.T.);
#2898=EDGE_CURVE('',#3359,#3361,#3363,.T.);
#2899=EDGE_CURVE('',#3364,#3365,#3366,.T.);
#2900=EDGE_CURVE('',#3364,#3365,#3367,.T.);
#2901=EDGE_CURVE('',#3361,#3359,#3368,.T.);
#2902=EDGE_CURVE('',#3369,#3370,#3371,.T.);
#2903=EDGE_CURVE('',#3365,#3370,#3372,.T.);
#2904=EDGE_CURVE('',#3364,#3369,#3373,.T.);
#2905=EDGE_CURVE('',#3369,#3370,#3374,.T.);
#2906=EDGE_CURVE('',#3375,#3376,#3377,.T.);
#2907=EDGE_CURVE('',#3378,#3375,#3379,.T.);
#2908=EDGE_CURVE('',#3378,#3380,#3381,.T.);
#2909=EDGE_CURVE('',#3369,#3380,#3382,.T.);
#2910=EDGE_CURVE('',#3370,#3383,#3384,.T.);
#2911=EDGE_CURVE('',#3383,#3385,#3386,.T.);
#2912=EDGE_CURVE('',#3385,#3387,#3388,.T.);
#2913=EDGE_CURVE('',#3389,#3387,#3390,.T.);
#2914=EDGE_CURVE('',#3391,#3389,#3392,.T.);
#2915=EDGE_CURVE('',#3391,#3393,#3394,.T.);
#2916=EDGE_CURVE('',#3393,#3376,#3395,.T.);
#2917=EDGE_CURVE('',#3396,#3397,#3398,.T.);
#2918=EDGE_CURVE('',#3396,#3399,#3400,.T.);
#2919=EDGE_CURVE('',#3376,#3399,#3401,.T.);
#2920=EDGE_CURVE('',#3402,#3393,#3403,.T.);
#2921=EDGE_CURVE('',#3402,#3404,#3405,.T.);
#2922=EDGE_CURVE('',#3406,#3404,#3407,.T.);
#2923=EDGE_CURVE('',#3397,#3406,#3408,.T.);
#2924=EDGE_CURVE('',#3409,#3410,#3411,.T.);
#2925=EDGE_CURVE('',#3410,#3412,#3413,.T.);
#2926=EDGE_CURVE('',#3414,#3412,#3415,.T.);
#2927=EDGE_CURVE('',#3414,#3416,#3417,.T.);
#2928=EDGE_CURVE('',#3418,#3416,#3419,.T.);
#2929=EDGE_CURVE('',#3418,#3420,#3421,.T.);
#2930=EDGE_CURVE('',#3420,#3422,#3423,.T.);
#2931=EDGE_CURVE('',#3422,#3424,#3425,.T.);
#2932=EDGE_CURVE('',#3426,#3424,#3427,.T.);
#2933=EDGE_CURVE('',#3426,#3409,#3428,.T.);
#2934=EDGE_CURVE('',#3429,#3406,#3430,.T.);
#2935=EDGE_CURVE('',#3431,#3429,#3432,.T.);
#2936=EDGE_CURVE('',#3431,#3433,#3434,.T.);
#2937=EDGE_CURVE('',#3433,#3435,#3436,.T.);
#2938=EDGE_CURVE('',#3435,#3437,#3438,.T.);
#2939=EDGE_CURVE('',#3437,#3439,#3440,.T.);
#2940=EDGE_CURVE('',#3439,#3441,#3442,.T.);
#2941=EDGE_CURVE('',#3441,#3443,#3444,.T.);
#2942=EDGE_CURVE('',#3443,#3445,#3446,.T.);
#2943=EDGE_CURVE('',#3445,#3447,#3448,.T.);
#2944=EDGE_CURVE('',#3447,#3449,#3450,.T.);
#2945=EDGE_CURVE('',#3449,#3451,#3452,.T.);
#2946=EDGE_CURVE('',#3453,#3451,#3454,.T.);
#2947=EDGE_CURVE('',#3453,#3455,#3456,.T.);
#2948=EDGE_CURVE('',#3455,#3397,#3457,.T.);
#2949=EDGE_CURVE('',#3458,#3455,#3459,.T.);
#2950=EDGE_CURVE('',#3458,#3396,#3460,.T.);
#2951=EDGE_CURVE('',#3461,#3462,#3463,.T.);
#2952=EDGE_CURVE('',#3464,#3462,#3465,.T.);
#2953=EDGE_CURVE('',#3464,#3466,#3467,.T.);
#2954=EDGE_CURVE('',#3468,#3466,#3469,.T.);
#2955=EDGE_CURVE('',#3468,#3470,#3471,.T.);
#2956=EDGE_CURVE('',#3472,#3470,#3473,.T.);
#2957=EDGE_CURVE('',#3472,#3474,#3475,.T.);
#2958=EDGE_CURVE('',#3476,#3474,#3477,.T.);
#2959=EDGE_CURVE('',#3476,#3478,#3479,.T.);
#2960=EDGE_CURVE('',#3461,#3478,#3480,.T.);
#2961=EDGE_CURVE('',#3481,#3458,#3482,.T.);
#2962=EDGE_CURVE('',#3481,#3483,#3484,.T.);
#2963=EDGE_CURVE('',#3485,#3483,#3486,.T.);
#2964=EDGE_CURVE('',#3487,#3485,#3488,.T.);
#2965=EDGE_CURVE('',#3489,#3487,#3490,.T.);
#2966=EDGE_CURVE('',#3491,#3489,#3492,.T.);
#2967=EDGE_CURVE('',#3493,#3491,#3494,.T.);
#2968=EDGE_CURVE('',#3495,#3493,#3496,.T.);
#2969=EDGE_CURVE('',#3497,#3495,#3498,.T.);
#2970=EDGE_CURVE('',#3499,#3497,#3500,.T.);
#2971=EDGE_CURVE('',#3501,#3499,#3502,.T.);
#2972=EDGE_CURVE('',#3503,#3501,#3504,.T.);
#2973=EDGE_CURVE('',#3503,#3505,#3506,.T.);
#2974=EDGE_CURVE('',#3505,#3399,#3507,.T.);
#2975=EDGE_CURVE('',#3505,#3375,#3508,.T.);
#2976=EDGE_CURVE('',#3481,#3389,#3509,.T.);
#2977=EDGE_CURVE('',#3387,#3483,#3510,.T.);
#2978=EDGE_CURVE('',#3511,#3429,#3512,.T.);
#2979=EDGE_CURVE('',#3513,#3511,#3514,.T.);
#2980=EDGE_CURVE('',#3378,#3513,#3515,.T.);
#2981=EDGE_CURVE('',#3503,#3431,#3516,.T.);
#2982=EDGE_CURVE('',#3501,#3433,#3517,.T.);
#2983=EDGE_CURVE('',#3518,#3499,#3519,.T.);
#2984=EDGE_CURVE('',#3520,#3518,#3521,.T.);
#2985=EDGE_CURVE('',#3522,#3520,#3523,.T.);
#2986=EDGE_CURVE('',#3522,#3524,#3525,.T.);
#2987=EDGE_CURVE('',#3435,#3524,#3526,.T.);
#2988=EDGE_CURVE('',#3524,#3527,#3528,.T.);
#2989=EDGE_CURVE('',#3527,#3437,#3529,.T.);
#2990=EDGE_CURVE('',#3530,#3531,#3532,.T.);
#2991=EDGE_CURVE('',#3531,#3445,#3533,.T.);
#2992=EDGE_CURVE('',#3443,#3530,#3534,.T.);
#2993=EDGE_CURVE('',#3535,#3527,#3536,.T.);
#2994=EDGE_CURVE('',#3537,#3535,#3538,.T.);
#2995=EDGE_CURVE('',#3537,#3539,#3540,.T.);
#2996=EDGE_CURVE('',#3497,#3539,#3541,.T.);
#2997=EDGE_CURVE('',#3495,#3439,#3542,.T.);
#2998=EDGE_CURVE('',#3493,#3441,#3543,.T.);
#2999=EDGE_CURVE('',#3544,#3491,#3545,.T.);
#3000=EDGE_CURVE('',#3546,#3544,#3547,.T.);
#3001=EDGE_CURVE('',#3548,#3546,#3549,.T.);
#3002=EDGE_CURVE('',#3548,#3530,#3550,.T.);
#3003=EDGE_CURVE('',#3551,#3522,#3552,.T.);
#3004=EDGE_CURVE('',#3551,#3553,#3554,.T.);
#3005=EDGE_CURVE('',#3553,#3555,#3556,.T.);
#3006=EDGE_CURVE('',#3557,#3555,#3558,.T.);
#3007=EDGE_CURVE('',#3559,#3557,#3560,.T.);
#3008=EDGE_CURVE('',#3559,#3531,#3561,.T.);
#3009=EDGE_CURVE('',#3535,#3548,#3562,.T.);
#3010=EDGE_CURVE('',#3391,#3563,#3564,.T.);
#3011=EDGE_CURVE('',#3563,#3402,#3565,.T.);
#3012=EDGE_CURVE('',#3513,#3551,#3566,.T.);
#3013=EDGE_CURVE('',#3380,#3520,#3567,.T.);
#3014=EDGE_CURVE('',#3537,#3546,#3568,.T.);
#3015=EDGE_CURVE('',#3557,#3569,#3570,.T.);
#3016=EDGE_CURVE('',#3569,#3385,#3571,.T.);
#3017=EDGE_CURVE('',#3572,#3383,#3573,.T.);
#3018=EDGE_CURVE('',#3572,#3559,#3574,.T.);
#3019=EDGE_CURVE('',#3563,#3575,#3576,.T.);
#3020=EDGE_CURVE('',#3575,#3577,#3578,.T.);
#3021=EDGE_CURVE('',#3569,#3577,#3579,.T.);
#3022=EDGE_CURVE('',#3553,#3555,#3580,.T.);
#3023=EDGE_CURVE('',#3511,#3404,#3581,.T.);
#3024=EDGE_CURVE('',#3575,#3453,#3582,.T.);
#3025=EDGE_CURVE('',#3451,#3577,#3583,.T.);
#3026=EDGE_CURVE('',#3485,#3449,#3584,.T.);
#3027=EDGE_CURVE('',#3487,#3447,#3585,.T.);
#3028=EDGE_CURVE('',#3572,#3586,#3587,.T.);
#3029=EDGE_CURVE('',#3489,#3586,#3588,.T.);
#3030=EDGE_CURVE('',#3518,#3539,#3589,.T.);
#3031=EDGE_CURVE('',#3544,#3586,#3590,.T.);
#3032=EDGE_CURVE('',#3553,#3238,#3591,.T.);
#3033=EDGE_CURVE('',#3555,#3237,#3592,.T.);
#3034=EDGE_CURVE('',#3461,#3426,#3593,.T.);
#3035=EDGE_CURVE('',#3409,#3478,#3594,.T.);
#3036=EDGE_CURVE('',#3410,#3476,#3595,.T.);
#3037=EDGE_CURVE('',#3420,#3466,#3596,.T.);
#3038=EDGE_CURVE('',#3422,#3464,#3597,.T.);
#3039=EDGE_CURVE('',#3474,#3412,#3598,.T.);
#3040=EDGE_CURVE('',#3472,#3414,#3599,.T.);
#3041=EDGE_CURVE('',#3470,#3416,#3600,.T.);
#3042=EDGE_CURVE('',#3468,#3418,#3601,.T.);
#3043=EDGE_CURVE('',#3462,#3424,#3602,.T.);
#3044=EDGE_CURVE('',#3354,#3356,#3603,.T.);
#3045=EDGE_CURVE('',#3128,#3220,#3604,.T.);
#3046=EDGE_CURVE('',#3217,#3605,#3606,.T.);
#3047=EDGE_CURVE('',#3605,#3607,#3608,.T.);
#3048=EDGE_CURVE('',#3607,#3609,#3610,.T.);
#3049=EDGE_CURVE('',#3609,#3611,#3612,.T.);
#3050=EDGE_CURVE('',#3611,#3613,#3614,.T.);
#3051=EDGE_CURVE('',#3613,#3615,#3616,.T.);
#3052=EDGE_CURVE('',#3615,#3617,#3618,.T.);
#3053=EDGE_CURVE('',#3617,#3619,#3620,.T.);
#3054=EDGE_CURVE('',#3619,#3621,#3622,.T.);
#3055=EDGE_CURVE('',#3621,#3139,#3623,.T.);
#3056=EDGE_CURVE('',#3161,#3624,#3625,.T.);
#3057=EDGE_CURVE('',#3624,#3626,#3627,.T.);
#3058=EDGE_CURVE('',#3626,#3167,#3628,.T.);
#3059=EDGE_CURVE('',#3629,#3171,#3630,.T.);
#3060=EDGE_CURVE('',#3186,#3629,#3631,.T.);
#3061=EDGE_CURVE('',#3632,#3626,#3633,.T.);
#3062=EDGE_CURVE('',#3632,#3169,#3634,.T.);
#3063=EDGE_CURVE('',#3149,#3629,#3635,.T.);
#3064=EDGE_CURVE('',#3636,#3210,#3637,.T.);
#3065=EDGE_CURVE('',#3636,#3638,#3639,.T.);
#3066=EDGE_CURVE('',#3638,#3640,#3641,.T.);
#3067=EDGE_CURVE('',#3640,#3642,#3643,.T.);
#3068=EDGE_CURVE('',#3642,#3644,#3645,.T.);
#3069=EDGE_CURVE('',#3644,#3646,#3647,.T.);
#3070=EDGE_CURVE('',#3646,#3648,#3649,.T.);
#3071=EDGE_CURVE('',#3648,#3650,#3651,.T.);
#3072=EDGE_CURVE('',#3650,#3154,#3652,.T.);
#3073=EDGE_CURVE('',#3189,#3650,#3653,.T.);
#3074=EDGE_CURVE('',#3648,#3654,#3655,.T.);
#3075=EDGE_CURVE('',#3654,#3191,#3656,.T.);
#3076=EDGE_CURVE('',#3657,#3193,#3658,.T.);
#3077=EDGE_CURVE('',#3657,#3654,#3659,.T.);
#3078=EDGE_CURVE('',#3646,#3657,#3660,.T.);
#3079=EDGE_CURVE('',#3644,#3195,#3661,.T.);
#3080=EDGE_CURVE('',#3642,#3197,#3662,.T.);
#3081=EDGE_CURVE('',#3640,#3199,#3663,.T.);
#3082=EDGE_CURVE('',#3638,#3201,#3664,.T.);
#3083=EDGE_CURVE('',#3665,#3605,#3666,.T.);
#3084=EDGE_CURVE('',#3667,#3665,#3668,.T.);
#3085=EDGE_CURVE('',#3669,#3667,#3670,.T.);
#3086=EDGE_CURVE('',#3607,#3669,#3671,.T.);
#3087=EDGE_CURVE('',#3672,#3636,#3673,.T.);
#3088=EDGE_CURVE('',#3203,#3672,#3674,.T.);
#3089=EDGE_CURVE('',#3675,#3669,#3676,.T.);
#3090=EDGE_CURVE('',#3609,#3675,#3677,.T.);
#3091=EDGE_CURVE('',#3675,#3678,#3679,.T.);
#3092=EDGE_CURVE('',#3611,#3678,#3680,.T.);
#3093=EDGE_CURVE('',#3681,#3678,#3682,.T.);
#3094=EDGE_CURVE('',#3613,#3681,#3683,.T.);
#3095=EDGE_CURVE('',#3681,#3684,#3685,.T.);
#3096=EDGE_CURVE('',#3684,#3686,#3687,.T.);
#3097=EDGE_CURVE('',#3686,#3615,#3688,.T.);
#3098=EDGE_CURVE('',#3689,#3617,#3690,.T.);
#3099=EDGE_CURVE('',#3686,#3689,#3691,.T.);
#3100=EDGE_CURVE('',#3692,#3689,#3693,.T.);
#3101=EDGE_CURVE('',#3684,#3692,#3694,.T.);
#3102=EDGE_CURVE('',#3632,#3695,#3696,.T.);
#3103=EDGE_CURVE('',#3159,#3695,#3697,.T.);
#3104=EDGE_CURVE('',#3698,#3141,#3699,.T.);
#3105=EDGE_CURVE('',#3698,#3700,#3701,.T.);
#3106=EDGE_CURVE('',#3692,#3700,#3702,.T.);
#3107=EDGE_CURVE('',#3667,#3213,#3703,.T.);
#3108=EDGE_CURVE('',#3665,#3215,#3704,.T.);
#3109=EDGE_CURVE('',#3700,#3619,#3705,.T.);
#3110=EDGE_CURVE('',#3698,#3621,#3706,.T.);
#3111=EDGE_CURVE('',#3695,#3624,#3707,.T.);
#3112=EDGE_CURVE('',#3672,#3208,#3708,.T.);
#3113=VERTEX_POINT('',#3709);
#3114=VERTEX_POINT('',#3710);
#3115=LINE('',#3711,#3712);
#3116=VERTEX_POINT('',#3713);
#3117=LINE('',#3714,#3715);
#3118=VERTEX_POINT('',#3716);
#3119=LINE('',#3717,#3718);
#3120=VERTEX_POINT('',#3719);
#3121=LINE('',#3720,#3721);
#3122=VERTEX_POINT('',#3722);
#3123=CIRCLE('',#3723,0.7566372975211);
#3124=VERTEX_POINT('',#3724);
#3125=LINE('',#3725,#3726);
#3126=VERTEX_POINT('',#3727);
#3127=LINE('',#3728,#3729);
#3128=VERTEX_POINT('',#3730);
#3129=LINE('',#3731,#3732);
#3130=VERTEX_POINT('',#3733);
#3131=LINE('',#3734,#3735);
#3132=LINE('',#3736,#3737);
#3133=VERTEX_POINT('',#3738);
#3134=VERTEX_POINT('',#3739);
#3135=LINE('',#3740,#3741);
#3136=CIRCLE('',#3742,0.05);
#3137=VERTEX_POINT('',#3743);
#3138=CIRCLE('',#3744,0.05);
#3139=VERTEX_POINT('',#3745);
#3140=LINE('',#3746,#3747);
#3141=VERTEX_POINT('',#3748);
#3142=LINE('',#3749,#3750);
#3143=VERTEX_POINT('',#3751);
#3144=LINE('',#3752,#3753);
#3145=LINE('',#3754,#3755);
#3146=VERTEX_POINT('',#3756);
#3147=VERTEX_POINT('',#3757);
#3148=LINE('',#3758,#3759);
#3149=VERTEX_POINT('',#3760);
#3150=LINE('',#3761,#3762);
#3151=VERTEX_POINT('',#3763);
#3152=LINE('',#3764,#3765);
#3153=LINE('',#3766,#3767);
#3154=VERTEX_POINT('',#3768);
#3155=LINE('',#3769,#3770);
#3156=VERTEX_POINT('',#3771);
#3157=LINE('',#3772,#3773);
#3158=LINE('',#3774,#3775);
#3159=VERTEX_POINT('',#3776);
#3160=LINE('',#3777,#3778);
#3161=VERTEX_POINT('',#3779);
#3162=LINE('',#3780,#3781);
#3163=VERTEX_POINT('',#3782);
#3164=LINE('',#3783,#3784);
#3165=VERTEX_POINT('',#3785);
#3166=CIRCLE('',#3786,0.05);
#3167=VERTEX_POINT('',#3787);
#3168=LINE('',#3788,#3789);
#3169=VERTEX_POINT('',#3790);
#3170=LINE('',#3791,#3792);
#3171=VERTEX_POINT('',#3793);
#3172=LINE('',#3794,#3795);
#3173=VERTEX_POINT('',#3796);
#3174=LINE('',#3797,#3798);
#3175=VERTEX_POINT('',#3799);
#3176=LINE('',#3800,#3801);
#3177=VERTEX_POINT('',#3802);
#3178=CIRCLE('',#3803,0.05);
#3179=LINE('',#3804,#3805);
#3180=LINE('',#3806,#3807);
#3181=LINE('',#3808,#3809);
#3182=LINE('',#3810,#3811);
#3183=LINE('',#3812,#3813);
#3184=LINE('',#3814,#3815);
#3185=LINE('',#3816,#3817);
#3186=VERTEX_POINT('',#3818);
#3187=LINE('',#3819,#3820);
#3188=CIRCLE('',#3821,0.0254);
#3189=VERTEX_POINT('',#3822);
#3190=CIRCLE('',#3823,0.0254);
#3191=VERTEX_POINT('',#3824);
#3192=LINE('',#3825,#3826);
#3193=VERTEX_POINT('',#3827);
#3194=LINE('',#3828,#3829);
#3195=VERTEX_POINT('',#3830);
#3196=LINE('',#3831,#3832);
#3197=VERTEX_POINT('',#3833);
#3198=CIRCLE('',#3834,0.0381);
#3199=VERTEX_POINT('',#3835);
#3200=LINE('',#3836,#3837);
#3201=VERTEX_POINT('',#3838);
#3202=CIRCLE('',#3839,0.0381);
#3203=VERTEX_POINT('',#3840);
#3204=LINE('',#3841,#3842);
#3205=VERTEX_POINT('',#3843);
#3206=LINE('',#3844,#3845);
#3207=LINE('',#3846,#3847);
#3208=VERTEX_POINT('',#3848);
#3209=LINE('',#3849,#3850);
#3210=VERTEX_POINT('',#3851);
#3211=CIRCLE('',#3852,0.85);
#3212=LINE('',#3853,#3854);
#3213=VERTEX_POINT('',#3855);
#3214=LINE('',#3856,#3857);
#3215=VERTEX_POINT('',#3858);
#3216=CIRCLE('',#3859,0.85);
#3217=VERTEX_POINT('',#3860);
#3218=LINE('',#3861,#3862);
#3219=LINE('',#3863,#3864);
#3220=VERTEX_POINT('',#3865);
#3221=LINE('',#3866,#3867);
#3222=VERTEX_POINT('',#3868);
#3223=LINE('',#3869,#3870);
#3224=VERTEX_POINT('',#3871);
#3225=LINE('',#3872,#3873);
#3226=VERTEX_POINT('',#3874);
#3227=LINE('',#3875,#3876);
#3228=VERTEX_POINT('',#3877);
#3229=LINE('',#3878,#3879);
#3230=VERTEX_POINT('',#3880);
#3231=LINE('',#3881,#3882);
#3232=VERTEX_POINT('',#3883);
#3233=LINE('',#3884,#3885);
#3234=VERTEX_POINT('',#3886);
#3235=LINE('',#3887,#3888);
#3236=LINE('',#3889,#3890);
#3237=VERTEX_POINT('',#3891);
#3238=VERTEX_POINT('',#3892);
#3239=CIRCLE('',#3893,0.7);
#3240=CIRCLE('',#3894,0.7);
#3241=LINE('',#3895,#3896);
#3242=LINE('',#3897,#3898);
#3243=LINE('',#3899,#3900);
#3244=LINE('',#3901,#3902);
#3245=LINE('',#3903,#3904);
#3246=VERTEX_POINT('',#3905);
#3247=LINE('',#3906,#3907);
#3248=VERTEX_POINT('',#3908);
#3249=LINE('',#3909,#3910);
#3250=LINE('',#3911,#3912);
#3251=VERTEX_POINT('',#3913);
#3252=LINE('',#3914,#3915);
#3253=LINE('',#3916,#3917);
#3254=VERTEX_POINT('',#3918);
#3255=LINE('',#3919,#3920);
#3256=LINE('',#3921,#3922);
#3257=CIRCLE('',#3923,0.7566372975211);
#3258=VERTEX_POINT('',#3924);
#3259=VERTEX_POINT('',#3925);
#3260=LINE('',#3926,#3927);
#3261=VERTEX_POINT('',#3928);
#3262=LINE('',#3929,#3930);
#3263=VERTEX_POINT('',#3931);
#3264=LINE('',#3932,#3933);
#3265=CIRCLE('',#3934,0.73);
#3266=VERTEX_POINT('',#3935);
#3267=LINE('',#3936,#3937);
#3268=VERTEX_POINT('',#3938);
#3269=CIRCLE('',#3939,0.73);
#3270=LINE('',#3940,#3941);
#3271=VERTEX_POINT('',#3942);
#3272=LINE('',#3943,#3944);
#3273=VERTEX_POINT('',#3945);
#3274=LINE('',#3946,#3947);
#3275=VERTEX_POINT('',#3948);
#3276=LINE('',#3949,#3950);
#3277=VERTEX_POINT('',#3951);
#3278=LINE('',#3952,#3953);
#3279=VERTEX_POINT('',#3954);
#3280=LINE('',#3955,#3956);
#3281=LINE('',#3957,#3958);
#3282=VERTEX_POINT('',#3959);
#3283=LINE('',#3960,#3961);
#3284=LINE('',#3962,#3963);
#3285=VERTEX_POINT('',#3964);
#3286=LINE('',#3965,#3966);
#3287=VERTEX_POINT('',#3967);
#3288=LINE('',#3968,#3969);
#3289=VERTEX_POINT('',#3970);
#3290=LINE('',#3971,#3972);
#3291=VERTEX_POINT('',#3973);
#3292=LINE('',#3974,#3975);
#3293=LINE('',#3976,#3977);
#3294=LINE('',#3978,#3979);
#3295=VERTEX_POINT('',#3980);
#3296=VERTEX_POINT('',#3981);
#3297=CIRCLE('',#3982,0.5454950493836);
#3298=CIRCLE('',#3983,0.5454950493836);
#3299=LINE('',#3984,#3985);
#3300=VERTEX_POINT('',#3986);
#3301=VERTEX_POINT('',#3987);
#3302=LINE('',#3988,#3989);
#3303=LINE('',#3990,#3991);
#3304=VERTEX_POINT('',#3992);
#3305=LINE('',#3993,#3994);
#3306=VERTEX_POINT('',#3995);
#3307=LINE('',#3996,#3997);
#3308=VERTEX_POINT('',#3998);
#3309=LINE('',#3999,#4000);
#3310=VERTEX_POINT('',#4001);
#3311=LINE('',#4002,#4003);
#3312=VERTEX_POINT('',#4004);
#3313=LINE('',#4005,#4006);
#3314=VERTEX_POINT('',#4007);
#3315=LINE('',#4008,#4009);
#3316=LINE('',#4010,#4011);
#3317=VERTEX_POINT('',#4012);
#3318=VERTEX_POINT('',#4013);
#3319=LINE('',#4014,#4015);
#3320=LINE('',#4016,#4017);
#3321=LINE('',#4018,#4019);
#3322=VERTEX_POINT('',#4020);
#3323=LINE('',#4021,#4022);
#3324=VERTEX_POINT('',#4023);
#3325=LINE('',#4024,#4025);
#3326=LINE('',#4026,#4027);
#3327=VERTEX_POINT('',#4028);
#3328=LINE('',#4029,#4030);
#3329=VERTEX_POINT('',#4031);
#3330=LINE('',#4032,#4033);
#3331=LINE('',#4034,#4035);
#3332=VERTEX_POINT('',#4036);
#3333=LINE('',#4037,#4038);
#3334=LINE('',#4039,#4040);
#3335=LINE('',#4041,#4042);
#3336=VERTEX_POINT('',#4043);
#3337=LINE('',#4044,#4045);
#3338=LINE('',#4046,#4047);
#3339=VERTEX_POINT('',#4048);
#3340=LINE('',#4049,#4050);
#3341=LINE('',#4051,#4052);
#3342=LINE('',#4053,#4054);
#3343=LINE('',#4055,#4056);
#3344=VERTEX_POINT('',#4057);
#3345=LINE('',#4058,#4059);
#3346=LINE('',#4060,#4061);
#3347=LINE('',#4062,#4063);
#3348=VERTEX_POINT('',#4064);
#3349=CIRCLE('',#4065,0.127);
#3350=VERTEX_POINT('',#4066);
#3351=CIRCLE('',#4067,0.3175);
#3352=CIRCLE('',#4068,0.127);
#3353=CIRCLE('',#4069,0.3175);
#3354=VERTEX_POINT('',#4070);
#3355=LINE('',#4071,#4072);
#3356=VERTEX_POINT('',#4073);
#3357=LINE('',#4074,#4075);
#3358=CIRCLE('',#4076,0.3175);
#3359=VERTEX_POINT('',#4077);
#3360=CIRCLE('',#4078,0.127);
#3361=VERTEX_POINT('',#4079);
#3362=CIRCLE('',#4080,0.127);
#3363=CIRCLE('',#4081,0.5715);
#3364=VERTEX_POINT('',#4082);
#3365=VERTEX_POINT('',#4083);
#3366=CIRCLE('',#4084,0.7);
#3367=CIRCLE('',#4085,0.7);
#3368=CIRCLE('',#4086,0.5715);
#3369=VERTEX_POINT('',#4087);
#3370=VERTEX_POINT('',#4088);
#3371=CIRCLE('',#4089,0.75);
#3372=CIRCLE('',#4090,0.05);
#3373=CIRCLE('',#4091,0.05);
#3374=CIRCLE('',#4092,0.75);
#3375=VERTEX_POINT('',#4093);
#3376=VERTEX_POINT('',#4094);
#3377=CIRCLE('',#4095,0.75);
#3378=VERTEX_POINT('',#4096);
#3379=LINE('',#4097,#4098);
#3380=VERTEX_POINT('',#4099);
#3381=CIRCLE('',#4100,0.75);
#3382=LINE('',#4101,#4102);
#3383=VERTEX_POINT('',#4103);
#3384=LINE('',#4104,#4105);
#3385=VERTEX_POINT('',#4106);
#3386=CIRCLE('',#4107,0.75);
#3387=VERTEX_POINT('',#4108);
#3388=LINE('',#4109,#4110);
#3389=VERTEX_POINT('',#4111);
#3390=CIRCLE('',#4112,0.75);
#3391=VERTEX_POINT('',#4113);
#3392=LINE('',#4114,#4115);
#3393=VERTEX_POINT('',#4116);
#3394=CIRCLE('',#4117,0.75);
#3395=LINE('',#4118,#4119);
#3396=VERTEX_POINT('',#4120);
#3397=VERTEX_POINT('',#4121);
#3398=LINE('',#4122,#4123);
#3399=VERTEX_POINT('',#4124);
#3400=LINE('',#4125,#4126);
#3401=B_SPLINE_CURVE_WITH_KNOTS('',3,(#4127,#4128,#4129,#4130,#4131,#4132,#4133,#4134,#4135,#4136,#4137),.UNSPECIFIED.,.F.,.F.,(4,1,1,1,1,1,1,1,4),(0.0,0.125,0.25,0.375,0.5,0.625,0.75,0.875,1.0),.UNSPECIFIED.);
#3402=VERTEX_POINT('',#4138);
#3403=LINE('',#4139,#4140);
#3404=VERTEX_POINT('',#4141);
#3405=LINE('',#4142,#4143);
#3406=VERTEX_POINT('',#4144);
#3407=B_SPLINE_CURVE_WITH_KNOTS('',3,(#4145,#4146,#4147,#4148,#4149,#4150,#4151,#4152,#4153,#4154),.UNSPECIFIED.,.F.,.F.,(4,1,1,1,1,1,1,4),(0.0,0.1428571428571,0.2857142857143,0.4285714285714,0.5714285714286,0.7142857142857,0.8571428571429,1.0),.UNSPECIFIED.);
#3408=LINE('',#4155,#4156);
#3409=VERTEX_POINT('',#4157);
#3410=VERTEX_POINT('',#4158);
#3411=CIRCLE('',#4159,1.8);
#3412=VERTEX_POINT('',#4160);
#3413=LINE('',#4161,#4162);
#3414=VERTEX_POINT('',#4163);
#3415=LINE('',#4164,#4165);
#3416=VERTEX_POINT('',#4166);
#3417=LINE('',#4167,#4168);
#3418=VERTEX_POINT('',#4169);
#3419=LINE('',#4170,#4171);
#3420=VERTEX_POINT('',#4172);
#3421=LINE('',#4173,#4174);
#3422=VERTEX_POINT('',#4175);
#3423=CIRCLE('',#4176,1.8);
#3424=VERTEX_POINT('',#4177);
#3425=LINE('',#4178,#4179);
#3426=VERTEX_POINT('',#4180);
#3427=CIRCLE('',#4181,0.5);
#3428=LINE('',#4182,#4183);
#3429=VERTEX_POINT('',#4184);
#3430=CIRCLE('',#4185,0.85);
#3431=VERTEX_POINT('',#4186);
#3432=LINE('',#4187,#4188);
#3433=VERTEX_POINT('',#4189);
#3434=LINE('',#4190,#4191);
#3435=VERTEX_POINT('',#4192);
#3436=LINE('',#4193,#4194);
#3437=VERTEX_POINT('',#4195);
#3438=CIRCLE('',#4196,0.85);
#3439=VERTEX_POINT('',#4197);
#3440=LINE('',#4198,#4199);
#3441=VERTEX_POINT('',#4200);
#3442=LINE('',#4201,#4202);
#3443=VERTEX_POINT('',#4203);
#3444=LINE('',#4204,#4205);
#3445=VERTEX_POINT('',#4206);
#3446=CIRCLE('',#4207,0.85);
#3447=VERTEX_POINT('',#4208);
#3448=LINE('',#4209,#4210);
#3449=VERTEX_POINT('',#4211);
#3450=LINE('',#4212,#4213);
#3451=VERTEX_POINT('',#4214);
#3452=LINE('',#4215,#4216);
#3453=VERTEX_POINT('',#4217);
#3454=CIRCLE('',#4218,0.85);
#3455=VERTEX_POINT('',#4219);
#3456=LINE('',#4220,#4221);
#3457=LINE('',#4222,#4223);
#3458=VERTEX_POINT('',#4224);
#3459=LINE('',#4225,#4226);
#3460=LINE('',#4227,#4228);
#3461=VERTEX_POINT('',#4229);
#3462=VERTEX_POINT('',#4230);
#3463=CIRCLE('',#4231,0.5);
#3464=VERTEX_POINT('',#4232);
#3465=LINE('',#4233,#4234);
#3466=VERTEX_POINT('',#4235);
#3467=CIRCLE('',#4236,1.8);
#3468=VERTEX_POINT('',#4237);
#3469=LINE('',#4238,#4239);
#3470=VERTEX_POINT('',#4240);
#3471=LINE('',#4241,#4242);
#3472=VERTEX_POINT('',#4243);
#3473=LINE('',#4244,#4245);
#3474=VERTEX_POINT('',#4246);
#3475=LINE('',#4247,#4248);
#3476=VERTEX_POINT('',#4249);
#3477=LINE('',#4250,#4251);
#3478=VERTEX_POINT('',#4252);
#3479=CIRCLE('',#4253,1.8);
#3480=LINE('',#4254,#4255);
#3481=VERTEX_POINT('',#4256);
#3482=LINE('',#4257,#4258);
#3483=VERTEX_POINT('',#4259);
#3484=CIRCLE('',#4260,0.85);
#3485=VERTEX_POINT('',#4261);
#3486=LINE('',#4262,#4263);
#3487=VERTEX_POINT('',#4264);
#3488=LINE('',#4265,#4266);
#3489=VERTEX_POINT('',#4267);
#3490=LINE('',#4268,#4269);
#3491=VERTEX_POINT('',#4270);
#3492=CIRCLE('',#4271,0.85);
#3493=VERTEX_POINT('',#4272);
#3494=LINE('',#4273,#4274);
#3495=VERTEX_POINT('',#4275);
#3496=LINE('',#4276,#4277);
#3497=VERTEX_POINT('',#4278);
#3498=LINE('',#4279,#4280);
#3499=VERTEX_POINT('',#4281);
#3500=CIRCLE('',#4282,0.85);
#3501=VERTEX_POINT('',#4283);
#3502=LINE('',#4284,#4285);
#3503=VERTEX_POINT('',#4286);
#3504=LINE('',#4287,#4288);
#3505=VERTEX_POINT('',#4289);
#3506=LINE('',#4290,#4291);
#3507=CIRCLE('',#4292,0.85);
#3508=B_SPLINE_CURVE_WITH_KNOTS('',3,(#4293,#4294,#4295,#4296,#4297,#4298,#4299,#4300,#4301,#4302,#4303),.UNSPECIFIED.,.F.,.F.,(4,1,1,1,1,1,1,1,4),(0.0,0.125,0.25,0.375,0.5,0.625,0.75,0.875,1.0),.UNSPECIFIED.);
#3509=B_SPLINE_CURVE_WITH_KNOTS('',3,(#4304,#4305,#4306,#4307,#4308,#4309,#4310,#4311,#4312,#4313,#4314),.UNSPECIFIED.,.F.,.F.,(4,1,1,1,1,1,1,1,4),(0.0,0.125,0.25,0.375,0.5,0.625,0.75,0.875,1.0),.UNSPECIFIED.);
#3510=B_SPLINE_CURVE_WITH_KNOTS('',3,(#4315,#4316,#4317,#4318,#4319,#4320,#4321,#4322,#4323,#4324,#4325),.UNSPECIFIED.,.F.,.F.,(4,1,1,1,1,1,1,1,4),(0.0,0.125,0.25,0.375,0.5,0.625,0.75,0.875,1.0),.UNSPECIFIED.);
#3511=VERTEX_POINT('',#4326);
#3512=B_SPLINE_CURVE_WITH_KNOTS('',3,(#4327,#4328,#4329,#4330,#4331,#4332,#4333,#4334,#4335,#4336),.UNSPECIFIED.,.F.,.F.,(4,1,1,1,1,1,1,4),(0.0,0.1428571428571,0.2857142857143,0.4285714285714,0.5714285714286,0.7142857142857,0.8571428571429,1.0),.UNSPECIFIED.);
#3513=VERTEX_POINT('',#4337);
#3514=LINE('',#4338,#4339);
#3515=LINE('',#4340,#4341);
#3516=LINE('',#4342,#4343);
#3517=LINE('',#4344,#4345);
#3518=VERTEX_POINT('',#4346);
#3519=B_SPLINE_CURVE_WITH_KNOTS('',3,(#4347,#4348,#4349,#4350,#4351,#4352,#4353,#4354,#4355,#4356,#4357),.UNSPECIFIED.,.F.,.F.,(4,1,1,1,1,1,1,1,4),(0.0,0.125,0.25,0.375,0.5,0.625,0.75,0.875,1.0),.UNSPECIFIED.);
#3520=VERTEX_POINT('',#4358);
#3521=LINE('',#4359,#4360);
#3522=VERTEX_POINT('',#4361);
#3523=LINE('',#4362,#4363);
#3524=VERTEX_POINT('',#4364);
#3525=LINE('',#4365,#4366);
#3526=B_SPLINE_CURVE_WITH_KNOTS('',3,(#4367,#4368,#4369,#4370,#4371,#4372,#4373,#4374,#4375,#4376),.UNSPECIFIED.,.F.,.F.,(4,1,1,1,1,1,1,4),(0.0,0.1428571428571,0.2857142857143,0.4285714285714,0.5714285714286,0.7142857142857,0.8571428571429,1.0),.UNSPECIFIED.);
#3527=VERTEX_POINT('',#4377);
#3528=CIRCLE('',#4378,0.8);
#3529=B_SPLINE_CURVE_WITH_KNOTS('',3,(#4379,#4380,#4381,#4382,#4383,#4384,#4385,#4386,#4387,#4388),.UNSPECIFIED.,.F.,.F.,(4,1,1,1,1,1,1,4),(0.0,0.1428571428571,0.2857142857143,0.4285714285714,0.5714285714286,0.7142857142857,0.8571428571429,1.0),.UNSPECIFIED.);
#3530=VERTEX_POINT('',#4389);
#3531=VERTEX_POINT('',#4390);
#3532=CIRCLE('',#4391,0.8);
#3533=B_SPLINE_CURVE_WITH_KNOTS('',3,(#4392,#4393,#4394,#4395,#4396,#4397,#4398,#4399,#4400,#4401),.UNSPECIFIED.,.F.,.F.,(4,1,1,1,1,1,1,4),(0.0,0.1428571428571,0.2857142857143,0.4285714285714,0.5714285714286,0.7142857142857,0.8571428571429,1.0),.UNSPECIFIED.);
#3534=B_SPLINE_CURVE_WITH_KNOTS('',3,(#4402,#4403,#4404,#4405,#4406,#4407,#4408,#4409,#4410,#4411),.UNSPECIFIED.,.F.,.F.,(4,1,1,1,1,1,1,4),(0.0,0.1428571428571,0.2857142857143,0.4285714285714,0.5714285714286,0.7142857142857,0.8571428571429,1.0),.UNSPECIFIED.);
#3535=VERTEX_POINT('',#4412);
#3536=LINE('',#4413,#4414);
#3537=VERTEX_POINT('',#4415);
#3538=LINE('',#4416,#4417);
#3539=VERTEX_POINT('',#4418);
#3540=LINE('',#4419,#4420);
#3541=B_SPLINE_CURVE_WITH_KNOTS('',3,(#4421,#4422,#4423,#4424,#4425,#4426,#4427,#4428,#4429,#4430,#4431),.UNSPECIFIED.,.F.,.F.,(4,1,1,1,1,1,1,1,4),(0.0,0.125,0.25,0.375,0.5,0.625,0.75,0.875,1.0),.UNSPECIFIED.);
#3542=LINE('',#4432,#4433);
#3543=LINE('',#4434,#4435);
#3544=VERTEX_POINT('',#4436);
#3545=B_SPLINE_CURVE_WITH_KNOTS('',3,(#4437,#4438,#4439,#4440,#4441,#4442,#4443,#4444,#4445,#4446,#4447),.UNSPECIFIED.,.F.,.F.,(4,1,1,1,1,1,1,1,4),(0.0,0.125,0.25,0.375,0.5,0.625,0.75,0.875,1.0),.UNSPECIFIED.);
#3546=VERTEX_POINT('',#4448);
#3547=LINE('',#4449,#4450);
#3548=VERTEX_POINT('',#4451);
#3549=LINE('',#4452,#4453);
#3550=LINE('',#4454,#4455);
#3551=VERTEX_POINT('',#4456);
#3552=CIRCLE('',#4457,0.8);
#3553=VERTEX_POINT('',#4458);
#3554=LINE('',#4459,#4460);
#3555=VERTEX_POINT('',#4461);
#3556=CIRCLE('',#4462,0.8);
#3557=VERTEX_POINT('',#4463);
#3558=LINE('',#4464,#4465);
#3559=VERTEX_POINT('',#4466);
#3560=CIRCLE('',#4467,0.8);
#3561=LINE('',#4468,#4469);
#3562=CIRCLE('',#4470,0.8);
#3563=VERTEX_POINT('',#4471);
#3564=LINE('',#4472,#4473);
#3565=CIRCLE('',#4474,0.8);
#3566=CIRCLE('',#4475,0.8);
#3567=CIRCLE('',#4476,0.75);
#3568=CIRCLE('',#4477,0.75);
#3569=VERTEX_POINT('',#4478);
#3570=CIRCLE('',#4479,0.8);
#3571=LINE('',#4480,#4481);
#3572=VERTEX_POINT('',#4482);
#3573=CIRCLE('',#4483,0.75);
#3574=LINE('',#4484,#4485);
#3575=VERTEX_POINT('',#4486);
#3576=LINE('',#4487,#4488);
#3577=VERTEX_POINT('',#4489);
#3578=CIRCLE('',#4490,0.8);
#3579=LINE('',#4491,#4492);
#3580=CIRCLE('',#4493,0.8);
#3581=CIRCLE('',#4494,0.8);
#3582=B_SPLINE_CURVE_WITH_KNOTS('',3,(#4495,#4496,#4497,#4498,#4499,#4500,#4501,#4502,#4503,#4504),.UNSPECIFIED.,.F.,.F.,(4,1,1,1,1,1,1,4),(0.0,0.1428571428571,0.2857142857143,0.4285714285714,0.5714285714286,0.7142857142857,0.8571428571429,1.0),.UNSPECIFIED.);
#3583=B_SPLINE_CURVE_WITH_KNOTS('',3,(#4505,#4506,#4507,#4508,#4509,#4510,#4511,#4512,#4513,#4514),.UNSPECIFIED.,.F.,.F.,(4,1,1,1,1,1,1,4),(0.0,0.1428571428571,0.2857142857143,0.4285714285714,0.5714285714286,0.7142857142857,0.8571428571429,1.0),.UNSPECIFIED.);
#3584=LINE('',#4515,#4516);
#3585=LINE('',#4517,#4518);
#3586=VERTEX_POINT('',#4519);
#3587=LINE('',#4520,#4521);
#3588=B_SPLINE_CURVE_WITH_KNOTS('',3,(#4522,#4523,#4524,#4525,#4526,#4527,#4528,#4529,#4530,#4531,#4532),.UNSPECIFIED.,.F.,.F.,(4,1,1,1,1,1,1,1,4),(0.0,0.125,0.25,0.375,0.5,0.625,0.75,0.875,1.0),.UNSPECIFIED.);
#3589=CIRCLE('',#4533,0.75);
#3590=CIRCLE('',#4534,0.75);
#3591=CIRCLE('',#4535,0.1);
#3592=CIRCLE('',#4536,0.1);
#3593=LINE('',#4537,#4538);
#3594=LINE('',#4539,#4540);
#3595=LINE('',#4541,#4542);
#3596=LINE('',#4543,#4544);
#3597=LINE('',#4545,#4546);
#3598=LINE('',#4547,#4548);
#3599=LINE('',#4549,#4550);
#3600=LINE('',#4551,#4552);
#3601=LINE('',#4553,#4554);
#3602=LINE('',#4555,#4556);
#3603=CIRCLE('',#4557,0.3175);
#3604=LINE('',#4558,#4559);
#3605=VERTEX_POINT('',#4560);
#3606=LINE('',#4561,#4562);
#3607=VERTEX_POINT('',#4563);
#3608=LINE('',#4564,#4565);
#3609=VERTEX_POINT('',#4566);
#3610=CIRCLE('',#4567,0.0381);
#3611=VERTEX_POINT('',#4568);
#3612=LINE('',#4569,#4570);
#3613=VERTEX_POINT('',#4571);
#3614=CIRCLE('',#4572,0.0381);
#3615=VERTEX_POINT('',#4573);
#3616=LINE('',#4574,#4575);
#3617=VERTEX_POINT('',#4576);
#3618=LINE('',#4577,#4578);
#3619=VERTEX_POINT('',#4579);
#3620=LINE('',#4580,#4581);
#3621=VERTEX_POINT('',#4582);
#3622=CIRCLE('',#4583,0.0254);
#3623=LINE('',#4584,#4585);
#3624=VERTEX_POINT('',#4586);
#3625=LINE('',#4587,#4588);
#3626=VERTEX_POINT('',#4589);
#3627=CIRCLE('',#4590,0.0254);
#3628=LINE('',#4591,#4592);
#3629=VERTEX_POINT('',#4593);
#3630=LINE('',#4594,#4595);
#3631=LINE('',#4596,#4597);
#3632=VERTEX_POINT('',#4598);
#3633=LINE('',#4599,#4600);
#3634=LINE('',#4601,#4602);
#3635=CIRCLE('',#4603,0.0254);
#3636=VERTEX_POINT('',#4604);
#3637=LINE('',#4605,#4606);
#3638=VERTEX_POINT('',#4607);
#3639=LINE('',#4608,#4609);
#3640=VERTEX_POINT('',#4610);
#3641=CIRCLE('',#4611,0.0381);
#3642=VERTEX_POINT('',#4612);
#3643=LINE('',#4613,#4614);
#3644=VERTEX_POINT('',#4615);
#3645=CIRCLE('',#4616,0.0381);
#3646=VERTEX_POINT('',#4617);
#3647=LINE('',#4618,#4619);
#3648=VERTEX_POINT('',#4620);
#3649=LINE('',#4621,#4622);
#3650=VERTEX_POINT('',#4623);
#3651=LINE('',#4624,#4625);
#3652=CIRCLE('',#4626,0.0254);
#3653=LINE('',#4627,#4628);
#3654=VERTEX_POINT('',#4629);
#3655=LINE('',#4630,#4631);
#3656=LINE('',#4632,#4633);
#3657=VERTEX_POINT('',#4634);
#3658=LINE('',#4635,#4636);
#3659=LINE('',#4637,#4638);
#3660=LINE('',#4639,#4640);
#3661=LINE('',#4641,#4642);
#3662=LINE('',#4643,#4644);
#3663=LINE('',#4645,#4646);
#3664=LINE('',#4647,#4648);
#3665=VERTEX_POINT('',#4649);
#3666=LINE('',#4650,#4651);
#3667=VERTEX_POINT('',#4652);
#3668=CIRCLE('',#4653,0.85);
#3669=VERTEX_POINT('',#4654);
#3670=LINE('',#4655,#4656);
#3671=LINE('',#4657,#4658);
#3672=VERTEX_POINT('',#4659);
#3673=CIRCLE('',#4660,0.85);
#3674=LINE('',#4661,#4662);
#3675=VERTEX_POINT('',#4663);
#3676=CIRCLE('',#4664,0.0381);
#3677=LINE('',#4665,#4666);
#3678=VERTEX_POINT('',#4667);
#3679=LINE('',#4668,#4669);
#3680=LINE('',#4670,#4671);
#3681=VERTEX_POINT('',#4672);
#3682=CIRCLE('',#4673,0.0381);
#3683=LINE('',#4674,#4675);
#3684=VERTEX_POINT('',#4676);
#3685=LINE('',#4677,#4678);
#3686=VERTEX_POINT('',#4679);
#3687=LINE('',#4680,#4681);
#3688=LINE('',#4682,#4683);
#3689=VERTEX_POINT('',#4684);
#3690=LINE('',#4685,#4686);
#3691=LINE('',#4687,#4688);
#3692=VERTEX_POINT('',#4689);
#3693=LINE('',#4690,#4691);
#3694=LINE('',#4692,#4693);
#3695=VERTEX_POINT('',#4694);
#3696=CIRCLE('',#4695,0.0254);
#3697=LINE('',#4696,#4697);
#3698=VERTEX_POINT('',#4698);
#3699=LINE('',#4699,#4700);
#3700=VERTEX_POINT('',#4701);
#3701=CIRCLE('',#4702,0.0254);
#3702=LINE('',#4703,#4704);
#3703=LINE('',#4705,#4706);
#3704=LINE('',#4707,#4708);
#3705=LINE('',#4709,#4710);
#3706=LINE('',#4711,#4712);
#3707=LINE('',#4713,#4714);
#3708=LINE('',#4715,#4716);
#3709=CARTESIAN_POINT('',(-1.79999999999991,0.0,-1.59999999999998));
#3710=CARTESIAN_POINT('',(-1.79999999999991,0.0,1.85000000000002));
#3711=CARTESIAN_POINT('',(-1.79999999999991,0.0,-1.59999999999998));
#3712=VECTOR('',#4717,87.63);
#3713=CARTESIAN_POINT('',(-1.49999999999991,0.0,-1.89999999999998));
#3714=CARTESIAN_POINT('',(-1.79999999999991,0.0,-1.59999999999998));
#3715=VECTOR('',#4718,10.7763073452823);
#3716=CARTESIAN_POINT('',(-0.749999999999912,0.0,-1.89999999999998));
#3717=CARTESIAN_POINT('',(-0.749999999999912,0.0,-1.89999999999998));
#3718=VECTOR('',#4719,19.05);
#3719=CARTESIAN_POINT('',(-0.749999999999912,0.0,1.99840144432528E-14));
#3720=CARTESIAN_POINT('',(-0.749999999999912,0.0,-1.89999999999998));
#3721=VECTOR('',#4720,48.26);
#3722=CARTESIAN_POINT('',(0.750000000000088,0.0,1.99840144432528E-14));
#3723=AXIS2_PLACEMENT_3D('',#4721,#4722,#4723);
#3724=CARTESIAN_POINT('',(0.750000000000088,0.0,-1.89999999999998));
#3725=CARTESIAN_POINT('',(0.750000000000088,0.0,-1.89999999999998));
#3726=VECTOR('',#4724,48.26);
#3727=CARTESIAN_POINT('',(1.50000000000009,0.0,-1.89999999999998));
#3728=CARTESIAN_POINT('',(1.50000000000009,0.0,-1.89999999999998));
#3729=VECTOR('',#4725,19.05);
#3730=CARTESIAN_POINT('',(1.80000000000009,0.0,-1.59999999999998));
#3731=CARTESIAN_POINT('',(1.50000000000009,0.0,-1.89999999999998));
#3732=VECTOR('',#4726,10.7763073452823);
#3733=CARTESIAN_POINT('',(1.80000000000009,0.0,1.85000000000002));
#3734=CARTESIAN_POINT('',(1.80000000000009,0.0,1.85000000000002));
#3735=VECTOR('',#4727,87.63);
#3736=CARTESIAN_POINT('',(1.80000000000009,0.0,1.85000000000002));
#3737=VECTOR('',#4728,91.44);
#3738=CARTESIAN_POINT('',(-1.34999999999991,0.05,1.90000000000002));
#3739=CARTESIAN_POINT('',(-1.79999999999991,0.05,1.90000000000002));
#3740=CARTESIAN_POINT('',(-1.34999999999991,0.05,1.90000000000002));
#3741=VECTOR('',#4729,11.43);
#3742=AXIS2_PLACEMENT_3D('',#4730,#4731,#4732);
#3743=CARTESIAN_POINT('',(1.80000000000009,0.05,1.90000000000002));
#3744=AXIS2_PLACEMENT_3D('',#4733,#4734,#4735);
#3745=CARTESIAN_POINT('',(1.35000000000009,0.05,1.90000000000002));
#3746=CARTESIAN_POINT('',(1.80000000000009,0.05,1.90000000000002));
#3747=VECTOR('',#4736,11.43);
#3748=CARTESIAN_POINT('',(0.400000000000088,0.05,1.90000000000002));
#3749=CARTESIAN_POINT('',(1.35000000000009,0.05,1.90000000000002));
#3750=VECTOR('',#4737,24.13);
#3751=CARTESIAN_POINT('',(-0.399999999999912,0.05,1.90000000000002));
#3752=CARTESIAN_POINT('',(0.400000000000088,0.05,1.90000000000002));
#3753=VECTOR('',#4738,20.32);
#3754=CARTESIAN_POINT('',(-0.399999999999912,0.05,1.90000000000002));
#3755=VECTOR('',#4739,24.13);
#3756=CARTESIAN_POINT('',(-1.34999999999991,0.585,1.90000000000002));
#3757=CARTESIAN_POINT('',(-1.34999999999991,0.6096,1.90000000000002));
#3758=CARTESIAN_POINT('',(-1.34999999999991,0.585,1.90000000000002));
#3759=VECTOR('',#4740,0.62484);
#3760=CARTESIAN_POINT('',(-0.399999999999912,0.6096,1.90000000000002));
#3761=CARTESIAN_POINT('',(-1.34999999999991,0.6096,1.90000000000002));
#3762=VECTOR('',#4741,24.13);
#3763=CARTESIAN_POINT('',(-0.399999999999912,0.585,1.90000000000002));
#3764=CARTESIAN_POINT('',(-0.399999999999912,0.585,1.90000000000002));
#3765=VECTOR('',#4742,0.62484);
#3766=CARTESIAN_POINT('',(-1.34999999999991,0.585,1.90000000000002));
#3767=VECTOR('',#4743,24.13);
#3768=CARTESIAN_POINT('',(-0.399999999999912,0.02032,1.90000000000002));
#3769=CARTESIAN_POINT('',(-0.399999999999912,0.02032,1.90000000000002));
#3770=VECTOR('',#4744,0.753872);
#3771=CARTESIAN_POINT('',(-1.34999999999991,0.02032,1.90000000000002));
#3772=CARTESIAN_POINT('',(-1.34999999999991,0.02032,1.90000000000002));
#3773=VECTOR('',#4745,24.13);
#3774=CARTESIAN_POINT('',(-1.34999999999991,0.02032,1.90000000000002));
#3775=VECTOR('',#4746,0.753872);
#3776=CARTESIAN_POINT('',(0.400000000000088,0.585,1.90000000000002));
#3777=CARTESIAN_POINT('',(-0.399999999999912,0.585,1.90000000000002));
#3778=VECTOR('',#4747,20.32);
#3779=CARTESIAN_POINT('',(1.35000000000009,0.585,1.90000000000002));
#3780=CARTESIAN_POINT('',(0.400000000000088,0.585,1.90000000000002));
#3781=VECTOR('',#4748,24.13);
#3782=CARTESIAN_POINT('',(1.80000000000009,0.585,1.90000000000002));
#3783=CARTESIAN_POINT('',(1.35000000000009,0.585,1.90000000000002));
#3784=VECTOR('',#4749,11.43);
#3785=CARTESIAN_POINT('',(1.80000000000009,0.635,1.85000000000002));
#3786=AXIS2_PLACEMENT_3D('',#4750,#4751,#4752);
#3787=CARTESIAN_POINT('',(1.35000000000009,0.635,1.85000000000002));
#3788=CARTESIAN_POINT('',(1.35000000000009,0.635,1.85000000000002));
#3789=VECTOR('',#4753,11.43);
#3790=CARTESIAN_POINT('',(0.400000000000088,0.635,1.85000000000002));
#3791=CARTESIAN_POINT('',(0.400000000000088,0.635,1.85000000000002));
#3792=VECTOR('',#4754,24.13);
#3793=CARTESIAN_POINT('',(-0.399999999999912,0.635,1.85000000000002));
#3794=CARTESIAN_POINT('',(-0.399999999999912,0.635,1.85000000000002));
#3795=VECTOR('',#4755,20.32);
#3796=CARTESIAN_POINT('',(-1.34999999999991,0.635,1.85000000000002));
#3797=CARTESIAN_POINT('',(-1.34999999999991,0.635,1.85000000000002));
#3798=VECTOR('',#4756,24.13);
#3799=CARTESIAN_POINT('',(-1.79999999999991,0.635,1.85000000000002));
#3800=CARTESIAN_POINT('',(-1.79999999999991,0.635,1.85000000000002));
#3801=VECTOR('',#4757,11.43);
#3802=CARTESIAN_POINT('',(-1.79999999999991,0.585,1.90000000000002));
#3803=AXIS2_PLACEMENT_3D('',#4758,#4759,#4760);
#3804=CARTESIAN_POINT('',(-1.79999999999991,0.585,1.90000000000002));
#3805=VECTOR('',#4761,11.43);
#3806=CARTESIAN_POINT('',(-1.79999999999991,0.05,1.90000000000002));
#3807=VECTOR('',#4762,13.589);
#3808=CARTESIAN_POINT('',(-1.34999999999991,0.05,1.90000000000002));
#3809=VECTOR('',#4763,13.589);
#3810=CARTESIAN_POINT('',(0.400000000000088,0.05,1.90000000000002));
#3811=VECTOR('',#4764,13.589);
#3812=CARTESIAN_POINT('',(-0.399999999999912,0.05,1.90000000000002));
#3813=VECTOR('',#4765,13.589);
#3814=CARTESIAN_POINT('',(1.80000000000009,0.05,1.90000000000002));
#3815=VECTOR('',#4766,13.589);
#3816=CARTESIAN_POINT('',(1.35000000000009,0.05,1.90000000000002));
#3817=VECTOR('',#4767,13.589);
#3818=CARTESIAN_POINT('',(-1.34999999999991,0.635,1.87460000000002));
#3819=CARTESIAN_POINT('',(-1.34999999999991,0.635,1.85000000000002));
#3820=VECTOR('',#4768,0.62484);
#3821=AXIS2_PLACEMENT_3D('',#4769,#4770,#4771);
#3822=CARTESIAN_POINT('',(-1.34999999999991,-0.00508,1.87460000000002));
#3823=AXIS2_PLACEMENT_3D('',#4772,#4773,#4774);
#3824=CARTESIAN_POINT('',(-1.34999999999991,-0.00508,1.11270000000002));
#3825=CARTESIAN_POINT('',(-1.34999999999991,-0.00508,1.11270000000002));
#3826=VECTOR('',#4775,19.35226);
#3827=CARTESIAN_POINT('',(-1.34999999999991,-0.01778,1.11270000000002));
#3828=CARTESIAN_POINT('',(-1.34999999999991,-0.01778,1.11270000000002));
#3829=VECTOR('',#4776,0.32258);
#3830=CARTESIAN_POINT('',(-1.34999999999991,-0.01778,1.87460000000002));
#3831=CARTESIAN_POINT('',(-1.34999999999991,-0.01778,1.87460000000002));
#3832=VECTOR('',#4777,19.35226);
#3833=CARTESIAN_POINT('',(-1.34999999999991,0.02032,1.91270000000002));
#3834=AXIS2_PLACEMENT_3D('',#4778,#4779,#4780);
#3835=CARTESIAN_POINT('',(-1.34999999999991,0.6096,1.91270000000002));
#3836=CARTESIAN_POINT('',(-1.34999999999991,0.6096,1.91270000000002));
#3837=VECTOR('',#4781,14.967712);
#3838=CARTESIAN_POINT('',(-1.34999999999991,0.6477,1.87460000000002));
#3839=AXIS2_PLACEMENT_3D('',#4782,#4783,#4784);
#3840=CARTESIAN_POINT('',(-1.34999999999991,0.6477,0.84135981625942));
#3841=CARTESIAN_POINT('',(-1.34999999999991,0.6477,1.87460000000002));
#3842=VECTOR('',#4785,26.2443006670214);
#3843=CARTESIAN_POINT('',(-1.34999999999991,0.635,0.84135981625942));
#3844=CARTESIAN_POINT('',(-1.34999999999991,0.635,0.84135981625942));
#3845=VECTOR('',#4786,0.32258);
#3846=CARTESIAN_POINT('',(-1.34999999999991,0.635,1.85000000000002));
#3847=VECTOR('',#4787,25.6194606670214);
#3848=CARTESIAN_POINT('',(-0.798738727667912,0.635,0.64071712182682));
#3849=CARTESIAN_POINT('',(-1.34999999999991,0.635,0.84135981625942));
#3850=VECTOR('',#4788,14.9006558181995);
#3851=CARTESIAN_POINT('',(-0.399999999999912,0.635,1.10000000000002));
#3852=AXIS2_PLACEMENT_3D('',#4789,#4790,#4791);
#3853=CARTESIAN_POINT('',(-0.399999999999912,0.635,1.85000000000002));
#3854=VECTOR('',#4792,19.05);
#3855=CARTESIAN_POINT('',(0.400000000000088,0.635,1.10000000000002));
#3856=CARTESIAN_POINT('',(0.400000000000088,0.635,1.85000000000002));
#3857=VECTOR('',#4793,19.05);
#3858=CARTESIAN_POINT('',(0.798738727668088,0.635,0.64071712182682));
#3859=AXIS2_PLACEMENT_3D('',#4794,#4795,#4796);
#3860=CARTESIAN_POINT('',(1.35000000000009,0.635,0.84135981625942));
#3861=CARTESIAN_POINT('',(0.798738727668088,0.635,0.64071712182682));
#3862=VECTOR('',#4797,14.9006558181995);
#3863=CARTESIAN_POINT('',(1.35000000000009,0.635,1.85000000000002));
#3864=VECTOR('',#4798,25.6194606670214);
#3865=CARTESIAN_POINT('',(1.80000000000009,0.635,-1.59999999999998));
#3866=CARTESIAN_POINT('',(1.80000000000009,0.635,1.85000000000002));
#3867=VECTOR('',#4799,87.63);
#3868=CARTESIAN_POINT('',(1.50000000000009,0.635,-1.89999999999998));
#3869=CARTESIAN_POINT('',(1.50000000000009,0.635,-1.89999999999998));
#3870=VECTOR('',#4800,10.7763073452823);
#3871=CARTESIAN_POINT('',(0.750000000000088,0.635,-1.89999999999998));
#3872=CARTESIAN_POINT('',(1.50000000000009,0.635,-1.89999999999998));
#3873=VECTOR('',#4801,19.05);
#3874=CARTESIAN_POINT('',(0.750000000000088,0.635,-1.59999999999998));
#3875=CARTESIAN_POINT('',(0.750000000000088,0.635,-1.89999999999998));
#3876=VECTOR('',#4802,7.62);
#3877=CARTESIAN_POINT('',(-0.749999999999912,0.635,-1.59999999999998));
#3878=CARTESIAN_POINT('',(0.750000000000088,0.635,-1.59999999999998));
#3879=VECTOR('',#4803,38.1);
#3880=CARTESIAN_POINT('',(-0.749999999999912,0.635,-1.89999999999998));
#3881=CARTESIAN_POINT('',(-0.749999999999912,0.635,-1.89999999999998));
#3882=VECTOR('',#4804,7.62);
#3883=CARTESIAN_POINT('',(-1.49999999999991,0.635,-1.89999999999998));
#3884=CARTESIAN_POINT('',(-0.749999999999912,0.635,-1.89999999999998));
#3885=VECTOR('',#4805,19.05);
#3886=CARTESIAN_POINT('',(-1.79999999999991,0.635,-1.59999999999998));
#3887=CARTESIAN_POINT('',(-1.79999999999991,0.635,-1.59999999999998));
#3888=VECTOR('',#4806,10.7763073452823);
#3889=CARTESIAN_POINT('',(-1.79999999999991,0.635,-1.59999999999998));
#3890=VECTOR('',#4807,87.63);
#3891=CARTESIAN_POINT('',(8.81517081552374E-14,0.635,-0.79999999999998));
#3892=CARTESIAN_POINT('',(8.81517081552374E-14,0.635,0.60000000000002));
#3893=AXIS2_PLACEMENT_3D('',#4808,#4809,#4810);
#3894=AXIS2_PLACEMENT_3D('',#4811,#4812,#4813);
#3895=CARTESIAN_POINT('',(-1.79999999999991,0.0,-1.59999999999998));
#3896=VECTOR('',#4814,16.129);
#3897=CARTESIAN_POINT('',(-1.49999999999991,0.0,-1.89999999999998));
#3898=VECTOR('',#4815,16.129);
#3899=CARTESIAN_POINT('',(1.50000000000009,0.0,-1.89999999999998));
#3900=VECTOR('',#4816,16.129);
#3901=CARTESIAN_POINT('',(0.750000000000088,0.0,-1.89999999999998));
#3902=VECTOR('',#4817,16.129);
#3903=CARTESIAN_POINT('',(-0.749999999999912,0.635,-1.89999999999998));
#3904=VECTOR('',#4818,16.129);
#3905=CARTESIAN_POINT('',(0.750000000000088,0.2,1.99840144432528E-14));
#3906=CARTESIAN_POINT('',(0.750000000000088,0.0,1.99840144432528E-14));
#3907=VECTOR('',#4819,5.08);
#3908=CARTESIAN_POINT('',(0.750000000000088,0.2,-1.59999999999998));
#3909=CARTESIAN_POINT('',(0.750000000000088,0.2,-1.59999999999998));
#3910=VECTOR('',#4820,40.64);
#3911=CARTESIAN_POINT('',(0.750000000000088,0.2,-1.59999999999998));
#3912=VECTOR('',#4821,11.049);
#3913=CARTESIAN_POINT('',(-0.749999999999912,0.2,-1.59999999999998));
#3914=CARTESIAN_POINT('',(0.750000000000088,0.2,-1.59999999999998));
#3915=VECTOR('',#4822,38.1);
#3916=CARTESIAN_POINT('',(-0.749999999999912,0.2,-1.59999999999998));
#3917=VECTOR('',#4823,11.049);
#3918=CARTESIAN_POINT('',(-0.749999999999912,0.2,1.99840144432528E-14));
#3919=CARTESIAN_POINT('',(-0.749999999999912,0.0,1.99840144432528E-14));
#3920=VECTOR('',#4824,5.08);
#3921=CARTESIAN_POINT('',(-0.749999999999912,0.2,1.99840144432528E-14));
#3922=VECTOR('',#4825,40.64);
#3923=AXIS2_PLACEMENT_3D('',#4826,#4827,#4828);
#3924=CARTESIAN_POINT('',(0.730000000000088,0.2,-1.04999999999998));
#3925=CARTESIAN_POINT('',(0.730000000000088,0.2,-0.0999999999999801));
#3926=CARTESIAN_POINT('',(0.730000000000088,0.2,-1.04999999999998));
#3927=VECTOR('',#4829,24.13);
#3928=CARTESIAN_POINT('',(-0.729999999999912,0.2,-1.04999999999998));
#3929=CARTESIAN_POINT('',(0.730000000000088,0.2,-1.04999999999998));
#3930=VECTOR('',#4830,37.084);
#3931=CARTESIAN_POINT('',(-0.729999999999912,0.2,-0.0999999999999701));
#3932=CARTESIAN_POINT('',(-0.729999999999912,0.2,-1.04999999999998));
#3933=VECTOR('',#4831,24.13);
#3934=AXIS2_PLACEMENT_3D('',#4832,#4833,#4834);
#3935=CARTESIAN_POINT('',(-0.729999999999912,0.1,-0.0999999999999801));
#3936=CARTESIAN_POINT('',(-0.729999999999912,0.1,-0.0999999999999801));
#3937=VECTOR('',#4835,2.54);
#3938=CARTESIAN_POINT('',(0.730000000000088,0.1,-0.0999999999999801));
#3939=AXIS2_PLACEMENT_3D('',#4836,#4837,#4838);
#3940=CARTESIAN_POINT('',(0.730000000000088,0.1,-0.0999999999999801));
#3941=VECTOR('',#4839,2.54);
#3942=CARTESIAN_POINT('',(0.730000000000088,0.1,-1.04999999999998));
#3943=CARTESIAN_POINT('',(0.730000000000088,0.1,-0.0999999999999801));
#3944=VECTOR('',#4840,24.13);
#3945=CARTESIAN_POINT('',(0.730000000000088,0.0,-1.14999999999998));
#3946=CARTESIAN_POINT('',(0.730000000000088,0.0,-1.14999999999998));
#3947=VECTOR('',#4841,3.59210244842742);
#3948=CARTESIAN_POINT('',(0.730000000000088,0.0,-2.04999999999998));
#3949=CARTESIAN_POINT('',(0.730000000000088,0.0,-2.04999999999998));
#3950=VECTOR('',#4842,22.86);
#3951=CARTESIAN_POINT('',(0.730000000000088,0.1,-2.04999999999998));
#3952=CARTESIAN_POINT('',(0.730000000000088,0.1,-2.04999999999998));
#3953=VECTOR('',#4843,2.54);
#3954=CARTESIAN_POINT('',(0.730000000000088,0.1,-1.14999999999998));
#3955=CARTESIAN_POINT('',(0.730000000000088,0.1,-1.14999999999998));
#3956=VECTOR('',#4844,22.86);
#3957=CARTESIAN_POINT('',(0.730000000000088,0.2,-1.04999999999998));
#3958=VECTOR('',#4845,3.59210244842742);
#3959=CARTESIAN_POINT('',(-0.729999999999912,0.1,-1.14999999999998));
#3960=CARTESIAN_POINT('',(0.730000000000088,0.1,-1.14999999999998));
#3961=VECTOR('',#4846,37.084);
#3962=CARTESIAN_POINT('',(-0.729999999999912,0.2,-1.04999999999998));
#3963=VECTOR('',#4847,3.59210244842742);
#3964=CARTESIAN_POINT('',(-0.729999999999912,0.1,-2.04999999999998));
#3965=CARTESIAN_POINT('',(-0.729999999999912,0.1,-1.14999999999998));
#3966=VECTOR('',#4848,22.86);
#3967=CARTESIAN_POINT('',(-0.729999999999912,0.0,-2.04999999999998));
#3968=CARTESIAN_POINT('',(-0.729999999999912,0.1,-2.04999999999998));
#3969=VECTOR('',#4849,2.54);
#3970=CARTESIAN_POINT('',(-0.729999999999912,0.0,-1.14999999999998));
#3971=CARTESIAN_POINT('',(-0.729999999999912,0.0,-2.04999999999998));
#3972=VECTOR('',#4850,22.86);
#3973=CARTESIAN_POINT('',(-0.729999999999912,0.1,-1.04999999999998));
#3974=CARTESIAN_POINT('',(-0.729999999999912,0.0,-1.14999999999998));
#3975=VECTOR('',#4851,3.59210244842742);
#3976=CARTESIAN_POINT('',(-0.729999999999912,0.1,-1.04999999999998));
#3977=VECTOR('',#4852,24.13);
#3978=CARTESIAN_POINT('',(0.730000000000088,0.1,-1.04999999999998));
#3979=VECTOR('',#4853,37.084);
#3980=CARTESIAN_POINT('',(0.545495049383688,0.1,-0.10000000013258));
#3981=CARTESIAN_POINT('',(-0.545495049383512,0.1,-0.09999999986734));
#3982=AXIS2_PLACEMENT_3D('',#4854,#4855,#4856);
#3983=AXIS2_PLACEMENT_3D('',#4857,#4858,#4859);
#3984=CARTESIAN_POINT('',(0.730000000000088,0.0,-1.14999999999998));
#3985=VECTOR('',#4860,37.084);
#3986=CARTESIAN_POINT('',(0.425000000000088,0.0,-2.04999999999998));
#3987=CARTESIAN_POINT('',(0.425000000000088,0.0,-1.79999999999998));
#3988=CARTESIAN_POINT('',(0.425000000000088,0.0,-2.04999999999998));
#3989=VECTOR('',#4861,6.35);
#3990=CARTESIAN_POINT('',(0.730000000000088,0.0,-2.04999999999998));
#3991=VECTOR('',#4862,7.747);
#3992=CARTESIAN_POINT('',(-0.424999999999912,0.0,-2.04999999999998));
#3993=CARTESIAN_POINT('',(-0.424999999999912,0.0,-2.04999999999998));
#3994=VECTOR('',#4863,7.747);
#3995=CARTESIAN_POINT('',(-0.424999999999912,0.0,-1.79999999999998));
#3996=CARTESIAN_POINT('',(-0.424999999999912,0.0,-2.04999999999998));
#3997=VECTOR('',#4864,6.35);
#3998=CARTESIAN_POINT('',(-0.419999999999912,0.0,-1.79999999999998));
#3999=CARTESIAN_POINT('',(-0.424999999999912,0.0,-1.79999999999998));
#4000=VECTOR('',#4865,0.127);
#4001=CARTESIAN_POINT('',(-0.419999999999912,0.0,-1.89999999999998));
#4002=CARTESIAN_POINT('',(-0.419999999999912,0.0,-1.89999999999998));
#4003=VECTOR('',#4866,2.54);
#4004=CARTESIAN_POINT('',(0.420000000000088,0.0,-1.89999999999998));
#4005=CARTESIAN_POINT('',(0.420000000000088,0.0,-1.89999999999998));
#4006=VECTOR('',#4867,21.336);
#4007=CARTESIAN_POINT('',(0.420000000000088,0.0,-1.79999999999998));
#4008=CARTESIAN_POINT('',(0.420000000000088,0.0,-1.79999999999998));
#4009=VECTOR('',#4868,2.54);
#4010=CARTESIAN_POINT('',(0.420000000000088,0.0,-1.79999999999998));
#4011=VECTOR('',#4869,0.127);
#4012=CARTESIAN_POINT('',(0.420000000000088,0.1,-1.79999999999998));
#4013=CARTESIAN_POINT('',(0.425000000000088,0.1,-1.79999999999998));
#4014=CARTESIAN_POINT('',(0.420000000000088,0.1,-1.79999999999998));
#4015=VECTOR('',#4870,0.127);
#4016=CARTESIAN_POINT('',(0.425000000000088,0.1,-1.79999999999998));
#4017=VECTOR('',#4871,2.54);
#4018=CARTESIAN_POINT('',(0.420000000000088,0.0,-1.79999999999998));
#4019=VECTOR('',#4872,2.54);
#4020=CARTESIAN_POINT('',(-0.424999999999912,0.1,-1.79999999999998));
#4021=CARTESIAN_POINT('',(-0.424999999999912,0.1,-1.79999999999998));
#4022=VECTOR('',#4873,2.54);
#4023=CARTESIAN_POINT('',(-0.419999999999912,0.1,-1.79999999999998));
#4024=CARTESIAN_POINT('',(-0.424999999999912,0.1,-1.79999999999998));
#4025=VECTOR('',#4874,0.127);
#4026=CARTESIAN_POINT('',(-0.419999999999912,0.0,-1.79999999999998));
#4027=VECTOR('',#4875,2.54);
#4028=CARTESIAN_POINT('',(0.420000000000088,1.1,-1.89999999999998));
#4029=CARTESIAN_POINT('',(0.420000000000088,0.0,-1.89999999999998));
#4030=VECTOR('',#4876,27.94);
#4031=CARTESIAN_POINT('',(0.420000000000088,1.1,-1.79999999999998));
#4032=CARTESIAN_POINT('',(0.420000000000088,1.1,-1.79999999999998));
#4033=VECTOR('',#4877,2.54);
#4034=CARTESIAN_POINT('',(0.420000000000088,0.1,-1.79999999999998));
#4035=VECTOR('',#4878,25.4);
#4036=CARTESIAN_POINT('',(-0.419999999999912,1.1,-1.79999999999998));
#4037=CARTESIAN_POINT('',(-0.419999999999912,1.1,-1.79999999999998));
#4038=VECTOR('',#4879,21.336);
#4039=CARTESIAN_POINT('',(-0.419999999999912,0.1,-1.79999999999998));
#4040=VECTOR('',#4880,25.4);
#4041=CARTESIAN_POINT('',(-0.419999999999912,0.1,-1.79999999999998));
#4042=VECTOR('',#4881,21.336);
#4043=CARTESIAN_POINT('',(-0.424999999999912,0.1,-2.04999999999998));
#4044=CARTESIAN_POINT('',(-0.424999999999912,0.1,-2.04999999999998));
#4045=VECTOR('',#4882,6.35);
#4046=CARTESIAN_POINT('',(-0.424999999999912,0.1,-2.04999999999998));
#4047=VECTOR('',#4883,7.747);
#4048=CARTESIAN_POINT('',(0.425000000000088,0.1,-2.04999999999998));
#4049=CARTESIAN_POINT('',(0.730000000000088,0.1,-2.04999999999998));
#4050=VECTOR('',#4884,7.747);
#4051=CARTESIAN_POINT('',(0.425000000000088,0.1,-2.04999999999998));
#4052=VECTOR('',#4885,6.35);
#4053=CARTESIAN_POINT('',(0.425000000000088,0.1,-2.04999999999998));
#4054=VECTOR('',#4886,2.54);
#4055=CARTESIAN_POINT('',(-0.424999999999912,0.1,-2.04999999999998));
#4056=VECTOR('',#4887,2.54);
#4057=CARTESIAN_POINT('',(-0.419999999999912,1.1,-1.89999999999998));
#4058=CARTESIAN_POINT('',(-0.419999999999912,1.1,-1.89999999999998));
#4059=VECTOR('',#4888,2.54);
#4060=CARTESIAN_POINT('',(-0.419999999999912,0.0,-1.89999999999998));
#4061=VECTOR('',#4889,27.94);
#4062=CARTESIAN_POINT('',(0.420000000000088,1.1,-1.89999999999998));
#4063=VECTOR('',#4890,21.336);
#4064=CARTESIAN_POINT('',(0.317500000000088,0.177,-0.09999999999847));
#4065=AXIS2_PLACEMENT_3D('',#4891,#4892,#4893);
#4066=CARTESIAN_POINT('',(-0.317499999999912,0.177,-0.10000000000108));
#4067=AXIS2_PLACEMENT_3D('',#4894,#4895,#4896);
#4068=AXIS2_PLACEMENT_3D('',#4897,#4898,#4899);
#4069=AXIS2_PLACEMENT_3D('',#4900,#4901,#4902);
#4070=CARTESIAN_POINT('',(0.317500000000088,0.685,-0.0999999999999801));
#4071=CARTESIAN_POINT('',(0.317500000000088,0.685,-0.10000000000068));
#4072=VECTOR('',#4903,12.9032);
#4073=CARTESIAN_POINT('',(-0.317499999999912,0.685,-0.0999999999999801));
#4074=CARTESIAN_POINT('',(-0.317499999999912,0.685,-0.10000000000058));
#4075=VECTOR('',#4904,12.9032);
#4076=AXIS2_PLACEMENT_3D('',#4905,#4906,#4907);
#4077=CARTESIAN_POINT('',(0.571500000000088,0.685,-0.0999999999977701));
#4078=AXIS2_PLACEMENT_3D('',#4908,#4909,#4910);
#4079=CARTESIAN_POINT('',(-0.571499999999912,0.685,-0.10000000000218));
#4080=AXIS2_PLACEMENT_3D('',#4911,#4912,#4913);
#4081=AXIS2_PLACEMENT_3D('',#4914,#4915,#4916);
#4082=CARTESIAN_POINT('',(8.81517081552374E-14,0.685,0.60000000000002));
#4083=CARTESIAN_POINT('',(8.81517081552374E-14,0.685,-0.79999999999998));
#4084=AXIS2_PLACEMENT_3D('',#4917,#4918,#4919);
#4085=AXIS2_PLACEMENT_3D('',#4920,#4921,#4922);
#4086=AXIS2_PLACEMENT_3D('',#4923,#4924,#4925);
#4087=CARTESIAN_POINT('',(8.81517081552374E-14,0.735,0.65000000000002));
#4088=CARTESIAN_POINT('',(8.81517081552374E-14,0.735,-0.84999999999998));
#4089=AXIS2_PLACEMENT_3D('',#4926,#4927,#4928);
#4090=AXIS2_PLACEMENT_3D('',#4929,#4930,#4931);
#4091=AXIS2_PLACEMENT_3D('',#4932,#4933,#4934);
#4092=AXIS2_PLACEMENT_3D('',#4935,#4936,#4937);
#4093=CARTESIAN_POINT('',(-0.274999999999912,1.035,0.59776428684762));
#4094=CARTESIAN_POINT('',(-0.697764286847512,1.035,0.17500000000002));
#4095=AXIS2_PLACEMENT_3D('',#4938,#4939,#4940);
#4096=CARTESIAN_POINT('',(-0.274999999999912,0.885,0.59776428684762));
#4097=CARTESIAN_POINT('',(-0.274999999999912,0.885,0.59776428684762));
#4098=VECTOR('',#4941,3.81);
#4099=CARTESIAN_POINT('',(8.81517081552374E-14,0.885,0.65000000000002));
#4100=AXIS2_PLACEMENT_3D('',#4942,#4943,#4944);
#4101=CARTESIAN_POINT('',(8.81517081552374E-14,0.735,0.65000000000002));
#4102=VECTOR('',#4945,3.81);
#4103=CARTESIAN_POINT('',(8.81517081552374E-14,0.885,-0.84999999999998));
#4104=CARTESIAN_POINT('',(8.81517081552374E-14,0.735,-0.84999999999998));
#4105=VECTOR('',#4946,3.81);
#4106=CARTESIAN_POINT('',(-0.274999999999912,0.885,-0.79776428684758));
#4107=AXIS2_PLACEMENT_3D('',#4947,#4948,#4949);
#4108=CARTESIAN_POINT('',(-0.274999999999912,1.035,-0.79776428684758));
#4109=CARTESIAN_POINT('',(-0.274999999999912,0.885,-0.79776428684758));
#4110=VECTOR('',#4950,3.81);
#4111=CARTESIAN_POINT('',(-0.697764286847512,1.035,-0.37499999999998));
#4112=AXIS2_PLACEMENT_3D('',#4951,#4952,#4953);
#4113=CARTESIAN_POINT('',(-0.697764286847512,0.885,-0.37499999999998));
#4114=CARTESIAN_POINT('',(-0.697764286847512,0.885,-0.37499999999998));
#4115=VECTOR('',#4954,3.81);
#4116=CARTESIAN_POINT('',(-0.697764286847512,0.885,0.17500000000002));
#4117=AXIS2_PLACEMENT_3D('',#4955,#4956,#4957);
#4118=CARTESIAN_POINT('',(-0.697764286847512,0.885,0.17500000000002));
#4119=VECTOR('',#4958,3.81);
#4120=CARTESIAN_POINT('',(-1.24999999999991,1.135,0.17500000000002));
#4121=CARTESIAN_POINT('',(-1.24999999999991,1.085,0.17500000000002));
#4122=CARTESIAN_POINT('',(-1.24999999999991,1.135,0.17500000000002));
#4123=VECTOR('',#4959,1.27);
#4124=CARTESIAN_POINT('',(-0.804285397107212,1.135,0.17500000000002));
#4125=CARTESIAN_POINT('',(-1.24999999999991,1.135,0.17500000000002));
#4126=VECTOR('',#4960,11.3211509134746);
#4127=CARTESIAN_POINT('',(-0.697764286847512,1.035,0.17500000000002));
#4128=CARTESIAN_POINT('',(-0.697764286847512,1.041785935206,0.17500000000002));
#4129=CARTESIAN_POINT('',(-0.699209517112312,1.055038020376,0.17500000000002));
#4130=CARTESIAN_POINT('',(-0.705675675301312,1.074425290043,0.17500000000002));
#4131=CARTESIAN_POINT('',(-0.715998631180912,1.091916836101,0.17500000000002));
#4132=CARTESIAN_POINT('',(-0.729573061423812,1.106981869931,0.17500000000002));
#4133=CARTESIAN_POINT('',(-0.745726915285512,1.119128368568,0.17500000000002));
#4134=CARTESIAN_POINT('',(-0.763877643696712,1.128112289058,0.17500000000002));
#4135=CARTESIAN_POINT('',(-0.783605572804112,1.133704809439,0.17500000000002));
#4136=CARTESIAN_POINT('',(-0.797276027688512,1.135,0.17500000000002));
#4137=CARTESIAN_POINT('',(-0.804285397107212,1.135,0.17500000000002));
#4138=CARTESIAN_POINT('',(-0.751248960065712,0.885,0.17500000000002));
#4139=CARTESIAN_POINT('',(-0.751248960065712,0.885,0.17500000000002));
#4140=VECTOR('',#4961,1.35851069974203);
#4141=CARTESIAN_POINT('',(-0.751248960065712,1.035,0.17500000000002));
#4142=CARTESIAN_POINT('',(-0.751248960065712,0.885,0.17500000000002));
#4143=VECTOR('',#4962,3.81);
#4144=CARTESIAN_POINT('',(-0.804285397107212,1.085,0.17500000000002));
#4145=CARTESIAN_POINT('',(-0.804285397107212,1.085,0.17500000000002));
#4146=CARTESIAN_POINT('',(-0.800275712347512,1.085,0.17500000000002));
#4147=CARTESIAN_POINT('',(-0.792496399909912,1.084157957786,0.17500000000002));
#4148=CARTESIAN_POINT('',(-0.781332607993012,1.080506500947,0.17500000000002));
#4149=CARTESIAN_POINT('',(-0.771317735184112,1.07465204488,0.17500000000002));
#4150=CARTESIAN_POINT('',(-0.762823166600112,1.066802588959,0.17500000000002));
#4151=CARTESIAN_POINT('',(-0.756306754627812,1.057274843993,0.17500000000002));
#4152=CARTESIAN_POINT('',(-0.752185517711212,1.046422311949,0.17500000000002));
#4153=CARTESIAN_POINT('',(-0.751248960065712,1.038889625211,0.17500000000002));
#4154=CARTESIAN_POINT('',(-0.751248960065712,1.035,0.17500000000002));
#4155=CARTESIAN_POINT('',(-1.24999999999991,1.085,0.17500000000002));
#4156=VECTOR('',#4963,11.3211509134746);
#4157=CARTESIAN_POINT('',(0.972293851019588,1.085,-1.61480845893798));
#4158=CARTESIAN_POINT('',(1.29518338469909,1.085,1.15000000000002));
#4159=AXIS2_PLACEMENT_3D('',#4964,#4965,#4966);
#4160=CARTESIAN_POINT('',(0.895183384698988,1.085,1.15000000000002));
#4161=CARTESIAN_POINT('',(1.29518338469909,1.085,1.15000000000002));
#4162=VECTOR('',#4967,10.16);
#4163=CARTESIAN_POINT('',(0.895183384698988,1.085,1.50000000000002));
#4164=CARTESIAN_POINT('',(0.895183384698988,1.085,1.50000000000002));
#4165=VECTOR('',#4968,8.89);
#4166=CARTESIAN_POINT('',(-0.895183384698812,1.085,1.50000000000002));
#4167=CARTESIAN_POINT('',(0.895183384698988,1.085,1.50000000000002));
#4168=VECTOR('',#4969,45.4753159427092);
#4169=CARTESIAN_POINT('',(-0.895183384698812,1.085,1.15000000000002));
#4170=CARTESIAN_POINT('',(-0.895183384698812,1.085,1.15000000000002));
#4171=VECTOR('',#4970,8.89);
#4172=CARTESIAN_POINT('',(-1.29518338469891,1.085,1.15000000000002));
#4173=CARTESIAN_POINT('',(-0.895183384698812,1.085,1.15000000000002));
#4174=VECTOR('',#4971,10.16);
#4175=CARTESIAN_POINT('',(-0.972293851019412,1.085,-1.61480845893798));
#4176=AXIS2_PLACEMENT_3D('',#4972,#4973,#4974);
#4177=CARTESIAN_POINT('',(-0.352293851019412,1.085,-1.61480845893798));
#4178=CARTESIAN_POINT('',(-0.972293851019412,1.085,-1.61480845893798));
#4179=VECTOR('',#4975,15.748);
#4180=CARTESIAN_POINT('',(0.352293851019588,1.085,-1.61480845893798));
#4181=AXIS2_PLACEMENT_3D('',#4976,#4977,#4978);
#4182=CARTESIAN_POINT('',(0.352293851019588,1.085,-1.61480845893798));
#4183=VECTOR('',#4979,15.748);
#4184=CARTESIAN_POINT('',(-0.274999999999912,1.085,0.70428539710732));
#4185=AXIS2_PLACEMENT_3D('',#4980,#4981,#4982);
#4186=CARTESIAN_POINT('',(-0.274999999999912,1.085,1.15000000000002));
#4187=CARTESIAN_POINT('',(-0.274999999999912,1.085,1.15000000000002));
#4188=VECTOR('',#4983,11.3211509134746);
#4189=CARTESIAN_POINT('',(0.275000000000088,1.085,1.15000000000002));
#4190=CARTESIAN_POINT('',(-0.274999999999912,1.085,1.15000000000002));
#4191=VECTOR('',#4984,13.97);
#4192=CARTESIAN_POINT('',(0.275000000000088,1.085,0.70428539710732));
#4193=CARTESIAN_POINT('',(0.275000000000088,1.085,1.15000000000002));
#4194=VECTOR('',#4985,11.3211509134746);
#4195=CARTESIAN_POINT('',(0.804285397107388,1.085,0.17500000000002));
#4196=AXIS2_PLACEMENT_3D('',#4986,#4987,#4988);
#4197=CARTESIAN_POINT('',(1.25000000000009,1.085,0.17500000000002));
#4198=CARTESIAN_POINT('',(0.804285397107388,1.085,0.17500000000002));
#4199=VECTOR('',#4989,11.3211509134746);
#4200=CARTESIAN_POINT('',(1.25000000000009,1.085,-0.37499999999998));
#4201=CARTESIAN_POINT('',(1.25000000000009,1.085,0.17500000000002));
#4202=VECTOR('',#4990,13.97);
#4203=CARTESIAN_POINT('',(0.804285397107388,1.085,-0.37499999999998));
#4204=CARTESIAN_POINT('',(1.25000000000009,1.085,-0.37499999999998));
#4205=VECTOR('',#4991,11.3211509134746);
#4206=CARTESIAN_POINT('',(0.275000000000088,1.085,-0.90428539710728));
#4207=AXIS2_PLACEMENT_3D('',#4992,#4993,#4994);
#4208=CARTESIAN_POINT('',(0.275000000000088,1.085,-1.34999999999998));
#4209=CARTESIAN_POINT('',(0.275000000000088,1.085,-0.90428539710728));
#4210=VECTOR('',#4995,11.3211509134746);
#4211=CARTESIAN_POINT('',(-0.274999999999912,1.085,-1.34999999999998));
#4212=CARTESIAN_POINT('',(0.275000000000088,1.085,-1.34999999999998));
#4213=VECTOR('',#4996,13.97);
#4214=CARTESIAN_POINT('',(-0.274999999999912,1.085,-0.90428539710728));
#4215=CARTESIAN_POINT('',(-0.274999999999912,1.085,-1.34999999999998));
#4216=VECTOR('',#4997,11.3211509134746);
#4217=CARTESIAN_POINT('',(-0.804285397107212,1.085,-0.37499999999998));
#4218=AXIS2_PLACEMENT_3D('',#4998,#4999,#5000);
#4219=CARTESIAN_POINT('',(-1.24999999999991,1.085,-0.37499999999998));
#4220=CARTESIAN_POINT('',(-0.804285397107212,1.085,-0.37499999999998));
#4221=VECTOR('',#5001,11.3211509134746);
#4222=CARTESIAN_POINT('',(-1.24999999999991,1.085,-0.37499999999998));
#4223=VECTOR('',#5002,13.97);
#4224=CARTESIAN_POINT('',(-1.24999999999991,1.135,-0.37499999999998));
#4225=CARTESIAN_POINT('',(-1.24999999999991,1.135,-0.37499999999998));
#4226=VECTOR('',#5003,1.27);
#4227=CARTESIAN_POINT('',(-1.24999999999991,1.135,-0.37499999999998));
#4228=VECTOR('',#5004,13.97);
#4229=CARTESIAN_POINT('',(0.352293851019588,1.135,-1.61480845893798));
#4230=CARTESIAN_POINT('',(-0.352293851019412,1.135,-1.61480845893798));
#4231=AXIS2_PLACEMENT_3D('',#5005,#5006,#5007);
#4232=CARTESIAN_POINT('',(-0.972293851019412,1.135,-1.61480845893798));
#4233=CARTESIAN_POINT('',(-0.972293851019412,1.135,-1.61480845893798));
#4234=VECTOR('',#5008,15.748);
#4235=CARTESIAN_POINT('',(-1.29518338469891,1.135,1.15000000000002));
#4236=AXIS2_PLACEMENT_3D('',#5009,#5010,#5011);
#4237=CARTESIAN_POINT('',(-0.895183384698812,1.135,1.15000000000002));
#4238=CARTESIAN_POINT('',(-0.895183384698812,1.135,1.15000000000002));
#4239=VECTOR('',#5012,10.16);
#4240=CARTESIAN_POINT('',(-0.895183384698812,1.135,1.50000000000002));
#4241=CARTESIAN_POINT('',(-0.895183384698812,1.135,1.15000000000002));
#4242=VECTOR('',#5013,8.89);
#4243=CARTESIAN_POINT('',(0.895183384698988,1.135,1.50000000000002));
#4244=CARTESIAN_POINT('',(0.895183384698988,1.135,1.50000000000002));
#4245=VECTOR('',#5014,45.4753159427092);
#4246=CARTESIAN_POINT('',(0.895183384698988,1.135,1.15000000000002));
#4247=CARTESIAN_POINT('',(0.895183384698988,1.135,1.50000000000002));
#4248=VECTOR('',#5015,8.89);
#4249=CARTESIAN_POINT('',(1.29518338469909,1.135,1.15000000000002));
#4250=CARTESIAN_POINT('',(1.29518338469909,1.135,1.15000000000002));
#4251=VECTOR('',#5016,10.16);
#4252=CARTESIAN_POINT('',(0.972293851019588,1.135,-1.61480845893798));
#4253=AXIS2_PLACEMENT_3D('',#5017,#5018,#5019);
#4254=CARTESIAN_POINT('',(0.352293851019588,1.135,-1.61480845893798));
#4255=VECTOR('',#5020,15.748);
#4256=CARTESIAN_POINT('',(-0.804285397107212,1.135,-0.37499999999998));
#4257=CARTESIAN_POINT('',(-0.804285397107212,1.135,-0.37499999999998));
#4258=VECTOR('',#5021,11.3211509134746);
#4259=CARTESIAN_POINT('',(-0.274999999999912,1.135,-0.90428539710728));
#4260=AXIS2_PLACEMENT_3D('',#5022,#5023,#5024);
#4261=CARTESIAN_POINT('',(-0.274999999999912,1.135,-1.34999999999998));
#4262=CARTESIAN_POINT('',(-0.274999999999912,1.135,-1.34999999999998));
#4263=VECTOR('',#5025,11.3211509134746);
#4264=CARTESIAN_POINT('',(0.275000000000088,1.135,-1.34999999999998));
#4265=CARTESIAN_POINT('',(0.275000000000088,1.135,-1.34999999999998));
#4266=VECTOR('',#5026,13.97);
#4267=CARTESIAN_POINT('',(0.275000000000088,1.135,-0.90428539710728));
#4268=CARTESIAN_POINT('',(0.275000000000088,1.135,-0.90428539710728));
#4269=VECTOR('',#5027,11.3211509134746);
#4270=CARTESIAN_POINT('',(0.804285397107388,1.135,-0.37499999999998));
#4271=AXIS2_PLACEMENT_3D('',#5028,#5029,#5030);
#4272=CARTESIAN_POINT('',(1.25000000000009,1.135,-0.37499999999998));
#4273=CARTESIAN_POINT('',(1.25000000000009,1.135,-0.37499999999998));
#4274=VECTOR('',#5031,11.3211509134746);
#4275=CARTESIAN_POINT('',(1.25000000000009,1.135,0.17500000000002));
#4276=CARTESIAN_POINT('',(1.25000000000009,1.135,0.17500000000002));
#4277=VECTOR('',#5032,13.97);
#4278=CARTESIAN_POINT('',(0.804285397107388,1.135,0.17500000000002));
#4279=CARTESIAN_POINT('',(0.804285397107388,1.135,0.17500000000002));
#4280=VECTOR('',#5033,11.3211509134746);
#4281=CARTESIAN_POINT('',(0.275000000000088,1.135,0.70428539710732));
#4282=AXIS2_PLACEMENT_3D('',#5034,#5035,#5036);
#4283=CARTESIAN_POINT('',(0.275000000000088,1.135,1.15000000000002));
#4284=CARTESIAN_POINT('',(0.275000000000088,1.135,1.15000000000002));
#4285=VECTOR('',#5037,11.3211509134746);
#4286=CARTESIAN_POINT('',(-0.274999999999912,1.135,1.15000000000002));
#4287=CARTESIAN_POINT('',(-0.274999999999912,1.135,1.15000000000002));
#4288=VECTOR('',#5038,13.97);
#4289=CARTESIAN_POINT('',(-0.274999999999912,1.135,0.70428539710732));
#4290=CARTESIAN_POINT('',(-0.274999999999912,1.135,1.15000000000002));
#4291=VECTOR('',#5039,11.3211509134746);
#4292=AXIS2_PLACEMENT_3D('',#5040,#5041,#5042);
#4293=CARTESIAN_POINT('',(-0.274999999999912,1.135,0.70428539710732));
#4294=CARTESIAN_POINT('',(-0.274999999999912,1.135,0.69726727485242));
#4295=CARTESIAN_POINT('',(-0.274999999999912,1.133702133013,0.68357591478182));
#4296=CARTESIAN_POINT('',(-0.274999999999912,1.128084179119,0.66379410177372));
#4297=CARTESIAN_POINT('',(-0.274999999999912,1.119055834312,0.64560408984272));
#4298=CARTESIAN_POINT('',(-0.274999999999912,1.106870107706,0.62945063949972));
#4299=CARTESIAN_POINT('',(-0.274999999999912,1.091798492922,0.61591511767352));
#4300=CARTESIAN_POINT('',(-0.274999999999912,1.074342561367,0.60564283817652));
#4301=CARTESIAN_POINT('',(-0.274999999999912,1.055009194503,0.59920662894412));
#4302=CARTESIAN_POINT('',(-0.274999999999912,1.041777392414,0.59776428684762));
#4303=CARTESIAN_POINT('',(-0.274999999999912,1.035,0.59776428684762));
#4304=CARTESIAN_POINT('',(-0.804285397107212,1.135,-0.37499999999998));
#4305=CARTESIAN_POINT('',(-0.797267274852312,1.135,-0.37499999999998));
#4306=CARTESIAN_POINT('',(-0.783575914781712,1.133702133013,-0.37499999999998));
#4307=CARTESIAN_POINT('',(-0.763794101773612,1.128084179119,-0.37499999999998));
#4308=CARTESIAN_POINT('',(-0.745604089842612,1.119055834312,-0.37499999999998));
#4309=CARTESIAN_POINT('',(-0.729450639499612,1.106870107706,-0.37499999999998));
#4310=CARTESIAN_POINT('',(-0.715915117673412,1.091798492922,-0.37499999999998));
#4311=CARTESIAN_POINT('',(-0.705642838176412,1.074342561367,-0.37499999999998));
#4312=CARTESIAN_POINT('',(-0.699206628944012,1.055009194503,-0.37499999999998));
#4313=CARTESIAN_POINT('',(-0.697764286847512,1.041777392414,-0.37499999999998));
#4314=CARTESIAN_POINT('',(-0.697764286847512,1.035,-0.37499999999998));
#4315=CARTESIAN_POINT('',(-0.274999999999912,1.035,-0.79776428684758));
#4316=CARTESIAN_POINT('',(-0.274999999999912,1.041785935206,-0.79776428684758));
#4317=CARTESIAN_POINT('',(-0.274999999999912,1.055038020376,-0.79920951711238));
#4318=CARTESIAN_POINT('',(-0.274999999999912,1.074425290043,-0.80567567530138));
#4319=CARTESIAN_POINT('',(-0.274999999999912,1.091916836101,-0.81599863118098));
#4320=CARTESIAN_POINT('',(-0.274999999999912,1.106981869931,-0.82957306142388));
#4321=CARTESIAN_POINT('',(-0.274999999999912,1.119128368568,-0.84572691528558));
#4322=CARTESIAN_POINT('',(-0.274999999999912,1.128112289058,-0.86387764369678));
#4323=CARTESIAN_POINT('',(-0.274999999999912,1.133704809439,-0.88360557280418));
#4324=CARTESIAN_POINT('',(-0.274999999999912,1.135,-0.89727602768858));
#4325=CARTESIAN_POINT('',(-0.274999999999912,1.135,-0.90428539710728));
#4326=CARTESIAN_POINT('',(-0.274999999999912,1.035,0.65124896006582));
#4327=CARTESIAN_POINT('',(-0.274999999999912,1.035,0.65124896006582));
#4328=CARTESIAN_POINT('',(-0.274999999999912,1.038904818962,0.65124896006582));
#4329=CARTESIAN_POINT('',(-0.274999999999912,1.046466965256,0.65219153498492));
#4330=CARTESIAN_POINT('',(-0.274999999999912,1.057381013094,0.65635662226192));
#4331=CARTESIAN_POINT('',(-0.274999999999912,1.066927148659,0.66292910139652));
#4332=CARTESIAN_POINT('',(-0.274999999999912,1.074746681055,0.67144948841782));
#4333=CARTESIAN_POINT('',(-0.274999999999912,1.080549274551,0.68143964004692));
#4334=CARTESIAN_POINT('',(-0.274999999999912,1.084163257174,0.69254125701812));
#4335=CARTESIAN_POINT('',(-0.274999999999912,1.085,0.70029075484882));
#4336=CARTESIAN_POINT('',(-0.274999999999912,1.085,0.70428539710732));
#4337=CARTESIAN_POINT('',(-0.274999999999912,0.885,0.65124896006582));
#4338=CARTESIAN_POINT('',(-0.274999999999912,0.885,0.65124896006582));
#4339=VECTOR('',#5043,3.81);
#4340=CARTESIAN_POINT('',(-0.274999999999912,0.885,0.59776428684762));
#4341=VECTOR('',#5044,1.35851069974203);
#4342=CARTESIAN_POINT('',(-0.274999999999912,1.135,1.15000000000002));
#4343=VECTOR('',#5045,1.27);
#4344=CARTESIAN_POINT('',(0.275000000000088,1.135,1.15000000000002));
#4345=VECTOR('',#5046,1.27);
#4346=CARTESIAN_POINT('',(0.275000000000088,1.035,0.59776428684762));
#4347=CARTESIAN_POINT('',(0.275000000000088,1.035,0.59776428684762));
#4348=CARTESIAN_POINT('',(0.275000000000088,1.041785935206,0.59776428684762));
#4349=CARTESIAN_POINT('',(0.275000000000088,1.055038020376,0.59920951711242));
#4350=CARTESIAN_POINT('',(0.275000000000088,1.074425290043,0.60567567530142));
#4351=CARTESIAN_POINT('',(0.275000000000088,1.091916836101,0.61599863118102));
#4352=CARTESIAN_POINT('',(0.275000000000088,1.106981869931,0.62957306142392));
#4353=CARTESIAN_POINT('',(0.275000000000088,1.119128368568,0.64572691528562));
#4354=CARTESIAN_POINT('',(0.275000000000088,1.128112289058,0.66387764369682));
#4355=CARTESIAN_POINT('',(0.275000000000088,1.133704809439,0.68360557280422));
#4356=CARTESIAN_POINT('',(0.275000000000088,1.135,0.69727602768862));
#4357=CARTESIAN_POINT('',(0.275000000000088,1.135,0.70428539710732));
#4358=CARTESIAN_POINT('',(0.275000000000088,0.885,0.59776428684762));
#4359=CARTESIAN_POINT('',(0.275000000000088,0.885,0.59776428684762));
#4360=VECTOR('',#5047,3.81);
#4361=CARTESIAN_POINT('',(0.275000000000088,0.885,0.65124896006582));
#4362=CARTESIAN_POINT('',(0.275000000000088,0.885,0.65124896006582));
#4363=VECTOR('',#5048,1.35851069974203);
#4364=CARTESIAN_POINT('',(0.275000000000088,1.035,0.65124896006582));
#4365=CARTESIAN_POINT('',(0.275000000000088,0.885,0.65124896006582));
#4366=VECTOR('',#5049,3.81);
#4367=CARTESIAN_POINT('',(0.275000000000088,1.085,0.70428539710732));
#4368=CARTESIAN_POINT('',(0.275000000000088,1.085,0.70027571234762));
#4369=CARTESIAN_POINT('',(0.275000000000088,1.084157957786,0.69249639991002));
#4370=CARTESIAN_POINT('',(0.275000000000088,1.080506500947,0.68133260799312));
#4371=CARTESIAN_POINT('',(0.275000000000088,1.07465204488,0.67131773518422));
#4372=CARTESIAN_POINT('',(0.275000000000088,1.066802588959,0.66282316660022));
#4373=CARTESIAN_POINT('',(0.275000000000088,1.057274843993,0.65630675462792));
#4374=CARTESIAN_POINT('',(0.275000000000088,1.046422311949,0.65218551771132));
#4375=CARTESIAN_POINT('',(0.275000000000088,1.038889625211,0.65124896006582));
#4376=CARTESIAN_POINT('',(0.275000000000088,1.035,0.65124896006582));
#4377=CARTESIAN_POINT('',(0.751248960065888,1.035,0.17500000000002));
#4378=AXIS2_PLACEMENT_3D('',#5050,#5051,#5052);
#4379=CARTESIAN_POINT('',(0.751248960065888,1.035,0.17500000000002));
#4380=CARTESIAN_POINT('',(0.751248960065888,1.038904818962,0.17500000000002));
#4381=CARTESIAN_POINT('',(0.752191534984988,1.046466965256,0.17500000000002));
#4382=CARTESIAN_POINT('',(0.756356622261988,1.057381013094,0.17500000000002));
#4383=CARTESIAN_POINT('',(0.762929101396588,1.066927148659,0.17500000000002));
#4384=CARTESIAN_POINT('',(0.771449488417888,1.074746681055,0.17500000000002));
#4385=CARTESIAN_POINT('',(0.781439640046988,1.080549274551,0.17500000000002));
#4386=CARTESIAN_POINT('',(0.792541257018188,1.084163257174,0.17500000000002));
#4387=CARTESIAN_POINT('',(0.800290754848888,1.085,0.17500000000002));
#4388=CARTESIAN_POINT('',(0.804285397107388,1.085,0.17500000000002));
#4389=CARTESIAN_POINT('',(0.751248960065888,1.035,-0.37499999999998));
#4390=CARTESIAN_POINT('',(0.275000000000088,1.035,-0.85124896006578));
#4391=AXIS2_PLACEMENT_3D('',#5053,#5054,#5055);
#4392=CARTESIAN_POINT('',(0.275000000000088,1.035,-0.85124896006578));
#4393=CARTESIAN_POINT('',(0.275000000000088,1.038904818962,-0.85124896006578));
#4394=CARTESIAN_POINT('',(0.275000000000088,1.046466965256,-0.85219153498488));
#4395=CARTESIAN_POINT('',(0.275000000000088,1.057381013094,-0.85635662226188));
#4396=CARTESIAN_POINT('',(0.275000000000088,1.066927148659,-0.86292910139648));
#4397=CARTESIAN_POINT('',(0.275000000000088,1.074746681055,-0.87144948841778));
#4398=CARTESIAN_POINT('',(0.275000000000088,1.080549274551,-0.88143964004688));
#4399=CARTESIAN_POINT('',(0.275000000000088,1.084163257174,-0.89254125701808));
#4400=CARTESIAN_POINT('',(0.275000000000088,1.085,-0.90029075484878));
#4401=CARTESIAN_POINT('',(0.275000000000088,1.085,-0.90428539710728));
#4402=CARTESIAN_POINT('',(0.804285397107388,1.085,-0.37499999999998));
#4403=CARTESIAN_POINT('',(0.800275712347688,1.085,-0.37499999999998));
#4404=CARTESIAN_POINT('',(0.792496399910088,1.084157957786,-0.37499999999998));
#4405=CARTESIAN_POINT('',(0.781332607993188,1.080506500947,-0.37499999999998));
#4406=CARTESIAN_POINT('',(0.771317735184288,1.07465204488,-0.37499999999998));
#4407=CARTESIAN_POINT('',(0.762823166600288,1.066802588959,-0.37499999999998));
#4408=CARTESIAN_POINT('',(0.756306754627988,1.057274843993,-0.37499999999998));
#4409=CARTESIAN_POINT('',(0.752185517711388,1.046422311949,-0.37499999999998));
#4410=CARTESIAN_POINT('',(0.751248960065888,1.038889625211,-0.37499999999998));
#4411=CARTESIAN_POINT('',(0.751248960065888,1.035,-0.37499999999998));
#4412=CARTESIAN_POINT('',(0.751248960065888,0.885,0.17500000000002));
#4413=CARTESIAN_POINT('',(0.751248960065888,0.885,0.17500000000002));
#4414=VECTOR('',#5056,3.81);
#4415=CARTESIAN_POINT('',(0.697764286847688,0.885,0.17500000000002));
#4416=CARTESIAN_POINT('',(0.697764286847688,0.885,0.17500000000002));
#4417=VECTOR('',#5057,1.35851069974203);
#4418=CARTESIAN_POINT('',(0.697764286847688,1.035,0.17500000000002));
#4419=CARTESIAN_POINT('',(0.697764286847688,0.885,0.17500000000002));
#4420=VECTOR('',#5058,3.81);
#4421=CARTESIAN_POINT('',(0.804285397107388,1.135,0.17500000000002));
#4422=CARTESIAN_POINT('',(0.797267274852488,1.135,0.17500000000002));
#4423=CARTESIAN_POINT('',(0.783575914781888,1.133702133013,0.17500000000002));
#4424=CARTESIAN_POINT('',(0.763794101773788,1.128084179119,0.17500000000002));
#4425=CARTESIAN_POINT('',(0.745604089842788,1.119055834312,0.17500000000002));
#4426=CARTESIAN_POINT('',(0.729450639499788,1.106870107706,0.17500000000002));
#4427=CARTESIAN_POINT('',(0.715915117673588,1.091798492922,0.17500000000002));
#4428=CARTESIAN_POINT('',(0.705642838176588,1.074342561367,0.17500000000002));
#4429=CARTESIAN_POINT('',(0.699206628944188,1.055009194503,0.17500000000002));
#4430=CARTESIAN_POINT('',(0.697764286847688,1.041777392414,0.17500000000002));
#4431=CARTESIAN_POINT('',(0.697764286847688,1.035,0.17500000000002));
#4432=CARTESIAN_POINT('',(1.25000000000009,1.135,0.17500000000002));
#4433=VECTOR('',#5059,1.27);
#4434=CARTESIAN_POINT('',(1.25000000000009,1.135,-0.37499999999998));
#4435=VECTOR('',#5060,1.27);
#4436=CARTESIAN_POINT('',(0.697764286847688,1.035,-0.37499999999998));
#4437=CARTESIAN_POINT('',(0.697764286847688,1.035,-0.37499999999998));
#4438=CARTESIAN_POINT('',(0.697764286847688,1.041785935206,-0.37499999999998));
#4439=CARTESIAN_POINT('',(0.699209517112488,1.055038020376,-0.37499999999998));
#4440=CARTESIAN_POINT('',(0.705675675301488,1.074425290043,-0.37499999999998));
#4441=CARTESIAN_POINT('',(0.715998631181088,1.091916836101,-0.37499999999998));
#4442=CARTESIAN_POINT('',(0.729573061423988,1.106981869931,-0.37499999999998));
#4443=CARTESIAN_POINT('',(0.745726915285688,1.119128368568,-0.37499999999998));
#4444=CARTESIAN_POINT('',(0.763877643696888,1.128112289058,-0.37499999999998));
#4445=CARTESIAN_POINT('',(0.783605572804288,1.133704809439,-0.37499999999998));
#4446=CARTESIAN_POINT('',(0.797276027688688,1.135,-0.37499999999998));
#4447=CARTESIAN_POINT('',(0.804285397107388,1.135,-0.37499999999998));
#4448=CARTESIAN_POINT('',(0.697764286847688,0.885,-0.37499999999998));
#4449=CARTESIAN_POINT('',(0.697764286847688,0.885,-0.37499999999998));
#4450=VECTOR('',#5061,3.81);
#4451=CARTESIAN_POINT('',(0.751248960065888,0.885,-0.37499999999998));
#4452=CARTESIAN_POINT('',(0.751248960065888,0.885,-0.37499999999998));
#4453=VECTOR('',#5062,1.35851069974203);
#4454=CARTESIAN_POINT('',(0.751248960065888,0.885,-0.37499999999998));
#4455=VECTOR('',#5063,3.81);
#4456=CARTESIAN_POINT('',(8.81517081552374E-14,0.885,0.70000000000002));
#4457=AXIS2_PLACEMENT_3D('',#5064,#5065,#5066);
#4458=CARTESIAN_POINT('',(8.81517081552374E-14,0.735,0.70000000000002));
#4459=CARTESIAN_POINT('',(8.81517081552374E-14,0.885,0.70000000000002));
#4460=VECTOR('',#5067,3.81);
#4461=CARTESIAN_POINT('',(8.81517081552374E-14,0.735,-0.89999999999998));
#4462=AXIS2_PLACEMENT_3D('',#5068,#5069,#5070);
#4463=CARTESIAN_POINT('',(8.81517081552374E-14,0.885,-0.89999999999998));
#4464=CARTESIAN_POINT('',(8.81517081552374E-14,0.885,-0.89999999999998));
#4465=VECTOR('',#5071,3.81);
#4466=CARTESIAN_POINT('',(0.275000000000088,0.885,-0.85124896006578));
#4467=AXIS2_PLACEMENT_3D('',#5072,#5073,#5074);
#4468=CARTESIAN_POINT('',(0.275000000000088,0.885,-0.85124896006578));
#4469=VECTOR('',#5075,3.81);
#4470=AXIS2_PLACEMENT_3D('',#5076,#5077,#5078);
#4471=CARTESIAN_POINT('',(-0.751248960065712,0.885,-0.37499999999998));
#4472=CARTESIAN_POINT('',(-0.697764286847512,0.885,-0.37499999999998));
#4473=VECTOR('',#5079,1.35851069974203);
#4474=AXIS2_PLACEMENT_3D('',#5080,#5081,#5082);
#4475=AXIS2_PLACEMENT_3D('',#5083,#5084,#5085);
#4476=AXIS2_PLACEMENT_3D('',#5086,#5087,#5088);
#4477=AXIS2_PLACEMENT_3D('',#5089,#5090,#5091);
#4478=CARTESIAN_POINT('',(-0.274999999999912,0.885,-0.85124896006578));
#4479=AXIS2_PLACEMENT_3D('',#5092,#5093,#5094);
#4480=CARTESIAN_POINT('',(-0.274999999999912,0.885,-0.85124896006578));
#4481=VECTOR('',#5095,1.35851069974203);
#4482=CARTESIAN_POINT('',(0.275000000000088,0.885,-0.79776428684758));
#4483=AXIS2_PLACEMENT_3D('',#5096,#5097,#5098);
#4484=CARTESIAN_POINT('',(0.275000000000088,0.885,-0.79776428684758));
#4485=VECTOR('',#5099,1.35851069974203);
#4486=CARTESIAN_POINT('',(-0.751248960065712,1.035,-0.37499999999998));
#4487=CARTESIAN_POINT('',(-0.751248960065712,0.885,-0.37499999999998));
#4488=VECTOR('',#5100,3.81);
#4489=CARTESIAN_POINT('',(-0.274999999999912,1.035,-0.85124896006578));
#4490=AXIS2_PLACEMENT_3D('',#5101,#5102,#5103);
#4491=CARTESIAN_POINT('',(-0.274999999999912,0.885,-0.85124896006578));
#4492=VECTOR('',#5104,3.81);
#4493=AXIS2_PLACEMENT_3D('',#5105,#5106,#5107);
#4494=AXIS2_PLACEMENT_3D('',#5108,#5109,#5110);
#4495=CARTESIAN_POINT('',(-0.751248960065712,1.035,-0.37499999999998));
#4496=CARTESIAN_POINT('',(-0.751248960065712,1.038904818962,-0.37499999999998));
#4497=CARTESIAN_POINT('',(-0.752191534984812,1.046466965256,-0.37499999999998));
#4498=CARTESIAN_POINT('',(-0.756356622261812,1.057381013094,-0.37499999999998));
#4499=CARTESIAN_POINT('',(-0.762929101396412,1.066927148659,-0.37499999999998));
#4500=CARTESIAN_POINT('',(-0.771449488417712,1.074746681055,-0.37499999999998));
#4501=CARTESIAN_POINT('',(-0.781439640046812,1.080549274551,-0.37499999999998));
#4502=CARTESIAN_POINT('',(-0.792541257018012,1.084163257174,-0.37499999999998));
#4503=CARTESIAN_POINT('',(-0.800290754848712,1.085,-0.37499999999998));
#4504=CARTESIAN_POINT('',(-0.804285397107212,1.085,-0.37499999999998));
#4505=CARTESIAN_POINT('',(-0.274999999999912,1.085,-0.90428539710728));
#4506=CARTESIAN_POINT('',(-0.274999999999912,1.085,-0.90027571234758));
#4507=CARTESIAN_POINT('',(-0.274999999999912,1.084157957786,-0.89249639990998));
#4508=CARTESIAN_POINT('',(-0.274999999999912,1.080506500947,-0.88133260799308));
#4509=CARTESIAN_POINT('',(-0.274999999999912,1.07465204488,-0.87131773518418));
#4510=CARTESIAN_POINT('',(-0.274999999999912,1.066802588959,-0.86282316660018));
#4511=CARTESIAN_POINT('',(-0.274999999999912,1.057274843993,-0.85630675462788));
#4512=CARTESIAN_POINT('',(-0.274999999999912,1.046422311949,-0.85218551771128));
#4513=CARTESIAN_POINT('',(-0.274999999999912,1.038889625211,-0.85124896006578));
#4514=CARTESIAN_POINT('',(-0.274999999999912,1.035,-0.85124896006578));
#4515=CARTESIAN_POINT('',(-0.274999999999912,1.135,-1.34999999999998));
#4516=VECTOR('',#5111,1.27);
#4517=CARTESIAN_POINT('',(0.275000000000088,1.135,-1.34999999999998));
#4518=VECTOR('',#5112,1.27);
#4519=CARTESIAN_POINT('',(0.275000000000088,1.035,-0.79776428684758));
#4520=CARTESIAN_POINT('',(0.275000000000088,0.885,-0.79776428684758));
#4521=VECTOR('',#5113,3.81);
#4522=CARTESIAN_POINT('',(0.275000000000088,1.135,-0.90428539710728));
#4523=CARTESIAN_POINT('',(0.275000000000088,1.135,-0.89726727485238));
#4524=CARTESIAN_POINT('',(0.275000000000088,1.133702133013,-0.88357591478178));
#4525=CARTESIAN_POINT('',(0.275000000000088,1.128084179119,-0.86379410177368));
#4526=CARTESIAN_POINT('',(0.275000000000088,1.119055834312,-0.84560408984268));
#4527=CARTESIAN_POINT('',(0.275000000000088,1.106870107706,-0.82945063949968));
#4528=CARTESIAN_POINT('',(0.275000000000088,1.091798492922,-0.81591511767348));
#4529=CARTESIAN_POINT('',(0.275000000000088,1.074342561367,-0.80564283817648));
#4530=CARTESIAN_POINT('',(0.275000000000088,1.055009194503,-0.79920662894408));
#4531=CARTESIAN_POINT('',(0.275000000000088,1.041777392414,-0.79776428684758));
#4532=CARTESIAN_POINT('',(0.275000000000088,1.035,-0.79776428684758));
#4533=AXIS2_PLACEMENT_3D('',#5114,#5115,#5116);
#4534=AXIS2_PLACEMENT_3D('',#5117,#5118,#5119);
#4535=AXIS2_PLACEMENT_3D('',#5120,#5121,#5122);
#4536=AXIS2_PLACEMENT_3D('',#5123,#5124,#5125);
#4537=CARTESIAN_POINT('',(0.352293851019588,1.135,-1.61480845893798));
#4538=VECTOR('',#5126,1.27);
#4539=CARTESIAN_POINT('',(0.972293851019588,1.085,-1.61480845893798));
#4540=VECTOR('',#5127,1.27);
#4541=CARTESIAN_POINT('',(1.29518338469909,1.085,1.15000000000002));
#4542=VECTOR('',#5128,1.27);
#4543=CARTESIAN_POINT('',(-1.29518338469891,1.085,1.15000000000002));
#4544=VECTOR('',#5129,1.27);
#4545=CARTESIAN_POINT('',(-0.972293851019412,1.085,-1.61480845893798));
#4546=VECTOR('',#5130,1.27);
#4547=CARTESIAN_POINT('',(0.895183384698988,1.135,1.15000000000002));
#4548=VECTOR('',#5131,1.27);
#4549=CARTESIAN_POINT('',(0.895183384698988,1.135,1.50000000000002));
#4550=VECTOR('',#5132,1.27);
#4551=CARTESIAN_POINT('',(-0.895183384698812,1.135,1.50000000000002));
#4552=VECTOR('',#5133,1.27);
#4553=CARTESIAN_POINT('',(-0.895183384698812,1.135,1.15000000000002));
#4554=VECTOR('',#5134,1.27);
#4555=CARTESIAN_POINT('',(-0.352293851019412,1.135,-1.61480845893798));
#4556=VECTOR('',#5135,1.27);
#4557=AXIS2_PLACEMENT_3D('',#5136,#5137,#5138);
#4558=CARTESIAN_POINT('',(1.80000000000009,0.0,-1.59999999999998));
#4559=VECTOR('',#5139,16.129);
#4560=CARTESIAN_POINT('',(1.35000000000009,0.6477,0.84135981625942));
#4561=CARTESIAN_POINT('',(1.35000000000009,0.635,0.84135981625942));
#4562=VECTOR('',#5140,0.32258);
#4563=CARTESIAN_POINT('',(1.35000000000009,0.6477,1.87460000000002));
#4564=CARTESIAN_POINT('',(1.35000000000009,0.6477,0.84135981625942));
#4565=VECTOR('',#5141,26.2443006670214);
#4566=CARTESIAN_POINT('',(1.35000000000009,0.6096,1.91270000000002));
#4567=AXIS2_PLACEMENT_3D('',#5142,#5143,#5144);
#4568=CARTESIAN_POINT('',(1.35000000000009,0.02032,1.91270000000002));
#4569=CARTESIAN_POINT('',(1.35000000000009,0.6096,1.91270000000002));
#4570=VECTOR('',#5145,14.967712);
#4571=CARTESIAN_POINT('',(1.35000000000009,-0.01778,1.87460000000002));
#4572=AXIS2_PLACEMENT_3D('',#5146,#5147,#5148);
#4573=CARTESIAN_POINT('',(1.35000000000009,-0.01778,1.01270000000002));
#4574=CARTESIAN_POINT('',(1.35000000000009,-0.01778,1.87460000000002));
#4575=VECTOR('',#5149,21.89226);
#4576=CARTESIAN_POINT('',(1.35000000000009,-0.00508,1.01270000000002));
#4577=CARTESIAN_POINT('',(1.35000000000009,-0.01778,1.01270000000002));
#4578=VECTOR('',#5150,0.32258);
#4579=CARTESIAN_POINT('',(1.35000000000009,-0.00508,1.87460000000002));
#4580=CARTESIAN_POINT('',(1.35000000000009,-0.00508,1.01270000000002));
#4581=VECTOR('',#5151,21.89226);
#4582=CARTESIAN_POINT('',(1.35000000000009,0.02032,1.90000000000002));
#4583=AXIS2_PLACEMENT_3D('',#5152,#5153,#5154);
#4584=CARTESIAN_POINT('',(1.35000000000009,0.02032,1.90000000000002));
#4585=VECTOR('',#5155,0.753872);
#4586=CARTESIAN_POINT('',(1.35000000000009,0.6096,1.90000000000002));
#4587=CARTESIAN_POINT('',(1.35000000000009,0.585,1.90000000000002));
#4588=VECTOR('',#5156,0.62484);
#4589=CARTESIAN_POINT('',(1.35000000000009,0.635,1.87460000000002));
#4590=AXIS2_PLACEMENT_3D('',#5157,#5158,#5159);
#4591=CARTESIAN_POINT('',(1.35000000000009,0.635,1.87460000000002));
#4592=VECTOR('',#5160,0.62484);
#4593=CARTESIAN_POINT('',(-0.399999999999912,0.635,1.87460000000002));
#4594=CARTESIAN_POINT('',(-0.399999999999912,0.635,1.87460000000002));
#4595=VECTOR('',#5161,0.62484);
#4596=CARTESIAN_POINT('',(-1.34999999999991,0.635,1.87460000000002));
#4597=VECTOR('',#5162,24.13);
#4598=CARTESIAN_POINT('',(0.400000000000088,0.635,1.87460000000002));
#4599=CARTESIAN_POINT('',(0.400000000000088,0.635,1.87460000000002));
#4600=VECTOR('',#5163,24.13);
#4601=CARTESIAN_POINT('',(0.400000000000088,0.635,1.87460000000002));
#4602=VECTOR('',#5164,0.62484);
#4603=AXIS2_PLACEMENT_3D('',#5165,#5166,#5167);
#4604=CARTESIAN_POINT('',(-0.399999999999912,0.6477,1.10000000000002));
#4605=CARTESIAN_POINT('',(-0.399999999999912,0.6477,1.10000000000002));
#4606=VECTOR('',#5168,0.32258);
#4607=CARTESIAN_POINT('',(-0.399999999999912,0.6477,1.87460000000002));
#4608=CARTESIAN_POINT('',(-0.399999999999912,0.6477,1.10000000000002));
#4609=VECTOR('',#5169,19.67484);
#4610=CARTESIAN_POINT('',(-0.399999999999912,0.6096,1.91270000000002));
#4611=AXIS2_PLACEMENT_3D('',#5170,#5171,#5172);
#4612=CARTESIAN_POINT('',(-0.399999999999912,0.02032,1.91270000000002));
#4613=CARTESIAN_POINT('',(-0.399999999999912,0.6096,1.91270000000002));
#4614=VECTOR('',#5173,14.967712);
#4615=CARTESIAN_POINT('',(-0.399999999999912,-0.01778,1.87460000000002));
#4616=AXIS2_PLACEMENT_3D('',#5174,#5175,#5176);
#4617=CARTESIAN_POINT('',(-0.399999999999912,-0.01778,1.31270000000002));
#4618=CARTESIAN_POINT('',(-0.399999999999912,-0.01778,1.87460000000002));
#4619=VECTOR('',#5177,14.27226);
#4620=CARTESIAN_POINT('',(-0.399999999999912,-0.00508,1.31270000000002));
#4621=CARTESIAN_POINT('',(-0.399999999999912,-0.01778,1.31270000000002));
#4622=VECTOR('',#5178,0.32258);
#4623=CARTESIAN_POINT('',(-0.399999999999912,-0.00508,1.87460000000002));
#4624=CARTESIAN_POINT('',(-0.399999999999912,-0.00508,1.31270000000002));
#4625=VECTOR('',#5179,14.27226);
#4626=AXIS2_PLACEMENT_3D('',#5180,#5181,#5182);
#4627=CARTESIAN_POINT('',(-1.34999999999991,-0.00508,1.87460000000002));
#4628=VECTOR('',#5183,24.13);
#4629=CARTESIAN_POINT('',(-0.599999999999912,-0.00508,1.11270000000002));
#4630=CARTESIAN_POINT('',(-0.399999999999912,-0.00508,1.31270000000002));
#4631=VECTOR('',#5184,7.18420489685484);
#4632=CARTESIAN_POINT('',(-0.599999999999912,-0.00508,1.11270000000002));
#4633=VECTOR('',#5185,19.05);
#4634=CARTESIAN_POINT('',(-0.599999999999912,-0.01778,1.11270000000002));
#4635=CARTESIAN_POINT('',(-0.599999999999912,-0.01778,1.11270000000002));
#4636=VECTOR('',#5186,19.05);
#4637=CARTESIAN_POINT('',(-0.599999999999912,-0.01778,1.11270000000002));
#4638=VECTOR('',#5187,0.32258);
#4639=CARTESIAN_POINT('',(-0.399999999999912,-0.01778,1.31270000000002));
#4640=VECTOR('',#5188,7.18420489685484);
#4641=CARTESIAN_POINT('',(-0.399999999999912,-0.01778,1.87460000000002));
#4642=VECTOR('',#5189,24.13);
#4643=CARTESIAN_POINT('',(-0.399999999999912,0.02032,1.91270000000002));
#4644=VECTOR('',#5190,24.13);
#4645=CARTESIAN_POINT('',(-0.399999999999912,0.6096,1.91270000000002));
#4646=VECTOR('',#5191,24.13);
#4647=CARTESIAN_POINT('',(-0.399999999999912,0.6477,1.87460000000002));
#4648=VECTOR('',#5192,24.13);
#4649=CARTESIAN_POINT('',(0.798738727668088,0.6477,0.64071712182682));
#4650=CARTESIAN_POINT('',(0.798738727668088,0.6477,0.64071712182682));
#4651=VECTOR('',#5193,14.9006558181995);
#4652=CARTESIAN_POINT('',(0.400000000000088,0.6477,1.10000000000002));
#4653=AXIS2_PLACEMENT_3D('',#5194,#5195,#5196);
#4654=CARTESIAN_POINT('',(0.400000000000088,0.6477,1.87460000000002));
#4655=CARTESIAN_POINT('',(0.400000000000088,0.6477,1.87460000000002));
#4656=VECTOR('',#5197,19.67484);
#4657=CARTESIAN_POINT('',(1.35000000000009,0.6477,1.87460000000002));
#4658=VECTOR('',#5198,24.13);
#4659=CARTESIAN_POINT('',(-0.798738727667912,0.6477,0.64071712182682));
#4660=AXIS2_PLACEMENT_3D('',#5199,#5200,#5201);
#4661=CARTESIAN_POINT('',(-1.34999999999991,0.6477,0.84135981625942));
#4662=VECTOR('',#5202,14.9006558181995);
#4663=CARTESIAN_POINT('',(0.400000000000088,0.6096,1.91270000000002));
#4664=AXIS2_PLACEMENT_3D('',#5203,#5204,#5205);
#4665=CARTESIAN_POINT('',(1.35000000000009,0.6096,1.91270000000002));
#4666=VECTOR('',#5206,24.13);
#4667=CARTESIAN_POINT('',(0.400000000000088,0.02032,1.91270000000002));
#4668=CARTESIAN_POINT('',(0.400000000000088,0.6096,1.91270000000002));
#4669=VECTOR('',#5207,14.967712);
#4670=CARTESIAN_POINT('',(1.35000000000009,0.02032,1.91270000000002));
#4671=VECTOR('',#5208,24.13);
#4672=CARTESIAN_POINT('',(0.400000000000088,-0.01778,1.87460000000002));
#4673=AXIS2_PLACEMENT_3D('',#5209,#5210,#5211);
#4674=CARTESIAN_POINT('',(1.35000000000009,-0.01778,1.87460000000002));
#4675=VECTOR('',#5212,24.13);
#4676=CARTESIAN_POINT('',(0.400000000000088,-0.01778,1.21270000000002));
#4677=CARTESIAN_POINT('',(0.400000000000088,-0.01778,1.87460000000002));
#4678=VECTOR('',#5213,16.81226);
#4679=CARTESIAN_POINT('',(0.600000000000088,-0.01778,1.01270000000002));
#4680=CARTESIAN_POINT('',(0.400000000000088,-0.01778,1.21270000000002));
#4681=VECTOR('',#5214,7.18420489685484);
#4682=CARTESIAN_POINT('',(0.600000000000088,-0.01778,1.01270000000002));
#4683=VECTOR('',#5215,19.05);
#4684=CARTESIAN_POINT('',(0.600000000000088,-0.00508,1.01270000000002));
#4685=CARTESIAN_POINT('',(0.600000000000088,-0.00508,1.01270000000002));
#4686=VECTOR('',#5216,19.05);
#4687=CARTESIAN_POINT('',(0.600000000000088,-0.01778,1.01270000000002));
#4688=VECTOR('',#5217,0.32258);
#4689=CARTESIAN_POINT('',(0.400000000000088,-0.00508,1.21270000000002));
#4690=CARTESIAN_POINT('',(0.400000000000088,-0.00508,1.21270000000002));
#4691=VECTOR('',#5218,7.18420489685484);
#4692=CARTESIAN_POINT('',(0.400000000000088,-0.01778,1.21270000000002));
#4693=VECTOR('',#5219,0.32258);
#4694=CARTESIAN_POINT('',(0.400000000000088,0.6096,1.90000000000002));
#4695=AXIS2_PLACEMENT_3D('',#5220,#5221,#5222);
#4696=CARTESIAN_POINT('',(0.400000000000088,0.585,1.90000000000002));
#4697=VECTOR('',#5223,0.62484);
#4698=CARTESIAN_POINT('',(0.400000000000088,0.02032,1.90000000000002));
#4699=CARTESIAN_POINT('',(0.400000000000088,0.02032,1.90000000000002));
#4700=VECTOR('',#5224,0.753872);
#4701=CARTESIAN_POINT('',(0.400000000000088,-0.00508,1.87460000000002));
#4702=AXIS2_PLACEMENT_3D('',#5225,#5226,#5227);
#4703=CARTESIAN_POINT('',(0.400000000000088,-0.00508,1.21270000000002));
#4704=VECTOR('',#5228,16.81226);
#4705=CARTESIAN_POINT('',(0.400000000000088,0.6477,1.10000000000002));
#4706=VECTOR('',#5229,0.32258);
#4707=CARTESIAN_POINT('',(0.798738727668088,0.6477,0.64071712182682));
#4708=VECTOR('',#5230,0.32258);
#4709=CARTESIAN_POINT('',(0.400000000000088,-0.00508,1.87460000000002));
#4710=VECTOR('',#5231,24.13);
#4711=CARTESIAN_POINT('',(0.400000000000088,0.02032,1.90000000000002));
#4712=VECTOR('',#5232,24.13);
#4713=CARTESIAN_POINT('',(0.400000000000088,0.6096,1.90000000000002));
#4714=VECTOR('',#5233,24.13);
#4715=CARTESIAN_POINT('',(-0.798738727667912,0.6477,0.64071712182682));
#4716=VECTOR('',#5234,0.32258);
#4717=DIRECTION('',(0.0,0.0,1.0));
#4718=DIRECTION('',(0.707106781186548,0.0,-0.707106781186548));
#4719=DIRECTION('',(-1.0,0.0,0.0));
#4720=DIRECTION('',(0.0,0.0,1.0));
#4721=CARTESIAN_POINT('',(8.81517081552374E-14,0.0,-0.0999999999999801));
#4722=DIRECTION('',(0.0,-1.0,0.0));
#4723=DIRECTION('',(0.991227900682636,0.0,0.132163720091005));
#4724=DIRECTION('',(0.0,0.0,1.0));
#4725=DIRECTION('',(-1.0,0.0,0.0));
#4726=DIRECTION('',(0.707106781186548,0.0,0.707106781186548));
#4727=DIRECTION('',(0.0,0.0,-1.0));
#4728=DIRECTION('',(-1.0,0.0,0.0));
#4729=DIRECTION('',(-1.0,0.0,0.0));
#4730=CARTESIAN_POINT('',(-1.79999999999991,0.05,1.85000000000002));
#4731=DIRECTION('',(-1.0,0.0,0.0));
#4732=DIRECTION('',(0.0,-1.0,0.0));
#4733=CARTESIAN_POINT('',(1.80000000000009,0.05,1.85000000000002));
#4734=DIRECTION('',(1.0,0.0,-0.0));
#4735=DIRECTION('',(0.0,0.0,1.0));
#4736=DIRECTION('',(-1.0,0.0,0.0));
#4737=DIRECTION('',(-1.0,0.0,0.0));
#4738=DIRECTION('',(-1.0,0.0,0.0));
#4739=DIRECTION('',(-1.0,0.0,0.0));
#4740=DIRECTION('',(0.0,1.0,0.0));
#4741=DIRECTION('',(1.0,0.0,0.0));
#4742=DIRECTION('',(0.0,1.0,0.0));
#4743=DIRECTION('',(1.0,0.0,0.0));
#4744=DIRECTION('',(0.0,1.0,0.0));
#4745=DIRECTION('',(1.0,0.0,0.0));
#4746=DIRECTION('',(0.0,1.0,0.0));
#4747=DIRECTION('',(1.0,0.0,0.0));
#4748=DIRECTION('',(1.0,0.0,0.0));
#4749=DIRECTION('',(1.0,0.0,0.0));
#4750=CARTESIAN_POINT('',(1.80000000000009,0.585,1.85000000000002));
#4751=DIRECTION('',(1.0,0.0,0.0));
#4752=DIRECTION('',(0.0,1.0,0.0));
#4753=DIRECTION('',(1.0,0.0,0.0));
#4754=DIRECTION('',(1.0,0.0,0.0));
#4755=DIRECTION('',(1.0,0.0,0.0));
#4756=DIRECTION('',(1.0,0.0,0.0));
#4757=DIRECTION('',(1.0,0.0,0.0));
#4758=CARTESIAN_POINT('',(-1.79999999999991,0.585,1.85000000000002));
#4759=DIRECTION('',(-1.0,0.0,0.0));
#4760=DIRECTION('',(0.0,0.0,1.0));
#4761=DIRECTION('',(1.0,0.0,0.0));
#4762=DIRECTION('',(0.0,1.0,0.0));
#4763=DIRECTION('',(0.0,1.0,0.0));
#4764=DIRECTION('',(0.0,1.0,0.0));
#4765=DIRECTION('',(0.0,1.0,0.0));
#4766=DIRECTION('',(0.0,1.0,0.0));
#4767=DIRECTION('',(0.0,1.0,0.0));
#4768=DIRECTION('',(0.0,0.0,1.0));
#4769=CARTESIAN_POINT('',(-1.34999999999991,0.6096,1.87460000000002));
#4770=DIRECTION('',(1.0,0.0,0.0));
#4771=DIRECTION('',(0.0,1.0,0.0));
#4772=CARTESIAN_POINT('',(-1.34999999999991,0.02032,1.87460000000002));
#4773=DIRECTION('',(1.0,0.0,-0.0));
#4774=DIRECTION('',(0.0,0.0,1.0));
#4775=DIRECTION('',(0.0,0.0,1.0));
#4776=DIRECTION('',(0.0,1.0,0.0));
#4777=DIRECTION('',(0.0,0.0,-1.0));
#4778=CARTESIAN_POINT('',(-1.34999999999991,0.02032,1.87460000000002));
#4779=DIRECTION('',(-1.0,0.0,0.0));
#4780=DIRECTION('',(0.0,-1.0,0.0));
#4781=DIRECTION('',(0.0,-1.0,0.0));
#4782=CARTESIAN_POINT('',(-1.34999999999991,0.6096,1.87460000000002));
#4783=DIRECTION('',(-1.0,0.0,0.0));
#4784=DIRECTION('',(0.0,0.0,1.0));
#4785=DIRECTION('',(0.0,0.0,-1.0));
#4786=DIRECTION('',(0.0,1.0,0.0));
#4787=DIRECTION('',(0.0,0.0,-1.0));
#4788=DIRECTION('',(0.939692620785897,0.0,-0.342020143325699));
#4789=CARTESIAN_POINT('',(8.81517081552374E-14,0.635,0.35000000000002));
#4790=DIRECTION('',(0.0,1.0,0.0));
#4791=DIRECTION('',(-0.939692620785897,0.0,0.342020143325699));
#4792=DIRECTION('',(0.0,0.0,-1.0));
#4793=DIRECTION('',(0.0,0.0,-1.0));
#4794=CARTESIAN_POINT('',(8.81517081552374E-14,0.635,0.35000000000002));
#4795=DIRECTION('',(-0.0,1.0,0.0));
#4796=DIRECTION('',(0.470588235294092,0.0,0.882352941176484));
#4797=DIRECTION('',(0.939692620785897,0.0,0.342020143325699));
#4798=DIRECTION('',(0.0,0.0,-1.0));
#4799=DIRECTION('',(0.0,0.0,-1.0));
#4800=DIRECTION('',(0.707106781186548,0.0,0.707106781186548));
#4801=DIRECTION('',(-1.0,0.0,0.0));
#4802=DIRECTION('',(0.0,0.0,1.0));
#4803=DIRECTION('',(-1.0,0.0,0.0));
#4804=DIRECTION('',(0.0,0.0,1.0));
#4805=DIRECTION('',(-1.0,0.0,0.0));
#4806=DIRECTION('',(0.707106781186548,0.0,-0.707106781186548));
#4807=DIRECTION('',(0.0,0.0,1.0));
#4808=CARTESIAN_POINT('',(8.81517081552374E-14,0.635,-0.0999999999999801));
#4809=DIRECTION('',(0.0,1.0,0.0));
#4810=DIRECTION('',(0.0,0.0,-1.0));
#4811=CARTESIAN_POINT('',(8.81517081552374E-14,0.635,-0.0999999999999801));
#4812=DIRECTION('',(0.0,1.0,0.0));
#4813=DIRECTION('',(0.0,0.0,1.0));
#4814=DIRECTION('',(0.0,1.0,0.0));
#4815=DIRECTION('',(0.0,1.0,0.0));
#4816=DIRECTION('',(0.0,1.0,0.0));
#4817=DIRECTION('',(0.0,1.0,0.0));
#4818=DIRECTION('',(0.0,-1.0,0.0));
#4819=DIRECTION('',(0.0,1.0,0.0));
#4820=DIRECTION('',(0.0,0.0,1.0));
#4821=DIRECTION('',(0.0,1.0,0.0));
#4822=DIRECTION('',(-1.0,0.0,0.0));
#4823=DIRECTION('',(0.0,1.0,0.0));
#4824=DIRECTION('',(0.0,1.0,0.0));
#4825=DIRECTION('',(0.0,0.0,-1.0));
#4826=CARTESIAN_POINT('',(8.81517081552374E-14,0.2,-0.0999999999999801));
#4827=DIRECTION('',(0.0,-1.0,0.0));
#4828=DIRECTION('',(0.991227900682636,0.0,0.132163720091005));
#4829=DIRECTION('',(0.0,0.0,1.0));
#4830=DIRECTION('',(-1.0,0.0,0.0));
#4831=DIRECTION('',(0.0,0.0,1.0));
#4832=CARTESIAN_POINT('',(8.81517081552374E-14,0.2,-0.0999999999999801));
#4833=DIRECTION('',(0.0,1.0,0.0));
#4834=DIRECTION('',(-1.0,0.0,0.0));
#4835=DIRECTION('',(0.0,1.0,3.400058012915E-14));
#4836=CARTESIAN_POINT('',(8.81517081552374E-14,0.1,-0.0999999999999801));
#4837=DIRECTION('',(0.0,1.0,0.0));
#4838=DIRECTION('',(-1.0,0.0,0.0));
#4839=DIRECTION('',(0.0,1.0,0.0));
#4840=DIRECTION('',(0.0,0.0,-1.0));
#4841=DIRECTION('',(0.0,0.707106781186548,0.707106781186548));
#4842=DIRECTION('',(0.0,0.0,1.0));
#4843=DIRECTION('',(0.0,-1.0,0.0));
#4844=DIRECTION('',(0.0,0.0,-1.0));
#4845=DIRECTION('',(0.0,-0.707106781186548,-0.707106781186548));
#4846=DIRECTION('',(-1.0,0.0,0.0));
#4847=DIRECTION('',(0.0,-0.707106781186548,-0.707106781186548));
#4848=DIRECTION('',(0.0,0.0,-1.0));
#4849=DIRECTION('',(0.0,-1.0,0.0));
#4850=DIRECTION('',(0.0,0.0,1.0));
#4851=DIRECTION('',(0.0,0.707106781186548,0.707106781186548));
#4852=DIRECTION('',(0.0,0.0,1.0));
#4853=DIRECTION('',(-1.0,0.0,0.0));
#4854=CARTESIAN_POINT('',(8.81517081552374E-14,0.1,-0.0999999999999801));
#4855=DIRECTION('',(0.0,-1.0,0.0));
#4856=DIRECTION('',(1.0,0.0,-2.431492917827E-10));
#4857=CARTESIAN_POINT('',(8.81517081552374E-14,0.1,-0.0999999999999801));
#4858=DIRECTION('',(0.0,-1.0,0.0));
#4859=DIRECTION('',(-1.0,0.0,2.431493681048E-10));
#4860=DIRECTION('',(-1.0,0.0,0.0));
#4861=DIRECTION('',(0.0,0.0,1.0));
#4862=DIRECTION('',(-1.0,0.0,0.0));
#4863=DIRECTION('',(-1.0,0.0,0.0));
#4864=DIRECTION('',(0.0,0.0,1.0));
#4865=DIRECTION('',(1.0,0.0,0.0));
#4866=DIRECTION('',(0.0,0.0,1.0));
#4867=DIRECTION('',(-1.0,0.0,0.0));
#4868=DIRECTION('',(0.0,0.0,-1.0));
#4869=DIRECTION('',(1.0,0.0,0.0));
#4870=DIRECTION('',(1.0,0.0,0.0));
#4871=DIRECTION('',(0.0,-1.0,0.0));
#4872=DIRECTION('',(0.0,1.0,0.0));
#4873=DIRECTION('',(0.0,-1.0,0.0));
#4874=DIRECTION('',(1.0,0.0,0.0));
#4875=DIRECTION('',(0.0,1.0,0.0));
#4876=DIRECTION('',(0.0,1.0,0.0));
#4877=DIRECTION('',(0.0,0.0,-1.0));
#4878=DIRECTION('',(0.0,1.0,0.0));
#4879=DIRECTION('',(1.0,0.0,0.0));
#4880=DIRECTION('',(0.0,1.0,0.0));
#4881=DIRECTION('',(1.0,0.0,0.0));
#4882=DIRECTION('',(0.0,0.0,1.0));
#4883=DIRECTION('',(-1.0,0.0,0.0));
#4884=DIRECTION('',(-1.0,0.0,0.0));
#4885=DIRECTION('',(0.0,0.0,1.0));
#4886=DIRECTION('',(0.0,-1.0,0.0));
#4887=DIRECTION('',(0.0,-1.0,0.0));
#4888=DIRECTION('',(0.0,0.0,1.0));
#4889=DIRECTION('',(0.0,1.0,0.0));
#4890=DIRECTION('',(-1.0,0.0,0.0));
#4891=CARTESIAN_POINT('',(0.444500000000088,0.177,-0.10000000010808));
#4892=DIRECTION('',(-2.43149225184663E-10,3.14402317576797E-17,-1.0));
#4893=DIRECTION('',(0.79523660931988,-0.606299212598384,-1.93361184456795E-10));
#4894=CARTESIAN_POINT('',(8.81517081552374E-14,0.177,-0.0999999999999801));
#4895=DIRECTION('',(-0.0,1.0,0.0));
#4896=DIRECTION('',(1.0,0.0,0.0));
#4897=CARTESIAN_POINT('',(-0.444499999999912,0.177,-0.10000000000638));
#4898=DIRECTION('',(1.441093526226E-11,0.0,-1.0));
#4899=DIRECTION('',(1.0,0.0,1.441093526226E-11));
#4900=CARTESIAN_POINT('',(8.81517081552374E-14,0.177,-0.0999999999999801));
#4901=DIRECTION('',(0.0,1.0,0.0));
#4902=DIRECTION('',(-1.0,0.0,0.0));
#4903=DIRECTION('',(0.0,-1.0,4.338611709618E-12));
#4904=DIRECTION('',(0.0,-1.0,-1.082494767489E-12));
#4905=CARTESIAN_POINT('',(8.81517081552374E-14,0.685,-0.0999999999999801));
#4906=DIRECTION('',(0.0,1.0,0.0));
#4907=DIRECTION('',(-1.0,0.0,0.0));
#4908=CARTESIAN_POINT('',(0.444500000000088,0.685,-0.10000000000388));
#4909=DIRECTION('',(-8.768685690064E-12,0.0,-1.0));
#4910=DIRECTION('',(-1.0,0.0,8.768685690064E-12));
#4911=CARTESIAN_POINT('',(-0.444499999999912,0.685,-0.10000000000148));
#4912=DIRECTION('',(3.337006961221E-12,0.0,-1.0));
#4913=DIRECTION('',(-1.0,0.0,-3.337006961221E-12));
#4914=CARTESIAN_POINT('',(8.81517081552374E-14,0.685,-0.0999999999999801));
#4915=DIRECTION('',(0.0,-1.0,0.0));
#4916=DIRECTION('',(1.0,0.0,3.86771396479E-12));
#4917=CARTESIAN_POINT('',(8.81517081552374E-14,0.685,-0.0999999999999801));
#4918=DIRECTION('',(0.0,-1.0,0.0));
#4919=DIRECTION('',(0.0,0.0,1.0));
#4920=CARTESIAN_POINT('',(8.81517081552374E-14,0.685,-0.0999999999999801));
#4921=DIRECTION('',(0.0,1.0,0.0));
#4922=DIRECTION('',(0.0,0.0,1.0));
#4923=CARTESIAN_POINT('',(8.81517081552374E-14,0.685,-0.0999999999999801));
#4924=DIRECTION('',(0.0,-1.0,-0.0));
#4925=DIRECTION('',(-1.0,0.0,-3.86771396479E-12));
#4926=CARTESIAN_POINT('',(8.81517081552374E-14,0.735,-0.0999999999999801));
#4927=DIRECTION('',(0.0,1.0,0.0));
#4928=DIRECTION('',(0.0,0.0,1.0));
#4929=CARTESIAN_POINT('',(8.81517081552374E-14,0.735,-0.79999999999998));
#4930=DIRECTION('',(1.0,0.0,0.0));
#4931=DIRECTION('',(0.0,-1.0,0.0));
#4932=CARTESIAN_POINT('',(8.81517081552374E-14,0.735,0.60000000000002));
#4933=DIRECTION('',(-1.0,0.0,0.0));
#4934=DIRECTION('',(0.0,-1.0,0.0));
#4935=CARTESIAN_POINT('',(8.81517081552374E-14,0.735,-0.0999999999999801));
#4936=DIRECTION('',(0.0,-1.0,0.0));
#4937=DIRECTION('',(0.0,0.0,1.0));
#4938=CARTESIAN_POINT('',(8.81517081552374E-14,1.035,-0.0999999999999801));
#4939=DIRECTION('',(0.0,-1.0,0.0));
#4940=DIRECTION('',(-0.366666666666704,0.0,0.93035238246351));
#4941=DIRECTION('',(0.0,1.0,0.0));
#4942=CARTESIAN_POINT('',(8.81517081552374E-14,0.885,-0.0999999999999801));
#4943=DIRECTION('',(0.0,1.0,0.0));
#4944=DIRECTION('',(-0.366666666666704,0.0,0.93035238246351));
#4945=DIRECTION('',(0.0,1.0,0.0));
#4946=DIRECTION('',(0.0,1.0,0.0));
#4947=CARTESIAN_POINT('',(8.81517081552374E-14,0.885,-0.0999999999999801));
#4948=DIRECTION('',(0.0,1.0,0.0));
#4949=DIRECTION('',(0.0,0.0,-1.0));
#4950=DIRECTION('',(0.0,1.0,0.0));
#4951=CARTESIAN_POINT('',(8.81517081552374E-14,1.035,-0.0999999999999801));
#4952=DIRECTION('',(0.0,-1.0,-0.0));
#4953=DIRECTION('',(-0.93035238246351,0.0,-0.366666666666704));
#4954=DIRECTION('',(0.0,1.0,0.0));
#4955=CARTESIAN_POINT('',(8.81517081552374E-14,0.885,-0.0999999999999801));
#4956=DIRECTION('',(0.0,1.0,0.0));
#4957=DIRECTION('',(-0.93035238246351,0.0,-0.366666666666704));
#4958=DIRECTION('',(0.0,1.0,0.0));
#4959=DIRECTION('',(0.0,-1.0,0.0));
#4960=DIRECTION('',(1.0,0.0,0.0));
#4961=DIRECTION('',(1.0,0.0,0.0));
#4962=DIRECTION('',(0.0,1.0,0.0));
#4963=DIRECTION('',(1.0,0.0,0.0));
#4964=CARTESIAN_POINT('',(8.81517081552374E-14,1.085,-0.0999999999999801));
#4965=DIRECTION('',(0.0,-1.0,0.0));
#4966=DIRECTION('',(0.540163250566385,0.0,-0.841560254965476));
#4967=DIRECTION('',(-1.0,0.0,0.0));
#4968=DIRECTION('',(0.0,0.0,-1.0));
#4969=DIRECTION('',(-1.0,0.0,0.0));
#4970=DIRECTION('',(0.0,0.0,1.0));
#4971=DIRECTION('',(-1.0,0.0,0.0));
#4972=CARTESIAN_POINT('',(8.81517081552374E-14,1.085,-0.0999999999999801));
#4973=DIRECTION('',(0.0,-1.0,0.0));
#4974=DIRECTION('',(-0.719546324832723,0.0,0.694444444444422));
#4975=DIRECTION('',(1.0,0.0,0.0));
#4976=CARTESIAN_POINT('',(8.81517081552374E-14,1.085,-1.25999999999998));
#4977=DIRECTION('',(0.0,1.0,0.0));
#4978=DIRECTION('',(0.704587702038998,0.0,-0.709616917875698));
#4979=DIRECTION('',(1.0,0.0,0.0));
#4980=CARTESIAN_POINT('',(8.81517081552374E-14,1.085,-0.0999999999999801));
#4981=DIRECTION('',(0.0,-1.0,0.0));
#4982=DIRECTION('',(-0.323529411764715,0.0,0.946218114243845));
#4983=DIRECTION('',(0.0,0.0,-1.0));
#4984=DIRECTION('',(1.0,0.0,0.0));
#4985=DIRECTION('',(0.0,0.0,-1.0));
#4986=CARTESIAN_POINT('',(8.81517081552374E-14,1.085,-0.0999999999999801));
#4987=DIRECTION('',(-0.0,1.0,0.0));
#4988=DIRECTION('',(0.323529411764715,0.0,0.946218114243845));
#4989=DIRECTION('',(1.0,0.0,0.0));
#4990=DIRECTION('',(0.0,0.0,-1.0));
#4991=DIRECTION('',(-1.0,0.0,0.0));
#4992=CARTESIAN_POINT('',(8.81517081552374E-14,1.085,-0.0999999999999801));
#4993=DIRECTION('',(0.0,1.0,0.0));
#4994=DIRECTION('',(0.946218114243845,0.0,-0.323529411764715));
#4995=DIRECTION('',(0.0,0.0,-1.0));
#4996=DIRECTION('',(-1.0,0.0,0.0));
#4997=DIRECTION('',(0.0,0.0,1.0));
#4998=CARTESIAN_POINT('',(8.81517081552374E-14,1.085,-0.0999999999999801));
#4999=DIRECTION('',(0.0,-1.0,-0.0));
#5000=DIRECTION('',(-0.946218114243845,0.0,-0.323529411764715));
#5001=DIRECTION('',(-1.0,0.0,0.0));
#5002=DIRECTION('',(0.0,0.0,1.0));
#5003=DIRECTION('',(0.0,-1.0,0.0));
#5004=DIRECTION('',(0.0,0.0,1.0));
#5005=CARTESIAN_POINT('',(8.81517081552374E-14,1.135,-1.25999999999998));
#5006=DIRECTION('',(0.0,1.0,0.0));
#5007=DIRECTION('',(0.704587702038998,0.0,-0.709616917875698));
#5008=DIRECTION('',(1.0,0.0,0.0));
#5009=CARTESIAN_POINT('',(8.81517081552374E-14,1.135,-0.0999999999999801));
#5010=DIRECTION('',(0.0,1.0,0.0));
#5011=DIRECTION('',(-0.540163250566385,0.0,-0.841560254965476));
#5012=DIRECTION('',(-1.0,0.0,0.0));
#5013=DIRECTION('',(0.0,0.0,1.0));
#5014=DIRECTION('',(-1.0,0.0,0.0));
#5015=DIRECTION('',(0.0,0.0,-1.0));
#5016=DIRECTION('',(-1.0,0.0,0.0));
#5017=CARTESIAN_POINT('',(8.81517081552374E-14,1.135,-0.0999999999999801));
#5018=DIRECTION('',(-0.0,1.0,0.0));
#5019=DIRECTION('',(0.719546324832723,0.0,0.694444444444422));
#5020=DIRECTION('',(1.0,0.0,0.0));
#5021=DIRECTION('',(-1.0,0.0,0.0));
#5022=CARTESIAN_POINT('',(8.81517081552374E-14,1.135,-0.0999999999999801));
#5023=DIRECTION('',(0.0,-1.0,-0.0));
#5024=DIRECTION('',(-0.946218114243845,0.0,-0.323529411764715));
#5025=DIRECTION('',(0.0,0.0,1.0));
#5026=DIRECTION('',(-1.0,0.0,0.0));
#5027=DIRECTION('',(0.0,0.0,-1.0));
#5028=CARTESIAN_POINT('',(8.81517081552374E-14,1.135,-0.0999999999999801));
#5029=DIRECTION('',(0.0,1.0,0.0));
#5030=DIRECTION('',(0.946218114243845,0.0,-0.323529411764715));
#5031=DIRECTION('',(-1.0,0.0,0.0));
#5032=DIRECTION('',(0.0,0.0,-1.0));
#5033=DIRECTION('',(1.0,0.0,0.0));
#5034=CARTESIAN_POINT('',(8.81517081552374E-14,1.135,-0.0999999999999801));
#5035=DIRECTION('',(-0.0,1.0,0.0));
#5036=DIRECTION('',(0.323529411764715,0.0,0.946218114243845));
#5037=DIRECTION('',(0.0,0.0,-1.0));
#5038=DIRECTION('',(1.0,0.0,0.0));
#5039=DIRECTION('',(0.0,0.0,-1.0));
#5040=CARTESIAN_POINT('',(8.81517081552374E-14,1.135,-0.0999999999999801));
#5041=DIRECTION('',(0.0,-1.0,0.0));
#5042=DIRECTION('',(-0.323529411764715,0.0,0.946218114243845));
#5043=DIRECTION('',(0.0,1.0,0.0));
#5044=DIRECTION('',(0.0,0.0,1.0));
#5045=DIRECTION('',(0.0,-1.0,0.0));
#5046=DIRECTION('',(0.0,-1.0,0.0));
#5047=DIRECTION('',(0.0,1.0,0.0));
#5048=DIRECTION('',(0.0,0.0,-1.0));
#5049=DIRECTION('',(0.0,1.0,0.0));
#5050=CARTESIAN_POINT('',(8.81517081552374E-14,1.035,-0.0999999999999801));
#5051=DIRECTION('',(-0.0,1.0,0.0));
#5052=DIRECTION('',(0.343749999999998,0.0,0.939061200082296));
#5053=CARTESIAN_POINT('',(8.81517081552374E-14,1.035,-0.0999999999999801));
#5054=DIRECTION('',(0.0,1.0,0.0));
#5055=DIRECTION('',(0.939061200082296,0.0,-0.343749999999998));
#5056=DIRECTION('',(0.0,1.0,0.0));
#5057=DIRECTION('',(1.0,0.0,0.0));
#5058=DIRECTION('',(0.0,1.0,0.0));
#5059=DIRECTION('',(0.0,-1.0,0.0));
#5060=DIRECTION('',(0.0,-1.0,0.0));
#5061=DIRECTION('',(0.0,1.0,0.0));
#5062=DIRECTION('',(-1.0,0.0,0.0));
#5063=DIRECTION('',(0.0,1.0,0.0));
#5064=CARTESIAN_POINT('',(8.81517081552374E-14,0.885,-0.0999999999999801));
#5065=DIRECTION('',(0.0,1.0,0.0));
#5066=DIRECTION('',(0.0,0.0,1.0));
#5067=DIRECTION('',(0.0,-1.0,0.0));
#5068=CARTESIAN_POINT('',(8.81517081552374E-14,0.735,-0.0999999999999801));
#5069=DIRECTION('',(0.0,1.0,0.0));
#5070=DIRECTION('',(0.0,0.0,1.0));
#5071=DIRECTION('',(0.0,-1.0,0.0));
#5072=CARTESIAN_POINT('',(8.81517081552374E-14,0.885,-0.0999999999999801));
#5073=DIRECTION('',(0.0,1.0,0.0));
#5074=DIRECTION('',(0.343749999999998,0.0,-0.939061200082296));
#5075=DIRECTION('',(0.0,1.0,0.0));
#5076=CARTESIAN_POINT('',(8.81517081552374E-14,0.885,-0.0999999999999801));
#5077=DIRECTION('',(-0.0,1.0,0.0));
#5078=DIRECTION('',(0.939061200082296,0.0,0.343749999999998));
#5079=DIRECTION('',(-1.0,0.0,0.0));
#5080=CARTESIAN_POINT('',(8.81517081552374E-14,0.885,-0.0999999999999801));
#5081=DIRECTION('',(0.0,1.0,0.0));
#5082=DIRECTION('',(-0.939061200082296,0.0,-0.343749999999998));
#5083=CARTESIAN_POINT('',(8.81517081552374E-14,0.885,-0.0999999999999801));
#5084=DIRECTION('',(0.0,1.0,0.0));
#5085=DIRECTION('',(-0.343749999999998,0.0,0.939061200082296));
#5086=CARTESIAN_POINT('',(8.81517081552374E-14,0.885,-0.0999999999999801));
#5087=DIRECTION('',(0.0,1.0,0.0));
#5088=DIRECTION('',(0.0,0.0,1.0));
#5089=CARTESIAN_POINT('',(8.81517081552374E-14,0.885,-0.0999999999999801));
#5090=DIRECTION('',(-0.0,1.0,0.0));
#5091=DIRECTION('',(0.93035238246351,0.0,0.366666666666704));
#5092=CARTESIAN_POINT('',(8.81517081552374E-14,0.885,-0.0999999999999801));
#5093=DIRECTION('',(0.0,1.0,0.0));
#5094=DIRECTION('',(0.0,0.0,-1.0));
#5095=DIRECTION('',(0.0,0.0,1.0));
#5096=CARTESIAN_POINT('',(8.81517081552374E-14,0.885,-0.0999999999999801));
#5097=DIRECTION('',(0.0,1.0,0.0));
#5098=DIRECTION('',(0.366666666666704,0.0,-0.93035238246351));
#5099=DIRECTION('',(0.0,0.0,-1.0));
#5100=DIRECTION('',(0.0,1.0,0.0));
#5101=CARTESIAN_POINT('',(8.81517081552374E-14,1.035,-0.0999999999999801));
#5102=DIRECTION('',(0.0,-1.0,-0.0));
#5103=DIRECTION('',(-0.939061200082296,0.0,-0.343749999999998));
#5104=DIRECTION('',(0.0,1.0,0.0));
#5105=CARTESIAN_POINT('',(8.81517081552374E-14,0.735,-0.0999999999999801));
#5106=DIRECTION('',(0.0,-1.0,0.0));
#5107=DIRECTION('',(0.0,0.0,1.0));
#5108=CARTESIAN_POINT('',(8.81517081552374E-14,1.035,-0.0999999999999801));
#5109=DIRECTION('',(0.0,-1.0,0.0));
#5110=DIRECTION('',(-0.343749999999998,0.0,0.939061200082296));
#5111=DIRECTION('',(0.0,-1.0,0.0));
#5112=DIRECTION('',(0.0,-1.0,0.0));
#5113=DIRECTION('',(0.0,1.0,0.0));
#5114=CARTESIAN_POINT('',(8.81517081552374E-14,1.035,-0.0999999999999801));
#5115=DIRECTION('',(-0.0,1.0,0.0));
#5116=DIRECTION('',(0.366666666666704,0.0,0.93035238246351));
#5117=CARTESIAN_POINT('',(8.81517081552374E-14,1.035,-0.0999999999999801));
#5118=DIRECTION('',(0.0,1.0,0.0));
#5119=DIRECTION('',(0.93035238246351,0.0,-0.366666666666704));
#5120=CARTESIAN_POINT('',(8.81517081552374E-14,0.735,0.60000000000002));
#5121=DIRECTION('',(1.0,0.0,-0.0));
#5122=DIRECTION('',(0.0,0.0,1.0));
#5123=CARTESIAN_POINT('',(8.81517081552374E-14,0.735,-0.79999999999998));
#5124=DIRECTION('',(-1.0,0.0,0.0));
#5125=DIRECTION('',(0.0,0.0,-1.0));
#5126=DIRECTION('',(0.0,-1.0,0.0));
#5127=DIRECTION('',(0.0,1.0,0.0));
#5128=DIRECTION('',(0.0,1.0,0.0));
#5129=DIRECTION('',(0.0,1.0,0.0));
#5130=DIRECTION('',(0.0,1.0,0.0));
#5131=DIRECTION('',(0.0,-1.0,0.0));
#5132=DIRECTION('',(0.0,-1.0,0.0));
#5133=DIRECTION('',(0.0,-1.0,0.0));
#5134=DIRECTION('',(0.0,-1.0,0.0));
#5135=DIRECTION('',(0.0,-1.0,0.0));
#5136=CARTESIAN_POINT('',(8.81517081552374E-14,0.685,-0.0999999999999801));
#5137=DIRECTION('',(-0.0,1.0,0.0));
#5138=DIRECTION('',(1.0,0.0,0.0));
#5139=DIRECTION('',(0.0,1.0,0.0));
#5140=DIRECTION('',(0.0,1.0,0.0));
#5141=DIRECTION('',(0.0,0.0,1.0));
#5142=CARTESIAN_POINT('',(1.35000000000009,0.6096,1.87460000000002));
#5143=DIRECTION('',(1.0,0.0,0.0));
#5144=DIRECTION('',(0.0,1.0,-1.165588477297E-14));
#5145=DIRECTION('',(0.0,-1.0,0.0));
#5146=CARTESIAN_POINT('',(1.35000000000009,0.02032,1.87460000000002));
#5147=DIRECTION('',(1.0,0.0,-0.0));
#5148=DIRECTION('',(0.0,0.0,1.0));
#5149=DIRECTION('',(0.0,0.0,-1.0));
#5150=DIRECTION('',(0.0,1.0,0.0));
#5151=DIRECTION('',(0.0,0.0,1.0));
#5152=CARTESIAN_POINT('',(1.35000000000009,0.02032,1.87460000000002));
#5153=DIRECTION('',(-1.0,-0.0,0.0));
#5154=DIRECTION('',(0.0,-1.0,-1.748382715945E-14));
#5155=DIRECTION('',(0.0,1.0,0.0));
#5156=DIRECTION('',(0.0,1.0,0.0));
#5157=CARTESIAN_POINT('',(1.35000000000009,0.6096,1.87460000000002));
#5158=DIRECTION('',(-1.0,0.0,0.0));
#5159=DIRECTION('',(0.0,0.0,1.0));
#5160=DIRECTION('',(0.0,0.0,-1.0));
#5161=DIRECTION('',(0.0,0.0,-1.0));
#5162=DIRECTION('',(1.0,0.0,0.0));
#5163=DIRECTION('',(1.0,0.0,0.0));
#5164=DIRECTION('',(0.0,0.0,-1.0));
#5165=CARTESIAN_POINT('',(-0.399999999999912,0.6096,1.87460000000002));
#5166=DIRECTION('',(-1.0,0.0,0.0));
#5167=DIRECTION('',(0.0,0.0,1.0));
#5168=DIRECTION('',(0.0,-1.0,0.0));
#5169=DIRECTION('',(0.0,0.0,1.0));
#5170=CARTESIAN_POINT('',(-0.399999999999912,0.6096,1.87460000000002));
#5171=DIRECTION('',(1.0,0.0,0.0));
#5172=DIRECTION('',(0.0,1.0,0.0));
#5173=DIRECTION('',(0.0,-1.0,0.0));
#5174=CARTESIAN_POINT('',(-0.399999999999912,0.02032,1.87460000000002));
#5175=DIRECTION('',(1.0,0.0,0.0));
#5176=DIRECTION('',(0.0,-1.748382715945E-14,1.0));
#5177=DIRECTION('',(0.0,0.0,-1.0));
#5178=DIRECTION('',(0.0,1.0,0.0));
#5179=DIRECTION('',(0.0,0.0,1.0));
#5180=CARTESIAN_POINT('',(-0.399999999999912,0.02032,1.87460000000002));
#5181=DIRECTION('',(-1.0,0.0,0.0));
#5182=DIRECTION('',(0.0,-1.0,0.0));
#5183=DIRECTION('',(1.0,0.0,0.0));
#5184=DIRECTION('',(-0.707106781186548,0.0,-0.707106781186548));
#5185=DIRECTION('',(-1.0,0.0,0.0));
#5186=DIRECTION('',(-1.0,0.0,0.0));
#5187=DIRECTION('',(0.0,1.0,0.0));
#5188=DIRECTION('',(-0.707106781186548,0.0,-0.707106781186548));
#5189=DIRECTION('',(-1.0,0.0,0.0));
#5190=DIRECTION('',(-1.0,0.0,0.0));
#5191=DIRECTION('',(-1.0,0.0,0.0));
#5192=DIRECTION('',(-1.0,0.0,0.0));
#5193=DIRECTION('',(0.939692620785897,0.0,0.342020143325699));
#5194=CARTESIAN_POINT('',(8.81517081552374E-14,0.6477,0.35000000000002));
#5195=DIRECTION('',(-0.0,1.0,0.0));
#5196=DIRECTION('',(0.470588235294092,0.0,0.882352941176484));
#5197=DIRECTION('',(0.0,0.0,-1.0));
#5198=DIRECTION('',(-1.0,0.0,0.0));
#5199=CARTESIAN_POINT('',(8.81517081552374E-14,0.6477,0.35000000000002));
#5200=DIRECTION('',(0.0,1.0,0.0));
#5201=DIRECTION('',(-0.939692620785897,0.0,0.342020143325699));
#5202=DIRECTION('',(0.939692620785897,0.0,-0.342020143325699));
#5203=CARTESIAN_POINT('',(0.400000000000088,0.6096,1.87460000000002));
#5204=DIRECTION('',(-1.0,0.0,0.0));
#5205=DIRECTION('',(0.0,0.0,1.0));
#5206=DIRECTION('',(-1.0,0.0,0.0));
#5207=DIRECTION('',(0.0,-1.0,0.0));
#5208=DIRECTION('',(-1.0,0.0,0.0));
#5209=CARTESIAN_POINT('',(0.400000000000088,0.02032,1.87460000000002));
#5210=DIRECTION('',(-1.0,-0.0,0.0));
#5211=DIRECTION('',(0.0,-1.0,-1.165588477297E-14));
#5212=DIRECTION('',(-1.0,0.0,0.0));
#5213=DIRECTION('',(0.0,0.0,-1.0));
#5214=DIRECTION('',(0.707106781186548,0.0,-0.707106781186548));
#5215=DIRECTION('',(1.0,0.0,0.0));
#5216=DIRECTION('',(1.0,0.0,0.0));
#5217=DIRECTION('',(0.0,1.0,0.0));
#5218=DIRECTION('',(0.707106781186548,0.0,-0.707106781186548));
#5219=DIRECTION('',(0.0,1.0,0.0));
#5220=CARTESIAN_POINT('',(0.400000000000088,0.6096,1.87460000000002));
#5221=DIRECTION('',(1.0,0.0,0.0));
#5222=DIRECTION('',(0.0,1.0,-1.748382715945E-14));
#5223=DIRECTION('',(0.0,1.0,0.0));
#5224=DIRECTION('',(0.0,1.0,0.0));
#5225=CARTESIAN_POINT('',(0.400000000000088,0.02032,1.87460000000002));
#5226=DIRECTION('',(1.0,0.0,-0.0));
#5227=DIRECTION('',(0.0,0.0,1.0));
#5228=DIRECTION('',(0.0,0.0,1.0));
#5229=DIRECTION('',(0.0,-1.0,1.748382715945E-14));
#5230=DIRECTION('',(0.0,-1.0,-1.748382715945E-14));
#5231=DIRECTION('',(1.0,0.0,0.0));
#5232=DIRECTION('',(1.0,0.0,0.0));
#5233=DIRECTION('',(1.0,0.0,0.0));
#5234=DIRECTION('',(0.0,-1.0,0.0));
ENDSEC;
END-ISO-10303-21;
